robot_id,time_s,x_mm,y_mm,z_mm,mode
1,0.0,-1000.0,0.0,1000.0,T
1,8.670940165788124,-173.3295,-101.4,1.0,D
1,9.925452665788125,-163.2934,-101.4,1.0,T
1,9.95292090329175,-162.3053,-97.4,1.0,D
1,10.15882090329175,-160.6581,-97.4,1.0,T
1,10.191637569958417,-165.5806,-97.4,1.0,D
1,10.863637569958417,-170.9566,-97.4,1.0,T
1,10.8946434148626,-168.5837,-93.4,1.0,D
1,11.036530914862599,-167.4486,-93.4,1.0,T
1,11.06444499039608,-166.2109,-89.4,1.0,D
1,11.180719990396081,-165.2807,-89.4,1.0,T
1,11.209068130284107,-163.838,-85.4,1.0,D
1,11.325330630284105,-162.9079,-85.4,1.0,T
1,11.353678996366748,-161.4651,-81.4,1.0,D
1,11.469941496366749,-160.535,-81.4,1.0,T
1,11.498289862449392,-159.0922,-77.4,1.0,D
1,11.61455236244939,-158.1621,-77.4,1.0,T
1,11.642900728532032,-156.7193,-73.4,1.0,D
1,11.759163228532033,-155.7892,-73.4,1.0,T
1,11.787511594614676,-154.3464,-69.4,1.0,D
1,11.903774094614674,-153.4163,-69.4,1.0,T
1,11.9321222345027,-151.9736,-65.4,1.0,D
1,12.048397234502701,-151.0434,-65.4,1.0,T
1,12.076745374390727,-149.6007,-61.4,1.0,D
1,12.193007874390725,-148.6706,-61.4,1.0,T
1,12.221356240473368,-147.2278,-57.4,1.0,D
1,12.337618740473369,-146.2977,-57.4,1.0,T
1,12.365967106556012,-144.8549,-53.4,1.0,D
1,12.48222960655601,-143.9248,-53.4,1.0,T
1,12.510577972638652,-142.482,-49.4,1.0,D
1,12.626840472638653,-141.5519,-49.4,1.0,T
1,12.655188612526679,-140.1092,-45.4,1.0,D
1,12.771463612526677,-139.179,-45.4,1.0,T
1,12.799811752414703,-137.7363,-41.4,1.0,D
1,12.916074252414704,-136.8062,-41.4,1.0,T
1,12.944422618497347,-135.3634,-37.4,1.0,D
1,13.060685118497348,-134.4333,-37.4,1.0,T
1,13.089033484579991,-132.9905,-33.4,1.0,D
1,13.205295984579992,-132.0604,-33.4,1.0,T
1,13.233644350662635,-130.6176,-29.4,1.0,D
1,13.349906850662636,-129.6875,-29.4,1.0,T
1,13.378254990550662,-128.2448,-25.4,1.0,D
1,13.494529990550662,-127.3146,-25.4,1.0,T
1,13.522878130438688,-125.8719,-21.4,1.0,D
1,13.639153130438688,-124.9417,-21.4,1.0,T
1,13.667501270326714,-123.499,-17.4,1.0,D
1,13.783763770326713,-122.5689,-17.4,1.0,T
1,13.812112136409356,-121.1261,-13.4,1.0,D
1,13.928374636409355,-120.196,-13.4,1.0,T
1,13.956723002491998,-118.7532,-9.4,1.0,D
1,14.072985502492,-117.8231,-9.4,1.0,T
1,14.101333642380025,-116.3804,-5.4,1.0,D
1,14.217608642380025,-115.4502,-5.4,1.0,T
1,14.24595678226805,-114.0075,-1.4,1.0,D
1,14.36223178226805,-113.0773,-1.4,1.0,T
1,14.390579922156077,-111.6346,2.6,1.0,D
1,14.506842422156078,-110.7045,2.6,1.0,T
1,14.53519078823872,-109.2617,6.6,1.0,D
1,14.651453288238722,-108.3316,6.6,1.0,T
1,14.679801654321365,-106.8888,10.6,1.0,D
1,14.796064154321366,-105.9587,10.6,1.0,T
1,14.824412520404008,-104.5159,14.6,1.0,D
1,14.940675020404008,-103.5858,14.6,1.0,T
1,14.969023160292034,-102.1431,18.6,1.0,D
1,15.085298160292034,-101.2129,18.6,1.0,T
1,15.11364630018006,-99.7702,22.6,1.0,D
1,15.22992130018006,-98.84,22.6,1.0,T
1,15.258269440068085,-97.3973,26.6,1.0,D
1,15.374531940068085,-96.4672,26.6,1.0,T
1,15.402880306150728,-95.0244,30.6,1.0,D
1,15.519142806150727,-94.0943,30.6,1.0,T
1,15.54749117223337,-92.6515,34.6,1.0,D
1,15.66375367223337,-91.7214,34.6,1.0,T
1,15.692101812121395,-90.2787,38.6,1.0,D
1,16.468114312121397,-84.0706,38.6,1.0,T
1,16.495298673638843,-83.2786,34.6,1.0,D
1,16.61156117363884,-82.3485,34.6,1.0,T
1,16.639909539721483,-80.9057,30.6,1.0,D
1,16.756172039721484,-79.9756,30.6,1.0,T
1,16.784520179609512,-78.5329,26.6,1.0,D
1,16.90079517960951,-77.6027,26.6,1.0,T
1,16.929143319497538,-76.16,22.6,1.0,D
1,17.045418319497536,-75.2298,22.6,1.0,T
1,17.073766459385563,-73.7871,18.6,1.0,D
1,17.19002895938556,-72.857,18.6,1.0,T
1,17.218377325468204,-71.4142,14.6,1.0,D
1,17.334639825468205,-70.4841,14.6,1.0,T
1,17.362988191550848,-69.0413,10.6,1.0,D
1,17.47925069155085,-68.1112,10.6,1.0,T
1,17.50759905763349,-66.6684,6.6,1.0,D
1,17.623861557633493,-65.7383,6.6,1.0,T
1,17.652209923716136,-64.2955,2.6,1.0,D
1,17.768472423716137,-63.3654,2.6,1.0,T
1,17.796820563604165,-61.9227,-1.4,1.0,D
1,17.913095563604163,-60.9925,-1.4,1.0,T
1,17.94144370349219,-59.5498,-5.4,1.0,D
1,18.05771870349219,-58.6196,-5.4,1.0,T
1,18.086066843380216,-57.1769,-9.4,1.0,D
1,18.202329343380214,-56.2468,-9.4,1.0,T
1,18.230677709462856,-54.804,-13.4,1.0,D
1,18.346940209462858,-53.8739,-13.4,1.0,T
1,18.3752885755455,-52.4311,-17.4,1.0,D
1,18.4915510755455,-51.501,-17.4,1.0,T
1,18.519899441628144,-50.0582,-21.4,1.0,D
1,18.636161941628146,-49.1281,-21.4,1.0,T
1,18.664510081516173,-47.6854,-25.4,1.0,D
1,18.78078508151617,-46.7552,-25.4,1.0,T
1,18.80835976982105,-45.7025,-29.4,1.0,D
1,19.15947226982105,-42.8936,-29.4,1.0,T
1,19.16719026982105,-41.7359,-29.4,1.0,D
1,19.429040269821048,-39.6411,-29.4,1.0,T
1,19.45919644762188,-41.7533,-33.4,1.0,D
1,19.696958947621884,-43.6554,-33.4,1.0,T
1,19.717488280955216,-46.7348,-33.4,1.0,D
1,19.924738280955218,-48.3928,-33.4,1.0,T
1,19.96999891254113,-53.8784,-37.4,1.0,D
1,20.174136412541127,-55.5115,-37.4,1.0,T
1,20.21939704412704,-60.9971,-41.4,1.0,D
1,20.423522044127036,-62.6301,-41.4,1.0,T
1,20.468782675712948,-68.1157,-45.4,1.0,D
1,20.672920175712946,-69.7488,-45.4,1.0,T
1,20.718180807298857,-75.2344,-49.4,1.0,D
1,20.92231830729886,-76.8675,-49.4,1.0,T
1,20.967578400218684,-82.353,-53.4,1.0,D
1,21.171715900218683,-83.9861,-53.4,1.0,T
1,21.216975993138508,-89.4716,-57.4,1.0,D
1,21.421125993138507,-91.1048,-57.4,1.0,T
1,21.466386086058332,-96.5903,-61.4,1.0,D
1,21.67052358605833,-98.2234,-61.4,1.0,T
1,21.715783678978156,-103.7089,-65.4,1.0,D
1,21.919933678978154,-105.3421,-65.4,1.0,T
1,21.96519377189798,-110.8276,-69.4,1.0,D
1,22.169331271897978,-112.4607,-69.4,1.0,T
1,22.214591364817803,-117.9462,-73.4,1.0,D
1,22.4187413648178,-119.5794,-73.4,1.0,T
1,22.464001457737627,-125.0649,-77.4,1.0,D
1,22.668138957737625,-126.698,-77.4,1.0,T
1,22.71339905065745,-132.1835,-81.4,1.0,D
1,22.91754905065745,-133.8167,-81.4,1.0,T
1,22.962809143577275,-139.3022,-85.4,1.0,D
1,23.166946643577276,-140.9353,-85.4,1.0,T
1,23.2122067364971,-146.4208,-89.4,1.0,D
1,23.4163567364971,-148.054,-89.4,1.0,T
1,23.461616290754247,-153.5394,-93.4,1.0,D
1,23.665766290754245,-155.1726,-93.4,1.0,T
1,24.51613848099776,-40.5668,-37.4,1.0,D
1,24.63240098099776,-39.6367,-37.4,1.0,T
1,24.660749347080404,-38.1939,-41.4,1.0,D
1,24.777011847080406,-37.2638,-41.4,1.0,T
1,24.805359986968433,-35.8211,-45.4,1.0,D
1,24.92163498696843,-34.8909,-45.4,1.0,T
1,24.94998312685646,-33.4482,-49.4,1.0,D
1,25.066258126856457,-32.518,-49.4,1.0,T
1,25.094606266744485,-31.0753,-53.4,1.0,D
1,25.210868766744483,-30.1452,-53.4,1.0,T
1,25.239217132827125,-28.7024,-57.4,1.0,D
1,25.355479632827127,-27.7723,-57.4,1.0,T
1,25.38382799890977,-26.3295,-61.4,1.0,D
1,25.50009049890977,-25.3994,-61.4,1.0,T
1,25.528438864992413,-23.9566,-65.4,1.0,D
1,25.644701364992414,-23.0265,-65.4,1.0,T
1,25.673049731075057,-21.5837,-69.4,1.0,D
1,25.78931223107506,-20.6536,-69.4,1.0,T
1,25.817660370963086,-19.2109,-73.4,1.0,D
1,25.933935370963084,-18.2807,-73.4,1.0,T
1,25.962283510851112,-16.838,-77.4,1.0,D
1,26.07855851085111,-15.9078,-77.4,1.0,T
1,26.106906650739138,-14.4651,-81.4,1.0,D
1,26.223181650739136,-13.5349,-81.4,1.0,T
1,26.251529790627163,-12.0922,-85.4,1.0,D
1,26.36779229062716,-11.1621,-85.4,1.0,T
1,26.396140656709804,-9.7193,-89.4,1.0,D
1,26.512403156709805,-8.7892,-89.4,1.0,T
1,26.540751522792448,-7.3464,-93.4,1.0,D
1,26.65701402279245,-6.4163,-93.4,1.0,T
1,26.68536238887509,-4.9735,-97.4,1.0,D
1,26.801624888875093,-4.0434,-97.4,1.0,T
1,26.828582905955155,-3.4505,-101.4,1.0,D
1,27.691207905955153,3.4505,-101.4,1.0,T
1,27.718165923035215,4.0434,-97.4,1.0,D
1,27.834428423035213,4.9735,-97.4,1.0,T
1,27.86277656292324,6.4162,-93.4,1.0,D
1,27.97905156292324,7.3464,-93.4,1.0,T
1,28.007399702811266,8.7891,-89.4,1.0,D
1,28.123674702811265,9.7193,-89.4,1.0,T
1,28.152022842699292,11.162,-85.4,1.0,D
1,28.26829784269929,12.0922,-85.4,1.0,T
1,28.296645982587318,13.5349,-81.4,1.0,D
1,28.412920982587316,14.4651,-81.4,1.0,T
1,28.441269122475344,15.9078,-77.4,1.0,D
1,28.557544122475342,16.838,-77.4,1.0,T
1,28.58589226236337,18.2807,-73.4,1.0,D
1,28.702154762363367,19.2108,-73.4,1.0,T
1,28.730502902251395,20.6535,-69.4,1.0,D
1,28.846777902251393,21.5837,-69.4,1.0,T
1,28.87512604213942,23.0264,-65.4,1.0,D
1,28.99140104213942,23.9566,-65.4,1.0,T
1,29.019749182027446,25.3993,-61.4,1.0,D
1,29.136024182027445,26.3295,-61.4,1.0,T
1,29.164372321915472,27.7722,-57.4,1.0,D
1,29.28064732191547,28.7024,-57.4,1.0,T
1,29.308995461803498,30.1451,-53.4,1.0,D
1,29.425270461803496,31.0753,-53.4,1.0,T
1,29.453618601691524,32.518,-49.4,1.0,D
1,29.569893601691522,33.4482,-49.4,1.0,T
1,29.59824174157955,34.8909,-45.4,1.0,D
1,29.714504241579547,35.821,-45.4,1.0,T
1,29.742852381467575,37.2637,-41.4,1.0,D
1,29.859127381467573,38.1939,-41.4,1.0,T
1,29.8874755213556,39.6366,-37.4,1.0,D
1,30.0037505213556,40.5668,-37.4,1.0,T
1,30.03156561098535,41.7533,-33.4,1.0,D
1,30.26932811098535,43.6554,-33.4,1.0,T
1,30.28985744431868,46.7348,-33.4,1.0,D
1,30.497107444318683,48.3928,-33.4,1.0,T
1,30.52924445246955,45.7025,-29.4,1.0,D
1,30.88034445246955,42.8937,-29.4,1.0,T
1,30.888063119136216,41.7359,-29.4,1.0,D
1,31.14991311913622,39.6411,-29.4,1.0,T
1,31.19517375072213,34.1555,-25.4,1.0,D
1,31.39929875072213,32.5225,-25.4,1.0,T
1,31.44455992097754,27.0368,-21.4,1.0,D
1,31.648684920977537,25.4038,-21.4,1.0,T
1,31.69394555256345,19.9182,-17.4,1.0,D
1,31.898070552563446,18.2852,-17.4,1.0,T
1,31.943331722818854,12.7995,-13.4,1.0,D
1,32.14745672281885,11.1665,-13.4,1.0,T
1,32.19271789307426,5.6808,-9.4,1.0,D
1,32.39683039307426,4.0479,-9.4,1.0,T
1,32.432183994110396,0.5662,-5.4,1.0,D
1,32.5737339941104,-0.5662,-5.4,1.0,T
1,32.60042366955074,-0.4,-1.4,1.0,D
1,32.700423669550744,0.4,-1.4,1.0,T
1,32.72709033621741,0.4,2.6,1.0,D
1,32.82709033621741,-0.4,2.6,1.0,T
1,32.85375700288407,-0.4,6.6,1.0,D
1,32.953757002884075,0.4,6.6,1.0,T
1,32.98042366955074,0.4,10.6,1.0,D
1,33.08042366955074,-0.4,10.6,1.0,T
1,33.107090336217404,-0.4,14.6,1.0,D
1,33.207090336217405,0.4,14.6,1.0,T
1,33.23375700288407,0.4,18.6,1.0,D
1,33.33375700288407,-0.4,18.6,1.0,T
1,33.360423669550734,-0.4,22.6,1.0,D
1,33.460423669550735,0.4,22.6,1.0,T
1,33.4870903362174,0.4,26.6,1.0,D
1,33.5870903362174,-0.4,26.6,1.0,T
1,33.613757002884064,-0.4,30.6,1.0,D
1,33.713757002884066,0.4,30.6,1.0,T
1,33.74042366955073,0.4,34.6,1.0,D
1,33.84042366955073,-0.4,34.6,1.0,T
1,33.867090356225724,-0.4049,38.6,1.0,D
1,33.96831535622572,0.4049,38.6,1.0,T
1,34.02164869956322,0.4,46.6,1.0,D
1,34.121648699563224,-0.4,46.6,1.0,T
1,34.14831536622989,-0.4,50.6,1.0,D
1,34.24831536622989,0.4,50.6,1.0,T
1,34.27498203289655,0.4,54.6,1.0,D
1,34.374982032896554,-0.4,54.6,1.0,T
1,34.40164869956322,-0.4,58.6,1.0,D
1,34.50164869956322,0.4,58.6,1.0,T
1,34.52831536622988,0.4,62.6,1.0,D
1,34.628315366229884,-0.4,62.6,1.0,T
1,34.65498203289655,-0.4,66.6,1.0,D
1,34.75498203289655,0.4,66.6,1.0,T
1,34.78164869956321,0.4,70.6,1.0,D
1,34.881648699563215,-0.4,70.6,1.0,T
1,34.90831536622988,-0.4,74.6,1.0,D
1,35.00831536622988,0.4,74.6,1.0,T
1,35.034982032896544,0.4,78.6,1.0,D
1,35.134982032896545,-0.4,78.6,1.0,T
1,35.16164869956321,-0.4,82.6,1.0,D
1,35.26164869956321,0.4,82.6,1.0,T
1,35.288315366229874,0.4,86.6,1.0,D
1,35.388315366229875,-0.4,86.6,1.0,T
1,35.41498203289654,-0.4,90.6,1.0,D
1,35.51498203289654,0.4,90.6,1.0,T
1,35.541648699563204,0.4,94.6,1.0,D
1,35.641648699563206,-0.4,94.6,1.0,T
1,35.66831536622987,-0.4,98.6,1.0,D
1,35.76831536622987,0.4,98.6,1.0,T
1,35.794982032896534,0.4,102.6,1.0,D
1,35.894982032896536,-0.4,102.6,1.0,T
1,35.9216486995632,-0.4,106.6,1.0,D
1,36.0216486995632,0.4,106.6,1.0,T
1,36.048315366229865,0.4,110.6,1.0,D
1,36.148315366229866,-0.4,110.6,1.0,T
1,36.17498203289653,-0.4,114.6,1.0,D
1,36.27498203289653,0.4,114.6,1.0,T
1,36.301648699563195,0.4,118.6,1.0,D
1,36.4016486995632,-0.4,118.6,1.0,T
1,36.42831536622986,-0.4,122.6,1.0,D
1,36.52831536622986,0.4,122.6,1.0,T
1,36.554982032896525,0.4,126.6,1.0,D
1,36.65498203289653,-0.4,126.6,1.0,T
1,36.68164869956319,-0.4,130.6,1.0,D
1,36.78164869956319,0.4,130.6,1.0,T
1,36.808315366229856,0.4,134.6,1.0,D
1,36.90831536622986,-0.4,134.6,1.0,T
1,36.93498203289652,-0.4,138.6,1.0,D
1,37.03498203289652,0.4,138.6,1.0,T
1,37.061648699563186,0.4,142.6,1.0,D
1,37.16164869956319,-0.4,142.6,1.0,T
1,37.18831536622985,-0.4,146.6,1.0,D
1,37.28831536622985,0.4,146.6,1.0,T
1,37.314982032896516,0.4,150.6,1.0,D
1,37.41498203289652,-0.4,150.6,1.0,T
1,37.44164869956318,-0.4,154.6,1.0,D
1,37.54164869956318,0.4,154.6,1.0,T
1,37.56831536622985,0.4,158.6,1.0,D
1,37.66831536622985,-0.4,158.6,1.0,T
1,37.69498203289651,-0.4,162.6,1.0,D
1,37.79498203289651,0.4,162.6,1.0,T
1,37.82164869956318,0.4,166.6,1.0,D
1,37.92164869956318,-0.4,166.6,1.0,T
1,37.94831536622984,-0.4,170.6,1.0,D
1,38.04831536622984,0.4,170.6,1.0,T
1,38.07498203289651,0.4,174.6,1.0,D
1,38.17498203289651,-0.4,174.6,1.0,T
1,38.20457546688297,-2.3248,178.6,1.0,D
1,38.785775466882974,2.3248,178.6,1.0,T
1,38.80810746688297,5.6746,178.6,1.0,D
1,39.00225746688297,7.2278,178.6,1.0,T
1,39.030605606771,8.6705,174.6,1.0,D
1,39.146868106771,9.6006,174.6,1.0,T
1,39.17521647285365,11.0434,170.6,1.0,D
1,39.291478972853646,11.9735,170.6,1.0,T
1,39.31982733893629,13.4163,166.6,1.0,D
1,39.43608983893629,14.3464,166.6,1.0,T
1,39.464437978824314,15.7891,162.6,1.0,D
1,39.580712978824316,16.7193,162.6,1.0,T
1,39.60906111871234,18.162,158.6,1.0,D
1,39.72533611871234,19.0922,158.6,1.0,T
1,39.753684258600366,20.5349,154.6,1.0,D
1,39.86995925860037,21.4651,154.6,1.0,T
1,39.89830739848839,22.9078,150.6,1.0,D
1,40.014569898488396,23.8379,150.6,1.0,T
1,40.04291826457104,25.2807,146.6,1.0,D
1,40.15918076457104,26.2108,146.6,1.0,T
1,40.18752913065369,27.6536,142.6,1.0,D
1,40.303791630653684,28.5837,142.6,1.0,T
1,40.33213977054171,30.0264,138.6,1.0,D
1,40.44841477054171,30.9566,138.6,1.0,T
1,40.476762910429734,32.3993,134.6,1.0,D
1,40.593037910429736,33.3295,134.6,1.0,T
1,40.62138605031776,34.7722,130.6,1.0,D
1,40.73766105031776,35.7024,130.6,1.0,T
1,40.766009190205786,37.1451,126.6,1.0,D
1,40.88227169020579,38.0752,126.6,1.0,T
1,40.91062005628844,39.518,122.6,1.0,D
1,41.026882556288435,40.4481,122.6,1.0,T
1,41.05523092237108,41.8909,118.6,1.0,D
1,41.17149342237108,42.821,118.6,1.0,T
1,41.199841788453725,44.2638,114.6,1.0,D
1,41.31610428845372,45.1939,114.6,1.0,T
1,41.34445242834175,46.6366,110.6,1.0,D
1,41.46072742834175,47.5668,110.6,1.0,T
1,41.48907556822977,49.0095,106.6,1.0,D
1,41.60533806822978,49.9396,106.6,1.0,T
1,41.63368643431242,51.3824,102.6,1.0,D
1,41.74994893431242,52.3125,102.6,1.0,T
1,41.77829730039507,53.7553,98.6,1.0,D
1,41.894559800395065,54.6854,98.6,1.0,T
1,41.92290816647771,56.1282,94.6,1.0,D
1,42.03917066647771,57.0583,94.6,1.0,T
1,42.067519032560355,58.5011,90.6,1.0,D
1,42.18378153256035,59.4312,90.6,1.0,T
1,42.21212967244838,60.8739,86.6,1.0,D
1,42.32839217244838,61.804,86.6,1.0,T
1,42.35674053853103,63.2468,82.6,1.0,D
1,42.473003038531026,64.1769,82.6,1.0,T
1,42.50135140461367,65.6197,78.6,1.0,D
1,42.61761390461367,66.5498,78.6,1.0,T
1,42.645962270696316,67.9926,74.6,1.0,D
1,42.762224770696314,68.9227,74.6,1.0,T
1,42.79057313677896,70.3655,70.6,1.0,D
1,42.90683563677896,71.2956,70.6,1.0,T
1,42.935184002861604,72.7384,66.6,1.0,D
1,43.0514465028616,73.6685,66.6,1.0,T
1,43.079794642749626,75.1112,62.6,1.0,D
1,43.19605714274963,76.0413,62.6,1.0,T
1,43.22440550883228,77.4841,58.6,1.0,D
1,43.340668008832274,78.4142,58.6,1.0,T
1,43.36901637491492,79.857,54.6,1.0,D
1,43.48527887491492,80.7871,54.6,1.0,T
1,43.513627240997565,82.2299,50.6,1.0,D
1,43.62988974099756,83.16,50.6,1.0,T
1,43.657243416712376,84.0738,46.6,1.0,D
1,43.83963091671237,85.5329,46.6,1.0,T
1,43.87063642148527,87.9057,42.6,1.0,D
1,65.84707392148528,-87.9058,42.6,1.0,T
1,65.87807976638946,-85.5329,46.6,1.0,D
1,66.06046726638945,-84.0738,46.6,1.0,T
1,66.08782094210426,-83.16,50.6,1.0,D
1,66.20408344210426,-82.2299,50.6,1.0,T
1,66.2324318081869,-80.7871,54.6,1.0,D
1,66.34869430818691,-79.857,54.6,1.0,T
1,66.37704244807493,-78.4143,58.6,1.0,D
1,66.49331744807493,-77.4841,58.6,1.0,T
1,66.52166558796296,-76.0414,62.6,1.0,D
1,66.63794058796296,-75.1112,62.6,1.0,T
1,66.66628872785098,-73.6685,66.6,1.0,D
1,66.78256372785098,-72.7383,66.6,1.0,T
1,66.81091186773901,-71.2956,70.6,1.0,D
1,66.92718686773901,-70.3654,70.6,1.0,T
1,66.95553500762703,-68.9227,74.6,1.0,D
1,67.07179750762704,-67.9926,74.6,1.0,T
1,67.10014564751506,-66.5499,78.6,1.0,D
1,67.21642064751506,-65.6197,78.6,1.0,T
1,67.24476878740309,-64.177,82.6,1.0,D
1,67.36104378740309,-63.2468,82.6,1.0,T
1,67.38939192729111,-61.8041,86.6,1.0,D
1,67.50566692729112,-60.8739,86.6,1.0,T
1,67.53401506717914,-59.4312,90.6,1.0,D
1,67.65029006717914,-58.501,90.6,1.0,T
1,67.67863820706717,-57.0583,94.6,1.0,D
1,67.79491320706717,-56.1281,94.6,1.0,T
1,67.82326134695519,-54.6854,98.6,1.0,D
1,67.9395238469552,-53.7553,98.6,1.0,T
1,67.96787198684322,-52.3126,102.6,1.0,D
1,68.08414698684322,-51.3824,102.6,1.0,T
1,68.11249512673125,-49.9397,106.6,1.0,D
1,68.22877012673125,-49.0095,106.6,1.0,T
1,68.25711826661927,-47.5668,110.6,1.0,D
1,68.37339326661927,-46.6366,110.6,1.0,T
1,68.4017414065073,-45.1939,114.6,1.0,D
1,68.5180164065073,-44.2637,114.6,1.0,T
1,68.54636454639532,-42.821,118.6,1.0,D
1,68.66263954639533,-41.8908,118.6,1.0,T
1,68.6909874601026,-40.4482,122.6,1.0,D
1,68.8072749601026,-39.5179,122.6,1.0,T
1,68.83562287380988,-38.0753,126.6,1.0,D
1,68.95189787380988,-37.1451,126.6,1.0,T
1,68.98024601369791,-35.7024,130.6,1.0,D
1,69.09652101369791,-34.7722,130.6,1.0,T
1,69.12486915358593,-33.3295,134.6,1.0,D
1,69.24114415358594,-32.3993,134.6,1.0,T
1,69.26949229347396,-30.9566,138.6,1.0,D
1,69.38576729347396,-30.0264,138.6,1.0,T
1,69.41411520718124,-28.5838,142.6,1.0,D
1,69.53040270718124,-27.6535,142.6,1.0,T
1,69.55875062088852,-26.2109,146.6,1.0,D
1,69.67503812088852,-25.2806,146.6,1.0,T
1,69.7033860345958,-23.838,150.6,1.0,D
1,69.8196610345958,-22.9078,150.6,1.0,T
1,69.84800917448382,-21.4651,154.6,1.0,D
1,69.96428417448382,-20.5349,154.6,1.0,T
1,69.99263231437185,-19.0922,158.6,1.0,D
1,70.10890731437185,-18.162,158.6,1.0,T
1,70.13725522807913,-16.7194,162.6,1.0,D
1,70.25354272807913,-15.7891,162.6,1.0,T
1,70.2818906417864,-14.3465,166.6,1.0,D
1,70.3981781417864,-13.4162,166.6,1.0,T
1,70.42652605549368,-11.9736,170.6,1.0,D
1,70.54280105549368,-11.0434,170.6,1.0,T
1,70.57114919538171,-9.6007,174.6,1.0,D
1,70.68742419538171,-8.6705,174.6,1.0,T
1,70.71577233526973,-7.2278,178.6,1.0,D
1,70.90992233526974,-5.6746,178.6,1.0,T
1,70.93714316723515,-4.8549,182.6,1.0,D
1,72.15086816723515,4.8549,182.6,1.0,T
1,72.18187401213933,2.482,186.6,1.0,D
1,72.80238651213932,-2.4821,186.6,1.0,T
1,73.94539171048056,84.0706,38.6,1.0,D
1,74.72139171048056,90.2786,38.6,1.0,T
1,74.7497400765632,91.7214,34.6,1.0,D
1,74.8660025765632,92.6515,34.6,1.0,T
1,74.89435071645123,94.0942,30.6,1.0,D
1,75.01062571645123,95.0244,30.6,1.0,T
1,75.03897385633925,96.4671,26.6,1.0,D
1,75.15524885633926,97.3973,26.6,1.0,T
1,75.2634328284444,83.2787,34.6,1.0,D
1,75.3797078284444,82.3485,34.6,1.0,T
1,75.40805596833242,80.9058,30.6,1.0,D
1,75.52433096833242,79.9756,30.6,1.0,T
1,75.55267910822045,78.5329,26.6,1.0,D
1,75.66895410822045,77.6027,26.6,1.0,T
1,75.69730224810847,76.16,22.6,1.0,D
1,75.81357724810847,75.2298,22.6,1.0,T
1,75.84192516181575,73.7872,18.6,1.0,D
1,75.95820016181575,72.857,18.6,1.0,T
1,75.98654830170378,71.4143,14.6,1.0,D
1,76.10282330170378,70.4841,14.6,1.0,T
1,76.1311714415918,69.0414,10.6,1.0,D
1,76.2474464415918,68.1112,10.6,1.0,T
1,76.27579458147983,66.6685,6.6,1.0,D
1,76.39206958147983,65.7383,6.6,1.0,T
1,76.42041772136785,64.2956,2.6,1.0,D
1,76.53669272136786,63.3654,2.6,1.0,T
1,76.56504086125588,61.9227,-1.4,1.0,D
1,76.68131586125588,60.9925,-1.4,1.0,T
1,76.7096640011439,59.5498,-5.4,1.0,D
1,76.82593900114391,58.6196,-5.4,1.0,T
1,76.85428714103193,57.1769,-9.4,1.0,D
1,76.97054964103194,56.2468,-9.4,1.0,T
1,76.99889778091996,54.8041,-13.4,1.0,D
1,77.11517278091996,53.8739,-13.4,1.0,T
1,77.14352092080799,52.4312,-17.4,1.0,D
1,77.25979592080799,51.501,-17.4,1.0,T
1,77.28814406069601,50.0583,-21.4,1.0,D
1,77.40441906069601,49.1281,-21.4,1.0,T
1,77.43276720058404,47.6854,-25.4,1.0,D
1,77.54904220058404,46.7552,-25.4,1.0,T
1,77.64207504502083,53.8784,-37.4,1.0,D
1,77.84620004502084,55.5114,-37.4,1.0,T
1,77.89146067660674,60.997,-41.4,1.0,D
1,78.09559817660674,62.6301,-41.4,1.0,T
1,78.14085880819265,68.1157,-45.4,1.0,D
1,78.34498380819265,69.7487,-45.4,1.0,T
1,78.39024443977856,75.2343,-49.4,1.0,D
1,78.59438193977856,76.8674,-49.4,1.0,T
1,78.63964257136446,82.353,-53.4,1.0,D
1,78.84376757136447,83.986,-53.4,1.0,T
1,78.88902820295037,89.4716,-57.4,1.0,D
1,79.09316570295037,91.1047,-57.4,1.0,T
1,79.80365843514403,-4.0478,-9.4,1.0,D
1,80.00779593514403,-5.6809,-9.4,1.0,T
1,80.05305656672994,-11.1665,-13.4,1.0,D
1,80.25719406672994,-12.7996,-13.4,1.0,T
1,80.30245415964976,-18.2851,-17.4,1.0,D
1,80.50659165964976,-19.9182,-17.4,1.0,T
1,80.55185229123566,-25.4038,-21.4,1.0,D
1,80.75598979123566,-27.0369,-21.4,1.0,T
1,80.80124988415548,-32.5224,-25.4,1.0,D
1,81.0053998841555,-34.1556,-25.4,1.0,T
1,90.27063134378481,-1000.0,0.0,1000.0,W
1,179.6138210455366,-1000.0,0.0,1000.0,T
1,188.27782832982615,-173.0,-105.0,3.0,D
1,188.4546050251228,-172.0,-104.0,3.0,D
1,188.5796050251228,-171.0,-104.0,3.0,D
1,188.75638172041943,-170.0,-103.0,3.0,D
1,188.88138172041943,-169.0,-103.0,3.0,D
1,189.05815841571606,-168.0,-102.0,3.0,D
1,189.18315841571606,-167.0,-102.0,3.0,D
1,189.30815841571606,-166.0,-102.0,3.0,D
1,189.43315841571606,-165.0,-102.0,3.0,D
1,189.96348850160598,-162.0,-105.0,3.0,D
1,209.71348850160598,-4.0,-105.0,3.0,D
1,210.06704189219926,-2.0,-103.0,3.0,D
1,210.42059528279253,-4.0,-101.0,3.0,D
1,210.67059528279253,-4.0,-99.0,3.0,D
1,210.84737197808917,-5.0,-98.0,3.0,D
1,210.97237197808917,-5.0,-97.0,3.0,D
1,211.1491486733858,-6.0,-96.0,3.0,D
1,211.2741486733858,-6.0,-95.0,3.0,D
1,211.45092536868245,-7.0,-94.0,3.0,D
1,211.57592536868245,-7.0,-93.0,3.0,D
1,211.92947875927572,-9.0,-91.0,3.0,D
1,212.05447875927572,-9.0,-90.0,3.0,D
1,212.23125545457236,-10.0,-89.0,3.0,D
1,212.35625545457236,-10.0,-88.0,3.0,D
1,212.70980884516564,-12.0,-86.0,3.0,D
1,212.83480884516564,-12.0,-85.0,3.0,D
1,213.01158554046228,-13.0,-84.0,3.0,D
1,213.13658554046228,-13.0,-83.0,3.0,D
1,213.49013893105555,-15.0,-81.0,3.0,D
1,213.61513893105555,-15.0,-80.0,3.0,D
1,213.7919156263522,-16.0,-79.0,3.0,D
1,213.9169156263522,-16.0,-78.0,3.0,D
1,214.27046901694547,-18.0,-76.0,3.0,D
1,214.39546901694547,-18.0,-75.0,3.0,D
1,214.5722457122421,-19.0,-74.0,3.0,D
1,214.6972457122421,-19.0,-73.0,3.0,D
1,215.05079910283538,-21.0,-71.0,3.0,D
1,215.17579910283538,-21.0,-70.0,3.0,D
1,215.35257579813202,-22.0,-69.0,3.0,D
1,215.47757579813202,-22.0,-68.0,3.0,D
1,215.8311291887253,-24.0,-66.0,3.0,D
1,215.9561291887253,-24.0,-65.0,3.0,D
1,216.13290588402194,-25.0,-64.0,3.0,D
1,216.25790588402194,-25.0,-63.0,3.0,D
1,216.43468257931858,-26.0,-62.0,3.0,D
1,216.55968257931858,-26.0,-61.0,3.0,D
1,216.91323596991185,-28.0,-59.0,3.0,D
1,217.03823596991185,-28.0,-58.0,3.0,D
1,217.2150126652085,-29.0,-57.0,3.0,D
1,217.3400126652085,-29.0,-56.0,3.0,D
1,217.69356605580177,-31.0,-54.0,3.0,D
1,217.81856605580177,-31.0,-53.0,3.0,D
1,217.9953427510984,-32.0,-52.0,3.0,D
1,218.1203427510984,-32.0,-51.0,3.0,D
1,218.47389614169168,-34.0,-49.0,3.0,D
1,218.59889614169168,-34.0,-48.0,3.0,D
1,218.77567283698832,-35.0,-47.0,3.0,D
1,218.90067283698832,-35.0,-46.0,3.0,D
1,219.2542262275816,-37.0,-44.0,3.0,D
1,219.3792262275816,-37.0,-43.0,3.0,D
1,219.55600292287824,-38.0,-42.0,3.0,D
1,219.68100292287824,-38.0,-41.0,3.0,D
1,220.0345563134715,-40.0,-39.0,3.0,D
1,220.1595563134715,-40.0,-38.0,3.0,D
1,220.33633300876815,-41.0,-37.0,3.0,D
1,220.71133300876815,-41.0,-34.0,3.0,D
1,221.06488639936143,-43.0,-32.0,3.0,D
1,221.18988639936143,-43.0,-31.0,3.0,D
1,221.43988639936143,-45.0,-31.0,3.0,D
1,221.56488639936143,-45.0,-32.0,3.0,D
1,221.9184397899547,-47.0,-34.0,3.0,D
1,222.1684397899547,-49.0,-34.0,3.0,D
1,222.34521648525134,-50.0,-35.0,3.0,D
1,222.47021648525134,-51.0,-35.0,3.0,D
1,222.64699318054798,-52.0,-36.0,3.0,D
1,222.77199318054798,-53.0,-36.0,3.0,D
1,223.12554657114126,-55.0,-38.0,3.0,D
1,223.25054657114126,-56.0,-38.0,3.0,D
1,223.4273232664379,-57.0,-39.0,3.0,D
1,223.5523232664379,-58.0,-39.0,3.0,D
1,223.72909996173453,-59.0,-40.0,3.0,D
1,223.85409996173453,-60.0,-40.0,3.0,D
1,224.2076533523278,-62.0,-42.0,3.0,D
1,224.3326533523278,-63.0,-42.0,3.0,D
1,224.50943004762445,-64.0,-43.0,3.0,D
1,224.63443004762445,-65.0,-43.0,3.0,D
1,224.8112067429211,-66.0,-44.0,3.0,D
1,224.9362067429211,-67.0,-44.0,3.0,D
1,225.11298343821773,-68.0,-45.0,3.0,D
1,225.23798343821773,-69.0,-45.0,3.0,D
1,225.591536828811,-71.0,-47.0,3.0,D
1,225.716536828811,-72.0,-47.0,3.0,D
1,225.89331352410764,-73.0,-48.0,3.0,D
1,226.01831352410764,-74.0,-48.0,3.0,D
1,226.19509021940428,-75.0,-49.0,3.0,D
1,226.32009021940428,-76.0,-49.0,3.0,D
1,226.67364360999755,-78.0,-51.0,3.0,D
1,226.79864360999755,-79.0,-51.0,3.0,D
1,226.9754203052942,-80.0,-52.0,3.0,D
1,227.1004203052942,-81.0,-52.0,3.0,D
1,227.27719700059083,-82.0,-53.0,3.0,D
1,227.40219700059083,-83.0,-53.0,3.0,D
1,227.57897369588747,-84.0,-54.0,3.0,D
1,227.70397369588747,-85.0,-54.0,3.0,D
1,228.05752708648075,-87.0,-56.0,3.0,D
1,228.18252708648075,-88.0,-56.0,3.0,D
1,228.35930378177738,-89.0,-57.0,3.0,D
1,228.48430378177738,-90.0,-57.0,3.0,D
1,228.66108047707402,-91.0,-58.0,3.0,D
1,228.78608047707402,-92.0,-58.0,3.0,D
1,229.1396338676673,-94.0,-60.0,3.0,D
1,229.2646338676673,-95.0,-60.0,3.0,D
1,229.44141056296394,-96.0,-61.0,3.0,D
1,229.56641056296394,-97.0,-61.0,3.0,D
1,229.74318725826058,-98.0,-62.0,3.0,D
1,229.86818725826058,-99.0,-62.0,3.0,D
1,230.04496395355721,-100.0,-63.0,3.0,D
1,230.16996395355721,-101.0,-63.0,3.0,D
1,230.5235173441505,-103.0,-65.0,3.0,D
1,230.6485173441505,-104.0,-65.0,3.0,D
1,230.82529403944713,-105.0,-66.0,3.0,D
1,230.95029403944713,-106.0,-66.0,3.0,D
1,231.12707073474377,-107.0,-67.0,3.0,D
1,231.25207073474377,-108.0,-67.0,3.0,D
1,231.60562412533704,-110.0,-69.0,3.0,D
1,231.73062412533704,-111.0,-69.0,3.0,D
1,231.90740082063368,-112.0,-70.0,3.0,D
1,232.03240082063368,-113.0,-70.0,3.0,D
1,232.20917751593032,-114.0,-71.0,3.0,D
1,232.33417751593032,-115.0,-71.0,3.0,D
1,232.51095421122696,-116.0,-72.0,3.0,D
1,232.63595421122696,-117.0,-72.0,3.0,D
1,232.98950760182024,-119.0,-74.0,3.0,D
1,233.11450760182024,-120.0,-74.0,3.0,D
1,233.29128429711687,-121.0,-75.0,3.0,D
1,233.41628429711687,-122.0,-75.0,3.0,D
1,233.5930609924135,-123.0,-76.0,3.0,D
1,233.7180609924135,-124.0,-76.0,3.0,D
1,234.0716143830068,-126.0,-78.0,3.0,D
1,234.1966143830068,-127.0,-78.0,3.0,D
1,234.37339107830343,-128.0,-79.0,3.0,D
1,234.49839107830343,-129.0,-79.0,3.0,D
1,234.67516777360007,-130.0,-80.0,3.0,D
1,234.80016777360007,-131.0,-80.0,3.0,D
1,234.9769444688967,-132.0,-81.0,3.0,D
1,235.1019444688967,-133.0,-81.0,3.0,D
1,235.45549785948998,-135.0,-83.0,3.0,D
1,235.58049785948998,-136.0,-83.0,3.0,D
1,235.75727455478662,-137.0,-84.0,3.0,D
1,235.88227455478662,-138.0,-84.0,3.0,D
1,236.05905125008326,-139.0,-85.0,3.0,D
1,236.18405125008326,-140.0,-85.0,3.0,D
1,236.3608279453799,-141.0,-86.0,3.0,D
1,236.4858279453799,-142.0,-86.0,3.0,D
1,236.83938133597317,-144.0,-88.0,3.0,D
1,236.96438133597317,-145.0,-88.0,3.0,D
1,237.1411580312698,-146.0,-89.0,3.0,D
1,237.2661580312698,-147.0,-89.0,3.0,D
1,237.44293472656645,-148.0,-90.0,3.0,D
1,237.56793472656645,-149.0,-90.0,3.0,D
1,237.92148811715973,-151.0,-92.0,3.0,D
1,238.04648811715973,-152.0,-92.0,3.0,D
1,238.22326481245636,-153.0,-93.0,3.0,D
1,238.34826481245636,-154.0,-93.0,3.0,D
1,238.525041507753,-155.0,-94.0,3.0,D
1,238.650041507753,-156.0,-94.0,3.0,D
1,238.82681820304964,-157.0,-95.0,3.0,D
1,238.95181820304964,-158.0,-95.0,3.0,D
1,239.30537159364292,-160.0,-97.0,3.0,D
1,239.55537159364292,-162.0,-97.0,3.0,D
1,240.26247837482947,-166.0,-101.0,3.0,D
1,240.38747837482947,-167.0,-101.0,3.0,D
1,240.51247837482947,-167.0,-102.0,3.0,T
1,240.51914504149613,-167.0,-101.0,3.0,D
1,241.51914504149613,-167.0,-93.0,3.0,D
1,241.69592173679277,-166.0,-92.0,3.0,D
1,242.07092173679277,-166.0,-89.0,3.0,D
1,242.42447512738605,-164.0,-87.0,3.0,D
1,242.54947512738605,-164.0,-86.0,3.0,D
1,242.72625182268268,-163.0,-85.0,3.0,D
1,242.85125182268268,-163.0,-84.0,3.0,D
1,243.20480521327596,-161.0,-82.0,3.0,D
1,243.32980521327596,-161.0,-81.0,3.0,D
1,243.5065819085726,-160.0,-80.0,3.0,D
1,243.6315819085726,-160.0,-79.0,3.0,D
1,243.98513529916588,-158.0,-77.0,3.0,D
1,244.11013529916588,-158.0,-76.0,3.0,D
1,244.2869119944625,-157.0,-75.0,3.0,D
1,244.4119119944625,-157.0,-74.0,3.0,D
1,244.7654653850558,-155.0,-72.0,3.0,D
1,244.8904653850558,-155.0,-71.0,3.0,D
1,245.06724208035243,-154.0,-70.0,3.0,D
1,245.19224208035243,-154.0,-69.0,3.0,D
1,245.5457954709457,-152.0,-67.0,3.0,D
1,245.6707954709457,-152.0,-66.0,3.0,D
1,245.84757216624234,-151.0,-65.0,3.0,D
1,245.97257216624234,-151.0,-64.0,3.0,D
1,246.14934886153898,-150.0,-63.0,3.0,D
1,246.27434886153898,-150.0,-62.0,3.0,D
1,246.62790225213226,-148.0,-60.0,3.0,D
1,246.75290225213226,-148.0,-59.0,3.0,D
1,246.9296789474289,-147.0,-58.0,3.0,D
1,247.0546789474289,-147.0,-57.0,3.0,D
1,247.40823233802217,-145.0,-55.0,3.0,D
1,247.53323233802217,-145.0,-54.0,3.0,D
1,247.7100090333188,-144.0,-53.0,3.0,D
1,247.8350090333188,-144.0,-52.0,3.0,D
1,248.1885624239121,-142.0,-50.0,3.0,D
1,248.3135624239121,-142.0,-49.0,3.0,D
1,248.49033911920873,-141.0,-48.0,3.0,D
1,248.61533911920873,-141.0,-47.0,3.0,D
1,248.968892509802,-139.0,-45.0,3.0,D
1,249.093892509802,-139.0,-44.0,3.0,D
1,249.27066920509864,-138.0,-43.0,3.0,D
1,249.39566920509864,-138.0,-42.0,3.0,D
1,249.74922259569192,-136.0,-40.0,3.0,D
1,249.87422259569192,-136.0,-39.0,3.0,D
1,250.05099929098856,-135.0,-38.0,3.0,D
1,250.17599929098856,-135.0,-37.0,3.0,D
1,250.3527759862852,-134.0,-36.0,3.0,D
1,250.4777759862852,-134.0,-35.0,3.0,D
1,250.83132937687847,-132.0,-33.0,3.0,D
1,250.95632937687847,-132.0,-32.0,3.0,D
1,251.1331060721751,-131.0,-31.0,3.0,D
1,251.2581060721751,-131.0,-30.0,3.0,D
1,251.6116594627684,-129.0,-28.0,3.0,D
1,251.7366594627684,-129.0,-27.0,3.0,D
1,251.91343615806502,-128.0,-26.0,3.0,D
1,252.03843615806502,-128.0,-25.0,3.0,D
1,252.3919895486583,-126.0,-23.0,3.0,D
1,252.5169895486583,-126.0,-22.0,3.0,D
1,252.69376624395494,-125.0,-21.0,3.0,D
1,252.81876624395494,-125.0,-20.0,3.0,D
1,253.17231963454822,-123.0,-18.0,3.0,D
1,253.29731963454822,-123.0,-17.0,3.0,D
1,253.47409632984485,-122.0,-16.0,3.0,D
1,253.59909632984485,-122.0,-15.0,3.0,D
1,253.95264972043813,-120.0,-13.0,3.0,D
1,254.07764972043813,-120.0,-12.0,3.0,D
1,254.25442641573477,-119.0,-11.0,3.0,D
1,254.37942641573477,-119.0,-10.0,3.0,D
1,254.73297980632805,-117.0,-8.0,3.0,D
1,254.85797980632805,-117.0,-7.0,3.0,D
1,255.03475650162468,-116.0,-6.0,3.0,D
1,255.15975650162468,-116.0,-5.0,3.0,D
1,255.33653319692132,-115.0,-4.0,3.0,D
1,255.46153319692132,-115.0,-3.0,3.0,D
1,255.8150865875146,-113.0,-1.0,3.0,D
1,255.9400865875146,-113.0,0.0,3.0,D
1,256.1168632828112,-112.0,1.0,3.0,D
1,256.2418632828112,-112.0,2.0,3.0,D
1,256.5954166734045,-110.0,4.0,3.0,D
1,256.7204166734045,-110.0,5.0,3.0,D
1,256.8971933687011,-109.0,6.0,3.0,D
1,257.0221933687011,-109.0,7.0,3.0,D
1,257.3757467592944,-107.0,9.0,3.0,D
1,257.5007467592944,-107.0,10.0,3.0,D
1,257.677523454591,-106.0,11.0,3.0,D
1,257.802523454591,-106.0,12.0,3.0,D
1,258.15607684518426,-104.0,14.0,3.0,D
1,258.28107684518426,-104.0,15.0,3.0,D
1,258.45785354048087,-103.0,16.0,3.0,D
1,258.58285354048087,-103.0,17.0,3.0,D
1,258.93640693107415,-101.0,19.0,3.0,D
1,259.06140693107415,-101.0,20.0,3.0,D
1,259.23818362637076,-100.0,21.0,3.0,D
1,259.36318362637076,-100.0,22.0,3.0,D
1,259.53996032166737,-99.0,23.0,3.0,D
1,259.66496032166737,-99.0,24.0,3.0,D
1,260.01851371226064,-97.0,26.0,3.0,D
1,260.14351371226064,-97.0,27.0,3.0,D
1,260.32029040755725,-96.0,28.0,3.0,D
1,260.44529040755725,-96.0,29.0,3.0,D
1,260.79884379815053,-94.0,31.0,3.0,D
1,260.92384379815053,-94.0,32.0,3.0,D
1,261.10062049344714,-93.0,33.0,3.0,D
1,261.22562049344714,-93.0,34.0,3.0,D
1,261.755950579337,-90.0,37.0,3.0,D
1,261.880950579337,-89.0,37.0,3.0,D
1,262.05772727463363,-88.0,38.0,3.0,D
1,262.18272727463363,-87.0,38.0,3.0,D
1,262.35950396993024,-86.0,39.0,3.0,D
1,262.48450396993024,-85.0,39.0,3.0,D
1,262.73450396993024,-85.0,41.0,3.0,D
1,262.91128066522685,-84.0,42.0,3.0,D
1,273.41128066522685,0.0,42.0,3.0,D
1,279.66128066522685,0.0,-8.0,3.0,D
1,279.91128066522685,-2.0,-8.0,3.0,D
1,280.08805736052346,-3.0,-9.0,3.0,D
1,280.21305736052346,-4.0,-9.0,3.0,D
1,280.3898340558201,-5.0,-10.0,3.0,D
1,280.5148340558201,-6.0,-10.0,3.0,D
1,280.6916107511167,-7.0,-11.0,3.0,D
1,280.8166107511167,-8.0,-11.0,3.0,D
1,280.9933874464133,-9.0,-12.0,3.0,D
1,281.1183874464133,-10.0,-12.0,3.0,D
1,281.2951641417099,-11.0,-13.0,3.0,D
1,281.4201641417099,-12.0,-13.0,3.0,D
1,281.7737175323032,-14.0,-15.0,3.0,D
1,281.8987175323032,-15.0,-15.0,3.0,D
1,282.0754942275998,-16.0,-16.0,3.0,D
1,282.2004942275998,-17.0,-16.0,3.0,D
1,282.3772709228964,-18.0,-17.0,3.0,D
1,282.5022709228964,-19.0,-17.0,3.0,D
1,282.8558243134897,-21.0,-19.0,3.0,D
1,282.9808243134897,-22.0,-19.0,3.0,D
1,283.1576010087863,-23.0,-20.0,3.0,D
1,283.2826010087863,-24.0,-20.0,3.0,D
1,283.4593777040829,-25.0,-21.0,3.0,D
1,283.5843777040829,-26.0,-21.0,3.0,D
1,283.7611543993795,-27.0,-22.0,3.0,D
1,283.8861543993795,-28.0,-22.0,3.0,D
1,284.2397077899728,-30.0,-24.0,3.0,D
1,284.3647077899728,-31.0,-24.0,3.0,D
1,284.5414844852694,-32.0,-25.0,3.0,D
1,284.6664844852694,-33.0,-25.0,3.0,D
1,284.843261180566,-34.0,-26.0,3.0,D
1,284.968261180566,-35.0,-26.0,3.0,D
1,285.1450378758626,-36.0,-27.0,3.0,D
1,285.2700378758626,-37.0,-27.0,3.0,D
1,285.6235912664559,-39.0,-29.0,3.0,D
1,285.8735912664559,-41.0,-29.0,3.0,D
1,286.22714465704917,-43.0,-31.0,3.0,T
1,286.2404779903825,-45.0,-31.0,3.0,D
1,286.41725468567915,-46.0,-30.0,3.0,D
1,286.66725468567915,-46.0,-28.0,3.0,D
1,286.84403138097576,-47.0,-27.0,3.0,D
1,286.96903138097576,-47.0,-26.0,3.0,D
1,287.1458080762724,-48.0,-25.0,3.0,D
1,287.2708080762724,-48.0,-24.0,3.0,D
1,287.62436146686565,-50.0,-22.0,3.0,D
1,287.74936146686565,-50.0,-21.0,3.0,D
1,287.92613816216226,-51.0,-20.0,3.0,D
1,288.05113816216226,-51.0,-19.0,3.0,D
1,288.40469155275554,-53.0,-17.0,3.0,D
1,288.52969155275554,-53.0,-16.0,3.0,D
1,288.70646824805215,-54.0,-15.0,3.0,D
1,288.83146824805215,-54.0,-14.0,3.0,D
1,289.1850216386454,-56.0,-12.0,3.0,D
1,289.3100216386454,-56.0,-11.0,3.0,D
1,289.48679833394203,-57.0,-10.0,3.0,D
1,289.61179833394203,-57.0,-9.0,3.0,D
1,289.9653517245353,-59.0,-7.0,3.0,D
1,290.0903517245353,-59.0,-6.0,3.0,D
1,290.2671284198319,-60.0,-5.0,3.0,D
1,290.3921284198319,-60.0,-4.0,3.0,D
1,290.56890511512853,-61.0,-3.0,3.0,D
1,290.69390511512853,-61.0,-2.0,3.0,D
1,291.0474585057218,-63.0,0.0,3.0,D
1,291.1724585057218,-63.0,1.0,3.0,D
1,291.3492352010184,-64.0,2.0,3.0,D
1,291.4742352010184,-64.0,3.0,3.0,D
1,291.8277885916117,-66.0,5.0,3.0,D
1,291.9527885916117,-66.0,6.0,3.0,D
1,292.1295652869083,-67.0,7.0,3.0,D
1,292.2545652869083,-67.0,8.0,3.0,D
1,292.6081186775016,-69.0,10.0,3.0,D
1,292.7331186775016,-69.0,11.0,3.0,D
1,292.9098953727982,-70.0,12.0,3.0,D
1,293.0348953727982,-70.0,13.0,3.0,D
1,293.38844876339147,-72.0,15.0,3.0,D
1,293.51344876339147,-72.0,16.0,3.0,D
1,293.6902254586881,-73.0,17.0,3.0,D
1,293.8152254586881,-73.0,18.0,3.0,D
1,294.16877884928135,-75.0,20.0,3.0,D
1,294.29377884928135,-75.0,21.0,3.0,D
1,294.47055554457796,-76.0,22.0,3.0,D
1,294.59555554457796,-76.0,23.0,3.0,D
1,294.7723322398746,-77.0,24.0,3.0,D
1,294.8973322398746,-77.0,25.0,3.0,D
1,295.25088563046785,-79.0,27.0,3.0,D
1,295.37588563046785,-79.0,28.0,3.0,D
1,295.55266232576446,-80.0,29.0,3.0,D
1,295.67766232576446,-80.0,30.0,3.0,D
1,296.03121571635774,-82.0,32.0,3.0,D
1,296.15621571635774,-82.0,33.0,3.0,D
1,296.33299241165435,-83.0,34.0,3.0,D
1,296.58299241165435,-83.0,36.0,3.0,D
1,296.9365458022476,-85.0,38.0,3.0,D
1,297.0615458022476,-85.0,39.0,3.0,T
1,297.0826276533154,-84.0,42.0,3.0,D
1,297.7076276533154,-84.0,47.0,3.0,D
1,297.884404348612,-83.0,48.0,3.0,D
1,298.134404348612,-83.0,50.0,3.0,D
1,298.3111810439086,-82.0,51.0,3.0,D
1,298.4361810439086,-82.0,52.0,3.0,D
1,298.6129577392052,-81.0,53.0,3.0,D
1,298.7379577392052,-81.0,54.0,3.0,D
1,298.91473443450184,-80.0,55.0,3.0,D
1,299.03973443450184,-80.0,56.0,3.0,D
1,299.3932878250951,-78.0,58.0,3.0,D
1,299.5182878250951,-78.0,59.0,3.0,D
1,299.6950645203917,-77.0,60.0,3.0,D
1,299.8200645203917,-77.0,61.0,3.0,D
1,300.173617910985,-75.0,63.0,3.0,D
1,300.298617910985,-75.0,64.0,3.0,D
1,300.4753946062816,-74.0,65.0,3.0,D
1,300.6003946062816,-74.0,66.0,3.0,D
1,300.9539479968749,-72.0,68.0,3.0,D
1,301.0789479968749,-72.0,69.0,3.0,D
1,301.2557246921715,-71.0,70.0,3.0,D
1,301.3807246921715,-71.0,71.0,3.0,D
1,301.7342780827648,-69.0,73.0,3.0,D
1,301.8592780827648,-69.0,74.0,3.0,D
1,302.0360547780614,-68.0,75.0,3.0,D
1,302.1610547780614,-68.0,76.0,3.0,D
1,302.51460816865466,-66.0,78.0,3.0,D
1,302.63960816865466,-66.0,79.0,3.0,D
1,302.81638486395127,-65.0,80.0,3.0,D
1,302.94138486395127,-65.0,81.0,3.0,D
1,303.1181615592479,-64.0,82.0,3.0,D
1,303.2431615592479,-64.0,83.0,3.0,D
1,303.59671494984116,-62.0,85.0,3.0,D
1,303.72171494984116,-62.0,86.0,3.0,D
1,303.89849164513777,-61.0,87.0,3.0,D
1,304.02349164513777,-61.0,88.0,3.0,D
1,304.37704503573104,-59.0,90.0,3.0,D
1,304.50204503573104,-59.0,91.0,3.0,D
1,304.67882173102765,-58.0,92.0,3.0,D
1,304.80382173102765,-58.0,93.0,3.0,D
1,305.15737512162093,-56.0,95.0,3.0,D
1,305.28237512162093,-56.0,96.0,3.0,D
1,305.45915181691754,-55.0,97.0,3.0,D
1,305.58415181691754,-55.0,98.0,3.0,D
1,305.9377052075108,-53.0,100.0,3.0,D
1,306.0627052075108,-53.0,101.0,3.0,D
1,306.2394819028074,-52.0,102.0,3.0,D
1,306.3644819028074,-52.0,103.0,3.0,D
1,306.7180352934007,-50.0,105.0,3.0,D
1,306.8430352934007,-50.0,106.0,3.0,D
1,307.0198119886973,-49.0,107.0,3.0,D
1,307.1448119886973,-49.0,108.0,3.0,D
1,307.4983653792906,-47.0,110.0,3.0,D
1,307.6233653792906,-47.0,111.0,3.0,D
1,307.8001420745872,-46.0,112.0,3.0,D
1,307.9251420745872,-46.0,113.0,3.0,D
1,308.1019187698838,-45.0,114.0,3.0,D
1,308.2269187698838,-45.0,115.0,3.0,D
1,308.5804721604771,-43.0,117.0,3.0,D
1,308.7054721604771,-43.0,118.0,3.0,D
1,308.8822488557737,-42.0,119.0,3.0,D
1,309.0072488557737,-42.0,120.0,3.0,D
1,309.360802246367,-40.0,122.0,3.0,D
1,309.485802246367,-40.0,123.0,3.0,D
1,309.6625789416636,-39.0,124.0,3.0,D
1,309.7875789416636,-39.0,125.0,3.0,D
1,310.14113233225686,-37.0,127.0,3.0,D
1,310.26613233225686,-37.0,128.0,3.0,D
1,310.44290902755347,-36.0,129.0,3.0,D
1,310.56790902755347,-36.0,130.0,3.0,D
1,310.92146241814675,-34.0,132.0,3.0,D
1,311.04646241814675,-34.0,133.0,3.0,D
1,311.22323911344336,-33.0,134.0,3.0,D
1,311.34823911344336,-33.0,135.0,3.0,D
1,311.70179250403663,-31.0,137.0,3.0,D
1,311.82679250403663,-31.0,138.0,3.0,D
1,312.00356919933324,-30.0,139.0,3.0,D
1,312.12856919933324,-30.0,140.0,3.0,D
1,312.30534589462985,-29.0,141.0,3.0,D
1,312.43034589462985,-29.0,142.0,3.0,D
1,312.78389928522313,-27.0,144.0,3.0,D
1,312.90889928522313,-27.0,145.0,3.0,D
1,313.08567598051974,-26.0,146.0,3.0,D
1,313.21067598051974,-26.0,147.0,3.0,D
1,313.564229371113,-24.0,149.0,3.0,D
1,313.689229371113,-24.0,150.0,3.0,D
1,313.8660060664096,-23.0,151.0,3.0,D
1,313.9910060664096,-23.0,152.0,3.0,D
1,314.3445594570029,-21.0,154.0,3.0,D
1,314.4695594570029,-21.0,155.0,3.0,D
1,314.6463361522995,-20.0,156.0,3.0,D
1,314.7713361522995,-20.0,157.0,3.0,D
1,315.1248895428928,-18.0,159.0,3.0,D
1,315.2498895428928,-18.0,160.0,3.0,D
1,315.4266662381894,-17.0,161.0,3.0,D
1,315.5516662381894,-17.0,162.0,3.0,D
1,315.9052196287827,-15.0,164.0,3.0,D
1,316.0302196287827,-15.0,165.0,3.0,D
1,316.2069963240793,-14.0,166.0,3.0,D
1,316.3319963240793,-14.0,167.0,3.0,D
1,316.68554971467256,-12.0,169.0,3.0,D
1,316.81054971467256,-12.0,170.0,3.0,D
1,316.98732640996917,-11.0,171.0,3.0,D
1,317.11232640996917,-11.0,172.0,3.0,D
1,317.2891031052658,-10.0,173.0,3.0,D
1,317.4141031052658,-10.0,174.0,3.0,D
1,317.76765649585906,-8.0,176.0,3.0,D
1,317.89265649585906,-8.0,177.0,3.0,D
1,318.24620988645233,-6.0,179.0,3.0,D
1,318.37120988645233,-5.0,179.0,3.0,D
1,318.54798658174894,-4.0,180.0,3.0,D
1,318.67298658174894,-3.0,180.0,3.0,D
1,318.84976327704555,-2.0,181.0,3.0,D
1,319.09976327704555,0.0,181.0,3.0,D
1,336.47476327704555,0.0,42.0,3.0,D
1,347.09976327704555,85.0,42.0,3.0,D
1,347.22476327704555,85.0,43.0,3.0,D
1,347.40153997234216,84.0,44.0,3.0,D
1,347.90153997234216,84.0,48.0,3.0,D
1,348.0783166676388,83.0,49.0,3.0,D
1,348.2033166676388,83.0,50.0,3.0,D
1,348.55687005823205,81.0,52.0,3.0,D
1,348.68187005823205,81.0,53.0,3.0,D
1,348.85864675352866,80.0,54.0,3.0,D
1,348.98364675352866,80.0,55.0,3.0,D
1,349.16042344882527,79.0,56.0,3.0,D
1,349.28542344882527,79.0,57.0,3.0,D
1,349.63897683941855,77.0,59.0,3.0,D
1,349.76397683941855,77.0,60.0,3.0,D
1,349.94075353471516,76.0,61.0,3.0,D
1,350.06575353471516,76.0,62.0,3.0,D
1,350.41930692530843,74.0,64.0,3.0,D
1,350.54430692530843,74.0,65.0,3.0,D
1,350.72108362060504,73.0,66.0,3.0,D
1,350.84608362060504,73.0,67.0,3.0,D
1,351.1996370111983,71.0,69.0,3.0,D
1,351.3246370111983,71.0,70.0,3.0,D
1,351.50141370649493,70.0,71.0,3.0,D
1,351.62641370649493,70.0,72.0,3.0,D
1,351.9799670970882,68.0,74.0,3.0,D
1,352.1049670970882,68.0,75.0,3.0,D
1,352.2817437923848,67.0,76.0,3.0,D
1,352.4067437923848,67.0,77.0,3.0,D
1,352.7602971829781,65.0,79.0,3.0,D
1,352.8852971829781,65.0,80.0,3.0,D
1,353.0620738782747,64.0,81.0,3.0,D
1,353.1870738782747,64.0,82.0,3.0,D
1,353.3638505735713,63.0,83.0,3.0,D
1,353.4888505735713,63.0,84.0,3.0,D
1,353.8424039641646,61.0,86.0,3.0,D
1,353.9674039641646,61.0,87.0,3.0,D
1,354.1441806594612,60.0,88.0,3.0,D
1,354.2691806594612,60.0,89.0,3.0,D
1,354.6227340500545,58.0,91.0,3.0,D
1,354.7477340500545,58.0,92.0,3.0,D
1,354.9245107453511,57.0,93.0,3.0,D
1,355.0495107453511,57.0,94.0,3.0,D
1,355.40306413594436,55.0,96.0,3.0,D
1,355.52806413594436,55.0,97.0,3.0,D
1,355.704840831241,54.0,98.0,3.0,D
1,355.829840831241,54.0,99.0,3.0,D
1,356.18339422183425,52.0,101.0,3.0,D
1,356.30839422183425,52.0,102.0,3.0,D
1,356.48517091713086,51.0,103.0,3.0,D
1,356.61017091713086,51.0,104.0,3.0,D
1,356.96372430772414,49.0,106.0,3.0,D
1,357.08872430772414,49.0,107.0,3.0,D
1,357.26550100302074,48.0,108.0,3.0,D
1,357.39050100302074,48.0,109.0,3.0,D
1,357.744054393614,46.0,111.0,3.0,D
1,357.869054393614,46.0,112.0,3.0,D
1,358.04583108891063,45.0,113.0,3.0,D
1,358.17083108891063,45.0,114.0,3.0,D
1,358.34760778420724,44.0,115.0,3.0,D
1,358.47260778420724,44.0,116.0,3.0,D
1,358.8261611748005,42.0,118.0,3.0,D
1,358.9511611748005,42.0,119.0,3.0,D
1,359.1279378700971,41.0,120.0,3.0,D
1,359.2529378700971,41.0,121.0,3.0,D
1,359.6064912606904,39.0,123.0,3.0,D
1,359.7314912606904,39.0,124.0,3.0,D
1,359.908267955987,38.0,125.0,3.0,D
1,360.033267955987,38.0,126.0,3.0,D
1,360.3868213465803,36.0,128.0,3.0,D
1,360.5118213465803,36.0,129.0,3.0,D
1,360.6885980418769,35.0,130.0,3.0,D
1,360.8135980418769,35.0,131.0,3.0,D
1,361.1671514324702,33.0,133.0,3.0,D
1,361.2921514324702,33.0,134.0,3.0,D
1,361.4689281277668,32.0,135.0,3.0,D
1,361.5939281277668,32.0,136.0,3.0,D
1,361.94748151836006,30.0,138.0,3.0,D
1,362.07248151836006,30.0,139.0,3.0,D
1,362.2492582136567,29.0,140.0,3.0,D
1,362.3742582136567,29.0,141.0,3.0,D
1,362.5510349089533,28.0,142.0,3.0,D
1,362.6760349089533,28.0,143.0,3.0,D
1,363.02958829954656,26.0,145.0,3.0,D
1,363.15458829954656,26.0,146.0,3.0,D
1,363.33136499484317,25.0,147.0,3.0,D
1,363.45636499484317,25.0,148.0,3.0,D
1,363.80991838543645,23.0,150.0,3.0,D
1,363.93491838543645,23.0,151.0,3.0,D
1,364.11169508073306,22.0,152.0,3.0,D
1,364.23669508073306,22.0,153.0,3.0,D
1,364.59024847132633,20.0,155.0,3.0,D
1,364.71524847132633,20.0,156.0,3.0,D
1,364.89202516662294,19.0,157.0,3.0,D
1,365.01702516662294,19.0,158.0,3.0,D
1,365.3705785572162,17.0,160.0,3.0,D
1,365.4955785572162,17.0,161.0,3.0,D
1,365.67235525251283,16.0,162.0,3.0,D
1,365.79735525251283,16.0,163.0,3.0,D
1,366.1509086431061,14.0,165.0,3.0,D
1,366.2759086431061,14.0,166.0,3.0,D
1,366.4526853384027,13.0,167.0,3.0,D
1,366.5776853384027,13.0,168.0,3.0,D
1,366.931238728996,11.0,170.0,3.0,D
1,367.056238728996,11.0,171.0,3.0,D
1,367.2330154242926,10.0,172.0,3.0,D
1,367.3580154242926,10.0,173.0,3.0,D
1,367.5347921195892,9.0,174.0,3.0,D
1,367.6597921195892,9.0,175.0,3.0,D
1,367.8365688148858,8.0,176.0,3.0,D
1,367.9615688148858,8.0,177.0,3.0,D
1,368.13834551018243,7.0,178.0,3.0,D
1,368.26334551018243,6.0,178.0,3.0,D
1,368.44012220547904,5.0,179.0,3.0,D
1,368.56512220547904,4.0,179.0,3.0,D
1,368.74189890077565,3.0,180.0,3.0,D
1,368.86689890077565,2.0,180.0,3.0,D
1,369.04367559607226,1.0,181.0,3.0,D
1,369.16867559607226,0.0,181.0,3.0,D
1,370.04367559607226,0.0,188.0,3.0,T
1,371.16994771633847,85.0,42.0,3.0,D
1,371.41994771633847,85.0,40.0,3.0,D
1,371.5967244116351,86.0,39.0,3.0,D
1,371.7217244116351,86.0,38.0,3.0,D
1,371.8467244116351,85.0,38.0,3.0,D
1,372.20027780222836,83.0,36.0,3.0,D
1,372.32527780222836,83.0,35.0,3.0,D
1,372.50205449752497,82.0,34.0,3.0,D
1,372.62705449752497,82.0,33.0,3.0,D
1,372.8038311928216,81.0,32.0,3.0,D
1,372.9288311928216,81.0,31.0,3.0,D
1,373.28238458341485,79.0,29.0,3.0,D
1,373.40738458341485,79.0,28.0,3.0,D
1,373.58416127871146,78.0,27.0,3.0,D
1,373.70916127871146,78.0,26.0,3.0,D
1,374.06271466930474,76.0,24.0,3.0,D
1,374.18771466930474,76.0,23.0,3.0,D
1,374.36449136460135,75.0,22.0,3.0,D
1,374.48949136460135,75.0,21.0,3.0,D
1,374.66626805989796,74.0,20.0,3.0,D
1,374.79126805989796,74.0,19.0,3.0,D
1,375.14482145049124,72.0,17.0,3.0,D
1,375.26982145049124,72.0,16.0,3.0,D
1,375.44659814578785,71.0,15.0,3.0,D
1,375.57159814578785,71.0,14.0,3.0,D
1,375.9251515363811,69.0,12.0,3.0,D
1,376.0501515363811,69.0,11.0,3.0,D
1,376.22692823167773,68.0,10.0,3.0,D
1,376.35192823167773,68.0,9.0,3.0,D
1,376.705481622271,66.0,7.0,3.0,D
1,376.830481622271,66.0,6.0,3.0,D
1,377.0072583175676,65.0,5.0,3.0,D
1,377.1322583175676,65.0,4.0,3.0,D
1,377.4858117081609,63.0,2.0,3.0,D
1,377.6108117081609,63.0,1.0,3.0,D
1,377.7875884034575,62.0,0.0,3.0,D
1,377.9125884034575,62.0,-1.0,3.0,D
1,378.2661417940508,60.0,-3.0,3.0,D
1,378.3911417940508,60.0,-4.0,3.0,D
1,378.5679184893474,59.0,-5.0,3.0,D
1,378.6929184893474,59.0,-6.0,3.0,D
1,378.869695184644,58.0,-7.0,3.0,D
1,378.994695184644,58.0,-8.0,3.0,D
1,379.3482485752373,56.0,-10.0,3.0,D
1,379.4732485752373,56.0,-11.0,3.0,D
1,379.6500252705339,55.0,-12.0,3.0,D
1,379.7750252705339,55.0,-13.0,3.0,D
1,380.12857866112716,53.0,-15.0,3.0,D
1,380.25357866112716,53.0,-16.0,3.0,D
1,380.4303553564238,52.0,-17.0,3.0,D
1,380.5553553564238,52.0,-18.0,3.0,D
1,380.90890874701705,50.0,-20.0,3.0,D
1,381.03390874701705,50.0,-21.0,3.0,D
1,381.21068544231366,49.0,-22.0,3.0,D
1,381.33568544231366,49.0,-23.0,3.0,D
1,381.68923883290694,47.0,-25.0,3.0,D
1,381.81423883290694,47.0,-26.0,3.0,D
1,381.99101552820355,46.0,-27.0,3.0,D
1,382.24101552820355,46.0,-29.0,3.0,D
1,382.5945689187968,44.0,-31.0,3.0,D
1,382.7195689187968,43.0,-31.0,3.0,D
1,383.0731223093901,41.0,-29.0,3.0,D
1,383.3231223093901,39.0,-29.0,3.0,D
1,383.6766756999834,37.0,-27.0,3.0,D
1,383.8016756999834,36.0,-27.0,3.0,D
1,383.97845239528,35.0,-26.0,3.0,D
1,384.10345239528,34.0,-26.0,3.0,D
1,384.2802290905766,33.0,-25.0,3.0,D
1,384.4052290905766,32.0,-25.0,3.0,D
1,384.5820057858732,31.0,-24.0,3.0,D
1,384.7070057858732,30.0,-24.0,3.0,D
1,385.0605591764665,28.0,-22.0,3.0,D
1,385.1855591764665,27.0,-22.0,3.0,D
1,385.3623358717631,26.0,-21.0,3.0,D
1,385.4873358717631,25.0,-21.0,3.0,D
1,385.6641125670597,24.0,-20.0,3.0,D
1,385.7891125670597,23.0,-20.0,3.0,D
1,385.9658892623563,22.0,-19.0,3.0,D
1,386.0908892623563,21.0,-19.0,3.0,D
1,386.4444426529496,19.0,-17.0,3.0,D
1,386.5694426529496,18.0,-17.0,3.0,D
1,386.7462193482462,17.0,-16.0,3.0,D
1,386.8712193482462,16.0,-16.0,3.0,D
1,387.0479960435428,15.0,-15.0,3.0,D
1,387.1729960435428,14.0,-15.0,3.0,D
1,387.5265494341361,12.0,-13.0,3.0,D
1,387.6515494341361,11.0,-13.0,3.0,D
1,387.8283261294327,10.0,-12.0,3.0,D
1,387.9533261294327,9.0,-12.0,3.0,D
1,388.1301028247293,8.0,-11.0,3.0,D
1,388.2551028247293,7.0,-11.0,3.0,D
1,388.4318795200259,6.0,-10.0,3.0,D
1,388.5568795200259,5.0,-10.0,3.0,D
1,388.7336562153225,4.0,-9.0,3.0,D
1,388.8586562153225,3.0,-9.0,3.0,D
1,389.03543291061914,2.0,-8.0,3.0,D
1,389.28543291061914,0.0,-8.0,3.0,T
1,389.6090925397908,41.0,-34.0,3.0,D
1,389.8590925397908,41.0,-36.0,3.0,D
1,390.03586923508743,40.0,-37.0,3.0,D
1,390.16086923508743,40.0,-38.0,3.0,D
1,390.33764593038404,39.0,-39.0,3.0,D
1,390.46264593038404,39.0,-40.0,3.0,D
1,390.8161993209773,37.0,-42.0,3.0,D
1,390.9411993209773,37.0,-43.0,3.0,D
1,391.11797601627393,36.0,-44.0,3.0,D
1,391.24297601627393,36.0,-45.0,3.0,D
1,391.5965294068672,34.0,-47.0,3.0,D
1,391.7215294068672,34.0,-48.0,3.0,D
1,391.8983061021638,33.0,-49.0,3.0,D
1,392.0233061021638,33.0,-50.0,3.0,D
1,392.3768594927571,31.0,-52.0,3.0,D
1,392.5018594927571,31.0,-53.0,3.0,D
1,392.6786361880537,30.0,-54.0,3.0,D
1,392.8036361880537,30.0,-55.0,3.0,D
1,393.157189578647,28.0,-57.0,3.0,D
1,393.282189578647,28.0,-58.0,3.0,D
1,393.4589662739436,27.0,-59.0,3.0,D
1,393.5839662739436,27.0,-60.0,3.0,D
1,393.93751966453686,25.0,-62.0,3.0,D
1,394.06251966453686,25.0,-63.0,3.0,D
1,394.2392963598335,24.0,-64.0,3.0,D
1,394.3642963598335,24.0,-65.0,3.0,D
1,394.5410730551301,23.0,-66.0,3.0,D
1,394.6660730551301,23.0,-67.0,3.0,D
1,395.01962644572336,21.0,-69.0,3.0,D
1,395.14462644572336,21.0,-70.0,3.0,D
1,395.32140314101997,20.0,-71.0,3.0,D
1,395.44640314101997,20.0,-72.0,3.0,D
1,395.79995653161325,18.0,-74.0,3.0,D
1,395.92495653161325,18.0,-75.0,3.0,D
1,396.10173322690986,17.0,-76.0,3.0,D
1,396.22673322690986,17.0,-77.0,3.0,D
1,396.58028661750313,15.0,-79.0,3.0,D
1,396.70528661750313,15.0,-80.0,3.0,D
1,396.88206331279974,14.0,-81.0,3.0,D
1,397.00706331279974,14.0,-82.0,3.0,D
1,397.360616703393,12.0,-84.0,3.0,D
1,397.485616703393,12.0,-85.0,3.0,D
1,397.66239339868963,11.0,-86.0,3.0,D
1,397.78739339868963,11.0,-87.0,3.0,D
1,398.1409467892829,9.0,-89.0,3.0,D
1,398.2659467892829,9.0,-90.0,3.0,D
1,398.4427234845795,8.0,-91.0,3.0,D
1,398.5677234845795,8.0,-92.0,3.0,D
1,398.9212768751728,6.0,-94.0,3.0,D
1,399.0462768751728,6.0,-95.0,3.0,D
1,399.2230535704694,5.0,-96.0,3.0,D
1,399.3480535704694,5.0,-97.0,3.0,D
1,399.524830265766,4.0,-98.0,3.0,D
1,399.774830265766,4.0,-100.0,3.0,D
1,400.1283836563593,2.0,-102.0,3.0,D
1,400.2533836563593,2.0,-103.0,3.0,D
1,400.7533836563593,-2.0,-103.0,3.0,T
1,400.78005032302593,2.0,-103.0,3.0,D
1,401.1336037136192,4.0,-105.0,3.0,T
1,401.6673535509858,41.0,-34.0,3.0,D
1,402.0209069415791,43.0,-32.0,3.0,D
1,402.1459069415791,44.0,-32.0,3.0,D
1,402.2709069415791,45.0,-32.0,3.0,D
1,402.62446033217236,47.0,-34.0,3.0,D
1,402.87446033217236,49.0,-34.0,3.0,D
1,403.05123702746897,50.0,-35.0,3.0,D
1,403.17623702746897,51.0,-35.0,3.0,D
1,403.3530137227656,52.0,-36.0,3.0,D
1,403.4780137227656,53.0,-36.0,3.0,D
1,403.83156711335886,55.0,-38.0,3.0,D
1,403.95656711335886,56.0,-38.0,3.0,D
1,404.13334380865547,57.0,-39.0,3.0,D
1,404.25834380865547,58.0,-39.0,3.0,D
1,404.4351205039521,59.0,-40.0,3.0,D
1,404.5601205039521,60.0,-40.0,3.0,D
1,404.91367389454535,62.0,-42.0,3.0,D
1,405.03867389454535,63.0,-42.0,3.0,D
1,405.21545058984196,64.0,-43.0,3.0,D
1,405.34045058984196,65.0,-43.0,3.0,D
1,405.5172272851386,66.0,-44.0,3.0,D
1,405.6422272851386,67.0,-44.0,3.0,D
1,405.8190039804352,68.0,-45.0,3.0,D
1,405.9440039804352,69.0,-45.0,3.0,D
1,406.29755737102846,71.0,-47.0,3.0,D
1,406.42255737102846,72.0,-47.0,3.0,D
1,406.59933406632507,73.0,-48.0,3.0,D
1,406.72433406632507,74.0,-48.0,3.0,D
1,406.9011107616217,75.0,-49.0,3.0,D
1,407.0261107616217,76.0,-49.0,3.0,D
1,407.37966415221496,78.0,-51.0,3.0,D
1,407.50466415221496,79.0,-51.0,3.0,D
1,407.68144084751157,80.0,-52.0,3.0,D
1,407.80644084751157,81.0,-52.0,3.0,D
1,407.9832175428082,82.0,-53.0,3.0,D
1,408.1082175428082,83.0,-53.0,3.0,D
1,408.2849942381048,84.0,-54.0,3.0,D
1,408.4099942381048,85.0,-54.0,3.0,D
1,408.76354762869806,87.0,-56.0,3.0,D
1,408.88854762869806,88.0,-56.0,3.0,D
1,409.0653243239947,89.0,-57.0,3.0,D
1,409.1903243239947,90.0,-57.0,3.0,D
1,409.3671010192913,91.0,-58.0,3.0,D
1,409.4921010192913,92.0,-58.0,3.0,D
1,409.84565440988456,94.0,-60.0,3.0,D
1,409.97065440988456,95.0,-60.0,3.0,D
1,410.14743110518117,96.0,-61.0,3.0,D
1,410.27243110518117,97.0,-61.0,3.0,T
1,410.675199304301,44.0,-32.0,3.0,D
1,410.800199304301,44.0,-31.0,3.0,T
1,410.80686597096764,43.0,-31.0,3.0,D
1,410.93186597096764,43.0,-32.0,3.0,T
1,411.45514622305274,98.0,24.0,3.0,D
1,411.58014622305274,98.0,25.0,3.0,D
1,411.933699613646,96.0,27.0,3.0,D
1,412.058699613646,96.0,28.0,3.0,D
1,412.2354763089426,95.0,29.0,3.0,D
1,412.3604763089426,95.0,30.0,3.0,D
1,412.7140296995359,93.0,32.0,3.0,D
1,412.8390296995359,93.0,33.0,3.0,D
1,413.0158063948325,92.0,34.0,3.0,D
1,413.1408063948325,92.0,35.0,3.0,D
1,413.4943597854258,90.0,37.0,3.0,D
1,413.6193597854258,89.0,37.0,3.0,D
1,413.7961364807224,88.0,38.0,3.0,D
1,414.0461364807224,86.0,38.0,3.0,T
1,415.9647586715435,-166.0,-101.0,3.0,D
1,416.0897586715435,-166.0,-102.0,3.0,T
1,424.7819492917369,-1000.0,0.0,1000.0,W
1,496.6558652822172,-1000.0,0.0,1000.0,T
1,505.3063400940289,-173.3295,-101.4,5.0,D
1,506.5608525940289,-163.2934,-101.4,5.0,T
1,506.58832083153254,-162.3053,-97.4,5.0,D
1,506.7942208315325,-160.6581,-97.4,5.0,T
1,506.8270374981992,-165.5806,-97.4,5.0,D
1,507.4990374981992,-170.9566,-97.4,5.0,T
1,507.5300433431034,-168.5837,-93.4,5.0,D
1,507.6719308431034,-167.4486,-93.4,5.0,T
1,507.69984491863687,-166.2109,-89.4,5.0,D
1,507.81611991863684,-165.2807,-89.4,5.0,T
1,507.84446805852485,-163.838,-85.4,5.0,D
1,507.96073055852486,-162.9079,-85.4,5.0,T
1,507.9890789246075,-161.4651,-81.4,5.0,D
1,508.1053414246075,-160.535,-81.4,5.0,T
1,508.13368979069014,-159.0922,-77.4,5.0,D
1,508.24995229069015,-158.1621,-77.4,5.0,T
1,508.2783006567728,-156.7193,-73.4,5.0,D
1,508.3945631567728,-155.7892,-73.4,5.0,T
1,508.42291152285543,-154.3464,-69.4,5.0,D
1,508.53917402285543,-153.4163,-69.4,5.0,T
1,508.56752216274344,-151.9736,-65.4,5.0,D
1,508.6837971627435,-151.0434,-65.4,5.0,T
1,508.7121453026315,-149.6007,-61.4,5.0,D
1,508.8284078026315,-148.6706,-61.4,5.0,T
1,508.8567561687141,-147.2278,-57.4,5.0,D
1,508.97301866871413,-146.2977,-57.4,5.0,T
1,509.0013670347968,-144.8549,-53.4,5.0,D
1,509.1176295347968,-143.9248,-53.4,5.0,T
1,509.1459779008794,-142.482,-49.4,5.0,D
1,509.2622404008794,-141.5519,-49.4,5.0,T
1,509.29058854076743,-140.1092,-45.4,5.0,D
1,509.40686354076746,-139.179,-45.4,5.0,T
1,509.43521168065547,-137.7363,-41.4,5.0,D
1,509.5514741806555,-136.8062,-41.4,5.0,T
1,509.5798225467381,-135.3634,-37.4,5.0,D
1,509.6960850467381,-134.4333,-37.4,5.0,T
1,509.72443341282076,-132.9905,-33.4,5.0,D
1,509.84069591282076,-132.0604,-33.4,5.0,T
1,509.8690442789034,-130.6176,-29.4,5.0,D
1,509.9853067789034,-129.6875,-29.4,5.0,T
1,510.0136549187914,-128.2448,-25.4,5.0,D
1,510.12992991879145,-127.3146,-25.4,5.0,T
1,510.15827805867946,-125.8719,-21.4,5.0,D
1,510.2745530586795,-124.9417,-21.4,5.0,T
1,510.3029011985675,-123.499,-17.4,5.0,D
1,510.4191636985675,-122.5689,-17.4,5.0,T
1,510.44751206465014,-121.1261,-13.4,5.0,D
1,510.56377456465015,-120.196,-13.4,5.0,T
1,510.5921229307328,-118.7532,-9.4,5.0,D
1,510.7083854307328,-117.8231,-9.4,5.0,T
1,510.7367335706208,-116.3804,-5.4,5.0,D
1,510.85300857062083,-115.4502,-5.4,5.0,T
1,510.88135671050884,-114.0075,-1.4,5.0,D
1,510.99763171050887,-113.0773,-1.4,5.0,T
1,511.0259798503969,-111.6346,2.6,5.0,D
1,511.1422423503969,-110.7045,2.6,5.0,T
1,511.1705907164795,-109.2617,6.6,5.0,D
1,511.2868532164795,-108.3316,6.6,5.0,T
1,511.31520158256217,-106.8888,10.6,5.0,D
1,511.4314640825622,-105.9587,10.6,5.0,T
1,511.4598124486448,-104.5159,14.6,5.0,D
1,511.5760749486448,-103.5858,14.6,5.0,T
1,511.6044230885328,-102.1431,18.6,5.0,D
1,511.72069808853286,-101.2129,18.6,5.0,T
1,511.74904622842087,-99.7702,22.6,5.0,D
1,511.8653212284209,-98.84,22.6,5.0,T
1,511.8936693683089,-97.3973,26.6,5.0,D
1,512.009931868309,-96.4672,26.6,5.0,T
1,512.0382802343917,-95.0244,30.6,5.0,D
1,512.1545427343916,-94.0943,30.6,5.0,T
1,512.1828911004743,-92.6515,34.6,5.0,D
1,512.2991536004743,-91.7214,34.6,5.0,T
1,512.3275017403623,-90.2787,38.6,5.0,D
1,513.1035142403623,-84.0706,38.6,5.0,T
1,513.1306986018798,-83.2786,34.6,5.0,D
1,513.2469611018797,-82.3485,34.6,5.0,T
1,513.2753094679624,-80.9057,30.6,5.0,D
1,513.3915719679624,-79.9756,30.6,5.0,T
1,513.4199201078504,-78.5329,26.6,5.0,D
1,513.5361951078504,-77.6027,26.6,5.0,T
1,513.5645432477385,-76.16,22.6,5.0,D
1,513.6808182477384,-75.2298,22.6,5.0,T
1,513.7091663876265,-73.7871,18.6,5.0,D
1,513.8254288876265,-72.857,18.6,5.0,T
1,513.8537772537092,-71.4142,14.6,5.0,D
1,513.9700397537091,-70.4841,14.6,5.0,T
1,513.9983881197918,-69.0413,10.6,5.0,D
1,514.1146506197917,-68.1112,10.6,5.0,T
1,514.1429989858744,-66.6684,6.6,5.0,D
1,514.2592614858744,-65.7383,6.6,5.0,T
1,514.2876098519571,-64.2955,2.6,5.0,D
1,514.403872351957,-63.3654,2.6,5.0,T
1,514.4322204918451,-61.9227,-1.4,5.0,D
1,514.5484954918451,-60.9925,-1.4,5.0,T
1,514.5768436317331,-59.5498,-5.4,5.0,D
1,514.6931186317331,-58.6196,-5.4,5.0,T
1,514.7214667716212,-57.1769,-9.4,5.0,D
1,514.8377292716211,-56.2468,-9.4,5.0,T
1,514.8660776377038,-54.804,-13.4,5.0,D
1,514.9823401377038,-53.8739,-13.4,5.0,T
1,515.0106885037865,-52.4311,-17.4,5.0,D
1,515.1269510037864,-51.501,-17.4,5.0,T
1,515.1552993698691,-50.0582,-21.4,5.0,D
1,515.2715618698691,-49.1281,-21.4,5.0,T
1,515.2999100097571,-47.6854,-25.4,5.0,D
1,515.4161850097571,-46.7552,-25.4,5.0,T
1,515.443759698062,-45.7025,-29.4,5.0,D
1,515.794872198062,-42.8936,-29.4,5.0,T
1,515.8025901980619,-41.7359,-29.4,5.0,D
1,516.064440198062,-39.6411,-29.4,5.0,T
1,516.0945963758628,-41.7533,-33.4,5.0,D
1,516.3323588758628,-43.6554,-33.4,5.0,T
1,516.3528882091962,-46.7348,-33.4,5.0,D
1,516.5601382091962,-48.3928,-33.4,5.0,T
1,516.6053988407822,-53.8784,-37.4,5.0,D
1,516.8095363407822,-55.5115,-37.4,5.0,T
1,516.8547969723681,-60.9971,-41.4,5.0,D
1,517.0589219723681,-62.6301,-41.4,5.0,T
1,517.1041826039541,-68.1157,-45.4,5.0,D
1,517.3083201039541,-69.7488,-45.4,5.0,T
1,517.35358073554,-75.2344,-49.4,5.0,D
1,517.55771823554,-76.8675,-49.4,5.0,T
1,517.6029783284599,-82.353,-53.4,5.0,D
1,517.8071158284599,-83.9861,-53.4,5.0,T
1,517.8523759213798,-89.4716,-57.4,5.0,D
1,518.0565259213797,-91.1048,-57.4,5.0,T
1,518.1017860142996,-96.5903,-61.4,5.0,D
1,518.3059235142996,-98.2234,-61.4,5.0,T
1,518.3511836072195,-103.7089,-65.4,5.0,D
1,518.5553336072194,-105.3421,-65.4,5.0,T
1,518.6005937001393,-110.8276,-69.4,5.0,D
1,518.8047312001393,-112.4607,-69.4,5.0,T
1,518.8499912930591,-117.9462,-73.4,5.0,D
1,519.054141293059,-119.5794,-73.4,5.0,T
1,519.0994013859789,-125.0649,-77.4,5.0,D
1,519.3035388859789,-126.698,-77.4,5.0,T
1,519.3487989788988,-132.1835,-81.4,5.0,D
1,519.5529489788987,-133.8167,-81.4,5.0,T
1,519.5982090718186,-139.3022,-85.4,5.0,D
1,519.8023465718186,-140.9353,-85.4,5.0,T
1,519.8476066647385,-146.4208,-89.4,5.0,D
1,520.0517566647384,-148.054,-89.4,5.0,T
1,520.0970162189956,-153.5394,-93.4,5.0,D
1,520.3011662189955,-155.1726,-93.4,5.0,T
1,521.151538409239,-40.5668,-37.4,5.0,D
1,521.267800909239,-39.6367,-37.4,5.0,T
1,521.2961492753217,-38.1939,-41.4,5.0,D
1,521.4124117753216,-37.2638,-41.4,5.0,T
1,521.4407599152097,-35.8211,-45.4,5.0,D
1,521.5570349152097,-34.8909,-45.4,5.0,T
1,521.5853830550977,-33.4482,-49.4,5.0,D
1,521.7016580550977,-32.518,-49.4,5.0,T
1,521.7300061949858,-31.0753,-53.4,5.0,D
1,521.8462686949857,-30.1452,-53.4,5.0,T
1,521.8746170610684,-28.7024,-57.4,5.0,D
1,521.9908795610684,-27.7723,-57.4,5.0,T
1,522.0192279271511,-26.3295,-61.4,5.0,D
1,522.135490427151,-25.3994,-61.4,5.0,T
1,522.1638387932337,-23.9566,-65.4,5.0,D
1,522.2801012932337,-23.0265,-65.4,5.0,T
1,522.3084496593164,-21.5837,-69.4,5.0,D
1,522.4247121593163,-20.6536,-69.4,5.0,T
1,522.4530602992044,-19.2109,-73.4,5.0,D
1,522.5693352992043,-18.2807,-73.4,5.0,T
1,522.5976834390924,-16.838,-77.4,5.0,D
1,522.7139584390924,-15.9078,-77.4,5.0,T
1,522.7423065789804,-14.4651,-81.4,5.0,D
1,522.8585815789804,-13.5349,-81.4,5.0,T
1,522.8869297188685,-12.0922,-85.4,5.0,D
1,523.0031922188684,-11.1621,-85.4,5.0,T
1,523.0315405849511,-9.7193,-89.4,5.0,D
1,523.1478030849511,-8.7892,-89.4,5.0,T
1,523.1761514510338,-7.3464,-93.4,5.0,D
1,523.2924139510337,-6.4163,-93.4,5.0,T
1,523.3207623171164,-4.9735,-97.4,5.0,D
1,523.4370248171164,-4.0434,-97.4,5.0,T
1,523.4639828341964,-3.4505,-101.4,5.0,D
1,524.3266078341965,3.4505,-101.4,5.0,T
1,524.3535658512765,4.0434,-97.4,5.0,D
1,524.4698283512765,4.9735,-97.4,5.0,T
1,524.4981764911646,6.4162,-93.4,5.0,D
1,524.6144514911646,7.3464,-93.4,5.0,T
1,524.6427996310526,8.7891,-89.4,5.0,D
1,524.7590746310526,9.7193,-89.4,5.0,T
1,524.7874227709407,11.162,-85.4,5.0,D
1,524.9036977709407,12.0922,-85.4,5.0,T
1,524.9320459108287,13.5349,-81.4,5.0,D
1,525.0483209108287,14.4651,-81.4,5.0,T
1,525.0766690507168,15.9078,-77.4,5.0,D
1,525.1929440507167,16.838,-77.4,5.0,T
1,525.2212921906048,18.2807,-73.4,5.0,D
1,525.3375546906047,19.2108,-73.4,5.0,T
1,525.3659028304928,20.6535,-69.4,5.0,D
1,525.4821778304928,21.5837,-69.4,5.0,T
1,525.5105259703809,23.0264,-65.4,5.0,D
1,525.6268009703808,23.9566,-65.4,5.0,T
1,525.6551491102689,25.3993,-61.4,5.0,D
1,525.7714241102689,26.3295,-61.4,5.0,T
1,525.7997722501569,27.7722,-57.4,5.0,D
1,525.9160472501569,28.7024,-57.4,5.0,T
1,525.944395390045,30.1451,-53.4,5.0,D
1,526.060670390045,31.0753,-53.4,5.0,T
1,526.089018529933,32.518,-49.4,5.0,D
1,526.205293529933,33.4482,-49.4,5.0,T
1,526.233641669821,34.8909,-45.4,5.0,D
1,526.349904169821,35.821,-45.4,5.0,T
1,526.3782523097091,37.2637,-41.4,5.0,D
1,526.494527309709,38.1939,-41.4,5.0,T
1,526.5228754495971,39.6366,-37.4,5.0,D
1,526.6391504495971,40.5668,-37.4,5.0,T
1,526.6669655392268,41.7533,-33.4,5.0,D
1,526.9047280392268,43.6554,-33.4,5.0,T
1,526.9252573725602,46.7348,-33.4,5.0,D
1,527.1325073725602,48.3928,-33.4,5.0,T
1,527.164644380711,45.7025,-29.4,5.0,D
1,527.5157443807111,42.8937,-29.4,5.0,T
1,527.5234630473777,41.7359,-29.4,5.0,D
1,527.7853130473778,39.6411,-29.4,5.0,T
1,527.8305736789638,34.1555,-25.4,5.0,D
1,528.0346986789638,32.5225,-25.4,5.0,T
1,528.0799598492192,27.0368,-21.4,5.0,D
1,528.2840848492192,25.4038,-21.4,5.0,T
1,528.3293454808052,19.9182,-17.4,5.0,D
1,528.5334704808051,18.2852,-17.4,5.0,T
1,528.5787316510606,12.7995,-13.4,5.0,D
1,528.7828566510606,11.1665,-13.4,5.0,T
1,528.828117821316,5.6808,-9.4,5.0,D
1,529.032230321316,4.0479,-9.4,5.0,T
1,529.0675839223521,0.5662,-5.4,5.0,D
1,529.2091339223521,-0.5662,-5.4,5.0,T
1,529.2358235977924,-0.4,-1.4,5.0,D
1,529.3358235977925,0.4,-1.4,5.0,T
1,529.3624902644591,0.4,2.6,5.0,D
1,529.4624902644591,-0.4,2.6,5.0,T
1,529.4891569311258,-0.4,6.6,5.0,D
1,529.5891569311258,0.4,6.6,5.0,T
1,529.6158235977924,0.4,10.6,5.0,D
1,529.7158235977925,-0.4,10.6,5.0,T
1,529.7424902644591,-0.4,14.6,5.0,D
1,529.8424902644591,0.4,14.6,5.0,T
1,529.8691569311258,0.4,18.6,5.0,D
1,529.9691569311258,-0.4,18.6,5.0,T
1,529.9958235977924,-0.4,22.6,5.0,D
1,530.0958235977924,0.4,22.6,5.0,T
1,530.1224902644591,0.4,26.6,5.0,D
1,530.2224902644591,-0.4,26.6,5.0,T
1,530.2491569311258,-0.4,30.6,5.0,D
1,530.3491569311258,0.4,30.6,5.0,T
1,530.3758235977924,0.4,34.6,5.0,D
1,530.4758235977924,-0.4,34.6,5.0,T
1,530.5024902844674,-0.4049,38.6,5.0,D
1,530.6037152844674,0.4049,38.6,5.0,T
1,530.6570486278049,0.4,46.6,5.0,D
1,530.7570486278049,-0.4,46.6,5.0,T
1,530.7837152944716,-0.4,50.6,5.0,D
1,530.8837152944716,0.4,50.6,5.0,T
1,530.9103819611382,0.4,54.6,5.0,D
1,531.0103819611383,-0.4,54.6,5.0,T
1,531.0370486278049,-0.4,58.6,5.0,D
1,531.1370486278049,0.4,58.6,5.0,T
1,531.1637152944716,0.4,62.6,5.0,D
1,531.2637152944716,-0.4,62.6,5.0,T
1,531.2903819611382,-0.4,66.6,5.0,D
1,531.3903819611382,0.4,66.6,5.0,T
1,531.4170486278049,0.4,70.6,5.0,D
1,531.5170486278049,-0.4,70.6,5.0,T
1,531.5437152944716,-0.4,74.6,5.0,D
1,531.6437152944716,0.4,74.6,5.0,T
1,531.6703819611382,0.4,78.6,5.0,D
1,531.7703819611382,-0.4,78.6,5.0,T
1,531.7970486278049,-0.4,82.6,5.0,D
1,531.8970486278049,0.4,82.6,5.0,T
1,531.9237152944715,0.4,86.6,5.0,D
1,532.0237152944716,-0.4,86.6,5.0,T
1,532.0503819611382,-0.4,90.6,5.0,D
1,532.1503819611382,0.4,90.6,5.0,T
1,532.1770486278049,0.4,94.6,5.0,D
1,532.2770486278049,-0.4,94.6,5.0,T
1,532.3037152944715,-0.4,98.6,5.0,D
1,532.4037152944716,0.4,98.6,5.0,T
1,532.4303819611382,0.4,102.6,5.0,D
1,532.5303819611382,-0.4,102.6,5.0,T
1,532.5570486278049,-0.4,106.6,5.0,D
1,532.6570486278049,0.4,106.6,5.0,T
1,532.6837152944715,0.4,110.6,5.0,D
1,532.7837152944716,-0.4,110.6,5.0,T
1,532.8103819611382,-0.4,114.6,5.0,D
1,532.9103819611382,0.4,114.6,5.0,T
1,532.9370486278049,0.4,118.6,5.0,D
1,533.0370486278049,-0.4,118.6,5.0,T
1,533.0637152944715,-0.4,122.6,5.0,D
1,533.1637152944716,0.4,122.6,5.0,T
1,533.1903819611382,0.4,126.6,5.0,D
1,533.2903819611382,-0.4,126.6,5.0,T
1,533.3170486278049,-0.4,130.6,5.0,D
1,533.4170486278049,0.4,130.6,5.0,T
1,533.4437152944715,0.4,134.6,5.0,D
1,533.5437152944716,-0.4,134.6,5.0,T
1,533.5703819611382,-0.4,138.6,5.0,D
1,533.6703819611382,0.4,138.6,5.0,T
1,533.6970486278049,0.4,142.6,5.0,D
1,533.7970486278049,-0.4,142.6,5.0,T
1,533.8237152944715,-0.4,146.6,5.0,D
1,533.9237152944715,0.4,146.6,5.0,T
1,533.9503819611382,0.4,150.6,5.0,D
1,534.0503819611382,-0.4,150.6,5.0,T
1,534.0770486278049,-0.4,154.6,5.0,D
1,534.1770486278049,0.4,154.6,5.0,T
1,534.2037152944715,0.4,158.6,5.0,D
1,534.3037152944715,-0.4,158.6,5.0,T
1,534.3303819611382,-0.4,162.6,5.0,D
1,534.4303819611382,0.4,162.6,5.0,T
1,534.4570486278049,0.4,166.6,5.0,D
1,534.5570486278049,-0.4,166.6,5.0,T
1,534.5837152944715,-0.4,170.6,5.0,D
1,534.6837152944715,0.4,170.6,5.0,T
1,534.7103819611382,0.4,174.6,5.0,D
1,534.8103819611382,-0.4,174.6,5.0,T
1,534.8399753951246,-2.3248,178.6,5.0,D
1,535.4211753951247,2.3248,178.6,5.0,T
1,535.4435073951247,5.6746,178.6,5.0,D
1,535.6376573951247,7.2278,178.6,5.0,T
1,535.6660055350128,8.6705,174.6,5.0,D
1,535.7822680350127,9.6006,174.6,5.0,T
1,535.8106164010954,11.0434,170.6,5.0,D
1,535.9268789010954,11.9735,170.6,5.0,T
1,535.9552272671781,13.4163,166.6,5.0,D
1,536.071489767178,14.3464,166.6,5.0,T
1,536.0998379070661,15.7891,162.6,5.0,D
1,536.2161129070661,16.7193,162.6,5.0,T
1,536.2444610469541,18.162,158.6,5.0,D
1,536.3607360469541,19.0922,158.6,5.0,T
1,536.3890841868422,20.5349,154.6,5.0,D
1,536.5053591868422,21.4651,154.6,5.0,T
1,536.5337073267302,22.9078,150.6,5.0,D
1,536.6499698267302,23.8379,150.6,5.0,T
1,536.6783181928129,25.2807,146.6,5.0,D
1,536.7945806928128,26.2108,146.6,5.0,T
1,536.8229290588955,27.6536,142.6,5.0,D
1,536.9391915588955,28.5837,142.6,5.0,T
1,536.9675396987835,30.0264,138.6,5.0,D
1,537.0838146987835,30.9566,138.6,5.0,T
1,537.1121628386716,32.3993,134.6,5.0,D
1,537.2284378386715,33.3295,134.6,5.0,T
1,537.2567859785596,34.7722,130.6,5.0,D
1,537.3730609785596,35.7024,130.6,5.0,T
1,537.4014091184476,37.1451,126.6,5.0,D
1,537.5176716184476,38.0752,126.6,5.0,T
1,537.5460199845303,39.518,122.6,5.0,D
1,537.6622824845302,40.4481,122.6,5.0,T
1,537.6906308506129,41.8909,118.6,5.0,D
1,537.8068933506129,42.821,118.6,5.0,T
1,537.8352417166956,44.2638,114.6,5.0,D
1,537.9515042166955,45.1939,114.6,5.0,T
1,537.9798523565836,46.6366,110.6,5.0,D
1,538.0961273565836,47.5668,110.6,5.0,T
1,538.1244754964716,49.0095,106.6,5.0,D
1,538.2407379964716,49.9396,106.6,5.0,T
1,538.2690863625543,51.3824,102.6,5.0,D
1,538.3853488625542,52.3125,102.6,5.0,T
1,538.4136972286369,53.7553,98.6,5.0,D
1,538.5299597286369,54.6854,98.6,5.0,T
1,538.5583080947196,56.1282,94.6,5.0,D
1,538.6745705947195,57.0583,94.6,5.0,T
1,538.7029189608022,58.5011,90.6,5.0,D
1,538.8191814608022,59.4312,90.6,5.0,T
1,538.8475296006902,60.8739,86.6,5.0,D
1,538.9637921006902,61.804,86.6,5.0,T
1,538.9921404667729,63.2468,82.6,5.0,D
1,539.1084029667728,64.1769,82.6,5.0,T
1,539.1367513328555,65.6197,78.6,5.0,D
1,539.2530138328555,66.5498,78.6,5.0,T
1,539.2813621989382,67.9926,74.6,5.0,D
1,539.3976246989381,68.9227,74.6,5.0,T
1,539.4259730650208,70.3655,70.6,5.0,D
1,539.5422355650207,71.2956,70.6,5.0,T
1,539.5705839311034,72.7384,66.6,5.0,D
1,539.6868464311034,73.6685,66.6,5.0,T
1,539.7151945709915,75.1112,62.6,5.0,D
1,539.8314570709914,76.0413,62.6,5.0,T
1,539.8598054370741,77.4841,58.6,5.0,D
1,539.976067937074,78.4142,58.6,5.0,T
1,540.0044163031567,79.857,54.6,5.0,D
1,540.1206788031567,80.7871,54.6,5.0,T
1,540.1490271692394,82.2299,50.6,5.0,D
1,540.2652896692393,83.16,50.6,5.0,T
1,540.2926433449542,84.0738,46.6,5.0,D
1,540.4750308449542,85.5329,46.6,5.0,T
1,540.5060363497271,87.9057,42.6,5.0,D
1,562.4824738497271,-87.9058,42.6,5.0,T
1,562.5134796946312,-85.5329,46.6,5.0,D
1,562.6958671946312,-84.0738,46.6,5.0,T
1,562.723220870346,-83.16,50.6,5.0,D
1,562.839483370346,-82.2299,50.6,5.0,T
1,562.8678317364287,-80.7871,54.6,5.0,D
1,562.9840942364286,-79.857,54.6,5.0,T
1,563.0124423763167,-78.4143,58.6,5.0,D
1,563.1287173763167,-77.4841,58.6,5.0,T
1,563.1570655162047,-76.0414,62.6,5.0,D
1,563.2733405162047,-75.1112,62.6,5.0,T
1,563.3016886560928,-73.6685,66.6,5.0,D
1,563.4179636560928,-72.7383,66.6,5.0,T
1,563.4463117959808,-71.2956,70.6,5.0,D
1,563.5625867959808,-70.3654,70.6,5.0,T
1,563.5909349358689,-68.9227,74.6,5.0,D
1,563.7071974358688,-67.9926,74.6,5.0,T
1,563.7355455757569,-66.5499,78.6,5.0,D
1,563.8518205757568,-65.6197,78.6,5.0,T
1,563.8801687156449,-64.177,82.6,5.0,D
1,563.9964437156449,-63.2468,82.6,5.0,T
1,564.024791855533,-61.8041,86.6,5.0,D
1,564.1410668555329,-60.8739,86.6,5.0,T
1,564.169414995421,-59.4312,90.6,5.0,D
1,564.285689995421,-58.501,90.6,5.0,T
1,564.314038135309,-57.0583,94.6,5.0,D
1,564.430313135309,-56.1281,94.6,5.0,T
1,564.4586612751971,-54.6854,98.6,5.0,D
1,564.574923775197,-53.7553,98.6,5.0,T
1,564.6032719150851,-52.3126,102.6,5.0,D
1,564.7195469150851,-51.3824,102.6,5.0,T
1,564.7478950549731,-49.9397,106.6,5.0,D
1,564.8641700549731,-49.0095,106.6,5.0,T
1,564.8925181948612,-47.5668,110.6,5.0,D
1,565.0087931948611,-46.6366,110.6,5.0,T
1,565.0371413347492,-45.1939,114.6,5.0,D
1,565.1534163347492,-44.2637,114.6,5.0,T
1,565.1817644746372,-42.821,118.6,5.0,D
1,565.2980394746372,-41.8908,118.6,5.0,T
1,565.3263873883445,-40.4482,122.6,5.0,D
1,565.4426748883445,-39.5179,122.6,5.0,T
1,565.4710228020518,-38.0753,126.6,5.0,D
1,565.5872978020518,-37.1451,126.6,5.0,T
1,565.6156459419399,-35.7024,130.6,5.0,D
1,565.7319209419398,-34.7722,130.6,5.0,T
1,565.7602690818279,-33.3295,134.6,5.0,D
1,565.8765440818279,-32.3993,134.6,5.0,T
1,565.904892221716,-30.9566,138.6,5.0,D
1,566.0211672217159,-30.0264,138.6,5.0,T
1,566.0495151354232,-28.5838,142.6,5.0,D
1,566.1658026354232,-27.6535,142.6,5.0,T
1,566.1941505491305,-26.2109,146.6,5.0,D
1,566.3104380491305,-25.2806,146.6,5.0,T
1,566.3387859628378,-23.838,150.6,5.0,D
1,566.4550609628378,-22.9078,150.6,5.0,T
1,566.4834091027259,-21.4651,154.6,5.0,D
1,566.5996841027259,-20.5349,154.6,5.0,T
1,566.6280322426139,-19.0922,158.6,5.0,D
1,566.7443072426139,-18.162,158.6,5.0,T
1,566.7726551563212,-16.7194,162.6,5.0,D
1,566.8889426563212,-15.7891,162.6,5.0,T
1,566.9172905700285,-14.3465,166.6,5.0,D
1,567.0335780700285,-13.4162,166.6,5.0,T
1,567.0619259837358,-11.9736,170.6,5.0,D
1,567.1782009837358,-11.0434,170.6,5.0,T
1,567.2065491236239,-9.6007,174.6,5.0,D
1,567.3228241236238,-8.6705,174.6,5.0,T
1,567.3511722635119,-7.2278,178.6,5.0,D
1,567.5453222635118,-5.6746,178.6,5.0,T
1,567.5725430954773,-4.8549,182.6,5.0,D
1,568.7862680954772,4.8549,182.6,5.0,T
1,568.8172739403814,2.482,186.6,5.0,D
1,569.4377864403814,-2.4821,186.6,5.0,T
1,570.5807916387226,84.0706,38.6,5.0,D
1,571.3567916387226,90.2786,38.6,5.0,T
1,571.3851400048053,91.7214,34.6,5.0,D
1,571.5014025048052,92.6515,34.6,5.0,T
1,571.5297506446933,94.0942,30.6,5.0,D
1,571.6460256446933,95.0244,30.6,5.0,T
1,571.6743737845813,96.4671,26.6,5.0,D
1,571.7906487845813,97.3973,26.6,5.0,T
1,571.8988327566865,83.2787,34.6,5.0,D
1,572.0151077566865,82.3485,34.6,5.0,T
1,572.0434558965745,80.9058,30.6,5.0,D
1,572.1597308965745,79.9756,30.6,5.0,T
1,572.1880790364626,78.5329,26.6,5.0,D
1,572.3043540364625,77.6027,26.6,5.0,T
1,572.3327021763506,76.16,22.6,5.0,D
1,572.4489771763506,75.2298,22.6,5.0,T
1,572.4773250900579,73.7872,18.6,5.0,D
1,572.5936000900579,72.857,18.6,5.0,T
1,572.6219482299459,71.4143,14.6,5.0,D
1,572.7382232299459,70.4841,14.6,5.0,T
1,572.766571369834,69.0414,10.6,5.0,D
1,572.8828463698339,68.1112,10.6,5.0,T
1,572.911194509722,66.6685,6.6,5.0,D
1,573.027469509722,65.7383,6.6,5.0,T
1,573.05581764961,64.2956,2.6,5.0,D
1,573.17209264961,63.3654,2.6,5.0,T
1,573.2004407894981,61.9227,-1.4,5.0,D
1,573.3167157894981,60.9925,-1.4,5.0,T
1,573.3450639293861,59.5498,-5.4,5.0,D
1,573.4613389293861,58.6196,-5.4,5.0,T
1,573.4896870692742,57.1769,-9.4,5.0,D
1,573.6059495692741,56.2468,-9.4,5.0,T
1,573.6342977091622,54.8041,-13.4,5.0,D
1,573.7505727091622,53.8739,-13.4,5.0,T
1,573.7789208490502,52.4312,-17.4,5.0,D
1,573.8951958490502,51.501,-17.4,5.0,T
1,573.9235439889383,50.0583,-21.4,5.0,D
1,574.0398189889382,49.1281,-21.4,5.0,T
1,574.0681671288263,47.6854,-25.4,5.0,D
1,574.1844421288263,46.7552,-25.4,5.0,T
1,574.2774749732631,53.8784,-37.4,5.0,D
1,574.4815999732631,55.5114,-37.4,5.0,T
1,574.526860604849,60.997,-41.4,5.0,D
1,574.730998104849,62.6301,-41.4,5.0,T
1,574.776258736435,68.1157,-45.4,5.0,D
1,574.980383736435,69.7487,-45.4,5.0,T
1,575.025644368021,75.2343,-49.4,5.0,D
1,575.229781868021,76.8674,-49.4,5.0,T
1,575.2750424996069,82.353,-53.4,5.0,D
1,575.4791674996069,83.986,-53.4,5.0,T
1,575.5244281311928,89.4716,-57.4,5.0,D
1,575.7285656311929,91.1047,-57.4,5.0,T
1,576.4390583633865,-4.0478,-9.4,5.0,D
1,576.6431958633865,-5.6809,-9.4,5.0,T
1,576.6884564949725,-11.1665,-13.4,5.0,D
1,576.8925939949725,-12.7996,-13.4,5.0,T
1,576.9378540878923,-18.2851,-17.4,5.0,D
1,577.1419915878923,-19.9182,-17.4,5.0,T
1,577.1872522194783,-25.4038,-21.4,5.0,D
1,577.3913897194783,-27.0369,-21.4,5.0,T
1,577.4366498123982,-32.5224,-25.4,5.0,D
1,577.6407998123981,-34.1556,-25.4,5.0,T
1,586.8868814209292,-1000.0,0.0,1000.0,W
1,676.1526930933164,-1000.0,0.0,1000.0,T
1,684.7962597439789,-173.0,-105.0,7.0,D
1,684.9730364392756,-172.0,-104.0,7.0,D
1,685.0980364392756,-171.0,-104.0,7.0,D
1,685.2748131345722,-170.0,-103.0,7.0,D
1,685.3998131345722,-169.0,-103.0,7.0,D
1,685.5765898298689,-168.0,-102.0,7.0,D
1,685.7015898298689,-167.0,-102.0,7.0,D
1,685.8265898298689,-166.0,-102.0,7.0,D
1,685.9515898298689,-165.0,-102.0,7.0,D
1,686.4819199157588,-162.0,-105.0,7.0,D
1,706.2319199157588,-4.0,-105.0,7.0,D
1,706.585473306352,-2.0,-103.0,7.0,D
1,706.9390266969452,-4.0,-101.0,7.0,D
1,707.1890266969452,-4.0,-99.0,7.0,D
1,707.3658033922419,-5.0,-98.0,7.0,D
1,707.4908033922419,-5.0,-97.0,7.0,D
1,707.6675800875386,-6.0,-96.0,7.0,D
1,707.7925800875386,-6.0,-95.0,7.0,D
1,707.9693567828352,-7.0,-94.0,7.0,D
1,708.0943567828352,-7.0,-93.0,7.0,D
1,708.4479101734285,-9.0,-91.0,7.0,D
1,708.5729101734285,-9.0,-90.0,7.0,D
1,708.7496868687251,-10.0,-89.0,7.0,D
1,708.8746868687251,-10.0,-88.0,7.0,D
1,709.2282402593183,-12.0,-86.0,7.0,D
1,709.3532402593183,-12.0,-85.0,7.0,D
1,709.530016954615,-13.0,-84.0,7.0,D
1,709.655016954615,-13.0,-83.0,7.0,D
1,710.0085703452082,-15.0,-81.0,7.0,D
1,710.1335703452082,-15.0,-80.0,7.0,D
1,710.3103470405049,-16.0,-79.0,7.0,D
1,710.4353470405049,-16.0,-78.0,7.0,D
1,710.7889004310981,-18.0,-76.0,7.0,D
1,710.9139004310981,-18.0,-75.0,7.0,D
1,711.0906771263948,-19.0,-74.0,7.0,D
1,711.2156771263948,-19.0,-73.0,7.0,D
1,711.569230516988,-21.0,-71.0,7.0,D
1,711.694230516988,-21.0,-70.0,7.0,D
1,711.8710072122847,-22.0,-69.0,7.0,D
1,711.9960072122847,-22.0,-68.0,7.0,D
1,712.3495606028779,-24.0,-66.0,7.0,D
1,712.4745606028779,-24.0,-65.0,7.0,D
1,712.6513372981746,-25.0,-64.0,7.0,D
1,712.7763372981746,-25.0,-63.0,7.0,D
1,712.9531139934712,-26.0,-62.0,7.0,D
1,713.0781139934712,-26.0,-61.0,7.0,D
1,713.4316673840644,-28.0,-59.0,7.0,D
1,713.5566673840644,-28.0,-58.0,7.0,D
1,713.7334440793611,-29.0,-57.0,7.0,D
1,713.8584440793611,-29.0,-56.0,7.0,D
1,714.2119974699543,-31.0,-54.0,7.0,D
1,714.3369974699543,-31.0,-53.0,7.0,D
1,714.513774165251,-32.0,-52.0,7.0,D
1,714.638774165251,-32.0,-51.0,7.0,D
1,714.9923275558442,-34.0,-49.0,7.0,D
1,715.1173275558442,-34.0,-48.0,7.0,D
1,715.2941042511409,-35.0,-47.0,7.0,D
1,715.4191042511409,-35.0,-46.0,7.0,D
1,715.7726576417341,-37.0,-44.0,7.0,D
1,715.8976576417341,-37.0,-43.0,7.0,D
1,716.0744343370308,-38.0,-42.0,7.0,D
1,716.1994343370308,-38.0,-41.0,7.0,D
1,716.552987727624,-40.0,-39.0,7.0,D
1,716.677987727624,-40.0,-38.0,7.0,D
1,716.8547644229207,-41.0,-37.0,7.0,D
1,717.2297644229207,-41.0,-34.0,7.0,D
1,717.5833178135139,-43.0,-32.0,7.0,D
1,717.7083178135139,-43.0,-31.0,7.0,D
1,717.9583178135139,-45.0,-31.0,7.0,D
1,718.0833178135139,-45.0,-32.0,7.0,D
1,718.4368712041071,-47.0,-34.0,7.0,D
1,718.6868712041071,-49.0,-34.0,7.0,D
1,718.8636478994038,-50.0,-35.0,7.0,D
1,718.9886478994038,-51.0,-35.0,7.0,D
1,719.1654245947004,-52.0,-36.0,7.0,D
1,719.2904245947004,-53.0,-36.0,7.0,D
1,719.6439779852936,-55.0,-38.0,7.0,D
1,719.7689779852936,-56.0,-38.0,7.0,D
1,719.9457546805903,-57.0,-39.0,7.0,D
1,720.0707546805903,-58.0,-39.0,7.0,D
1,720.247531375887,-59.0,-40.0,7.0,D
1,720.372531375887,-60.0,-40.0,7.0,D
1,720.7260847664802,-62.0,-42.0,7.0,D
1,720.8510847664802,-63.0,-42.0,7.0,D
1,721.0278614617769,-64.0,-43.0,7.0,D
1,721.1528614617769,-65.0,-43.0,7.0,D
1,721.3296381570735,-66.0,-44.0,7.0,D
1,721.4546381570735,-67.0,-44.0,7.0,D
1,721.6314148523702,-68.0,-45.0,7.0,D
1,721.7564148523702,-69.0,-45.0,7.0,D
1,722.1099682429634,-71.0,-47.0,7.0,D
1,722.2349682429634,-72.0,-47.0,7.0,D
1,722.4117449382601,-73.0,-48.0,7.0,D
1,722.5367449382601,-74.0,-48.0,7.0,D
1,722.7135216335568,-75.0,-49.0,7.0,D
1,722.8385216335568,-76.0,-49.0,7.0,D
1,723.19207502415,-78.0,-51.0,7.0,D
1,723.31707502415,-79.0,-51.0,7.0,D
1,723.4938517194466,-80.0,-52.0,7.0,D
1,723.6188517194466,-81.0,-52.0,7.0,D
1,723.7956284147433,-82.0,-53.0,7.0,D
1,723.9206284147433,-83.0,-53.0,7.0,D
1,724.09740511004,-84.0,-54.0,7.0,D
1,724.22240511004,-85.0,-54.0,7.0,D
1,724.5759585006332,-87.0,-56.0,7.0,D
1,724.7009585006332,-88.0,-56.0,7.0,D
1,724.8777351959299,-89.0,-57.0,7.0,D
1,725.0027351959299,-90.0,-57.0,7.0,D
1,725.1795118912265,-91.0,-58.0,7.0,D
1,725.3045118912265,-92.0,-58.0,7.0,D
1,725.6580652818197,-94.0,-60.0,7.0,D
1,725.7830652818197,-95.0,-60.0,7.0,D
1,725.9598419771164,-96.0,-61.0,7.0,D
1,726.0848419771164,-97.0,-61.0,7.0,D
1,726.2616186724131,-98.0,-62.0,7.0,D
1,726.3866186724131,-99.0,-62.0,7.0,D
1,726.5633953677097,-100.0,-63.0,7.0,D
1,726.6883953677097,-101.0,-63.0,7.0,D
1,727.041948758303,-103.0,-65.0,7.0,D
1,727.166948758303,-104.0,-65.0,7.0,D
1,727.3437254535996,-105.0,-66.0,7.0,D
1,727.4687254535996,-106.0,-66.0,7.0,D
1,727.6455021488963,-107.0,-67.0,7.0,D
1,727.7705021488963,-108.0,-67.0,7.0,D
1,728.1240555394895,-110.0,-69.0,7.0,D
1,728.2490555394895,-111.0,-69.0,7.0,D
1,728.4258322347862,-112.0,-70.0,7.0,D
1,728.5508322347862,-113.0,-70.0,7.0,D
1,728.7276089300829,-114.0,-71.0,7.0,D
1,728.8526089300829,-115.0,-71.0,7.0,D
1,729.0293856253795,-116.0,-72.0,7.0,D
1,729.1543856253795,-117.0,-72.0,7.0,D
1,729.5079390159727,-119.0,-74.0,7.0,D
1,729.6329390159727,-120.0,-74.0,7.0,D
1,729.8097157112694,-121.0,-75.0,7.0,D
1,729.9347157112694,-122.0,-75.0,7.0,D
1,730.1114924065661,-123.0,-76.0,7.0,D
1,730.2364924065661,-124.0,-76.0,7.0,D
1,730.5900457971593,-126.0,-78.0,7.0,D
1,730.7150457971593,-127.0,-78.0,7.0,D
1,730.891822492456,-128.0,-79.0,7.0,D
1,731.016822492456,-129.0,-79.0,7.0,D
1,731.1935991877526,-130.0,-80.0,7.0,D
1,731.3185991877526,-131.0,-80.0,7.0,D
1,731.4953758830493,-132.0,-81.0,7.0,D
1,731.6203758830493,-133.0,-81.0,7.0,D
1,731.9739292736425,-135.0,-83.0,7.0,D
1,732.0989292736425,-136.0,-83.0,7.0,D
1,732.2757059689392,-137.0,-84.0,7.0,D
1,732.4007059689392,-138.0,-84.0,7.0,D
1,732.5774826642358,-139.0,-85.0,7.0,D
1,732.7024826642358,-140.0,-85.0,7.0,D
1,732.8792593595325,-141.0,-86.0,7.0,D
1,733.0042593595325,-142.0,-86.0,7.0,D
1,733.3578127501257,-144.0,-88.0,7.0,D
1,733.4828127501257,-145.0,-88.0,7.0,D
1,733.6595894454224,-146.0,-89.0,7.0,D
1,733.7845894454224,-147.0,-89.0,7.0,D
1,733.9613661407191,-148.0,-90.0,7.0,D
1,734.0863661407191,-149.0,-90.0,7.0,D
1,734.4399195313123,-151.0,-92.0,7.0,D
1,734.5649195313123,-152.0,-92.0,7.0,D
1,734.741696226609,-153.0,-93.0,7.0,D
1,734.866696226609,-154.0,-93.0,7.0,D
1,735.0434729219056,-155.0,-94.0,7.0,D
1,735.1684729219056,-156.0,-94.0,7.0,D
1,735.3452496172023,-157.0,-95.0,7.0,D
1,735.4702496172023,-158.0,-95.0,7.0,D
1,735.8238030077955,-160.0,-97.0,7.0,D
1,736.0738030077955,-162.0,-97.0,7.0,D
1,736.7809097889821,-166.0,-101.0,7.0,D
1,736.9059097889821,-167.0,-101.0,7.0,D
1,737.0309097889821,-167.0,-102.0,7.0,T
1,737.0375764556487,-167.0,-101.0,7.0,D
1,738.0375764556487,-167.0,-93.0,7.0,D
1,738.2143531509454,-166.0,-92.0,7.0,D
1,738.5893531509454,-166.0,-89.0,7.0,D
1,738.9429065415386,-164.0,-87.0,7.0,D
1,739.0679065415386,-164.0,-86.0,7.0,D
1,739.2446832368353,-163.0,-85.0,7.0,D
1,739.3696832368353,-163.0,-84.0,7.0,D
1,739.7232366274285,-161.0,-82.0,7.0,D
1,739.8482366274285,-161.0,-81.0,7.0,D
1,740.0250133227252,-160.0,-80.0,7.0,D
1,740.1500133227252,-160.0,-79.0,7.0,D
1,740.5035667133184,-158.0,-77.0,7.0,D
1,740.6285667133184,-158.0,-76.0,7.0,D
1,740.805343408615,-157.0,-75.0,7.0,D
1,740.930343408615,-157.0,-74.0,7.0,D
1,741.2838967992083,-155.0,-72.0,7.0,D
1,741.4088967992083,-155.0,-71.0,7.0,D
1,741.5856734945049,-154.0,-70.0,7.0,D
1,741.7106734945049,-154.0,-69.0,7.0,D
1,742.0642268850982,-152.0,-67.0,7.0,D
1,742.1892268850982,-152.0,-66.0,7.0,D
1,742.3660035803948,-151.0,-65.0,7.0,D
1,742.4910035803948,-151.0,-64.0,7.0,D
1,742.6677802756915,-150.0,-63.0,7.0,D
1,742.7927802756915,-150.0,-62.0,7.0,D
1,743.1463336662847,-148.0,-60.0,7.0,D
1,743.2713336662847,-148.0,-59.0,7.0,D
1,743.4481103615814,-147.0,-58.0,7.0,D
1,743.5731103615814,-147.0,-57.0,7.0,D
1,743.9266637521746,-145.0,-55.0,7.0,D
1,744.0516637521746,-145.0,-54.0,7.0,D
1,744.2284404474713,-144.0,-53.0,7.0,D
1,744.3534404474713,-144.0,-52.0,7.0,D
1,744.7069938380645,-142.0,-50.0,7.0,D
1,744.8319938380645,-142.0,-49.0,7.0,D
1,745.0087705333611,-141.0,-48.0,7.0,D
1,745.1337705333611,-141.0,-47.0,7.0,D
1,745.4873239239544,-139.0,-45.0,7.0,D
1,745.6123239239544,-139.0,-44.0,7.0,D
1,745.789100619251,-138.0,-43.0,7.0,D
1,745.914100619251,-138.0,-42.0,7.0,D
1,746.2676540098443,-136.0,-40.0,7.0,D
1,746.3926540098443,-136.0,-39.0,7.0,D
1,746.5694307051409,-135.0,-38.0,7.0,D
1,746.6944307051409,-135.0,-37.0,7.0,D
1,746.8712074004376,-134.0,-36.0,7.0,D
1,746.9962074004376,-134.0,-35.0,7.0,D
1,747.3497607910308,-132.0,-33.0,7.0,D
1,747.4747607910308,-132.0,-32.0,7.0,D
1,747.6515374863275,-131.0,-31.0,7.0,D
1,747.7765374863275,-131.0,-30.0,7.0,D
1,748.1300908769207,-129.0,-28.0,7.0,D
1,748.2550908769207,-129.0,-27.0,7.0,D
1,748.4318675722174,-128.0,-26.0,7.0,D
1,748.5568675722174,-128.0,-25.0,7.0,D
1,748.9104209628106,-126.0,-23.0,7.0,D
1,749.0354209628106,-126.0,-22.0,7.0,D
1,749.2121976581072,-125.0,-21.0,7.0,D
1,749.3371976581072,-125.0,-20.0,7.0,D
1,749.6907510487005,-123.0,-18.0,7.0,D
1,749.8157510487005,-123.0,-17.0,7.0,D
1,749.9925277439971,-122.0,-16.0,7.0,D
1,750.1175277439971,-122.0,-15.0,7.0,D
1,750.4710811345903,-120.0,-13.0,7.0,D
1,750.5960811345903,-120.0,-12.0,7.0,D
1,750.772857829887,-119.0,-11.0,7.0,D
1,750.897857829887,-119.0,-10.0,7.0,D
1,751.2514112204802,-117.0,-8.0,7.0,D
1,751.3764112204802,-117.0,-7.0,7.0,D
1,751.5531879157769,-116.0,-6.0,7.0,D
1,751.6781879157769,-116.0,-5.0,7.0,D
1,751.8549646110736,-115.0,-4.0,7.0,D
1,751.9799646110736,-115.0,-3.0,7.0,D
1,752.3335180016668,-113.0,-1.0,7.0,D
1,752.4585180016668,-113.0,0.0,7.0,D
1,752.6352946969635,-112.0,1.0,7.0,D
1,752.7602946969635,-112.0,2.0,7.0,D
1,753.1138480875567,-110.0,4.0,7.0,D
1,753.2388480875567,-110.0,5.0,7.0,D
1,753.4156247828533,-109.0,6.0,7.0,D
1,753.5406247828533,-109.0,7.0,7.0,D
1,753.8941781734466,-107.0,9.0,7.0,D
1,754.0191781734466,-107.0,10.0,7.0,D
1,754.1959548687432,-106.0,11.0,7.0,D
1,754.3209548687432,-106.0,12.0,7.0,D
1,754.6745082593364,-104.0,14.0,7.0,D
1,754.7995082593364,-104.0,15.0,7.0,D
1,754.9762849546331,-103.0,16.0,7.0,D
1,755.1012849546331,-103.0,17.0,7.0,D
1,755.4548383452263,-101.0,19.0,7.0,D
1,755.5798383452263,-101.0,20.0,7.0,D
1,755.756615040523,-100.0,21.0,7.0,D
1,755.881615040523,-100.0,22.0,7.0,D
1,756.0583917358197,-99.0,23.0,7.0,D
1,756.1833917358197,-99.0,24.0,7.0,D
1,756.5369451264129,-97.0,26.0,7.0,D
1,756.6619451264129,-97.0,27.0,7.0,D
1,756.8387218217096,-96.0,28.0,7.0,D
1,756.9637218217096,-96.0,29.0,7.0,D
1,757.3172752123028,-94.0,31.0,7.0,D
1,757.4422752123028,-94.0,32.0,7.0,D
1,757.6190519075994,-93.0,33.0,7.0,D
1,757.7440519075994,-93.0,34.0,7.0,D
1,758.2743819934893,-90.0,37.0,7.0,D
1,758.3993819934893,-89.0,37.0,7.0,D
1,758.576158688786,-88.0,38.0,7.0,D
1,758.701158688786,-87.0,38.0,7.0,D
1,758.8779353840827,-86.0,39.0,7.0,D
1,759.0029353840827,-85.0,39.0,7.0,D
1,759.2529353840827,-85.0,41.0,7.0,D
1,759.4297120793793,-84.0,42.0,7.0,D
1,769.9297120793793,0.0,42.0,7.0,D
1,776.1797120793793,0.0,-8.0,7.0,D
1,776.4297120793793,-2.0,-8.0,7.0,D
1,776.606488774676,-3.0,-9.0,7.0,D
1,776.731488774676,-4.0,-9.0,7.0,D
1,776.9082654699727,-5.0,-10.0,7.0,D
1,777.0332654699727,-6.0,-10.0,7.0,D
1,777.2100421652693,-7.0,-11.0,7.0,D
1,777.3350421652693,-8.0,-11.0,7.0,D
1,777.511818860566,-9.0,-12.0,7.0,D
1,777.636818860566,-10.0,-12.0,7.0,D
1,777.8135955558627,-11.0,-13.0,7.0,D
1,777.9385955558627,-12.0,-13.0,7.0,D
1,778.2921489464559,-14.0,-15.0,7.0,D
1,778.4171489464559,-15.0,-15.0,7.0,D
1,778.5939256417525,-16.0,-16.0,7.0,D
1,778.7189256417525,-17.0,-16.0,7.0,D
1,778.8957023370492,-18.0,-17.0,7.0,D
1,779.0207023370492,-19.0,-17.0,7.0,D
1,779.3742557276424,-21.0,-19.0,7.0,D
1,779.4992557276424,-22.0,-19.0,7.0,D
1,779.6760324229391,-23.0,-20.0,7.0,D
1,779.8010324229391,-24.0,-20.0,7.0,D
1,779.9778091182358,-25.0,-21.0,7.0,D
1,780.1028091182358,-26.0,-21.0,7.0,D
1,780.2795858135324,-27.0,-22.0,7.0,D
1,780.4045858135324,-28.0,-22.0,7.0,D
1,780.7581392041257,-30.0,-24.0,7.0,D
1,780.8831392041257,-31.0,-24.0,7.0,D
1,781.0599158994223,-32.0,-25.0,7.0,D
1,781.1849158994223,-33.0,-25.0,7.0,D
1,781.361692594719,-34.0,-26.0,7.0,D
1,781.486692594719,-35.0,-26.0,7.0,D
1,781.6634692900157,-36.0,-27.0,7.0,D
1,781.7884692900157,-37.0,-27.0,7.0,D
1,782.1420226806089,-39.0,-29.0,7.0,D
1,782.3920226806089,-41.0,-29.0,7.0,D
1,782.7455760712021,-43.0,-31.0,7.0,T
1,782.7589094045354,-45.0,-31.0,7.0,D
1,782.9356860998321,-46.0,-30.0,7.0,D
1,783.1856860998321,-46.0,-28.0,7.0,D
1,783.3624627951287,-47.0,-27.0,7.0,D
1,783.4874627951287,-47.0,-26.0,7.0,D
1,783.6642394904254,-48.0,-25.0,7.0,D
1,783.7892394904254,-48.0,-24.0,7.0,D
1,784.1427928810186,-50.0,-22.0,7.0,D
1,784.2677928810186,-50.0,-21.0,7.0,D
1,784.4445695763153,-51.0,-20.0,7.0,D
1,784.5695695763153,-51.0,-19.0,7.0,D
1,784.9231229669085,-53.0,-17.0,7.0,D
1,785.0481229669085,-53.0,-16.0,7.0,D
1,785.2248996622052,-54.0,-15.0,7.0,D
1,785.3498996622052,-54.0,-14.0,7.0,D
1,785.7034530527984,-56.0,-12.0,7.0,D
1,785.8284530527984,-56.0,-11.0,7.0,D
1,786.0052297480951,-57.0,-10.0,7.0,D
1,786.1302297480951,-57.0,-9.0,7.0,D
1,786.4837831386883,-59.0,-7.0,7.0,D
1,786.6087831386883,-59.0,-6.0,7.0,D
1,786.785559833985,-60.0,-5.0,7.0,D
1,786.910559833985,-60.0,-4.0,7.0,D
1,787.0873365292816,-61.0,-3.0,7.0,D
1,787.2123365292816,-61.0,-2.0,7.0,D
1,787.5658899198748,-63.0,0.0,7.0,D
1,787.6908899198748,-63.0,1.0,7.0,D
1,787.8676666151715,-64.0,2.0,7.0,D
1,787.9926666151715,-64.0,3.0,7.0,D
1,788.3462200057647,-66.0,5.0,7.0,D
1,788.4712200057647,-66.0,6.0,7.0,D
1,788.6479967010614,-67.0,7.0,7.0,D
1,788.7729967010614,-67.0,8.0,7.0,D
1,789.1265500916546,-69.0,10.0,7.0,D
1,789.2515500916546,-69.0,11.0,7.0,D
1,789.4283267869513,-70.0,12.0,7.0,D
1,789.5533267869513,-70.0,13.0,7.0,D
1,789.9068801775445,-72.0,15.0,7.0,D
1,790.0318801775445,-72.0,16.0,7.0,D
1,790.2086568728412,-73.0,17.0,7.0,D
1,790.3336568728412,-73.0,18.0,7.0,D
1,790.6872102634344,-75.0,20.0,7.0,D
1,790.8122102634344,-75.0,21.0,7.0,D
1,790.9889869587311,-76.0,22.0,7.0,D
1,791.1139869587311,-76.0,23.0,7.0,D
1,791.2907636540277,-77.0,24.0,7.0,D
1,791.4157636540277,-77.0,25.0,7.0,D
1,791.769317044621,-79.0,27.0,7.0,D
1,791.894317044621,-79.0,28.0,7.0,D
1,792.0710937399176,-80.0,29.0,7.0,D
1,792.1960937399176,-80.0,30.0,7.0,D
1,792.5496471305108,-82.0,32.0,7.0,D
1,792.6746471305108,-82.0,33.0,7.0,D
1,792.8514238258075,-83.0,34.0,7.0,D
1,793.1014238258075,-83.0,36.0,7.0,D
1,793.4549772164007,-85.0,38.0,7.0,D
1,793.5799772164007,-85.0,39.0,7.0,T
1,793.6010590674686,-84.0,42.0,7.0,D
1,794.2260590674686,-84.0,47.0,7.0,D
1,794.4028357627652,-83.0,48.0,7.0,D
1,794.6528357627652,-83.0,50.0,7.0,D
1,794.8296124580619,-82.0,51.0,7.0,D
1,794.9546124580619,-82.0,52.0,7.0,D
1,795.1313891533586,-81.0,53.0,7.0,D
1,795.2563891533586,-81.0,54.0,7.0,D
1,795.4331658486552,-80.0,55.0,7.0,D
1,795.5581658486552,-80.0,56.0,7.0,D
1,795.9117192392484,-78.0,58.0,7.0,D
1,796.0367192392484,-78.0,59.0,7.0,D
1,796.2134959345451,-77.0,60.0,7.0,D
1,796.3384959345451,-77.0,61.0,7.0,D
1,796.6920493251383,-75.0,63.0,7.0,D
1,796.8170493251383,-75.0,64.0,7.0,D
1,796.993826020435,-74.0,65.0,7.0,D
1,797.118826020435,-74.0,66.0,7.0,D
1,797.4723794110282,-72.0,68.0,7.0,D
1,797.5973794110282,-72.0,69.0,7.0,D
1,797.7741561063249,-71.0,70.0,7.0,D
1,797.8991561063249,-71.0,71.0,7.0,D
1,798.2527094969181,-69.0,73.0,7.0,D
1,798.3777094969181,-69.0,74.0,7.0,D
1,798.5544861922148,-68.0,75.0,7.0,D
1,798.6794861922148,-68.0,76.0,7.0,D
1,799.033039582808,-66.0,78.0,7.0,D
1,799.158039582808,-66.0,79.0,7.0,D
1,799.3348162781047,-65.0,80.0,7.0,D
1,799.4598162781047,-65.0,81.0,7.0,D
1,799.6365929734013,-64.0,82.0,7.0,D
1,799.7615929734013,-64.0,83.0,7.0,D
1,800.1151463639945,-62.0,85.0,7.0,D
1,800.2401463639945,-62.0,86.0,7.0,D
1,800.4169230592912,-61.0,87.0,7.0,D
1,800.5419230592912,-61.0,88.0,7.0,D
1,800.8954764498844,-59.0,90.0,7.0,D
1,801.0204764498844,-59.0,91.0,7.0,D
1,801.1972531451811,-58.0,92.0,7.0,D
1,801.3222531451811,-58.0,93.0,7.0,D
1,801.6758065357743,-56.0,95.0,7.0,D
1,801.8008065357743,-56.0,96.0,7.0,D
1,801.977583231071,-55.0,97.0,7.0,D
1,802.102583231071,-55.0,98.0,7.0,D
1,802.4561366216642,-53.0,100.0,7.0,D
1,802.5811366216642,-53.0,101.0,7.0,D
1,802.7579133169609,-52.0,102.0,7.0,D
1,802.8829133169609,-52.0,103.0,7.0,D
1,803.2364667075541,-50.0,105.0,7.0,D
1,803.3614667075541,-50.0,106.0,7.0,D
1,803.5382434028508,-49.0,107.0,7.0,D
1,803.6632434028508,-49.0,108.0,7.0,D
1,804.016796793444,-47.0,110.0,7.0,D
1,804.141796793444,-47.0,111.0,7.0,D
1,804.3185734887406,-46.0,112.0,7.0,D
1,804.4435734887406,-46.0,113.0,7.0,D
1,804.6203501840373,-45.0,114.0,7.0,D
1,804.7453501840373,-45.0,115.0,7.0,D
1,805.0989035746305,-43.0,117.0,7.0,D
1,805.2239035746305,-43.0,118.0,7.0,D
1,805.4006802699272,-42.0,119.0,7.0,D
1,805.5256802699272,-42.0,120.0,7.0,D
1,805.8792336605204,-40.0,122.0,7.0,D
1,806.0042336605204,-40.0,123.0,7.0,D
1,806.1810103558171,-39.0,124.0,7.0,D
1,806.3060103558171,-39.0,125.0,7.0,D
1,806.6595637464103,-37.0,127.0,7.0,D
1,806.7845637464103,-37.0,128.0,7.0,D
1,806.961340441707,-36.0,129.0,7.0,D
1,807.086340441707,-36.0,130.0,7.0,D
1,807.4398938323002,-34.0,132.0,7.0,D
1,807.5648938323002,-34.0,133.0,7.0,D
1,807.7416705275969,-33.0,134.0,7.0,D
1,807.8666705275969,-33.0,135.0,7.0,D
1,808.2202239181901,-31.0,137.0,7.0,D
1,808.3452239181901,-31.0,138.0,7.0,D
1,808.5220006134867,-30.0,139.0,7.0,D
1,808.6470006134867,-30.0,140.0,7.0,D
1,808.8237773087834,-29.0,141.0,7.0,D
1,808.9487773087834,-29.0,142.0,7.0,D
1,809.3023306993766,-27.0,144.0,7.0,D
1,809.4273306993766,-27.0,145.0,7.0,D
1,809.6041073946733,-26.0,146.0,7.0,D
1,809.7291073946733,-26.0,147.0,7.0,D
1,810.0826607852665,-24.0,149.0,7.0,D
1,810.2076607852665,-24.0,150.0,7.0,D
1,810.3844374805632,-23.0,151.0,7.0,D
1,810.5094374805632,-23.0,152.0,7.0,D
1,810.8629908711564,-21.0,154.0,7.0,D
1,810.9879908711564,-21.0,155.0,7.0,D
1,811.1647675664531,-20.0,156.0,7.0,D
1,811.2897675664531,-20.0,157.0,7.0,D
1,811.6433209570463,-18.0,159.0,7.0,D
1,811.7683209570463,-18.0,160.0,7.0,D
1,811.945097652343,-17.0,161.0,7.0,D
1,812.070097652343,-17.0,162.0,7.0,D
1,812.4236510429362,-15.0,164.0,7.0,D
1,812.5486510429362,-15.0,165.0,7.0,D
1,812.7254277382328,-14.0,166.0,7.0,D
1,812.8504277382328,-14.0,167.0,7.0,D
1,813.2039811288261,-12.0,169.0,7.0,D
1,813.3289811288261,-12.0,170.0,7.0,D
1,813.5057578241227,-11.0,171.0,7.0,D
1,813.6307578241227,-11.0,172.0,7.0,D
1,813.8075345194194,-10.0,173.0,7.0,D
1,813.9325345194194,-10.0,174.0,7.0,D
1,814.2860879100126,-8.0,176.0,7.0,D
1,814.4110879100126,-8.0,177.0,7.0,D
1,814.7646413006058,-6.0,179.0,7.0,D
1,814.8896413006058,-5.0,179.0,7.0,D
1,815.0664179959025,-4.0,180.0,7.0,D
1,815.1914179959025,-3.0,180.0,7.0,D
1,815.3681946911992,-2.0,181.0,7.0,D
1,815.6181946911992,0.0,181.0,7.0,D
1,832.9931946911992,0.0,42.0,7.0,D
1,843.6181946911992,85.0,42.0,7.0,D
1,843.7431946911992,85.0,43.0,7.0,D
1,843.9199713864958,84.0,44.0,7.0,D
1,844.4199713864958,84.0,48.0,7.0,D
1,844.5967480817925,83.0,49.0,7.0,D
1,844.7217480817925,83.0,50.0,7.0,D
1,845.0753014723857,81.0,52.0,7.0,D
1,845.2003014723857,81.0,53.0,7.0,D
1,845.3770781676824,80.0,54.0,7.0,D
1,845.5020781676824,80.0,55.0,7.0,D
1,845.678854862979,79.0,56.0,7.0,D
1,845.803854862979,79.0,57.0,7.0,D
1,846.1574082535723,77.0,59.0,7.0,D
1,846.2824082535723,77.0,60.0,7.0,D
1,846.4591849488689,76.0,61.0,7.0,D
1,846.5841849488689,76.0,62.0,7.0,D
1,846.9377383394622,74.0,64.0,7.0,D
1,847.0627383394622,74.0,65.0,7.0,D
1,847.2395150347588,73.0,66.0,7.0,D
1,847.3645150347588,73.0,67.0,7.0,D
1,847.718068425352,71.0,69.0,7.0,D
1,847.843068425352,71.0,70.0,7.0,D
1,848.0198451206487,70.0,71.0,7.0,D
1,848.1448451206487,70.0,72.0,7.0,D
1,848.4983985112419,68.0,74.0,7.0,D
1,848.6233985112419,68.0,75.0,7.0,D
1,848.8001752065386,67.0,76.0,7.0,D
1,848.9251752065386,67.0,77.0,7.0,D
1,849.2787285971318,65.0,79.0,7.0,D
1,849.4037285971318,65.0,80.0,7.0,D
1,849.5805052924285,64.0,81.0,7.0,D
1,849.7055052924285,64.0,82.0,7.0,D
1,849.8822819877252,63.0,83.0,7.0,D
1,850.0072819877252,63.0,84.0,7.0,D
1,850.3608353783184,61.0,86.0,7.0,D
1,850.4858353783184,61.0,87.0,7.0,D
1,850.662612073615,60.0,88.0,7.0,D
1,850.787612073615,60.0,89.0,7.0,D
1,851.1411654642083,58.0,91.0,7.0,D
1,851.2661654642083,58.0,92.0,7.0,D
1,851.4429421595049,57.0,93.0,7.0,D
1,851.5679421595049,57.0,94.0,7.0,D
1,851.9214955500981,55.0,96.0,7.0,D
1,852.0464955500981,55.0,97.0,7.0,D
1,852.2232722453948,54.0,98.0,7.0,D
1,852.3482722453948,54.0,99.0,7.0,D
1,852.701825635988,52.0,101.0,7.0,D
1,852.826825635988,52.0,102.0,7.0,D
1,853.0036023312847,51.0,103.0,7.0,D
1,853.1286023312847,51.0,104.0,7.0,D
1,853.4821557218779,49.0,106.0,7.0,D
1,853.6071557218779,49.0,107.0,7.0,D
1,853.7839324171746,48.0,108.0,7.0,D
1,853.9089324171746,48.0,109.0,7.0,D
1,854.2624858077678,46.0,111.0,7.0,D
1,854.3874858077678,46.0,112.0,7.0,D
1,854.5642625030645,45.0,113.0,7.0,D
1,854.6892625030645,45.0,114.0,7.0,D
1,854.8660391983611,44.0,115.0,7.0,D
1,854.9910391983611,44.0,116.0,7.0,D
1,855.3445925889544,42.0,118.0,7.0,D
1,855.4695925889544,42.0,119.0,7.0,D
1,855.646369284251,41.0,120.0,7.0,D
1,855.771369284251,41.0,121.0,7.0,D
1,856.1249226748442,39.0,123.0,7.0,D
1,856.2499226748442,39.0,124.0,7.0,D
1,856.4266993701409,38.0,125.0,7.0,D
1,856.5516993701409,38.0,126.0,7.0,D
1,856.9052527607341,36.0,128.0,7.0,D
1,857.0302527607341,36.0,129.0,7.0,D
1,857.2070294560308,35.0,130.0,7.0,D
1,857.3320294560308,35.0,131.0,7.0,D
1,857.685582846624,33.0,133.0,7.0,D
1,857.810582846624,33.0,134.0,7.0,D
1,857.9873595419207,32.0,135.0,7.0,D
1,858.1123595419207,32.0,136.0,7.0,D
1,858.4659129325139,30.0,138.0,7.0,D
1,858.5909129325139,30.0,139.0,7.0,D
1,858.7676896278106,29.0,140.0,7.0,D
1,858.8926896278106,29.0,141.0,7.0,D
1,859.0694663231072,28.0,142.0,7.0,D
1,859.1944663231072,28.0,143.0,7.0,D
1,859.5480197137005,26.0,145.0,7.0,D
1,859.6730197137005,26.0,146.0,7.0,D
1,859.8497964089971,25.0,147.0,7.0,D
1,859.9747964089971,25.0,148.0,7.0,D
1,860.3283497995903,23.0,150.0,7.0,D
1,860.4533497995903,23.0,151.0,7.0,D
1,860.630126494887,22.0,152.0,7.0,D
1,860.755126494887,22.0,153.0,7.0,D
1,861.1086798854802,20.0,155.0,7.0,D
1,861.2336798854802,20.0,156.0,7.0,D
1,861.4104565807769,19.0,157.0,7.0,D
1,861.5354565807769,19.0,158.0,7.0,D
1,861.8890099713701,17.0,160.0,7.0,D
1,862.0140099713701,17.0,161.0,7.0,D
1,862.1907866666668,16.0,162.0,7.0,D
1,862.3157866666668,16.0,163.0,7.0,D
1,862.66934005726,14.0,165.0,7.0,D
1,862.79434005726,14.0,166.0,7.0,D
1,862.9711167525567,13.0,167.0,7.0,D
1,863.0961167525567,13.0,168.0,7.0,D
1,863.4496701431499,11.0,170.0,7.0,D
1,863.5746701431499,11.0,171.0,7.0,D
1,863.7514468384466,10.0,172.0,7.0,D
1,863.8764468384466,10.0,173.0,7.0,D
1,864.0532235337432,9.0,174.0,7.0,D
1,864.1782235337432,9.0,175.0,7.0,D
1,864.3550002290399,8.0,176.0,7.0,D
1,864.4800002290399,8.0,177.0,7.0,D
1,864.6567769243366,7.0,178.0,7.0,D
1,864.7817769243366,6.0,178.0,7.0,D
1,864.9585536196332,5.0,179.0,7.0,D
1,865.0835536196332,4.0,179.0,7.0,D
1,865.2603303149299,3.0,180.0,7.0,D
1,865.3853303149299,2.0,180.0,7.0,D
1,865.5621070102266,1.0,181.0,7.0,D
1,865.6871070102266,0.0,181.0,7.0,D
1,866.5621070102266,0.0,188.0,7.0,T
1,867.6883791304928,85.0,42.0,7.0,D
1,867.9383791304928,85.0,40.0,7.0,D
1,868.1151558257894,86.0,39.0,7.0,D
1,868.2401558257894,86.0,38.0,7.0,D
1,868.3651558257894,85.0,38.0,7.0,D
1,868.7187092163826,83.0,36.0,7.0,D
1,868.8437092163826,83.0,35.0,7.0,D
1,869.0204859116793,82.0,34.0,7.0,D
1,869.1454859116793,82.0,33.0,7.0,D
1,869.322262606976,81.0,32.0,7.0,D
1,869.447262606976,81.0,31.0,7.0,D
1,869.8008159975692,79.0,29.0,7.0,D
1,869.9258159975692,79.0,28.0,7.0,D
1,870.1025926928659,78.0,27.0,7.0,D
1,870.2275926928659,78.0,26.0,7.0,D
1,870.5811460834591,76.0,24.0,7.0,D
1,870.7061460834591,76.0,23.0,7.0,D
1,870.8829227787558,75.0,22.0,7.0,D
1,871.0079227787558,75.0,21.0,7.0,D
1,871.1846994740524,74.0,20.0,7.0,D
1,871.3096994740524,74.0,19.0,7.0,D
1,871.6632528646456,72.0,17.0,7.0,D
1,871.7882528646456,72.0,16.0,7.0,D
1,871.9650295599423,71.0,15.0,7.0,D
1,872.0900295599423,71.0,14.0,7.0,D
1,872.4435829505355,69.0,12.0,7.0,D
1,872.5685829505355,69.0,11.0,7.0,D
1,872.7453596458322,68.0,10.0,7.0,D
1,872.8703596458322,68.0,9.0,7.0,D
1,873.2239130364254,66.0,7.0,7.0,D
1,873.3489130364254,66.0,6.0,7.0,D
1,873.5256897317221,65.0,5.0,7.0,D
1,873.6506897317221,65.0,4.0,7.0,D
1,874.0042431223153,63.0,2.0,7.0,D
1,874.1292431223153,63.0,1.0,7.0,D
1,874.306019817612,62.0,0.0,7.0,D
1,874.431019817612,62.0,-1.0,7.0,D
1,874.7845732082052,60.0,-3.0,7.0,D
1,874.9095732082052,60.0,-4.0,7.0,D
1,875.0863499035019,59.0,-5.0,7.0,D
1,875.2113499035019,59.0,-6.0,7.0,D
1,875.3881265987985,58.0,-7.0,7.0,D
1,875.5131265987985,58.0,-8.0,7.0,D
1,875.8666799893917,56.0,-10.0,7.0,D
1,875.9916799893917,56.0,-11.0,7.0,D
1,876.1684566846884,55.0,-12.0,7.0,D
1,876.2934566846884,55.0,-13.0,7.0,D
1,876.6470100752816,53.0,-15.0,7.0,D
1,876.7720100752816,53.0,-16.0,7.0,D
1,876.9487867705783,52.0,-17.0,7.0,D
1,877.0737867705783,52.0,-18.0,7.0,D
1,877.4273401611715,50.0,-20.0,7.0,D
1,877.5523401611715,50.0,-21.0,7.0,D
1,877.7291168564682,49.0,-22.0,7.0,D
1,877.8541168564682,49.0,-23.0,7.0,D
1,878.2076702470614,47.0,-25.0,7.0,D
1,878.3326702470614,47.0,-26.0,7.0,D
1,878.5094469423581,46.0,-27.0,7.0,D
1,878.7594469423581,46.0,-29.0,7.0,D
1,879.1130003329513,44.0,-31.0,7.0,D
1,879.2380003329513,43.0,-31.0,7.0,D
1,879.5915537235445,41.0,-29.0,7.0,D
1,879.8415537235445,39.0,-29.0,7.0,D
1,880.1951071141377,37.0,-27.0,7.0,D
1,880.3201071141377,36.0,-27.0,7.0,D
1,880.4968838094344,35.0,-26.0,7.0,D
1,880.6218838094344,34.0,-26.0,7.0,D
1,880.7986605047311,33.0,-25.0,7.0,D
1,880.9236605047311,32.0,-25.0,7.0,D
1,881.1004372000277,31.0,-24.0,7.0,D
1,881.2254372000277,30.0,-24.0,7.0,D
1,881.578990590621,28.0,-22.0,7.0,D
1,881.703990590621,27.0,-22.0,7.0,D
1,881.8807672859176,26.0,-21.0,7.0,D
1,882.0057672859176,25.0,-21.0,7.0,D
1,882.1825439812143,24.0,-20.0,7.0,D
1,882.3075439812143,23.0,-20.0,7.0,D
1,882.484320676511,22.0,-19.0,7.0,D
1,882.609320676511,21.0,-19.0,7.0,D
1,882.9628740671042,19.0,-17.0,7.0,D
1,883.0878740671042,18.0,-17.0,7.0,D
1,883.2646507624008,17.0,-16.0,7.0,D
1,883.3896507624008,16.0,-16.0,7.0,D
1,883.5664274576975,15.0,-15.0,7.0,D
1,883.6914274576975,14.0,-15.0,7.0,D
1,884.0449808482907,12.0,-13.0,7.0,D
1,884.1699808482907,11.0,-13.0,7.0,D
1,884.3467575435874,10.0,-12.0,7.0,D
1,884.4717575435874,9.0,-12.0,7.0,D
1,884.648534238884,8.0,-11.0,7.0,D
1,884.773534238884,7.0,-11.0,7.0,D
1,884.9503109341807,6.0,-10.0,7.0,D
1,885.0753109341807,5.0,-10.0,7.0,D
1,885.2520876294774,4.0,-9.0,7.0,D
1,885.3770876294774,3.0,-9.0,7.0,D
1,885.553864324774,2.0,-8.0,7.0,D
1,885.803864324774,0.0,-8.0,7.0,T
1,886.1275239539458,41.0,-34.0,7.0,D
1,886.3775239539458,41.0,-36.0,7.0,D
1,886.5543006492425,40.0,-37.0,7.0,D
1,886.6793006492425,40.0,-38.0,7.0,D
1,886.8560773445391,39.0,-39.0,7.0,D
1,886.9810773445391,39.0,-40.0,7.0,D
1,887.3346307351324,37.0,-42.0,7.0,D
1,887.4596307351324,37.0,-43.0,7.0,D
1,887.636407430429,36.0,-44.0,7.0,D
1,887.761407430429,36.0,-45.0,7.0,D
1,888.1149608210222,34.0,-47.0,7.0,D
1,888.2399608210222,34.0,-48.0,7.0,D
1,888.4167375163189,33.0,-49.0,7.0,D
1,888.5417375163189,33.0,-50.0,7.0,D
1,888.8952909069121,31.0,-52.0,7.0,D
1,889.0202909069121,31.0,-53.0,7.0,D
1,889.1970676022088,30.0,-54.0,7.0,D
1,889.3220676022088,30.0,-55.0,7.0,D
1,889.675620992802,28.0,-57.0,7.0,D
1,889.800620992802,28.0,-58.0,7.0,D
1,889.9773976880987,27.0,-59.0,7.0,D
1,890.1023976880987,27.0,-60.0,7.0,D
1,890.4559510786919,25.0,-62.0,7.0,D
1,890.5809510786919,25.0,-63.0,7.0,D
1,890.7577277739886,24.0,-64.0,7.0,D
1,890.8827277739886,24.0,-65.0,7.0,D
1,891.0595044692852,23.0,-66.0,7.0,D
1,891.1845044692852,23.0,-67.0,7.0,D
1,891.5380578598784,21.0,-69.0,7.0,D
1,891.6630578598784,21.0,-70.0,7.0,D
1,891.8398345551751,20.0,-71.0,7.0,D
1,891.9648345551751,20.0,-72.0,7.0,D
1,892.3183879457683,18.0,-74.0,7.0,D
1,892.4433879457683,18.0,-75.0,7.0,D
1,892.620164641065,17.0,-76.0,7.0,D
1,892.745164641065,17.0,-77.0,7.0,D
1,893.0987180316582,15.0,-79.0,7.0,D
1,893.2237180316582,15.0,-80.0,7.0,D
1,893.4004947269549,14.0,-81.0,7.0,D
1,893.5254947269549,14.0,-82.0,7.0,D
1,893.8790481175481,12.0,-84.0,7.0,D
1,894.0040481175481,12.0,-85.0,7.0,D
1,894.1808248128448,11.0,-86.0,7.0,D
1,894.3058248128448,11.0,-87.0,7.0,D
1,894.659378203438,9.0,-89.0,7.0,D
1,894.784378203438,9.0,-90.0,7.0,D
1,894.9611548987347,8.0,-91.0,7.0,D
1,895.0861548987347,8.0,-92.0,7.0,D
1,895.4397082893279,6.0,-94.0,7.0,D
1,895.5647082893279,6.0,-95.0,7.0,D
1,895.7414849846245,5.0,-96.0,7.0,D
1,895.8664849846245,5.0,-97.0,7.0,D
1,896.0432616799212,4.0,-98.0,7.0,D
1,896.2932616799212,4.0,-100.0,7.0,D
1,896.6468150705144,2.0,-102.0,7.0,D
1,896.7718150705144,2.0,-103.0,7.0,D
1,897.2718150705144,-2.0,-103.0,7.0,T
1,897.2984817371811,2.0,-103.0,7.0,D
1,897.6520351277744,4.0,-105.0,7.0,T
1,898.185784965141,41.0,-34.0,7.0,D
1,898.5393383557343,43.0,-32.0,7.0,D
1,898.6643383557343,44.0,-32.0,7.0,D
1,898.7893383557343,45.0,-32.0,7.0,D
1,899.1428917463276,47.0,-34.0,7.0,D
1,899.3928917463276,49.0,-34.0,7.0,D
1,899.5696684416242,50.0,-35.0,7.0,D
1,899.6946684416242,51.0,-35.0,7.0,D
1,899.8714451369209,52.0,-36.0,7.0,D
1,899.9964451369209,53.0,-36.0,7.0,D
1,900.3499985275141,55.0,-38.0,7.0,D
1,900.4749985275141,56.0,-38.0,7.0,D
1,900.6517752228108,57.0,-39.0,7.0,D
1,900.7767752228108,58.0,-39.0,7.0,D
1,900.9535519181075,59.0,-40.0,7.0,D
1,901.0785519181075,60.0,-40.0,7.0,D
1,901.4321053087007,62.0,-42.0,7.0,D
1,901.5571053087007,63.0,-42.0,7.0,D
1,901.7338820039973,64.0,-43.0,7.0,D
1,901.8588820039973,65.0,-43.0,7.0,D
1,902.035658699294,66.0,-44.0,7.0,D
1,902.160658699294,67.0,-44.0,7.0,D
1,902.3374353945907,68.0,-45.0,7.0,D
1,902.4624353945907,69.0,-45.0,7.0,D
1,902.8159887851839,71.0,-47.0,7.0,D
1,902.9409887851839,72.0,-47.0,7.0,D
1,903.1177654804806,73.0,-48.0,7.0,D
1,903.2427654804806,74.0,-48.0,7.0,D
1,903.4195421757772,75.0,-49.0,7.0,D
1,903.5445421757772,76.0,-49.0,7.0,D
1,903.8980955663704,78.0,-51.0,7.0,D
1,904.0230955663704,79.0,-51.0,7.0,D
1,904.1998722616671,80.0,-52.0,7.0,D
1,904.3248722616671,81.0,-52.0,7.0,D
1,904.5016489569638,82.0,-53.0,7.0,D
1,904.6266489569638,83.0,-53.0,7.0,D
1,904.8034256522604,84.0,-54.0,7.0,D
1,904.9284256522604,85.0,-54.0,7.0,D
1,905.2819790428537,87.0,-56.0,7.0,D
1,905.4069790428537,88.0,-56.0,7.0,D
1,905.5837557381503,89.0,-57.0,7.0,D
1,905.7087557381503,90.0,-57.0,7.0,D
1,905.885532433447,91.0,-58.0,7.0,D
1,906.010532433447,92.0,-58.0,7.0,D
1,906.3640858240402,94.0,-60.0,7.0,D
1,906.4890858240402,95.0,-60.0,7.0,D
1,906.6658625193369,96.0,-61.0,7.0,D
1,906.7908625193369,97.0,-61.0,7.0,T
1,907.1936307184567,44.0,-32.0,7.0,D
1,907.3186307184567,44.0,-31.0,7.0,T
1,907.3252973851233,43.0,-31.0,7.0,D
1,907.4502973851233,43.0,-32.0,7.0,T
1,907.9735776372085,98.0,24.0,7.0,D
1,908.0985776372085,98.0,25.0,7.0,D
1,908.4521310278017,96.0,27.0,7.0,D
1,908.5771310278017,96.0,28.0,7.0,D
1,908.7539077230983,95.0,29.0,7.0,D
1,908.8789077230983,95.0,30.0,7.0,D
1,909.2324611136916,93.0,32.0,7.0,D
1,909.3574611136916,93.0,33.0,7.0,D
1,909.5342378089882,92.0,34.0,7.0,D
1,909.6592378089882,92.0,35.0,7.0,D
1,910.0127911995814,90.0,37.0,7.0,D
1,910.1377911995814,89.0,37.0,7.0,D
1,910.3145678948781,88.0,38.0,7.0,D
1,910.5645678948781,86.0,38.0,7.0,T
1,912.4831900856992,-166.0,-101.0,7.0,D
1,912.6081900856992,-166.0,-102.0,7.0,T
1,921.2800065044203,-1000.0,0.0,1000.0,W
1,993.1158928964167,-1000.0,0.0,1000.0,T
1,1001.7459362220972,-173.3295,-101.4,9.0,D
1,1003.0004487220972,-163.2934,-101.4,9.0,T
1,1003.0279169596008,-162.3053,-97.4,9.0,D
1,1003.2338169596009,-160.6581,-97.4,9.0,T
1,1003.2666336262675,-165.5806,-97.4,9.0,D
1,1003.9386336262676,-170.9566,-97.4,9.0,T
1,1003.9696394711717,-168.5837,-93.4,9.0,D
1,1004.1115269711718,-167.4486,-93.4,9.0,T
1,1004.1394410467052,-166.2109,-89.4,9.0,D
1,1004.2557160467053,-165.2807,-89.4,9.0,T
1,1004.2840641865934,-163.838,-85.4,9.0,D
1,1004.4003266865933,-162.9079,-85.4,9.0,T
1,1004.428675052676,-161.4651,-81.4,9.0,D
1,1004.544937552676,-160.535,-81.4,9.0,T
1,1004.5732859187586,-159.0922,-77.4,9.0,D
1,1004.6895484187586,-158.1621,-77.4,9.0,T
1,1004.7178967848413,-156.7193,-73.4,9.0,D
1,1004.8341592848412,-155.7892,-73.4,9.0,T
1,1004.8625076509239,-154.3464,-69.4,9.0,D
1,1004.9787701509239,-153.4163,-69.4,9.0,T
1,1005.007118290812,-151.9736,-65.4,9.0,D
1,1005.1233932908119,-151.0434,-65.4,9.0,T
1,1005.1517414307,-149.6007,-61.4,9.0,D
1,1005.2680039306999,-148.6706,-61.4,9.0,T
1,1005.2963522967826,-147.2278,-57.4,9.0,D
1,1005.4126147967826,-146.2977,-57.4,9.0,T
1,1005.4409631628653,-144.8549,-53.4,9.0,D
1,1005.5572256628652,-143.9248,-53.4,9.0,T
1,1005.5855740289479,-142.482,-49.4,9.0,D
1,1005.7018365289479,-141.5519,-49.4,9.0,T
1,1005.7301846688359,-140.1092,-45.4,9.0,D
1,1005.8464596688359,-139.179,-45.4,9.0,T
1,1005.874807808724,-137.7363,-41.4,9.0,D
1,1005.9910703087239,-136.8062,-41.4,9.0,T
1,1006.0194186748066,-135.3634,-37.4,9.0,D
1,1006.1356811748066,-134.4333,-37.4,9.0,T
1,1006.1640295408893,-132.9905,-33.4,9.0,D
1,1006.2802920408892,-132.0604,-33.4,9.0,T
1,1006.3086404069719,-130.6176,-29.4,9.0,D
1,1006.4249029069719,-129.6875,-29.4,9.0,T
1,1006.4532510468599,-128.2448,-25.4,9.0,D
1,1006.5695260468599,-127.3146,-25.4,9.0,T
1,1006.597874186748,-125.8719,-21.4,9.0,D
1,1006.7141491867479,-124.9417,-21.4,9.0,T
1,1006.742497326636,-123.499,-17.4,9.0,D
1,1006.858759826636,-122.5689,-17.4,9.0,T
1,1006.8871081927186,-121.1261,-13.4,9.0,D
1,1007.0033706927186,-120.196,-13.4,9.0,T
1,1007.0317190588013,-118.7532,-9.4,9.0,D
1,1007.1479815588012,-117.8231,-9.4,9.0,T
1,1007.1763296986893,-116.3804,-5.4,9.0,D
1,1007.2926046986893,-115.4502,-5.4,9.0,T
1,1007.3209528385773,-114.0075,-1.4,9.0,D
1,1007.4372278385773,-113.0773,-1.4,9.0,T
1,1007.4655759784654,-111.6346,2.6,9.0,D
1,1007.5818384784653,-110.7045,2.6,9.0,T
1,1007.610186844548,-109.2617,6.6,9.0,D
1,1007.726449344548,-108.3316,6.6,9.0,T
1,1007.7547977106307,-106.8888,10.6,9.0,D
1,1007.8710602106306,-105.9587,10.6,9.0,T
1,1007.8994085767133,-104.5159,14.6,9.0,D
1,1008.0156710767133,-103.5858,14.6,9.0,T
1,1008.0440192166013,-102.1431,18.6,9.0,D
1,1008.1602942166013,-101.2129,18.6,9.0,T
1,1008.1886423564894,-99.7702,22.6,9.0,D
1,1008.3049173564893,-98.84,22.6,9.0,T
1,1008.3332654963774,-97.3973,26.6,9.0,D
1,1008.4495279963774,-96.4672,26.6,9.0,T
1,1008.47787636246,-95.0244,30.6,9.0,D
1,1008.59413886246,-94.0943,30.6,9.0,T
1,1008.6224872285427,-92.6515,34.6,9.0,D
1,1008.7387497285426,-91.7214,34.6,9.0,T
1,1008.7670978684307,-90.2787,38.6,9.0,D
1,1009.5431103684307,-84.0706,38.6,9.0,T
1,1009.5702947299482,-83.2786,34.6,9.0,D
1,1009.6865572299481,-82.3485,34.6,9.0,T
1,1009.7149055960308,-80.9057,30.6,9.0,D
1,1009.8311680960308,-79.9756,30.6,9.0,T
1,1009.8595162359188,-78.5329,26.6,9.0,D
1,1009.9757912359188,-77.6027,26.6,9.0,T
1,1010.0041393758069,-76.16,22.6,9.0,D
1,1010.1204143758068,-75.2298,22.6,9.0,T
1,1010.1487625156949,-73.7871,18.6,9.0,D
1,1010.2650250156948,-72.857,18.6,9.0,T
1,1010.2933733817775,-71.4142,14.6,9.0,D
1,1010.4096358817775,-70.4841,14.6,9.0,T
1,1010.4379842478602,-69.0413,10.6,9.0,D
1,1010.5542467478601,-68.1112,10.6,9.0,T
1,1010.5825951139428,-66.6684,6.6,9.0,D
1,1010.6988576139428,-65.7383,6.6,9.0,T
1,1010.7272059800255,-64.2955,2.6,9.0,D
1,1010.8434684800254,-63.3654,2.6,9.0,T
1,1010.8718166199135,-61.9227,-1.4,9.0,D
1,1010.9880916199135,-60.9925,-1.4,9.0,T
1,1011.0164397598015,-59.5498,-5.4,9.0,D
1,1011.1327147598015,-58.6196,-5.4,9.0,T
1,1011.1610628996896,-57.1769,-9.4,9.0,D
1,1011.2773253996895,-56.2468,-9.4,9.0,T
1,1011.3056737657722,-54.804,-13.4,9.0,D
1,1011.4219362657722,-53.8739,-13.4,9.0,T
1,1011.4502846318549,-52.4311,-17.4,9.0,D
1,1011.5665471318548,-51.501,-17.4,9.0,T
1,1011.5948954979375,-50.0582,-21.4,9.0,D
1,1011.7111579979374,-49.1281,-21.4,9.0,T
1,1011.7395061378255,-47.6854,-25.4,9.0,D
1,1011.8557811378255,-46.7552,-25.4,9.0,T
1,1011.8833558261304,-45.7025,-29.4,9.0,D
1,1012.2344683261304,-42.8936,-29.4,9.0,T
1,1012.2421863261303,-41.7359,-29.4,9.0,D
1,1012.5040363261304,-39.6411,-29.4,9.0,T
1,1012.5341925039312,-41.7533,-33.4,9.0,D
1,1012.7719550039312,-43.6554,-33.4,9.0,T
1,1012.7924843372646,-46.7348,-33.4,9.0,D
1,1012.9997343372646,-48.3928,-33.4,9.0,T
1,1013.0449949688506,-53.8784,-37.4,9.0,D
1,1013.2491324688506,-55.5115,-37.4,9.0,T
1,1013.2943931004365,-60.9971,-41.4,9.0,D
1,1013.4985181004365,-62.6301,-41.4,9.0,T
1,1013.5437787320225,-68.1157,-45.4,9.0,D
1,1013.7479162320225,-69.7488,-45.4,9.0,T
1,1013.7931768636084,-75.2344,-49.4,9.0,D
1,1013.9973143636084,-76.8675,-49.4,9.0,T
1,1014.0425744565283,-82.353,-53.4,9.0,D
1,1014.2467119565283,-83.9861,-53.4,9.0,T
1,1014.2919720494482,-89.4716,-57.4,9.0,D
1,1014.4961220494481,-91.1048,-57.4,9.0,T
1,1014.541382142368,-96.5903,-61.4,9.0,D
1,1014.745519642368,-98.2234,-61.4,9.0,T
1,1014.7907797352879,-103.7089,-65.4,9.0,D
1,1014.9949297352878,-105.3421,-65.4,9.0,T
1,1015.0401898282076,-110.8276,-69.4,9.0,D
1,1015.2443273282076,-112.4607,-69.4,9.0,T
1,1015.2895874211275,-117.9462,-73.4,9.0,D
1,1015.4937374211274,-119.5794,-73.4,9.0,T
1,1015.5389975140473,-125.0649,-77.4,9.0,D
1,1015.7431350140473,-126.698,-77.4,9.0,T
1,1015.7883951069672,-132.1835,-81.4,9.0,D
1,1015.9925451069671,-133.8167,-81.4,9.0,T
1,1016.037805199887,-139.3022,-85.4,9.0,D
1,1016.241942699887,-140.9353,-85.4,9.0,T
1,1016.2872027928069,-146.4208,-89.4,9.0,D
1,1016.4913527928068,-148.054,-89.4,9.0,T
1,1016.536612347064,-153.5394,-93.4,9.0,D
1,1016.7407623470639,-155.1726,-93.4,9.0,T
1,1017.5911345373074,-40.5668,-37.4,9.0,D
1,1017.7073970373074,-39.6367,-37.4,9.0,T
1,1017.7357454033901,-38.1939,-41.4,9.0,D
1,1017.85200790339,-37.2638,-41.4,9.0,T
1,1017.8803560432781,-35.8211,-45.4,9.0,D
1,1017.9966310432781,-34.8909,-45.4,9.0,T
1,1018.0249791831661,-33.4482,-49.4,9.0,D
1,1018.1412541831661,-32.518,-49.4,9.0,T
1,1018.1696023230542,-31.0753,-53.4,9.0,D
1,1018.2858648230541,-30.1452,-53.4,9.0,T
1,1018.3142131891368,-28.7024,-57.4,9.0,D
1,1018.4304756891368,-27.7723,-57.4,9.0,T
1,1018.4588240552195,-26.3295,-61.4,9.0,D
1,1018.5750865552194,-25.3994,-61.4,9.0,T
1,1018.6034349213021,-23.9566,-65.4,9.0,D
1,1018.719697421302,-23.0265,-65.4,9.0,T
1,1018.7480457873847,-21.5837,-69.4,9.0,D
1,1018.8643082873847,-20.6536,-69.4,9.0,T
1,1018.8926564272728,-19.2109,-73.4,9.0,D
1,1019.0089314272727,-18.2807,-73.4,9.0,T
1,1019.0372795671608,-16.838,-77.4,9.0,D
1,1019.1535545671608,-15.9078,-77.4,9.0,T
1,1019.1819027070488,-14.4651,-81.4,9.0,D
1,1019.2981777070488,-13.5349,-81.4,9.0,T
1,1019.3265258469369,-12.0922,-85.4,9.0,D
1,1019.4427883469368,-11.1621,-85.4,9.0,T
1,1019.4711367130195,-9.7193,-89.4,9.0,D
1,1019.5873992130195,-8.7892,-89.4,9.0,T
1,1019.6157475791022,-7.3464,-93.4,9.0,D
1,1019.7320100791021,-6.4163,-93.4,9.0,T
1,1019.7603584451848,-4.9735,-97.4,9.0,D
1,1019.8766209451848,-4.0434,-97.4,9.0,T
1,1019.9035789622648,-3.4505,-101.4,9.0,D
1,1020.7662039622649,3.4505,-101.4,9.0,T
1,1020.7931619793449,4.0434,-97.4,9.0,D
1,1020.9094244793449,4.9735,-97.4,9.0,T
1,1020.937772619233,6.4162,-93.4,9.0,D
1,1021.054047619233,7.3464,-93.4,9.0,T
1,1021.082395759121,8.7891,-89.4,9.0,D
1,1021.198670759121,9.7193,-89.4,9.0,T
1,1021.2270188990091,11.162,-85.4,9.0,D
1,1021.343293899009,12.0922,-85.4,9.0,T
1,1021.3716420388971,13.5349,-81.4,9.0,D
1,1021.4879170388971,14.4651,-81.4,9.0,T
1,1021.5162651787851,15.9078,-77.4,9.0,D
1,1021.6325401787851,16.838,-77.4,9.0,T
1,1021.6608883186732,18.2807,-73.4,9.0,D
1,1021.7771508186731,19.2108,-73.4,9.0,T
1,1021.8054989585612,20.6535,-69.4,9.0,D
1,1021.9217739585612,21.5837,-69.4,9.0,T
1,1021.9501220984492,23.0264,-65.4,9.0,D
1,1022.0663970984492,23.9566,-65.4,9.0,T
1,1022.0947452383373,25.3993,-61.4,9.0,D
1,1022.2110202383373,26.3295,-61.4,9.0,T
1,1022.2393683782253,27.7722,-57.4,9.0,D
1,1022.3556433782253,28.7024,-57.4,9.0,T
1,1022.3839915181134,30.1451,-53.4,9.0,D
1,1022.5002665181133,31.0753,-53.4,9.0,T
1,1022.5286146580014,32.518,-49.4,9.0,D
1,1022.6448896580014,33.4482,-49.4,9.0,T
1,1022.6732377978894,34.8909,-45.4,9.0,D
1,1022.7895002978894,35.821,-45.4,9.0,T
1,1022.8178484377775,37.2637,-41.4,9.0,D
1,1022.9341234377774,38.1939,-41.4,9.0,T
1,1022.9624715776655,39.6366,-37.4,9.0,D
1,1023.0787465776655,40.5668,-37.4,9.0,T
1,1023.1065616672952,41.7533,-33.4,9.0,D
1,1023.3443241672952,43.6554,-33.4,9.0,T
1,1023.3648535006286,46.7348,-33.4,9.0,D
1,1023.5721035006286,48.3928,-33.4,9.0,T
1,1023.6042405087794,45.7025,-29.4,9.0,D
1,1023.9553405087795,42.8937,-29.4,9.0,T
1,1023.9630591754461,41.7359,-29.4,9.0,D
1,1024.224909175446,39.6411,-29.4,9.0,T
1,1024.270169807032,34.1555,-25.4,9.0,D
1,1024.474294807032,32.5225,-25.4,9.0,T
1,1024.5195559772874,27.0368,-21.4,9.0,D
1,1024.7236809772874,25.4038,-21.4,9.0,T
1,1024.7689416088733,19.9182,-17.4,9.0,D
1,1024.9730666088733,18.2852,-17.4,9.0,T
1,1025.0183277791286,12.7995,-13.4,9.0,D
1,1025.2224527791286,11.1665,-13.4,9.0,T
1,1025.267713949384,5.6808,-9.4,9.0,D
1,1025.471826449384,4.0479,-9.4,9.0,T
1,1025.5071800504202,0.5662,-5.4,9.0,D
1,1025.6487300504202,-0.5662,-5.4,9.0,T
1,1025.6754197258606,-0.4,-1.4,9.0,D
1,1025.7754197258605,0.4,-1.4,9.0,T
1,1025.8020863925271,0.4,2.6,9.0,D
1,1025.9020863925273,-0.4,2.6,9.0,T
1,1025.928753059194,-0.4,6.6,9.0,D
1,1026.028753059194,0.4,6.6,9.0,T
1,1026.0554197258607,0.4,10.6,9.0,D
1,1026.1554197258608,-0.4,10.6,9.0,T
1,1026.1820863925275,-0.4,14.6,9.0,D
1,1026.2820863925276,0.4,14.6,9.0,T
1,1026.3087530591943,0.4,18.6,9.0,D
1,1026.4087530591944,-0.4,18.6,9.0,T
1,1026.435419725861,-0.4,22.6,9.0,D
1,1026.5354197258612,0.4,22.6,9.0,T
1,1026.5620863925278,0.4,26.6,9.0,D
1,1026.662086392528,-0.4,26.6,9.0,T
1,1026.6887530591946,-0.4,30.6,9.0,D
1,1026.7887530591947,0.4,30.6,9.0,T
1,1026.8154197258614,0.4,34.6,9.0,D
1,1026.9154197258615,-0.4,34.6,9.0,T
1,1026.9420864125366,-0.4049,38.6,9.0,D
1,1027.0433114125365,0.4049,38.6,9.0,T
1,1027.096644755874,0.4,46.6,9.0,D
1,1027.1966447558739,-0.4,46.6,9.0,T
1,1027.2233114225405,-0.4,50.6,9.0,D
1,1027.3233114225407,0.4,50.6,9.0,T
1,1027.3499780892073,0.4,54.6,9.0,D
1,1027.4499780892074,-0.4,54.6,9.0,T
1,1027.476644755874,-0.4,58.6,9.0,D
1,1027.5766447558742,0.4,58.6,9.0,T
1,1027.6033114225409,0.4,62.6,9.0,D
1,1027.703311422541,-0.4,62.6,9.0,T
1,1027.7299780892076,-0.4,66.6,9.0,D
1,1027.8299780892078,0.4,66.6,9.0,T
1,1027.8566447558744,0.4,70.6,9.0,D
1,1027.9566447558745,-0.4,70.6,9.0,T
1,1027.9833114225412,-0.4,74.6,9.0,D
1,1028.0833114225413,0.4,74.6,9.0,T
1,1028.109978089208,0.4,78.6,9.0,D
1,1028.209978089208,-0.4,78.6,9.0,T
1,1028.2366447558747,-0.4,82.6,9.0,D
1,1028.3366447558749,0.4,82.6,9.0,T
1,1028.3633114225415,0.4,86.6,9.0,D
1,1028.4633114225417,-0.4,86.6,9.0,T
1,1028.4899780892083,-0.4,90.6,9.0,D
1,1028.5899780892084,0.4,90.6,9.0,T
1,1028.616644755875,0.4,94.6,9.0,D
1,1028.7166447558752,-0.4,94.6,9.0,T
1,1028.7433114225419,-0.4,98.6,9.0,D
1,1028.843311422542,0.4,98.6,9.0,T
1,1028.8699780892086,0.4,102.6,9.0,D
1,1028.9699780892088,-0.4,102.6,9.0,T
1,1028.9966447558754,-0.4,106.6,9.0,D
1,1029.0966447558756,0.4,106.6,9.0,T
1,1029.1233114225422,0.4,110.6,9.0,D
1,1029.2233114225423,-0.4,110.6,9.0,T
1,1029.249978089209,-0.4,114.6,9.0,D
1,1029.3499780892091,0.4,114.6,9.0,T
1,1029.3766447558758,0.4,118.6,9.0,D
1,1029.476644755876,-0.4,118.6,9.0,T
1,1029.5033114225425,-0.4,122.6,9.0,D
1,1029.6033114225427,0.4,122.6,9.0,T
1,1029.6299780892093,0.4,126.6,9.0,D
1,1029.7299780892095,-0.4,126.6,9.0,T
1,1029.756644755876,-0.4,130.6,9.0,D
1,1029.8566447558762,0.4,130.6,9.0,T
1,1029.8833114225429,0.4,134.6,9.0,D
1,1029.983311422543,-0.4,134.6,9.0,T
1,1030.0099780892097,-0.4,138.6,9.0,D
1,1030.1099780892098,0.4,138.6,9.0,T
1,1030.1366447558764,0.4,142.6,9.0,D
1,1030.2366447558766,-0.4,142.6,9.0,T
1,1030.2633114225432,-0.4,146.6,9.0,D
1,1030.3633114225433,0.4,146.6,9.0,T
1,1030.38997808921,0.4,150.6,9.0,D
1,1030.4899780892101,-0.4,150.6,9.0,T
1,1030.5166447558768,-0.4,154.6,9.0,D
1,1030.616644755877,0.4,154.6,9.0,T
1,1030.6433114225435,0.4,158.6,9.0,D
1,1030.7433114225437,-0.4,158.6,9.0,T
1,1030.7699780892103,-0.4,162.6,9.0,D
1,1030.8699780892105,0.4,162.6,9.0,T
1,1030.896644755877,0.4,166.6,9.0,D
1,1030.9966447558772,-0.4,166.6,9.0,T
1,1031.0233114225439,-0.4,170.6,9.0,D
1,1031.123311422544,0.4,170.6,9.0,T
1,1031.1499780892107,0.4,174.6,9.0,D
1,1031.2499780892108,-0.4,174.6,9.0,T
1,1031.2795715231973,-2.3248,178.6,9.0,D
1,1031.8607715231972,2.3248,178.6,9.0,T
1,1031.8831035231972,5.6746,178.6,9.0,D
1,1032.0772535231972,7.2278,178.6,9.0,T
1,1032.1056016630853,8.6705,174.6,9.0,D
1,1032.2218641630852,9.6006,174.6,9.0,T
1,1032.2502125291678,11.0434,170.6,9.0,D
1,1032.3664750291678,11.9735,170.6,9.0,T
1,1032.3948233952503,13.4163,166.6,9.0,D
1,1032.5110858952503,14.3464,166.6,9.0,T
1,1032.5394340351384,15.7891,162.6,9.0,D
1,1032.6557090351382,16.7193,162.6,9.0,T
1,1032.6840571750263,18.162,158.6,9.0,D
1,1032.8003321750261,19.0922,158.6,9.0,T
1,1032.8286803149142,20.5349,154.6,9.0,D
1,1032.944955314914,21.4651,154.6,9.0,T
1,1032.9733034548021,22.9078,150.6,9.0,D
1,1033.089565954802,23.8379,150.6,9.0,T
1,1033.1179143208847,25.2807,146.6,9.0,D
1,1033.2341768208846,26.2108,146.6,9.0,T
1,1033.2625251869672,27.6536,142.6,9.0,D
1,1033.3787876869671,28.5837,142.6,9.0,T
1,1033.4071358268552,30.0264,138.6,9.0,D
1,1033.523410826855,30.9566,138.6,9.0,T
1,1033.5517589667431,32.3993,134.6,9.0,D
1,1033.668033966743,33.3295,134.6,9.0,T
1,1033.696382106631,34.7722,130.6,9.0,D
1,1033.812657106631,35.7024,130.6,9.0,T
1,1033.841005246519,37.1451,126.6,9.0,D
1,1033.957267746519,38.0752,126.6,9.0,T
1,1033.9856161126015,39.518,122.6,9.0,D
1,1034.1018786126015,40.4481,122.6,9.0,T
1,1034.130226978684,41.8909,118.6,9.0,D
1,1034.246489478684,42.821,118.6,9.0,T
1,1034.2748378447666,44.2638,114.6,9.0,D
1,1034.3911003447665,45.1939,114.6,9.0,T
1,1034.4194484846546,46.6366,110.6,9.0,D
1,1034.5357234846545,47.5668,110.6,9.0,T
1,1034.5640716245425,49.0095,106.6,9.0,D
1,1034.6803341245425,49.9396,106.6,9.0,T
1,1034.708682490625,51.3824,102.6,9.0,D
1,1034.824944990625,52.3125,102.6,9.0,T
1,1034.8532933567076,53.7553,98.6,9.0,D
1,1034.9695558567075,54.6854,98.6,9.0,T
1,1034.99790422279,56.1282,94.6,9.0,D
1,1035.11416672279,57.0583,94.6,9.0,T
1,1035.1425150888726,58.5011,90.6,9.0,D
1,1035.2587775888726,59.4312,90.6,9.0,T
1,1035.2871257287607,60.8739,86.6,9.0,D
1,1035.4033882287606,61.804,86.6,9.0,T
1,1035.4317365948432,63.2468,82.6,9.0,D
1,1035.5479990948431,64.1769,82.6,9.0,T
1,1035.5763474609257,65.6197,78.6,9.0,D
1,1035.692609960926,66.5498,78.6,9.0,T
1,1035.7209583270085,67.9926,74.6,9.0,D
1,1035.8372208270087,68.9227,74.6,9.0,T
1,1035.8655691930912,70.3655,70.6,9.0,D
1,1035.9818316930912,71.2956,70.6,9.0,T
1,1036.0101800591738,72.7384,66.6,9.0,D
1,1036.1264425591737,73.6685,66.6,9.0,T
1,1036.1547906990618,75.1112,62.6,9.0,D
1,1036.2710531990617,76.0413,62.6,9.0,T
1,1036.2994015651443,77.4841,58.6,9.0,D
1,1036.4156640651443,78.4142,58.6,9.0,T
1,1036.4440124312268,79.857,54.6,9.0,D
1,1036.5602749312268,80.7871,54.6,9.0,T
1,1036.5886232973094,82.2299,50.6,9.0,D
1,1036.7048857973093,83.16,50.6,9.0,T
1,1036.732239473024,84.0738,46.6,9.0,D
1,1036.914626973024,85.5329,46.6,9.0,T
1,1036.9456324777968,87.9057,42.6,9.0,D
1,1058.922069977797,-87.9058,42.6,9.0,T
1,1058.9530758227013,-85.5329,46.6,9.0,D
1,1059.1354633227013,-84.0738,46.6,9.0,T
1,1059.162816998416,-83.16,50.6,9.0,D
1,1059.2790794984162,-82.2299,50.6,9.0,T
1,1059.3074278644988,-80.7871,54.6,9.0,D
1,1059.4236903644987,-79.857,54.6,9.0,T
1,1059.4520385043868,-78.4143,58.6,9.0,D
1,1059.5683135043867,-77.4841,58.6,9.0,T
1,1059.5966616442747,-76.0414,62.6,9.0,D
1,1059.7129366442746,-75.1112,62.6,9.0,T
1,1059.7412847841626,-73.6685,66.6,9.0,D
1,1059.8575597841625,-72.7383,66.6,9.0,T
1,1059.8859079240506,-71.2956,70.6,9.0,D
1,1060.0021829240504,-70.3654,70.6,9.0,T
1,1060.0305310639385,-68.9227,74.6,9.0,D
1,1060.1467935639384,-67.9926,74.6,9.0,T
1,1060.1751417038265,-66.5499,78.6,9.0,D
1,1060.2914167038264,-65.6197,78.6,9.0,T
1,1060.3197648437144,-64.177,82.6,9.0,D
1,1060.4360398437143,-63.2468,82.6,9.0,T
1,1060.4643879836024,-61.8041,86.6,9.0,D
1,1060.5806629836022,-60.8739,86.6,9.0,T
1,1060.6090111234903,-59.4312,90.6,9.0,D
1,1060.7252861234902,-58.501,90.6,9.0,T
1,1060.7536342633782,-57.0583,94.6,9.0,D
1,1060.869909263378,-56.1281,94.6,9.0,T
1,1060.8982574032661,-54.6854,98.6,9.0,D
1,1061.014519903266,-53.7553,98.6,9.0,T
1,1061.0428680431542,-52.3126,102.6,9.0,D
1,1061.159143043154,-51.3824,102.6,9.0,T
1,1061.187491183042,-49.9397,106.6,9.0,D
1,1061.303766183042,-49.0095,106.6,9.0,T
1,1061.33211432293,-47.5668,110.6,9.0,D
1,1061.4483893229299,-46.6366,110.6,9.0,T
1,1061.476737462818,-45.1939,114.6,9.0,D
1,1061.5930124628178,-44.2637,114.6,9.0,T
1,1061.6213606027059,-42.821,118.6,9.0,D
1,1061.7376356027057,-41.8908,118.6,9.0,T
1,1061.765983516413,-40.4482,122.6,9.0,D
1,1061.882271016413,-39.5179,122.6,9.0,T
1,1061.91061893012,-38.0753,126.6,9.0,D
1,1062.0268939301202,-37.1451,126.6,9.0,T
1,1062.0552420700083,-35.7024,130.6,9.0,D
1,1062.1715170700081,-34.7722,130.6,9.0,T
1,1062.1998652098962,-33.3295,134.6,9.0,D
1,1062.316140209896,-32.3993,134.6,9.0,T
1,1062.3444883497841,-30.9566,138.6,9.0,D
1,1062.460763349784,-30.0264,138.6,9.0,T
1,1062.4891112634912,-28.5838,142.6,9.0,D
1,1062.6053987634912,-27.6535,142.6,9.0,T
1,1062.6337466771984,-26.2109,146.6,9.0,D
1,1062.7500341771984,-25.2806,146.6,9.0,T
1,1062.7783820909056,-23.838,150.6,9.0,D
1,1062.8946570909056,-22.9078,150.6,9.0,T
1,1062.9230052307937,-21.4651,154.6,9.0,D
1,1063.0392802307936,-20.5349,154.6,9.0,T
1,1063.0676283706816,-19.0922,158.6,9.0,D
1,1063.1839033706815,-18.162,158.6,9.0,T
1,1063.2122512843887,-16.7194,162.6,9.0,D
1,1063.3285387843887,-15.7891,162.6,9.0,T
1,1063.3568866980959,-14.3465,166.6,9.0,D
1,1063.4731741980959,-13.4162,166.6,9.0,T
1,1063.501522111803,-11.9736,170.6,9.0,D
1,1063.6177971118032,-11.0434,170.6,9.0,T
1,1063.6461452516912,-9.6007,174.6,9.0,D
1,1063.762420251691,-8.6705,174.6,9.0,T
1,1063.7907683915791,-7.2278,178.6,9.0,D
1,1063.9849183915792,-5.6746,178.6,9.0,T
1,1064.0121392235446,-4.8549,182.6,9.0,D
1,1065.2258642235447,4.8549,182.6,9.0,T
1,1065.256870068449,2.482,186.6,9.0,D
1,1065.8773825684489,-2.4821,186.6,9.0,T
1,1067.02038776679,84.0706,38.6,9.0,D
1,1067.79638776679,90.2786,38.6,9.0,T
1,1067.8247361328727,91.7214,34.6,9.0,D
1,1067.9409986328726,92.6515,34.6,9.0,T
1,1067.9693467727607,94.0942,30.6,9.0,D
1,1068.0856217727605,95.0244,30.6,9.0,T
1,1068.1139699126486,96.4671,26.6,9.0,D
1,1068.2302449126485,97.3973,26.6,9.0,T
1,1068.3384288847535,83.2787,34.6,9.0,D
1,1068.4547038847536,82.3485,34.6,9.0,T
1,1068.4830520246417,80.9058,30.6,9.0,D
1,1068.5993270246415,79.9756,30.6,9.0,T
1,1068.6276751645296,78.5329,26.6,9.0,D
1,1068.7439501645295,77.6027,26.6,9.0,T
1,1068.7722983044175,76.16,22.6,9.0,D
1,1068.8885733044174,75.2298,22.6,9.0,T
1,1068.9169212181246,73.7872,18.6,9.0,D
1,1069.0331962181247,72.857,18.6,9.0,T
1,1069.0615443580127,71.4143,14.6,9.0,D
1,1069.1778193580126,70.4841,14.6,9.0,T
1,1069.2061674979007,69.0414,10.6,9.0,D
1,1069.3224424979005,68.1112,10.6,9.0,T
1,1069.3507906377886,66.6685,6.6,9.0,D
1,1069.4670656377884,65.7383,6.6,9.0,T
1,1069.4954137776765,64.2956,2.6,9.0,D
1,1069.6116887776764,63.3654,2.6,9.0,T
1,1069.6400369175644,61.9227,-1.4,9.0,D
1,1069.7563119175643,60.9925,-1.4,9.0,T
1,1069.7846600574524,59.5498,-5.4,9.0,D
1,1069.9009350574522,58.6196,-5.4,9.0,T
1,1069.9292831973403,57.1769,-9.4,9.0,D
1,1070.0455456973402,56.2468,-9.4,9.0,T
1,1070.0738938372283,54.8041,-13.4,9.0,D
1,1070.1901688372282,53.8739,-13.4,9.0,T
1,1070.2185169771162,52.4312,-17.4,9.0,D
1,1070.334791977116,51.501,-17.4,9.0,T
1,1070.3631401170041,50.0583,-21.4,9.0,D
1,1070.479415117004,49.1281,-21.4,9.0,T
1,1070.507763256892,47.6854,-25.4,9.0,D
1,1070.624038256892,46.7552,-25.4,9.0,T
1,1070.7170711013287,53.8784,-37.4,9.0,D
1,1070.9211961013286,55.5114,-37.4,9.0,T
1,1070.9664567329146,60.997,-41.4,9.0,D
1,1071.1705942329145,62.6301,-41.4,9.0,T
1,1071.2158548645004,68.1157,-45.4,9.0,D
1,1071.4199798645004,69.7487,-45.4,9.0,T
1,1071.4652404960864,75.2343,-49.4,9.0,D
1,1071.6693779960863,76.8674,-49.4,9.0,T
1,1071.7146386276722,82.353,-53.4,9.0,D
1,1071.9187636276722,83.986,-53.4,9.0,T
1,1071.9640242592582,89.4716,-57.4,9.0,D
1,1072.168161759258,91.1047,-57.4,9.0,T
1,1072.8786544914517,-4.0478,-9.4,9.0,D
1,1073.0827919914518,-5.6809,-9.4,9.0,T
1,1073.1280526230378,-11.1665,-13.4,9.0,D
1,1073.3321901230377,-12.7996,-13.4,9.0,T
1,1073.3774502159574,-18.2851,-17.4,9.0,D
1,1073.5815877159575,-19.9182,-17.4,9.0,T
1,1073.6268483475435,-25.4038,-21.4,9.0,D
1,1073.8309858475434,-27.0369,-21.4,9.0,T
1,1073.8762459404631,-32.5224,-25.4,9.0,D
1,1074.0803959404632,-34.1556,-25.4,9.0,T
1,1083.3073650227213,-1000.0,0.0,1000.0,W
1,1172.4959454652515,-1000.0,0.0,1000.0,T
1,1181.1191054944338,-173.0,-105.0,11.0,D
1,1181.2958821897305,-172.0,-104.0,11.0,D
1,1181.4208821897305,-171.0,-104.0,11.0,D
1,1181.5976588850272,-170.0,-103.0,11.0,D
1,1181.7226588850272,-169.0,-103.0,11.0,D
1,1181.8994355803238,-168.0,-102.0,11.0,D
1,1182.0244355803238,-167.0,-102.0,11.0,D
1,1182.1494355803238,-166.0,-102.0,11.0,D
1,1182.2744355803238,-165.0,-102.0,11.0,D
1,1182.8047656662138,-162.0,-105.0,11.0,D
1,1202.5547656662138,-4.0,-105.0,11.0,D
1,1202.9083190568072,-2.0,-103.0,11.0,D
1,1203.2618724474005,-4.0,-101.0,11.0,D
1,1203.5118724474005,-4.0,-99.0,11.0,D
1,1203.6886491426972,-5.0,-98.0,11.0,D
1,1203.8136491426972,-5.0,-97.0,11.0,D
1,1203.9904258379938,-6.0,-96.0,11.0,D
1,1204.1154258379938,-6.0,-95.0,11.0,D
1,1204.2922025332905,-7.0,-94.0,11.0,D
1,1204.4172025332905,-7.0,-93.0,11.0,D
1,1204.7707559238838,-9.0,-91.0,11.0,D
1,1204.8957559238838,-9.0,-90.0,11.0,D
1,1205.0725326191805,-10.0,-89.0,11.0,D
1,1205.1975326191805,-10.0,-88.0,11.0,D
1,1205.5510860097738,-12.0,-86.0,11.0,D
1,1205.6760860097738,-12.0,-85.0,11.0,D
1,1205.8528627050705,-13.0,-84.0,11.0,D
1,1205.9778627050705,-13.0,-83.0,11.0,D
1,1206.3314160956638,-15.0,-81.0,11.0,D
1,1206.4564160956638,-15.0,-80.0,11.0,D
1,1206.6331927909605,-16.0,-79.0,11.0,D
1,1206.7581927909605,-16.0,-78.0,11.0,D
1,1207.1117461815538,-18.0,-76.0,11.0,D
1,1207.2367461815538,-18.0,-75.0,11.0,D
1,1207.4135228768505,-19.0,-74.0,11.0,D
1,1207.5385228768505,-19.0,-73.0,11.0,D
1,1207.8920762674438,-21.0,-71.0,11.0,D
1,1208.0170762674438,-21.0,-70.0,11.0,D
1,1208.1938529627405,-22.0,-69.0,11.0,D
1,1208.3188529627405,-22.0,-68.0,11.0,D
1,1208.6724063533338,-24.0,-66.0,11.0,D
1,1208.7974063533338,-24.0,-65.0,11.0,D
1,1208.9741830486305,-25.0,-64.0,11.0,D
1,1209.0991830486305,-25.0,-63.0,11.0,D
1,1209.2759597439272,-26.0,-62.0,11.0,D
1,1209.4009597439272,-26.0,-61.0,11.0,D
1,1209.7545131345205,-28.0,-59.0,11.0,D
1,1209.8795131345205,-28.0,-58.0,11.0,D
1,1210.0562898298172,-29.0,-57.0,11.0,D
1,1210.1812898298172,-29.0,-56.0,11.0,D
1,1210.5348432204105,-31.0,-54.0,11.0,D
1,1210.6598432204105,-31.0,-53.0,11.0,D
1,1210.8366199157072,-32.0,-52.0,11.0,D
1,1210.9616199157072,-32.0,-51.0,11.0,D
1,1211.3151733063005,-34.0,-49.0,11.0,D
1,1211.4401733063005,-34.0,-48.0,11.0,D
1,1211.6169500015972,-35.0,-47.0,11.0,D
1,1211.7419500015972,-35.0,-46.0,11.0,D
1,1212.0955033921905,-37.0,-44.0,11.0,D
1,1212.2205033921905,-37.0,-43.0,11.0,D
1,1212.3972800874872,-38.0,-42.0,11.0,D
1,1212.5222800874872,-38.0,-41.0,11.0,D
1,1212.8758334780805,-40.0,-39.0,11.0,D
1,1213.0008334780805,-40.0,-38.0,11.0,D
1,1213.1776101733772,-41.0,-37.0,11.0,D
1,1213.5526101733772,-41.0,-34.0,11.0,D
1,1213.9061635639705,-43.0,-32.0,11.0,D
1,1214.0311635639705,-43.0,-31.0,11.0,D
1,1214.2811635639705,-45.0,-31.0,11.0,D
1,1214.4061635639705,-45.0,-32.0,11.0,D
1,1214.7597169545638,-47.0,-34.0,11.0,D
1,1215.0097169545638,-49.0,-34.0,11.0,D
1,1215.1864936498605,-50.0,-35.0,11.0,D
1,1215.3114936498605,-51.0,-35.0,11.0,D
1,1215.4882703451572,-52.0,-36.0,11.0,D
1,1215.6132703451572,-53.0,-36.0,11.0,D
1,1215.9668237357505,-55.0,-38.0,11.0,D
1,1216.0918237357505,-56.0,-38.0,11.0,D
1,1216.2686004310472,-57.0,-39.0,11.0,D
1,1216.3936004310472,-58.0,-39.0,11.0,D
1,1216.5703771263438,-59.0,-40.0,11.0,D
1,1216.6953771263438,-60.0,-40.0,11.0,D
1,1217.0489305169372,-62.0,-42.0,11.0,D
1,1217.1739305169372,-63.0,-42.0,11.0,D
1,1217.3507072122338,-64.0,-43.0,11.0,D
1,1217.4757072122338,-65.0,-43.0,11.0,D
1,1217.6524839075305,-66.0,-44.0,11.0,D
1,1217.7774839075305,-67.0,-44.0,11.0,D
1,1217.9542606028272,-68.0,-45.0,11.0,D
1,1218.0792606028272,-69.0,-45.0,11.0,D
1,1218.4328139934205,-71.0,-47.0,11.0,D
1,1218.5578139934205,-72.0,-47.0,11.0,D
1,1218.7345906887172,-73.0,-48.0,11.0,D
1,1218.8595906887172,-74.0,-48.0,11.0,D
1,1219.0363673840138,-75.0,-49.0,11.0,D
1,1219.1613673840138,-76.0,-49.0,11.0,D
1,1219.5149207746072,-78.0,-51.0,11.0,D
1,1219.6399207746072,-79.0,-51.0,11.0,D
1,1219.8166974699038,-80.0,-52.0,11.0,D
1,1219.9416974699038,-81.0,-52.0,11.0,D
1,1220.1184741652005,-82.0,-53.0,11.0,D
1,1220.2434741652005,-83.0,-53.0,11.0,D
1,1220.4202508604972,-84.0,-54.0,11.0,D
1,1220.5452508604972,-85.0,-54.0,11.0,D
1,1220.8988042510905,-87.0,-56.0,11.0,D
1,1221.0238042510905,-88.0,-56.0,11.0,D
1,1221.2005809463872,-89.0,-57.0,11.0,D
1,1221.3255809463872,-90.0,-57.0,11.0,D
1,1221.5023576416838,-91.0,-58.0,11.0,D
1,1221.6273576416838,-92.0,-58.0,11.0,D
1,1221.9809110322772,-94.0,-60.0,11.0,D
1,1222.1059110322772,-95.0,-60.0,11.0,D
1,1222.2826877275738,-96.0,-61.0,11.0,D
1,1222.4076877275738,-97.0,-61.0,11.0,D
1,1222.5844644228705,-98.0,-62.0,11.0,D
1,1222.7094644228705,-99.0,-62.0,11.0,D
1,1222.8862411181672,-100.0,-63.0,11.0,D
1,1223.0112411181672,-101.0,-63.0,11.0,D
1,1223.3647945087605,-103.0,-65.0,11.0,D
1,1223.4897945087605,-104.0,-65.0,11.0,D
1,1223.6665712040572,-105.0,-66.0,11.0,D
1,1223.7915712040572,-106.0,-66.0,11.0,D
1,1223.9683478993538,-107.0,-67.0,11.0,D
1,1224.0933478993538,-108.0,-67.0,11.0,D
1,1224.4469012899472,-110.0,-69.0,11.0,D
1,1224.5719012899472,-111.0,-69.0,11.0,D
1,1224.7486779852438,-112.0,-70.0,11.0,D
1,1224.8736779852438,-113.0,-70.0,11.0,D
1,1225.0504546805405,-114.0,-71.0,11.0,D
1,1225.1754546805405,-115.0,-71.0,11.0,D
1,1225.3522313758372,-116.0,-72.0,11.0,D
1,1225.4772313758372,-117.0,-72.0,11.0,D
1,1225.8307847664305,-119.0,-74.0,11.0,D
1,1225.9557847664305,-120.0,-74.0,11.0,D
1,1226.1325614617272,-121.0,-75.0,11.0,D
1,1226.2575614617272,-122.0,-75.0,11.0,D
1,1226.4343381570238,-123.0,-76.0,11.0,D
1,1226.5593381570238,-124.0,-76.0,11.0,D
1,1226.9128915476172,-126.0,-78.0,11.0,D
1,1227.0378915476172,-127.0,-78.0,11.0,D
1,1227.2146682429138,-128.0,-79.0,11.0,D
1,1227.3396682429138,-129.0,-79.0,11.0,D
1,1227.5164449382105,-130.0,-80.0,11.0,D
1,1227.6414449382105,-131.0,-80.0,11.0,D
1,1227.8182216335072,-132.0,-81.0,11.0,D
1,1227.9432216335072,-133.0,-81.0,11.0,D
1,1228.2967750241005,-135.0,-83.0,11.0,D
1,1228.4217750241005,-136.0,-83.0,11.0,D
1,1228.5985517193972,-137.0,-84.0,11.0,D
1,1228.7235517193972,-138.0,-84.0,11.0,D
1,1228.9003284146938,-139.0,-85.0,11.0,D
1,1229.0253284146938,-140.0,-85.0,11.0,D
1,1229.2021051099905,-141.0,-86.0,11.0,D
1,1229.3271051099905,-142.0,-86.0,11.0,D
1,1229.6806585005838,-144.0,-88.0,11.0,D
1,1229.8056585005838,-145.0,-88.0,11.0,D
1,1229.9824351958805,-146.0,-89.0,11.0,D
1,1230.1074351958805,-147.0,-89.0,11.0,D
1,1230.2842118911772,-148.0,-90.0,11.0,D
1,1230.4092118911772,-149.0,-90.0,11.0,D
1,1230.7627652817705,-151.0,-92.0,11.0,D
1,1230.8877652817705,-152.0,-92.0,11.0,D
1,1231.0645419770672,-153.0,-93.0,11.0,D
1,1231.1895419770672,-154.0,-93.0,11.0,D
1,1231.3663186723638,-155.0,-94.0,11.0,D
1,1231.4913186723638,-156.0,-94.0,11.0,D
1,1231.6680953676605,-157.0,-95.0,11.0,D
1,1231.7930953676605,-158.0,-95.0,11.0,D
1,1232.1466487582538,-160.0,-97.0,11.0,D
1,1232.3966487582538,-162.0,-97.0,11.0,D
1,1233.1037555394403,-166.0,-101.0,11.0,D
1,1233.2287555394403,-167.0,-101.0,11.0,D
1,1233.3537555394403,-167.0,-102.0,11.0,T
1,1233.360422206107,-167.0,-101.0,11.0,D
1,1234.360422206107,-167.0,-93.0,11.0,D
1,1234.5371989014036,-166.0,-92.0,11.0,D
1,1234.9121989014036,-166.0,-89.0,11.0,D
1,1235.265752291997,-164.0,-87.0,11.0,D
1,1235.390752291997,-164.0,-86.0,11.0,D
1,1235.5675289872936,-163.0,-85.0,11.0,D
1,1235.6925289872936,-163.0,-84.0,11.0,D
1,1236.046082377887,-161.0,-82.0,11.0,D
1,1236.171082377887,-161.0,-81.0,11.0,D
1,1236.3478590731836,-160.0,-80.0,11.0,D
1,1236.4728590731836,-160.0,-79.0,11.0,D
1,1236.826412463777,-158.0,-77.0,11.0,D
1,1236.951412463777,-158.0,-76.0,11.0,D
1,1237.1281891590736,-157.0,-75.0,11.0,D
1,1237.2531891590736,-157.0,-74.0,11.0,D
1,1237.606742549667,-155.0,-72.0,11.0,D
1,1237.731742549667,-155.0,-71.0,11.0,D
1,1237.9085192449636,-154.0,-70.0,11.0,D
1,1238.0335192449636,-154.0,-69.0,11.0,D
1,1238.387072635557,-152.0,-67.0,11.0,D
1,1238.512072635557,-152.0,-66.0,11.0,D
1,1238.6888493308536,-151.0,-65.0,11.0,D
1,1238.8138493308536,-151.0,-64.0,11.0,D
1,1238.9906260261503,-150.0,-63.0,11.0,D
1,1239.1156260261503,-150.0,-62.0,11.0,D
1,1239.4691794167436,-148.0,-60.0,11.0,D
1,1239.5941794167436,-148.0,-59.0,11.0,D
1,1239.7709561120403,-147.0,-58.0,11.0,D
1,1239.8959561120403,-147.0,-57.0,11.0,D
1,1240.2495095026336,-145.0,-55.0,11.0,D
1,1240.3745095026336,-145.0,-54.0,11.0,D
1,1240.5512861979303,-144.0,-53.0,11.0,D
1,1240.6762861979303,-144.0,-52.0,11.0,D
1,1241.0298395885236,-142.0,-50.0,11.0,D
1,1241.1548395885236,-142.0,-49.0,11.0,D
1,1241.3316162838203,-141.0,-48.0,11.0,D
1,1241.4566162838203,-141.0,-47.0,11.0,D
1,1241.8101696744136,-139.0,-45.0,11.0,D
1,1241.9351696744136,-139.0,-44.0,11.0,D
1,1242.1119463697103,-138.0,-43.0,11.0,D
1,1242.2369463697103,-138.0,-42.0,11.0,D
1,1242.5904997603036,-136.0,-40.0,11.0,D
1,1242.7154997603036,-136.0,-39.0,11.0,D
1,1242.8922764556003,-135.0,-38.0,11.0,D
1,1243.0172764556003,-135.0,-37.0,11.0,D
1,1243.194053150897,-134.0,-36.0,11.0,D
1,1243.319053150897,-134.0,-35.0,11.0,D
1,1243.6726065414903,-132.0,-33.0,11.0,D
1,1243.7976065414903,-132.0,-32.0,11.0,D
1,1243.974383236787,-131.0,-31.0,11.0,D
1,1244.099383236787,-131.0,-30.0,11.0,D
1,1244.4529366273803,-129.0,-28.0,11.0,D
1,1244.5779366273803,-129.0,-27.0,11.0,D
1,1244.754713322677,-128.0,-26.0,11.0,D
1,1244.879713322677,-128.0,-25.0,11.0,D
1,1245.2332667132703,-126.0,-23.0,11.0,D
1,1245.3582667132703,-126.0,-22.0,11.0,D
1,1245.535043408567,-125.0,-21.0,11.0,D
1,1245.660043408567,-125.0,-20.0,11.0,D
1,1246.0135967991603,-123.0,-18.0,11.0,D
1,1246.1385967991603,-123.0,-17.0,11.0,D
1,1246.315373494457,-122.0,-16.0,11.0,D
1,1246.440373494457,-122.0,-15.0,11.0,D
1,1246.7939268850503,-120.0,-13.0,11.0,D
1,1246.9189268850503,-120.0,-12.0,11.0,D
1,1247.095703580347,-119.0,-11.0,11.0,D
1,1247.220703580347,-119.0,-10.0,11.0,D
1,1247.5742569709403,-117.0,-8.0,11.0,D
1,1247.6992569709403,-117.0,-7.0,11.0,D
1,1247.876033666237,-116.0,-6.0,11.0,D
1,1248.001033666237,-116.0,-5.0,11.0,D
1,1248.1778103615336,-115.0,-4.0,11.0,D
1,1248.3028103615336,-115.0,-3.0,11.0,D
1,1248.656363752127,-113.0,-1.0,11.0,D
1,1248.781363752127,-113.0,0.0,11.0,D
1,1248.9581404474236,-112.0,1.0,11.0,D
1,1249.0831404474236,-112.0,2.0,11.0,D
1,1249.436693838017,-110.0,4.0,11.0,D
1,1249.561693838017,-110.0,5.0,11.0,D
1,1249.7384705333136,-109.0,6.0,11.0,D
1,1249.8634705333136,-109.0,7.0,11.0,D
1,1250.217023923907,-107.0,9.0,11.0,D
1,1250.342023923907,-107.0,10.0,11.0,D
1,1250.5188006192036,-106.0,11.0,11.0,D
1,1250.6438006192036,-106.0,12.0,11.0,D
1,1250.997354009797,-104.0,14.0,11.0,D
1,1251.122354009797,-104.0,15.0,11.0,D
1,1251.2991307050936,-103.0,16.0,11.0,D
1,1251.4241307050936,-103.0,17.0,11.0,D
1,1251.777684095687,-101.0,19.0,11.0,D
1,1251.902684095687,-101.0,20.0,11.0,D
1,1252.0794607909836,-100.0,21.0,11.0,D
1,1252.2044607909836,-100.0,22.0,11.0,D
1,1252.3812374862803,-99.0,23.0,11.0,D
1,1252.5062374862803,-99.0,24.0,11.0,D
1,1252.8597908768736,-97.0,26.0,11.0,D
1,1252.9847908768736,-97.0,27.0,11.0,D
1,1253.1615675721703,-96.0,28.0,11.0,D
1,1253.2865675721703,-96.0,29.0,11.0,D
1,1253.6401209627636,-94.0,31.0,11.0,D
1,1253.7651209627636,-94.0,32.0,11.0,D
1,1253.9418976580603,-93.0,33.0,11.0,D
1,1254.0668976580603,-93.0,34.0,11.0,D
1,1254.5972277439503,-90.0,37.0,11.0,D
1,1254.7222277439503,-89.0,37.0,11.0,D
1,1254.899004439247,-88.0,38.0,11.0,D
1,1255.024004439247,-87.0,38.0,11.0,D
1,1255.2007811345436,-86.0,39.0,11.0,D
1,1255.3257811345436,-85.0,39.0,11.0,D
1,1255.5757811345436,-85.0,41.0,11.0,D
1,1255.7525578298403,-84.0,42.0,11.0,D
1,1266.2525578298403,0.0,42.0,11.0,D
1,1272.5025578298403,0.0,-8.0,11.0,D
1,1272.7525578298403,-2.0,-8.0,11.0,D
1,1272.929334525137,-3.0,-9.0,11.0,D
1,1273.054334525137,-4.0,-9.0,11.0,D
1,1273.2311112204336,-5.0,-10.0,11.0,D
1,1273.3561112204336,-6.0,-10.0,11.0,D
1,1273.5328879157303,-7.0,-11.0,11.0,D
1,1273.6578879157303,-8.0,-11.0,11.0,D
1,1273.834664611027,-9.0,-12.0,11.0,D
1,1273.959664611027,-10.0,-12.0,11.0,D
1,1274.1364413063236,-11.0,-13.0,11.0,D
1,1274.2614413063236,-12.0,-13.0,11.0,D
1,1274.614994696917,-14.0,-15.0,11.0,D
1,1274.739994696917,-15.0,-15.0,11.0,D
1,1274.9167713922136,-16.0,-16.0,11.0,D
1,1275.0417713922136,-17.0,-16.0,11.0,D
1,1275.2185480875103,-18.0,-17.0,11.0,D
1,1275.3435480875103,-19.0,-17.0,11.0,D
1,1275.6971014781036,-21.0,-19.0,11.0,D
1,1275.8221014781036,-22.0,-19.0,11.0,D
1,1275.9988781734003,-23.0,-20.0,11.0,D
1,1276.1238781734003,-24.0,-20.0,11.0,D
1,1276.300654868697,-25.0,-21.0,11.0,D
1,1276.425654868697,-26.0,-21.0,11.0,D
1,1276.6024315639936,-27.0,-22.0,11.0,D
1,1276.7274315639936,-28.0,-22.0,11.0,D
1,1277.080984954587,-30.0,-24.0,11.0,D
1,1277.205984954587,-31.0,-24.0,11.0,D
1,1277.3827616498836,-32.0,-25.0,11.0,D
1,1277.5077616498836,-33.0,-25.0,11.0,D
1,1277.6845383451803,-34.0,-26.0,11.0,D
1,1277.8095383451803,-35.0,-26.0,11.0,D
1,1277.986315040477,-36.0,-27.0,11.0,D
1,1278.111315040477,-37.0,-27.0,11.0,D
1,1278.4648684310703,-39.0,-29.0,11.0,D
1,1278.7148684310703,-41.0,-29.0,11.0,D
1,1279.0684218216636,-43.0,-31.0,11.0,T
1,1279.081755154997,-45.0,-31.0,11.0,D
1,1279.2585318502936,-46.0,-30.0,11.0,D
1,1279.5085318502936,-46.0,-28.0,11.0,D
1,1279.6853085455903,-47.0,-27.0,11.0,D
1,1279.8103085455903,-47.0,-26.0,11.0,D
1,1279.987085240887,-48.0,-25.0,11.0,D
1,1280.112085240887,-48.0,-24.0,11.0,D
1,1280.4656386314803,-50.0,-22.0,11.0,D
1,1280.5906386314803,-50.0,-21.0,11.0,D
1,1280.767415326777,-51.0,-20.0,11.0,D
1,1280.892415326777,-51.0,-19.0,11.0,D
1,1281.2459687173703,-53.0,-17.0,11.0,D
1,1281.3709687173703,-53.0,-16.0,11.0,D
1,1281.547745412667,-54.0,-15.0,11.0,D
1,1281.672745412667,-54.0,-14.0,11.0,D
1,1282.0262988032603,-56.0,-12.0,11.0,D
1,1282.1512988032603,-56.0,-11.0,11.0,D
1,1282.328075498557,-57.0,-10.0,11.0,D
1,1282.453075498557,-57.0,-9.0,11.0,D
1,1282.8066288891503,-59.0,-7.0,11.0,D
1,1282.9316288891503,-59.0,-6.0,11.0,D
1,1283.108405584447,-60.0,-5.0,11.0,D
1,1283.233405584447,-60.0,-4.0,11.0,D
1,1283.4101822797436,-61.0,-3.0,11.0,D
1,1283.5351822797436,-61.0,-2.0,11.0,D
1,1283.888735670337,-63.0,0.0,11.0,D
1,1284.013735670337,-63.0,1.0,11.0,D
1,1284.1905123656336,-64.0,2.0,11.0,D
1,1284.3155123656336,-64.0,3.0,11.0,D
1,1284.669065756227,-66.0,5.0,11.0,D
1,1284.794065756227,-66.0,6.0,11.0,D
1,1284.9708424515236,-67.0,7.0,11.0,D
1,1285.0958424515236,-67.0,8.0,11.0,D
1,1285.449395842117,-69.0,10.0,11.0,D
1,1285.574395842117,-69.0,11.0,11.0,D
1,1285.7511725374136,-70.0,12.0,11.0,D
1,1285.8761725374136,-70.0,13.0,11.0,D
1,1286.229725928007,-72.0,15.0,11.0,D
1,1286.354725928007,-72.0,16.0,11.0,D
1,1286.5315026233036,-73.0,17.0,11.0,D
1,1286.6565026233036,-73.0,18.0,11.0,D
1,1287.010056013897,-75.0,20.0,11.0,D
1,1287.135056013897,-75.0,21.0,11.0,D
1,1287.3118327091936,-76.0,22.0,11.0,D
1,1287.4368327091936,-76.0,23.0,11.0,D
1,1287.6136094044903,-77.0,24.0,11.0,D
1,1287.7386094044903,-77.0,25.0,11.0,D
1,1288.0921627950836,-79.0,27.0,11.0,D
1,1288.2171627950836,-79.0,28.0,11.0,D
1,1288.3939394903803,-80.0,29.0,11.0,D
1,1288.5189394903803,-80.0,30.0,11.0,D
1,1288.8724928809736,-82.0,32.0,11.0,D
1,1288.9974928809736,-82.0,33.0,11.0,D
1,1289.1742695762703,-83.0,34.0,11.0,D
1,1289.4242695762703,-83.0,36.0,11.0,D
1,1289.7778229668636,-85.0,38.0,11.0,D
1,1289.9028229668636,-85.0,39.0,11.0,T
1,1289.9239048179313,-84.0,42.0,11.0,D
1,1290.5489048179313,-84.0,47.0,11.0,D
1,1290.725681513228,-83.0,48.0,11.0,D
1,1290.975681513228,-83.0,50.0,11.0,D
1,1291.1524582085246,-82.0,51.0,11.0,D
1,1291.2774582085246,-82.0,52.0,11.0,D
1,1291.4542349038213,-81.0,53.0,11.0,D
1,1291.5792349038213,-81.0,54.0,11.0,D
1,1291.756011599118,-80.0,55.0,11.0,D
1,1291.881011599118,-80.0,56.0,11.0,D
1,1292.2345649897113,-78.0,58.0,11.0,D
1,1292.3595649897113,-78.0,59.0,11.0,D
1,1292.536341685008,-77.0,60.0,11.0,D
1,1292.661341685008,-77.0,61.0,11.0,D
1,1293.0148950756013,-75.0,63.0,11.0,D
1,1293.1398950756013,-75.0,64.0,11.0,D
1,1293.316671770898,-74.0,65.0,11.0,D
1,1293.441671770898,-74.0,66.0,11.0,D
1,1293.7952251614913,-72.0,68.0,11.0,D
1,1293.9202251614913,-72.0,69.0,11.0,D
1,1294.097001856788,-71.0,70.0,11.0,D
1,1294.222001856788,-71.0,71.0,11.0,D
1,1294.5755552473813,-69.0,73.0,11.0,D
1,1294.7005552473813,-69.0,74.0,11.0,D
1,1294.877331942678,-68.0,75.0,11.0,D
1,1295.002331942678,-68.0,76.0,11.0,D
1,1295.3558853332713,-66.0,78.0,11.0,D
1,1295.4808853332713,-66.0,79.0,11.0,D
1,1295.657662028568,-65.0,80.0,11.0,D
1,1295.782662028568,-65.0,81.0,11.0,D
1,1295.9594387238647,-64.0,82.0,11.0,D
1,1296.0844387238647,-64.0,83.0,11.0,D
1,1296.437992114458,-62.0,85.0,11.0,D
1,1296.562992114458,-62.0,86.0,11.0,D
1,1296.7397688097547,-61.0,87.0,11.0,D
1,1296.8647688097547,-61.0,88.0,11.0,D
1,1297.218322200348,-59.0,90.0,11.0,D
1,1297.343322200348,-59.0,91.0,11.0,D
1,1297.5200988956447,-58.0,92.0,11.0,D
1,1297.6450988956447,-58.0,93.0,11.0,D
1,1297.998652286238,-56.0,95.0,11.0,D
1,1298.123652286238,-56.0,96.0,11.0,D
1,1298.3004289815347,-55.0,97.0,11.0,D
1,1298.4254289815347,-55.0,98.0,11.0,D
1,1298.778982372128,-53.0,100.0,11.0,D
1,1298.903982372128,-53.0,101.0,11.0,D
1,1299.0807590674247,-52.0,102.0,11.0,D
1,1299.2057590674247,-52.0,103.0,11.0,D
1,1299.559312458018,-50.0,105.0,11.0,D
1,1299.684312458018,-50.0,106.0,11.0,D
1,1299.8610891533147,-49.0,107.0,11.0,D
1,1299.9860891533147,-49.0,108.0,11.0,D
1,1300.339642543908,-47.0,110.0,11.0,D
1,1300.464642543908,-47.0,111.0,11.0,D
1,1300.6414192392047,-46.0,112.0,11.0,D
1,1300.7664192392047,-46.0,113.0,11.0,D
1,1300.9431959345013,-45.0,114.0,11.0,D
1,1301.0681959345013,-45.0,115.0,11.0,D
1,1301.4217493250947,-43.0,117.0,11.0,D
1,1301.5467493250947,-43.0,118.0,11.0,D
1,1301.7235260203913,-42.0,119.0,11.0,D
1,1301.8485260203913,-42.0,120.0,11.0,D
1,1302.2020794109847,-40.0,122.0,11.0,D
1,1302.3270794109847,-40.0,123.0,11.0,D
1,1302.5038561062813,-39.0,124.0,11.0,D
1,1302.6288561062813,-39.0,125.0,11.0,D
1,1302.9824094968747,-37.0,127.0,11.0,D
1,1303.1074094968747,-37.0,128.0,11.0,D
1,1303.2841861921713,-36.0,129.0,11.0,D
1,1303.4091861921713,-36.0,130.0,11.0,D
1,1303.7627395827647,-34.0,132.0,11.0,D
1,1303.8877395827647,-34.0,133.0,11.0,D
1,1304.0645162780613,-33.0,134.0,11.0,D
1,1304.1895162780613,-33.0,135.0,11.0,D
1,1304.5430696686547,-31.0,137.0,11.0,D
1,1304.6680696686547,-31.0,138.0,11.0,D
1,1304.8448463639513,-30.0,139.0,11.0,D
1,1304.9698463639513,-30.0,140.0,11.0,D
1,1305.146623059248,-29.0,141.0,11.0,D
1,1305.271623059248,-29.0,142.0,11.0,D
1,1305.6251764498413,-27.0,144.0,11.0,D
1,1305.7501764498413,-27.0,145.0,11.0,D
1,1305.926953145138,-26.0,146.0,11.0,D
1,1306.051953145138,-26.0,147.0,11.0,D
1,1306.4055065357313,-24.0,149.0,11.0,D
1,1306.5305065357313,-24.0,150.0,11.0,D
1,1306.707283231028,-23.0,151.0,11.0,D
1,1306.832283231028,-23.0,152.0,11.0,D
1,1307.1858366216213,-21.0,154.0,11.0,D
1,1307.3108366216213,-21.0,155.0,11.0,D
1,1307.487613316918,-20.0,156.0,11.0,D
1,1307.612613316918,-20.0,157.0,11.0,D
1,1307.9661667075113,-18.0,159.0,11.0,D
1,1308.0911667075113,-18.0,160.0,11.0,D
1,1308.267943402808,-17.0,161.0,11.0,D
1,1308.392943402808,-17.0,162.0,11.0,D
1,1308.7464967934013,-15.0,164.0,11.0,D
1,1308.8714967934013,-15.0,165.0,11.0,D
1,1309.048273488698,-14.0,166.0,11.0,D
1,1309.173273488698,-14.0,167.0,11.0,D
1,1309.5268268792913,-12.0,169.0,11.0,D
1,1309.6518268792913,-12.0,170.0,11.0,D
1,1309.828603574588,-11.0,171.0,11.0,D
1,1309.953603574588,-11.0,172.0,11.0,D
1,1310.1303802698847,-10.0,173.0,11.0,D
1,1310.2553802698847,-10.0,174.0,11.0,D
1,1310.608933660478,-8.0,176.0,11.0,D
1,1310.733933660478,-8.0,177.0,11.0,D
1,1311.0874870510713,-6.0,179.0,11.0,D
1,1311.2124870510713,-5.0,179.0,11.0,D
1,1311.389263746368,-4.0,180.0,11.0,D
1,1311.514263746368,-3.0,180.0,11.0,D
1,1311.6910404416647,-2.0,181.0,11.0,D
1,1311.9410404416647,0.0,181.0,11.0,D
1,1329.3160404416647,0.0,42.0,11.0,D
1,1339.9410404416647,85.0,42.0,11.0,D
1,1340.0660404416647,85.0,43.0,11.0,D
1,1340.2428171369613,84.0,44.0,11.0,D
1,1340.7428171369613,84.0,48.0,11.0,D
1,1340.919593832258,83.0,49.0,11.0,D
1,1341.044593832258,83.0,50.0,11.0,D
1,1341.3981472228513,81.0,52.0,11.0,D
1,1341.5231472228513,81.0,53.0,11.0,D
1,1341.699923918148,80.0,54.0,11.0,D
1,1341.824923918148,80.0,55.0,11.0,D
1,1342.0017006134447,79.0,56.0,11.0,D
1,1342.1267006134447,79.0,57.0,11.0,D
1,1342.480254004038,77.0,59.0,11.0,D
1,1342.605254004038,77.0,60.0,11.0,D
1,1342.7820306993347,76.0,61.0,11.0,D
1,1342.9070306993347,76.0,62.0,11.0,D
1,1343.260584089928,74.0,64.0,11.0,D
1,1343.385584089928,74.0,65.0,11.0,D
1,1343.5623607852247,73.0,66.0,11.0,D
1,1343.6873607852247,73.0,67.0,11.0,D
1,1344.040914175818,71.0,69.0,11.0,D
1,1344.165914175818,71.0,70.0,11.0,D
1,1344.3426908711147,70.0,71.0,11.0,D
1,1344.4676908711147,70.0,72.0,11.0,D
1,1344.821244261708,68.0,74.0,11.0,D
1,1344.946244261708,68.0,75.0,11.0,D
1,1345.1230209570047,67.0,76.0,11.0,D
1,1345.2480209570047,67.0,77.0,11.0,D
1,1345.601574347598,65.0,79.0,11.0,D
1,1345.726574347598,65.0,80.0,11.0,D
1,1345.9033510428947,64.0,81.0,11.0,D
1,1346.0283510428947,64.0,82.0,11.0,D
1,1346.2051277381913,63.0,83.0,11.0,D
1,1346.3301277381913,63.0,84.0,11.0,D
1,1346.6836811287847,61.0,86.0,11.0,D
1,1346.8086811287847,61.0,87.0,11.0,D
1,1346.9854578240813,60.0,88.0,11.0,D
1,1347.1104578240813,60.0,89.0,11.0,D
1,1347.4640112146747,58.0,91.0,11.0,D
1,1347.5890112146747,58.0,92.0,11.0,D
1,1347.7657879099713,57.0,93.0,11.0,D
1,1347.8907879099713,57.0,94.0,11.0,D
1,1348.2443413005647,55.0,96.0,11.0,D
1,1348.3693413005647,55.0,97.0,11.0,D
1,1348.5461179958613,54.0,98.0,11.0,D
1,1348.6711179958613,54.0,99.0,11.0,D
1,1349.0246713864547,52.0,101.0,11.0,D
1,1349.1496713864547,52.0,102.0,11.0,D
1,1349.3264480817513,51.0,103.0,11.0,D
1,1349.4514480817513,51.0,104.0,11.0,D
1,1349.8050014723447,49.0,106.0,11.0,D
1,1349.9300014723447,49.0,107.0,11.0,D
1,1350.1067781676413,48.0,108.0,11.0,D
1,1350.2317781676413,48.0,109.0,11.0,D
1,1350.5853315582347,46.0,111.0,11.0,D
1,1350.7103315582347,46.0,112.0,11.0,D
1,1350.8871082535313,45.0,113.0,11.0,D
1,1351.0121082535313,45.0,114.0,11.0,D
1,1351.188884948828,44.0,115.0,11.0,D
1,1351.313884948828,44.0,116.0,11.0,D
1,1351.6674383394213,42.0,118.0,11.0,D
1,1351.7924383394213,42.0,119.0,11.0,D
1,1351.969215034718,41.0,120.0,11.0,D
1,1352.094215034718,41.0,121.0,11.0,D
1,1352.4477684253113,39.0,123.0,11.0,D
1,1352.5727684253113,39.0,124.0,11.0,D
1,1352.749545120608,38.0,125.0,11.0,D
1,1352.874545120608,38.0,126.0,11.0,D
1,1353.2280985112013,36.0,128.0,11.0,D
1,1353.3530985112013,36.0,129.0,11.0,D
1,1353.529875206498,35.0,130.0,11.0,D
1,1353.654875206498,35.0,131.0,11.0,D
1,1354.0084285970913,33.0,133.0,11.0,D
1,1354.1334285970913,33.0,134.0,11.0,D
1,1354.310205292388,32.0,135.0,11.0,D
1,1354.435205292388,32.0,136.0,11.0,D
1,1354.7887586829813,30.0,138.0,11.0,D
1,1354.9137586829813,30.0,139.0,11.0,D
1,1355.090535378278,29.0,140.0,11.0,D
1,1355.215535378278,29.0,141.0,11.0,D
1,1355.3923120735747,28.0,142.0,11.0,D
1,1355.5173120735747,28.0,143.0,11.0,D
1,1355.870865464168,26.0,145.0,11.0,D
1,1355.995865464168,26.0,146.0,11.0,D
1,1356.1726421594647,25.0,147.0,11.0,D
1,1356.2976421594647,25.0,148.0,11.0,D
1,1356.651195550058,23.0,150.0,11.0,D
1,1356.776195550058,23.0,151.0,11.0,D
1,1356.9529722453547,22.0,152.0,11.0,D
1,1357.0779722453547,22.0,153.0,11.0,D
1,1357.431525635948,20.0,155.0,11.0,D
1,1357.556525635948,20.0,156.0,11.0,D
1,1357.7333023312447,19.0,157.0,11.0,D
1,1357.8583023312447,19.0,158.0,11.0,D
1,1358.211855721838,17.0,160.0,11.0,D
1,1358.336855721838,17.0,161.0,11.0,D
1,1358.5136324171347,16.0,162.0,11.0,D
1,1358.6386324171347,16.0,163.0,11.0,D
1,1358.992185807728,14.0,165.0,11.0,D
1,1359.117185807728,14.0,166.0,11.0,D
1,1359.2939625030247,13.0,167.0,11.0,D
1,1359.4189625030247,13.0,168.0,11.0,D
1,1359.772515893618,11.0,170.0,11.0,D
1,1359.897515893618,11.0,171.0,11.0,D
1,1360.0742925889147,10.0,172.0,11.0,D
1,1360.1992925889147,10.0,173.0,11.0,D
1,1360.3760692842113,9.0,174.0,11.0,D
1,1360.5010692842113,9.0,175.0,11.0,D
1,1360.677845979508,8.0,176.0,11.0,D
1,1360.802845979508,8.0,177.0,11.0,D
1,1360.9796226748047,7.0,178.0,11.0,D
1,1361.1046226748047,6.0,178.0,11.0,D
1,1361.2813993701013,5.0,179.0,11.0,D
1,1361.4063993701013,4.0,179.0,11.0,D
1,1361.583176065398,3.0,180.0,11.0,D
1,1361.708176065398,2.0,180.0,11.0,D
1,1361.8849527606947,1.0,181.0,11.0,D
1,1362.0099527606947,0.0,181.0,11.0,D
1,1362.8849527606947,0.0,188.0,11.0,T
1,1364.0112248809608,85.0,42.0,11.0,D
1,1364.2612248809608,85.0,40.0,11.0,D
1,1364.4380015762574,86.0,39.0,11.0,D
1,1364.5630015762574,86.0,38.0,11.0,D
1,1364.6880015762574,85.0,38.0,11.0,D
1,1365.0415549668508,83.0,36.0,11.0,D
1,1365.1665549668508,83.0,35.0,11.0,D
1,1365.3433316621474,82.0,34.0,11.0,D
1,1365.4683316621474,82.0,33.0,11.0,D
1,1365.645108357444,81.0,32.0,11.0,D
1,1365.770108357444,81.0,31.0,11.0,D
1,1366.1236617480374,79.0,29.0,11.0,D
1,1366.2486617480374,79.0,28.0,11.0,D
1,1366.425438443334,78.0,27.0,11.0,D
1,1366.550438443334,78.0,26.0,11.0,D
1,1366.9039918339274,76.0,24.0,11.0,D
1,1367.0289918339274,76.0,23.0,11.0,D
1,1367.205768529224,75.0,22.0,11.0,D
1,1367.330768529224,75.0,21.0,11.0,D
1,1367.5075452245208,74.0,20.0,11.0,D
1,1367.6325452245208,74.0,19.0,11.0,D
1,1367.986098615114,72.0,17.0,11.0,D
1,1368.111098615114,72.0,16.0,11.0,D
1,1368.2878753104108,71.0,15.0,11.0,D
1,1368.4128753104108,71.0,14.0,11.0,D
1,1368.766428701004,69.0,12.0,11.0,D
1,1368.891428701004,69.0,11.0,11.0,D
1,1369.0682053963008,68.0,10.0,11.0,D
1,1369.1932053963008,68.0,9.0,11.0,D
1,1369.546758786894,66.0,7.0,11.0,D
1,1369.671758786894,66.0,6.0,11.0,D
1,1369.8485354821908,65.0,5.0,11.0,D
1,1369.9735354821908,65.0,4.0,11.0,D
1,1370.327088872784,63.0,2.0,11.0,D
1,1370.452088872784,63.0,1.0,11.0,D
1,1370.6288655680808,62.0,0.0,11.0,D
1,1370.7538655680808,62.0,-1.0,11.0,D
1,1371.107418958674,60.0,-3.0,11.0,D
1,1371.232418958674,60.0,-4.0,11.0,D
1,1371.4091956539708,59.0,-5.0,11.0,D
1,1371.5341956539708,59.0,-6.0,11.0,D
1,1371.7109723492674,58.0,-7.0,11.0,D
1,1371.8359723492674,58.0,-8.0,11.0,D
1,1372.1895257398608,56.0,-10.0,11.0,D
1,1372.3145257398608,56.0,-11.0,11.0,D
1,1372.4913024351574,55.0,-12.0,11.0,D
1,1372.6163024351574,55.0,-13.0,11.0,D
1,1372.9698558257508,53.0,-15.0,11.0,D
1,1373.0948558257508,53.0,-16.0,11.0,D
1,1373.2716325210474,52.0,-17.0,11.0,D
1,1373.3966325210474,52.0,-18.0,11.0,D
1,1373.7501859116408,50.0,-20.0,11.0,D
1,1373.8751859116408,50.0,-21.0,11.0,D
1,1374.0519626069374,49.0,-22.0,11.0,D
1,1374.1769626069374,49.0,-23.0,11.0,D
1,1374.5305159975308,47.0,-25.0,11.0,D
1,1374.6555159975308,47.0,-26.0,11.0,D
1,1374.8322926928274,46.0,-27.0,11.0,D
1,1375.0822926928274,46.0,-29.0,11.0,D
1,1375.4358460834208,44.0,-31.0,11.0,D
1,1375.5608460834208,43.0,-31.0,11.0,D
1,1375.914399474014,41.0,-29.0,11.0,D
1,1376.164399474014,39.0,-29.0,11.0,D
1,1376.5179528646074,37.0,-27.0,11.0,D
1,1376.6429528646074,36.0,-27.0,11.0,D
1,1376.819729559904,35.0,-26.0,11.0,D
1,1376.944729559904,34.0,-26.0,11.0,D
1,1377.1215062552008,33.0,-25.0,11.0,D
1,1377.2465062552008,32.0,-25.0,11.0,D
1,1377.4232829504974,31.0,-24.0,11.0,D
1,1377.5482829504974,30.0,-24.0,11.0,D
1,1377.9018363410908,28.0,-22.0,11.0,D
1,1378.0268363410908,27.0,-22.0,11.0,D
1,1378.2036130363874,26.0,-21.0,11.0,D
1,1378.3286130363874,25.0,-21.0,11.0,D
1,1378.505389731684,24.0,-20.0,11.0,D
1,1378.630389731684,23.0,-20.0,11.0,D
1,1378.8071664269808,22.0,-19.0,11.0,D
1,1378.9321664269808,21.0,-19.0,11.0,D
1,1379.285719817574,19.0,-17.0,11.0,D
1,1379.410719817574,18.0,-17.0,11.0,D
1,1379.5874965128708,17.0,-16.0,11.0,D
1,1379.7124965128708,16.0,-16.0,11.0,D
1,1379.8892732081674,15.0,-15.0,11.0,D
1,1380.0142732081674,14.0,-15.0,11.0,D
1,1380.3678265987608,12.0,-13.0,11.0,D
1,1380.4928265987608,11.0,-13.0,11.0,D
1,1380.6696032940574,10.0,-12.0,11.0,D
1,1380.7946032940574,9.0,-12.0,11.0,D
1,1380.971379989354,8.0,-11.0,11.0,D
1,1381.096379989354,7.0,-11.0,11.0,D
1,1381.2731566846508,6.0,-10.0,11.0,D
1,1381.3981566846508,5.0,-10.0,11.0,D
1,1381.5749333799474,4.0,-9.0,11.0,D
1,1381.6999333799474,3.0,-9.0,11.0,D
1,1381.876710075244,2.0,-8.0,11.0,D
1,1382.126710075244,0.0,-8.0,11.0,T
1,1382.4503697044158,41.0,-34.0,11.0,D
1,1382.7003697044158,41.0,-36.0,11.0,D
1,1382.8771463997125,40.0,-37.0,11.0,D
1,1383.0021463997125,40.0,-38.0,11.0,D
1,1383.1789230950092,39.0,-39.0,11.0,D
1,1383.3039230950092,39.0,-40.0,11.0,D
1,1383.6574764856025,37.0,-42.0,11.0,D
1,1383.7824764856025,37.0,-43.0,11.0,D
1,1383.9592531808992,36.0,-44.0,11.0,D
1,1384.0842531808992,36.0,-45.0,11.0,D
1,1384.4378065714925,34.0,-47.0,11.0,D
1,1384.5628065714925,34.0,-48.0,11.0,D
1,1384.7395832667892,33.0,-49.0,11.0,D
1,1384.8645832667892,33.0,-50.0,11.0,D
1,1385.2181366573825,31.0,-52.0,11.0,D
1,1385.3431366573825,31.0,-53.0,11.0,D
1,1385.5199133526792,30.0,-54.0,11.0,D
1,1385.6449133526792,30.0,-55.0,11.0,D
1,1385.9984667432725,28.0,-57.0,11.0,D
1,1386.1234667432725,28.0,-58.0,11.0,D
1,1386.3002434385692,27.0,-59.0,11.0,D
1,1386.4252434385692,27.0,-60.0,11.0,D
1,1386.7787968291625,25.0,-62.0,11.0,D
1,1386.9037968291625,25.0,-63.0,11.0,D
1,1387.0805735244592,24.0,-64.0,11.0,D
1,1387.2055735244592,24.0,-65.0,11.0,D
1,1387.3823502197558,23.0,-66.0,11.0,D
1,1387.5073502197558,23.0,-67.0,11.0,D
1,1387.8609036103492,21.0,-69.0,11.0,D
1,1387.9859036103492,21.0,-70.0,11.0,D
1,1388.1626803056458,20.0,-71.0,11.0,D
1,1388.2876803056458,20.0,-72.0,11.0,D
1,1388.6412336962392,18.0,-74.0,11.0,D
1,1388.7662336962392,18.0,-75.0,11.0,D
1,1388.9430103915358,17.0,-76.0,11.0,D
1,1389.0680103915358,17.0,-77.0,11.0,D
1,1389.4215637821292,15.0,-79.0,11.0,D
1,1389.5465637821292,15.0,-80.0,11.0,D
1,1389.7233404774258,14.0,-81.0,11.0,D
1,1389.8483404774258,14.0,-82.0,11.0,D
1,1390.2018938680192,12.0,-84.0,11.0,D
1,1390.3268938680192,12.0,-85.0,11.0,D
1,1390.5036705633158,11.0,-86.0,11.0,D
1,1390.6286705633158,11.0,-87.0,11.0,D
1,1390.9822239539092,9.0,-89.0,11.0,D
1,1391.1072239539092,9.0,-90.0,11.0,D
1,1391.2840006492058,8.0,-91.0,11.0,D
1,1391.4090006492058,8.0,-92.0,11.0,D
1,1391.7625540397992,6.0,-94.0,11.0,D
1,1391.8875540397992,6.0,-95.0,11.0,D
1,1392.0643307350958,5.0,-96.0,11.0,D
1,1392.1893307350958,5.0,-97.0,11.0,D
1,1392.3661074303925,4.0,-98.0,11.0,D
1,1392.6161074303925,4.0,-100.0,11.0,D
1,1392.9696608209858,2.0,-102.0,11.0,D
1,1393.0946608209858,2.0,-103.0,11.0,D
1,1393.5946608209858,-2.0,-103.0,11.0,T
1,1393.6213274876525,2.0,-103.0,11.0,D
1,1393.9748808782458,4.0,-105.0,11.0,T
1,1394.5086307156125,41.0,-34.0,11.0,D
1,1394.8621841062056,43.0,-32.0,11.0,D
1,1394.9871841062056,44.0,-32.0,11.0,D
1,1395.1121841062056,45.0,-32.0,11.0,D
1,1395.465737496799,47.0,-34.0,11.0,D
1,1395.715737496799,49.0,-34.0,11.0,D
1,1395.8925141920956,50.0,-35.0,11.0,D
1,1396.0175141920956,51.0,-35.0,11.0,D
1,1396.1942908873923,52.0,-36.0,11.0,D
1,1396.3192908873923,53.0,-36.0,11.0,D
1,1396.6728442779856,55.0,-38.0,11.0,D
1,1396.7978442779856,56.0,-38.0,11.0,D
1,1396.9746209732823,57.0,-39.0,11.0,D
1,1397.0996209732823,58.0,-39.0,11.0,D
1,1397.276397668579,59.0,-40.0,11.0,D
1,1397.401397668579,60.0,-40.0,11.0,D
1,1397.7549510591723,62.0,-42.0,11.0,D
1,1397.8799510591723,63.0,-42.0,11.0,D
1,1398.056727754469,64.0,-43.0,11.0,D
1,1398.181727754469,65.0,-43.0,11.0,D
1,1398.3585044497656,66.0,-44.0,11.0,D
1,1398.4835044497656,67.0,-44.0,11.0,D
1,1398.6602811450623,68.0,-45.0,11.0,D
1,1398.7852811450623,69.0,-45.0,11.0,D
1,1399.1388345356556,71.0,-47.0,11.0,D
1,1399.2638345356556,72.0,-47.0,11.0,D
1,1399.4406112309523,73.0,-48.0,11.0,D
1,1399.5656112309523,74.0,-48.0,11.0,D
1,1399.742387926249,75.0,-49.0,11.0,D
1,1399.867387926249,76.0,-49.0,11.0,D
1,1400.2209413168423,78.0,-51.0,11.0,D
1,1400.3459413168423,79.0,-51.0,11.0,D
1,1400.522718012139,80.0,-52.0,11.0,D
1,1400.647718012139,81.0,-52.0,11.0,D
1,1400.8244947074356,82.0,-53.0,11.0,D
1,1400.9494947074356,83.0,-53.0,11.0,D
1,1401.1262714027323,84.0,-54.0,11.0,D
1,1401.2512714027323,85.0,-54.0,11.0,D
1,1401.6048247933256,87.0,-56.0,11.0,D
1,1401.7298247933256,88.0,-56.0,11.0,D
1,1401.9066014886223,89.0,-57.0,11.0,D
1,1402.0316014886223,90.0,-57.0,11.0,D
1,1402.208378183919,91.0,-58.0,11.0,D
1,1402.333378183919,92.0,-58.0,11.0,D
1,1402.6869315745123,94.0,-60.0,11.0,D
1,1402.8119315745123,95.0,-60.0,11.0,D
1,1402.988708269809,96.0,-61.0,11.0,D
1,1403.113708269809,97.0,-61.0,11.0,T
1,1403.5164764689289,44.0,-32.0,11.0,D
1,1403.6414764689289,44.0,-31.0,11.0,T
1,1403.6481431355955,43.0,-31.0,11.0,D
1,1403.7731431355955,43.0,-32.0,11.0,T
1,1404.2964233876805,98.0,24.0,11.0,D
1,1404.4214233876805,98.0,25.0,11.0,D
1,1404.7749767782739,96.0,27.0,11.0,D
1,1404.8999767782739,96.0,28.0,11.0,D
1,1405.0767534735705,95.0,29.0,11.0,D
1,1405.2017534735705,95.0,30.0,11.0,D
1,1405.5553068641639,93.0,32.0,11.0,D
1,1405.6803068641639,93.0,33.0,11.0,D
1,1405.8570835594605,92.0,34.0,11.0,D
1,1405.9820835594605,92.0,35.0,11.0,D
1,1406.3356369500539,90.0,37.0,11.0,D
1,1406.4606369500539,89.0,37.0,11.0,D
1,1406.6374136453505,88.0,38.0,11.0,D
1,1406.8874136453505,86.0,38.0,11.0,T
1,1408.8060358361715,-166.0,-101.0,11.0,D
1,1408.9310358361715,-166.0,-102.0,11.0,T
1,1417.582512267651,-1000.0,0.0,1000.0,W
2,0.0,500.0,866.025404,1000.0,W
2,90.27063134378481,500.0,866.025404,1000.0,T
2,99.38606729963361,99.7701,22.6,1.0,D
2,99.50232979963361,98.84,22.6,1.0,T
2,99.5333356445378,101.2129,18.6,1.0,D
2,99.64959814453779,102.143,18.6,1.0,T
2,99.67794651062043,103.5858,14.6,1.0,D
2,99.79420901062043,104.5159,14.6,1.0,T
2,99.82255737670307,105.9587,10.6,1.0,D
2,99.93881987670308,106.8888,10.6,1.0,T
2,99.9671680165911,108.3315,6.6,1.0,D
2,100.0834430165911,109.2617,6.6,1.0,T
2,100.11179115647913,110.7044,2.6,1.0,D
2,100.22806615647913,111.6346,2.6,1.0,T
2,100.25641429636715,113.0773,-1.4,1.0,D
2,100.37267679636716,114.0074,-1.4,1.0,T
2,100.4010251624498,115.4502,-5.4,1.0,D
2,100.5172876624498,116.3803,-5.4,1.0,T
2,100.54563602853244,117.8231,-9.4,1.0,D
2,100.66189852853245,118.7532,-9.4,1.0,T
2,100.69024666842047,120.1959,-13.4,1.0,D
2,100.80652166842047,121.1261,-13.4,1.0,T
2,100.8348698083085,122.5688,-17.4,1.0,D
2,100.9511448083085,123.499,-17.4,1.0,T
2,100.97949294819652,124.9417,-21.4,1.0,D
2,101.09575544819653,125.8718,-21.4,1.0,T
2,101.12410381427917,127.3146,-25.4,1.0,D
2,101.24036631427917,128.2447,-25.4,1.0,T
2,101.26871468036181,129.6875,-29.4,1.0,D
2,101.38497718036182,130.6176,-29.4,1.0,T
2,101.41332554644445,132.0604,-33.4,1.0,D
2,101.52958804644446,132.9905,-33.4,1.0,T
2,101.55793618633248,134.4332,-37.4,1.0,D
2,101.67421118633249,135.3634,-37.4,1.0,T
2,101.70255932622051,136.8061,-41.4,1.0,D
2,101.81882182622051,137.7362,-41.4,1.0,T
2,101.84717019230315,139.179,-45.4,1.0,D
2,101.96343269230316,140.1091,-45.4,1.0,T
2,101.9917810583858,141.5519,-49.4,1.0,D
2,102.1080435583858,142.482,-49.4,1.0,T
2,102.13639192446844,143.9248,-53.4,1.0,D
2,102.25265442446845,144.8549,-53.4,1.0,T
2,102.28100256435647,146.2976,-57.4,1.0,D
2,102.39727756435647,147.2278,-57.4,1.0,T
2,102.4256257042445,148.6705,-61.4,1.0,D
2,102.5419007042445,149.6007,-61.4,1.0,T
2,102.57024884413252,151.0434,-65.4,1.0,D
2,102.68651134413253,151.9735,-65.4,1.0,T
2,102.71485971021517,153.4163,-69.4,1.0,D
2,102.83112221021517,154.3464,-69.4,1.0,T
2,102.85947057629781,155.7892,-73.4,1.0,D
2,102.97573307629781,156.7193,-73.4,1.0,T
2,103.00408121618584,158.162,-77.4,1.0,D
2,103.12035621618584,159.0922,-77.4,1.0,T
2,103.14870435607386,160.5349,-81.4,1.0,D
2,103.26497935607387,161.4651,-81.4,1.0,T
2,103.29332749596189,162.9078,-85.4,1.0,D
2,103.4095899959619,163.8379,-85.4,1.0,T
2,103.43793836204453,165.2807,-89.4,1.0,D
2,103.55420086204454,166.2108,-89.4,1.0,T
2,103.58211513465034,167.4486,-93.4,1.0,D
2,103.72400263465035,168.5837,-93.4,1.0,T
2,103.75500847955453,170.9566,-97.4,1.0,D
2,104.42699597955453,165.5807,-97.4,1.0,T
2,104.44883197955453,162.3053,-97.4,1.0,D
2,104.65473197955453,160.6581,-97.4,1.0,T
2,104.68666580424804,163.2934,-101.4,1.0,D
2,105.94117830424803,173.3295,-101.4,1.0,T
2,106.07345293734313,155.1726,-93.4,1.0,D
2,106.27760293734313,153.5394,-93.4,1.0,T
2,106.32286303026295,148.0539,-89.4,1.0,D
2,106.52700053026295,146.4208,-89.4,1.0,T
2,106.57226062318277,140.9353,-85.4,1.0,D
2,106.77641062318278,139.3021,-85.4,1.0,T
2,106.8216707161026,133.8166,-81.4,1.0,D
2,107.0258082161026,132.1835,-81.4,1.0,T
2,107.07106884768851,126.6979,-77.4,1.0,D
2,107.27520634768851,125.0648,-77.4,1.0,T
2,107.32046644060833,119.5793,-73.4,1.0,D
2,107.52460394060833,117.9462,-73.4,1.0,T
2,107.56986457219423,112.4606,-69.4,1.0,D
2,107.77400207219424,110.8275,-69.4,1.0,T
2,107.81926216511405,105.342,-65.4,1.0,D
2,108.02339966511406,103.7089,-65.4,1.0,T
2,108.06866029669996,98.2233,-61.4,1.0,D
2,108.27279779669996,96.5902,-61.4,1.0,T
2,117.74992428740988,500.0,866.025404,1000.0,W
2,424.7819492917369,500.0,866.025404,1000.0,T
2,433.88535471310746,98.0,24.0,3.0,D
2,434.06213140840407,99.0,23.0,3.0,D
2,434.18713140840407,99.0,22.0,3.0,D
2,434.3639081037007,100.0,21.0,3.0,D
2,434.4889081037007,100.0,20.0,3.0,D
2,434.84246149429396,102.0,18.0,3.0,D
2,434.96746149429396,102.0,17.0,3.0,D
2,435.14423818959057,103.0,16.0,3.0,D
2,435.26923818959057,103.0,15.0,3.0,D
2,435.62279158018384,105.0,13.0,3.0,D
2,435.74779158018384,105.0,12.0,3.0,D
2,435.92456827548045,106.0,11.0,3.0,D
2,436.04956827548045,106.0,10.0,3.0,D
2,436.40312166607373,108.0,8.0,3.0,D
2,436.52812166607373,108.0,7.0,3.0,D
2,436.70489836137034,109.0,6.0,3.0,D
2,436.82989836137034,109.0,5.0,3.0,D
2,437.1834517519636,111.0,3.0,3.0,D
2,437.3084517519636,111.0,2.0,3.0,D
2,437.4852284472602,112.0,1.0,3.0,D
2,437.6102284472602,112.0,0.0,3.0,D
2,437.9637818378535,114.0,-2.0,3.0,D
2,438.0887818378535,114.0,-3.0,3.0,D
2,438.2655585331501,115.0,-4.0,3.0,D
2,438.3905585331501,115.0,-5.0,3.0,D
2,438.5673352284467,116.0,-6.0,3.0,D
2,438.6923352284467,116.0,-7.0,3.0,D
2,439.04588861904,118.0,-9.0,3.0,D
2,439.17088861904,118.0,-10.0,3.0,D
2,439.3476653143366,119.0,-11.0,3.0,D
2,439.4726653143366,119.0,-12.0,3.0,D
2,439.8262187049299,121.0,-14.0,3.0,D
2,439.9512187049299,121.0,-15.0,3.0,D
2,440.1279954002265,122.0,-16.0,3.0,D
2,440.2529954002265,122.0,-17.0,3.0,D
2,440.6065487908198,124.0,-19.0,3.0,D
2,440.7315487908198,124.0,-20.0,3.0,D
2,440.9083254861164,125.0,-21.0,3.0,D
2,441.0333254861164,125.0,-22.0,3.0,D
2,441.38687887670966,127.0,-24.0,3.0,D
2,441.51187887670966,127.0,-25.0,3.0,D
2,441.68865557200627,128.0,-26.0,3.0,D
2,441.81365557200627,128.0,-27.0,3.0,D
2,442.16720896259955,130.0,-29.0,3.0,D
2,442.29220896259955,130.0,-30.0,3.0,D
2,442.46898565789616,131.0,-31.0,3.0,D
2,442.59398565789616,131.0,-32.0,3.0,D
2,442.94753904848943,133.0,-34.0,3.0,D
2,443.07253904848943,133.0,-35.0,3.0,D
2,443.24931574378604,134.0,-36.0,3.0,D
2,443.37431574378604,134.0,-37.0,3.0,D
2,443.55109243908265,135.0,-38.0,3.0,D
2,443.67609243908265,135.0,-39.0,3.0,D
2,444.0296458296759,137.0,-41.0,3.0,D
2,444.1546458296759,137.0,-42.0,3.0,D
2,444.33142252497254,138.0,-43.0,3.0,D
2,444.45642252497254,138.0,-44.0,3.0,D
2,444.8099759155658,140.0,-46.0,3.0,D
2,444.9349759155658,140.0,-47.0,3.0,D
2,445.1117526108624,141.0,-48.0,3.0,D
2,445.2367526108624,141.0,-49.0,3.0,D
2,445.5903060014557,143.0,-51.0,3.0,D
2,445.7153060014557,143.0,-52.0,3.0,D
2,445.8920826967523,144.0,-53.0,3.0,D
2,446.0170826967523,144.0,-54.0,3.0,D
2,446.3706360873456,146.0,-56.0,3.0,D
2,446.4956360873456,146.0,-57.0,3.0,D
2,446.6724127826422,147.0,-58.0,3.0,D
2,446.7974127826422,147.0,-59.0,3.0,D
2,447.1509661732355,149.0,-61.0,3.0,D
2,447.2759661732355,149.0,-62.0,3.0,D
2,447.4527428685321,150.0,-63.0,3.0,D
2,447.5777428685321,150.0,-64.0,3.0,D
2,447.7545195638287,151.0,-65.0,3.0,D
2,447.8795195638287,151.0,-66.0,3.0,D
2,448.23307295442197,153.0,-68.0,3.0,D
2,448.35807295442197,153.0,-69.0,3.0,D
2,448.5348496497186,154.0,-70.0,3.0,D
2,448.6598496497186,154.0,-71.0,3.0,D
2,449.01340304031186,156.0,-73.0,3.0,D
2,449.13840304031186,156.0,-74.0,3.0,D
2,449.31517973560847,157.0,-75.0,3.0,D
2,449.44017973560847,157.0,-76.0,3.0,D
2,449.79373312620174,159.0,-78.0,3.0,D
2,449.91873312620174,159.0,-79.0,3.0,D
2,450.09550982149835,160.0,-80.0,3.0,D
2,450.22050982149835,160.0,-81.0,3.0,D
2,450.57406321209163,162.0,-83.0,3.0,D
2,450.69906321209163,162.0,-84.0,3.0,D
2,450.87583990738824,163.0,-85.0,3.0,D
2,451.00083990738824,163.0,-86.0,3.0,D
2,451.3543932979815,165.0,-88.0,3.0,D
2,451.4793932979815,165.0,-89.0,3.0,D
2,451.6561699932781,166.0,-90.0,3.0,D
2,451.7811699932781,166.0,-91.0,3.0,D
2,451.95794668857474,167.0,-92.0,3.0,D
2,452.45794668857474,167.0,-96.0,3.0,D
2,452.63472338387135,168.0,-97.0,3.0,D
2,452.88472338387135,168.0,-99.0,3.0,D
2,453.06150007916796,167.0,-100.0,3.0,D
2,453.18650007916796,166.0,-100.0,3.0,D
2,453.31150007916796,165.0,-100.0,3.0,D
2,453.84183016505784,162.0,-97.0,3.0,D
2,454.09183016505784,160.0,-97.0,3.0,D
2,454.4453835556511,158.0,-95.0,3.0,D
2,454.5703835556511,157.0,-95.0,3.0,D
2,454.74716025094773,156.0,-94.0,3.0,D
2,454.87216025094773,155.0,-94.0,3.0,D
2,455.04893694624434,154.0,-93.0,3.0,D
2,455.17393694624434,153.0,-93.0,3.0,D
2,455.35071364154095,152.0,-92.0,3.0,D
2,455.47571364154095,151.0,-92.0,3.0,D
2,455.8292670321342,149.0,-90.0,3.0,D
2,455.9542670321342,148.0,-90.0,3.0,D
2,456.13104372743084,147.0,-89.0,3.0,D
2,456.25604372743084,146.0,-89.0,3.0,D
2,456.43282042272745,145.0,-88.0,3.0,D
2,456.55782042272745,144.0,-88.0,3.0,D
2,456.9113738133207,142.0,-86.0,3.0,D
2,457.0363738133207,141.0,-86.0,3.0,D
2,457.21315050861733,140.0,-85.0,3.0,D
2,457.33815050861733,139.0,-85.0,3.0,D
2,457.51492720391394,138.0,-84.0,3.0,D
2,457.63992720391394,137.0,-84.0,3.0,D
2,457.81670389921055,136.0,-83.0,3.0,D
2,457.94170389921055,135.0,-83.0,3.0,D
2,458.2952572898038,133.0,-81.0,3.0,D
2,458.4202572898038,132.0,-81.0,3.0,D
2,458.59703398510044,131.0,-80.0,3.0,D
2,458.72203398510044,130.0,-80.0,3.0,D
2,458.89881068039705,129.0,-79.0,3.0,D
2,459.02381068039705,128.0,-79.0,3.0,D
2,459.20058737569366,127.0,-78.0,3.0,D
2,459.32558737569366,126.0,-78.0,3.0,D
2,459.67914076628693,124.0,-76.0,3.0,D
2,459.80414076628693,123.0,-76.0,3.0,D
2,459.98091746158354,122.0,-75.0,3.0,D
2,460.10591746158354,121.0,-75.0,3.0,D
2,460.28269415688015,120.0,-74.0,3.0,D
2,460.40769415688015,119.0,-74.0,3.0,D
2,460.76124754747343,117.0,-72.0,3.0,D
2,460.88624754747343,116.0,-72.0,3.0,D
2,461.06302424277004,115.0,-71.0,3.0,D
2,461.18802424277004,114.0,-71.0,3.0,D
2,461.36480093806665,113.0,-70.0,3.0,D
2,461.48980093806665,112.0,-70.0,3.0,D
2,461.66657763336326,111.0,-69.0,3.0,D
2,461.79157763336326,110.0,-69.0,3.0,D
2,462.14513102395654,108.0,-67.0,3.0,D
2,462.27013102395654,107.0,-67.0,3.0,D
2,462.44690771925315,106.0,-66.0,3.0,D
2,462.57190771925315,105.0,-66.0,3.0,D
2,462.74868441454976,104.0,-65.0,3.0,D
2,462.87368441454976,103.0,-65.0,3.0,D
2,463.22723780514303,101.0,-63.0,3.0,D
2,463.35223780514303,100.0,-63.0,3.0,D
2,463.52901450043964,99.0,-62.0,3.0,D
2,463.65401450043964,98.0,-62.0,3.0,D
2,463.83079119573625,97.0,-61.0,3.0,T
2,464.3591849882812,166.0,-100.0,3.0,D
2,464.6091849882812,166.0,-102.0,3.0,D
2,465.1395150741711,163.0,-105.0,3.0,D
2,485.0145150741711,4.0,-105.0,3.0,T
2,486.09470024348235,166.0,-102.0,3.0,D
2,486.21970024348235,167.0,-102.0,3.0,D
2,486.39647693877896,168.0,-103.0,3.0,D
2,486.64647693877896,170.0,-103.0,3.0,D
2,486.82325363407557,171.0,-104.0,3.0,D
2,486.94825363407557,172.0,-104.0,3.0,D
2,487.1250303293722,173.0,-105.0,3.0,T
2,496.6558652822172,500.0,866.025404,1000.0,W
2,586.8868814209292,500.0,866.025404,1000.0,T
2,595.9828521649615,99.7701,22.6,5.0,D
2,596.0991146649615,98.84,22.6,5.0,T
2,596.1301205098656,101.2129,18.6,5.0,D
2,596.2463830098657,102.143,18.6,5.0,T
2,596.2747313759484,103.5858,14.6,5.0,D
2,596.3909938759483,104.5159,14.6,5.0,T
2,596.419342242031,105.9587,10.6,5.0,D
2,596.535604742031,106.8888,10.6,5.0,T
2,596.563952881919,108.3315,6.6,5.0,D
2,596.680227881919,109.2617,6.6,5.0,T
2,596.7085760218071,110.7044,2.6,5.0,D
2,596.824851021807,111.6346,2.6,5.0,T
2,596.8531991616951,113.0773,-1.4,5.0,D
2,596.969461661695,114.0074,-1.4,5.0,T
2,596.9978100277777,115.4502,-5.4,5.0,D
2,597.1140725277777,116.3803,-5.4,5.0,T
2,597.1424208938604,117.8231,-9.4,5.0,D
2,597.2586833938603,118.7532,-9.4,5.0,T
2,597.2870315337484,120.1959,-13.4,5.0,D
2,597.4033065337484,121.1261,-13.4,5.0,T
2,597.4316546736364,122.5688,-17.4,5.0,D
2,597.5479296736364,123.499,-17.4,5.0,T
2,597.5762778135245,124.9417,-21.4,5.0,D
2,597.6925403135244,125.8718,-21.4,5.0,T
2,597.7208886796071,127.3146,-25.4,5.0,D
2,597.8371511796071,128.2447,-25.4,5.0,T
2,597.8654995456898,129.6875,-29.4,5.0,D
2,597.9817620456897,130.6176,-29.4,5.0,T
2,598.0101104117724,132.0604,-33.4,5.0,D
2,598.1263729117724,132.9905,-33.4,5.0,T
2,598.1547210516604,134.4332,-37.4,5.0,D
2,598.2709960516604,135.3634,-37.4,5.0,T
2,598.2993441915485,136.8061,-41.4,5.0,D
2,598.4156066915484,137.7362,-41.4,5.0,T
2,598.4439550576311,139.179,-45.4,5.0,D
2,598.5602175576311,140.1091,-45.4,5.0,T
2,598.5885659237138,141.5519,-49.4,5.0,D
2,598.7048284237137,142.482,-49.4,5.0,T
2,598.7331767897964,143.9248,-53.4,5.0,D
2,598.8494392897964,144.8549,-53.4,5.0,T
2,598.8777874296844,146.2976,-57.4,5.0,D
2,598.9940624296844,147.2278,-57.4,5.0,T
2,599.0224105695725,148.6705,-61.4,5.0,D
2,599.1386855695724,149.6007,-61.4,5.0,T
2,599.1670337094605,151.0434,-65.4,5.0,D
2,599.2832962094604,151.9735,-65.4,5.0,T
2,599.3116445755431,153.4163,-69.4,5.0,D
2,599.4279070755431,154.3464,-69.4,5.0,T
2,599.4562554416258,155.7892,-73.4,5.0,D
2,599.5725179416257,156.7193,-73.4,5.0,T
2,599.6008660815138,158.162,-77.4,5.0,D
2,599.7171410815138,159.0922,-77.4,5.0,T
2,599.7454892214018,160.5349,-81.4,5.0,D
2,599.8617642214018,161.4651,-81.4,5.0,T
2,599.8901123612899,162.9078,-85.4,5.0,D
2,600.0063748612898,163.8379,-85.4,5.0,T
2,600.0347232273725,165.2807,-89.4,5.0,D
2,600.1509857273725,166.2108,-89.4,5.0,T
2,600.1788999999783,167.4486,-93.4,5.0,D
2,600.3207874999782,168.5837,-93.4,5.0,T
2,600.3517933448824,170.9566,-97.4,5.0,D
2,601.0237808448824,165.5807,-97.4,5.0,T
2,601.0456168448824,162.3053,-97.4,5.0,D
2,601.2515168448824,160.6581,-97.4,5.0,T
2,601.2834506695759,163.2934,-101.4,5.0,D
2,602.537963169576,173.3295,-101.4,5.0,T
2,602.6702378026711,155.1726,-93.4,5.0,D
2,602.8743878026711,153.5394,-93.4,5.0,T
2,602.919647895591,148.0539,-89.4,5.0,D
2,603.123785395591,146.4208,-89.4,5.0,T
2,603.1690454885108,140.9353,-85.4,5.0,D
2,603.3731954885108,139.3021,-85.4,5.0,T
2,603.4184555814306,133.8166,-81.4,5.0,D
2,603.6225930814306,132.1835,-81.4,5.0,T
2,603.6678537130166,126.6979,-77.4,5.0,D
2,603.8719912130166,125.0648,-77.4,5.0,T
2,603.9172513059365,119.5793,-73.4,5.0,D
2,604.1213888059365,117.9462,-73.4,5.0,T
2,604.1666494375224,112.4606,-69.4,5.0,D
2,604.3707869375224,110.8275,-69.4,5.0,T
2,604.4160470304423,105.342,-65.4,5.0,D
2,604.6201845304423,103.7089,-65.4,5.0,T
2,604.6654451620283,98.2233,-61.4,5.0,D
2,604.8695826620283,96.5902,-61.4,5.0,T
2,614.3279883221819,500.0,866.025404,1000.0,W
2,921.2800065044203,500.0,866.025404,1000.0,T
2,930.3639600758594,98.0,24.0,7.0,D
2,930.5407367711559,99.0,23.0,7.0,D
2,930.6657367711559,99.0,22.0,7.0,D
2,930.8425134664526,100.0,21.0,7.0,D
2,930.9675134664526,100.0,20.0,7.0,D
2,931.3210668570458,102.0,18.0,7.0,D
2,931.4460668570458,102.0,17.0,7.0,D
2,931.6228435523425,103.0,16.0,7.0,D
2,931.7478435523425,103.0,15.0,7.0,D
2,932.1013969429357,105.0,13.0,7.0,D
2,932.2263969429357,105.0,12.0,7.0,D
2,932.4031736382324,106.0,11.0,7.0,D
2,932.5281736382324,106.0,10.0,7.0,D
2,932.8817270288256,108.0,8.0,7.0,D
2,933.0067270288256,108.0,7.0,7.0,D
2,933.1835037241223,109.0,6.0,7.0,D
2,933.3085037241223,109.0,5.0,7.0,D
2,933.6620571147155,111.0,3.0,7.0,D
2,933.7870571147155,111.0,2.0,7.0,D
2,933.9638338100121,112.0,1.0,7.0,D
2,934.0888338100121,112.0,0.0,7.0,D
2,934.4423872006054,114.0,-2.0,7.0,D
2,934.5673872006054,114.0,-3.0,7.0,D
2,934.744163895902,115.0,-4.0,7.0,D
2,934.869163895902,115.0,-5.0,7.0,D
2,935.0459405911987,116.0,-6.0,7.0,D
2,935.1709405911987,116.0,-7.0,7.0,D
2,935.5244939817919,118.0,-9.0,7.0,D
2,935.6494939817919,118.0,-10.0,7.0,D
2,935.8262706770886,119.0,-11.0,7.0,D
2,935.9512706770886,119.0,-12.0,7.0,D
2,936.3048240676818,121.0,-14.0,7.0,D
2,936.4298240676818,121.0,-15.0,7.0,D
2,936.6066007629785,122.0,-16.0,7.0,D
2,936.7316007629785,122.0,-17.0,7.0,D
2,937.0851541535717,124.0,-19.0,7.0,D
2,937.2101541535717,124.0,-20.0,7.0,D
2,937.3869308488684,125.0,-21.0,7.0,D
2,937.5119308488684,125.0,-22.0,7.0,D
2,937.8654842394616,127.0,-24.0,7.0,D
2,937.9904842394616,127.0,-25.0,7.0,D
2,938.1672609347582,128.0,-26.0,7.0,D
2,938.2922609347582,128.0,-27.0,7.0,D
2,938.6458143253515,130.0,-29.0,7.0,D
2,938.7708143253515,130.0,-30.0,7.0,D
2,938.9475910206481,131.0,-31.0,7.0,D
2,939.0725910206481,131.0,-32.0,7.0,D
2,939.4261444112414,133.0,-34.0,7.0,D
2,939.5511444112414,133.0,-35.0,7.0,D
2,939.727921106538,134.0,-36.0,7.0,D
2,939.852921106538,134.0,-37.0,7.0,D
2,940.0296978018347,135.0,-38.0,7.0,D
2,940.1546978018347,135.0,-39.0,7.0,D
2,940.5082511924279,137.0,-41.0,7.0,D
2,940.6332511924279,137.0,-42.0,7.0,D
2,940.8100278877246,138.0,-43.0,7.0,D
2,940.9350278877246,138.0,-44.0,7.0,D
2,941.2885812783178,140.0,-46.0,7.0,D
2,941.4135812783178,140.0,-47.0,7.0,D
2,941.5903579736145,141.0,-48.0,7.0,D
2,941.7153579736145,141.0,-49.0,7.0,D
2,942.0689113642077,143.0,-51.0,7.0,D
2,942.1939113642077,143.0,-52.0,7.0,D
2,942.3706880595043,144.0,-53.0,7.0,D
2,942.4956880595043,144.0,-54.0,7.0,D
2,942.8492414500976,146.0,-56.0,7.0,D
2,942.9742414500976,146.0,-57.0,7.0,D
2,943.1510181453942,147.0,-58.0,7.0,D
2,943.2760181453942,147.0,-59.0,7.0,D
2,943.6295715359875,149.0,-61.0,7.0,D
2,943.7545715359875,149.0,-62.0,7.0,D
2,943.9313482312841,150.0,-63.0,7.0,D
2,944.0563482312841,150.0,-64.0,7.0,D
2,944.2331249265808,151.0,-65.0,7.0,D
2,944.3581249265808,151.0,-66.0,7.0,D
2,944.711678317174,153.0,-68.0,7.0,D
2,944.836678317174,153.0,-69.0,7.0,D
2,945.0134550124707,154.0,-70.0,7.0,D
2,945.1384550124707,154.0,-71.0,7.0,D
2,945.4920084030639,156.0,-73.0,7.0,D
2,945.6170084030639,156.0,-74.0,7.0,D
2,945.7937850983606,157.0,-75.0,7.0,D
2,945.9187850983606,157.0,-76.0,7.0,D
2,946.2723384889538,159.0,-78.0,7.0,D
2,946.3973384889538,159.0,-79.0,7.0,D
2,946.5741151842504,160.0,-80.0,7.0,D
2,946.6991151842504,160.0,-81.0,7.0,D
2,947.0526685748437,162.0,-83.0,7.0,D
2,947.1776685748437,162.0,-84.0,7.0,D
2,947.3544452701403,163.0,-85.0,7.0,D
2,947.4794452701403,163.0,-86.0,7.0,D
2,947.8329986607336,165.0,-88.0,7.0,D
2,947.9579986607336,165.0,-89.0,7.0,D
2,948.1347753560302,166.0,-90.0,7.0,D
2,948.2597753560302,166.0,-91.0,7.0,D
2,948.4365520513269,167.0,-92.0,7.0,D
2,948.9365520513269,167.0,-96.0,7.0,D
2,949.1133287466236,168.0,-97.0,7.0,D
2,949.3633287466236,168.0,-99.0,7.0,D
2,949.5401054419202,167.0,-100.0,7.0,D
2,949.6651054419202,166.0,-100.0,7.0,D
2,949.7901054419202,165.0,-100.0,7.0,D
2,950.3204355278101,162.0,-97.0,7.0,D
2,950.5704355278101,160.0,-97.0,7.0,D
2,950.9239889184033,158.0,-95.0,7.0,D
2,951.0489889184033,157.0,-95.0,7.0,D
2,951.2257656137,156.0,-94.0,7.0,D
2,951.3507656137,155.0,-94.0,7.0,D
2,951.5275423089967,154.0,-93.0,7.0,D
2,951.6525423089967,153.0,-93.0,7.0,D
2,951.8293190042933,152.0,-92.0,7.0,D
2,951.9543190042933,151.0,-92.0,7.0,D
2,952.3078723948865,149.0,-90.0,7.0,D
2,952.4328723948865,148.0,-90.0,7.0,D
2,952.6096490901832,147.0,-89.0,7.0,D
2,952.7346490901832,146.0,-89.0,7.0,D
2,952.9114257854799,145.0,-88.0,7.0,D
2,953.0364257854799,144.0,-88.0,7.0,D
2,953.3899791760731,142.0,-86.0,7.0,D
2,953.5149791760731,141.0,-86.0,7.0,D
2,953.6917558713698,140.0,-85.0,7.0,D
2,953.8167558713698,139.0,-85.0,7.0,D
2,953.9935325666664,138.0,-84.0,7.0,D
2,954.1185325666664,137.0,-84.0,7.0,D
2,954.2953092619631,136.0,-83.0,7.0,D
2,954.4203092619631,135.0,-83.0,7.0,D
2,954.7738626525563,133.0,-81.0,7.0,D
2,954.8988626525563,132.0,-81.0,7.0,D
2,955.075639347853,131.0,-80.0,7.0,D
2,955.200639347853,130.0,-80.0,7.0,D
2,955.3774160431497,129.0,-79.0,7.0,D
2,955.5024160431497,128.0,-79.0,7.0,D
2,955.6791927384463,127.0,-78.0,7.0,D
2,955.8041927384463,126.0,-78.0,7.0,D
2,956.1577461290395,124.0,-76.0,7.0,D
2,956.2827461290395,123.0,-76.0,7.0,D
2,956.4595228243362,122.0,-75.0,7.0,D
2,956.5845228243362,121.0,-75.0,7.0,D
2,956.7612995196329,120.0,-74.0,7.0,D
2,956.8862995196329,119.0,-74.0,7.0,D
2,957.2398529102261,117.0,-72.0,7.0,D
2,957.3648529102261,116.0,-72.0,7.0,D
2,957.5416296055228,115.0,-71.0,7.0,D
2,957.6666296055228,114.0,-71.0,7.0,D
2,957.8434063008194,113.0,-70.0,7.0,D
2,957.9684063008194,112.0,-70.0,7.0,D
2,958.1451829961161,111.0,-69.0,7.0,D
2,958.2701829961161,110.0,-69.0,7.0,D
2,958.6237363867093,108.0,-67.0,7.0,D
2,958.7487363867093,107.0,-67.0,7.0,D
2,958.925513082006,106.0,-66.0,7.0,D
2,959.050513082006,105.0,-66.0,7.0,D
2,959.2272897773026,104.0,-65.0,7.0,D
2,959.3522897773026,103.0,-65.0,7.0,D
2,959.7058431678959,101.0,-63.0,7.0,D
2,959.8308431678959,100.0,-63.0,7.0,D
2,960.0076198631925,99.0,-62.0,7.0,D
2,960.1326198631925,98.0,-62.0,7.0,D
2,960.3093965584892,97.0,-61.0,7.0,T
2,960.8377903510341,166.0,-100.0,7.0,D
2,961.0877903510341,166.0,-102.0,7.0,D
2,961.618120436924,163.0,-105.0,7.0,D
2,981.493120436924,4.0,-105.0,7.0,T
2,982.5733056062352,166.0,-102.0,7.0,D
2,982.6983056062352,167.0,-102.0,7.0,D
2,982.8750823015318,168.0,-103.0,7.0,D
2,983.1250823015318,170.0,-103.0,7.0,D
2,983.3018589968285,171.0,-104.0,7.0,D
2,983.4268589968285,172.0,-104.0,7.0,D
2,983.6036356921252,173.0,-105.0,7.0,T
2,993.1158928964167,500.0,866.025404,1000.0,W
2,1083.3073650227213,500.0,866.025404,1000.0,T
2,1092.3839071566854,99.7701,22.6,9.0,D
2,1092.5001696566853,98.84,22.6,9.0,T
2,1092.5311755015896,101.2129,18.6,9.0,D
2,1092.6474380015895,102.143,18.6,9.0,T
2,1092.6757863676721,103.5858,14.6,9.0,D
2,1092.792048867672,104.5159,14.6,9.0,T
2,1092.8203972337546,105.9587,10.6,9.0,D
2,1092.9366597337548,106.8888,10.6,9.0,T
2,1092.965007873643,108.3315,6.6,9.0,D
2,1093.0812828736427,109.2617,6.6,9.0,T
2,1093.1096310135308,110.7044,2.6,9.0,D
2,1093.2259060135307,111.6346,2.6,9.0,T
2,1093.2542541534187,113.0773,-1.4,9.0,D
2,1093.3705166534187,114.0074,-1.4,9.0,T
2,1093.3988650195013,115.4502,-5.4,9.0,D
2,1093.5151275195014,116.3803,-5.4,9.0,T
2,1093.543475885584,117.8231,-9.4,9.0,D
2,1093.6597383855842,118.7532,-9.4,9.0,T
2,1093.6880865254723,120.1959,-13.4,9.0,D
2,1093.8043615254721,121.1261,-13.4,9.0,T
2,1093.8327096653602,122.5688,-17.4,9.0,D
2,1093.94898466536,123.499,-17.4,9.0,T
2,1093.9773328052481,124.9417,-21.4,9.0,D
2,1094.093595305248,125.8718,-21.4,9.0,T
2,1094.1219436713307,127.3146,-25.4,9.0,D
2,1094.2382061713306,128.2447,-25.4,9.0,T
2,1094.2665545374132,129.6875,-29.4,9.0,D
2,1094.3828170374134,130.6176,-29.4,9.0,T
2,1094.411165403496,132.0604,-33.4,9.0,D
2,1094.5274279034961,132.9905,-33.4,9.0,T
2,1094.5557760433842,134.4332,-37.4,9.0,D
2,1094.672051043384,135.3634,-37.4,9.0,T
2,1094.700399183272,136.8061,-41.4,9.0,D
2,1094.816661683272,137.7362,-41.4,9.0,T
2,1094.8450100493546,139.179,-45.4,9.0,D
2,1094.9612725493548,140.1091,-45.4,9.0,T
2,1094.9896209154374,141.5519,-49.4,9.0,D
2,1095.1058834154376,142.482,-49.4,9.0,T
2,1095.1342317815202,143.9248,-53.4,9.0,D
2,1095.25049428152,144.8549,-53.4,9.0,T
2,1095.2788424214082,146.2976,-57.4,9.0,D
2,1095.395117421408,147.2278,-57.4,9.0,T
2,1095.423465561296,148.6705,-61.4,9.0,D
2,1095.539740561296,149.6007,-61.4,9.0,T
2,1095.568088701184,151.0434,-65.4,9.0,D
2,1095.684351201184,151.9735,-65.4,9.0,T
2,1095.7126995672666,153.4163,-69.4,9.0,D
2,1095.8289620672665,154.3464,-69.4,9.0,T
2,1095.857310433349,155.7892,-73.4,9.0,D
2,1095.9735729333493,156.7193,-73.4,9.0,T
2,1096.0019210732373,158.162,-77.4,9.0,D
2,1096.1181960732372,159.0922,-77.4,9.0,T
2,1096.1465442131253,160.5349,-81.4,9.0,D
2,1096.262819213125,161.4651,-81.4,9.0,T
2,1096.2911673530132,162.9078,-85.4,9.0,D
2,1096.4074298530131,163.8379,-85.4,9.0,T
2,1096.4357782190957,165.2807,-89.4,9.0,D
2,1096.5520407190959,166.2108,-89.4,9.0,T
2,1096.5799549917017,167.4486,-93.4,9.0,D
2,1096.7218424917016,168.5837,-93.4,9.0,T
2,1096.752848336606,170.9566,-97.4,9.0,D
2,1097.4248358366058,165.5807,-97.4,9.0,T
2,1097.4466718366057,162.3053,-97.4,9.0,D
2,1097.6525718366058,160.6581,-97.4,9.0,T
2,1097.6845056612992,163.2934,-101.4,9.0,D
2,1098.9390181612994,173.3295,-101.4,9.0,T
2,1099.0712927943944,155.1726,-93.4,9.0,D
2,1099.2754427943944,153.5394,-93.4,9.0,T
2,1099.3207028873142,148.0539,-89.4,9.0,D
2,1099.5248403873143,146.4208,-89.4,9.0,T
2,1099.570100480234,140.9353,-85.4,9.0,D
2,1099.774250480234,139.3021,-85.4,9.0,T
2,1099.8195105731538,133.8166,-81.4,9.0,D
2,1100.023648073154,132.1835,-81.4,9.0,T
2,1100.06890870474,126.6979,-77.4,9.0,D
2,1100.2730462047398,125.0648,-77.4,9.0,T
2,1100.3183062976595,119.5793,-73.4,9.0,D
2,1100.5224437976597,117.9462,-73.4,9.0,T
2,1100.5677044292456,112.4606,-69.4,9.0,D
2,1100.7718419292455,110.8275,-69.4,9.0,T
2,1100.8171020221653,105.342,-65.4,9.0,D
2,1101.0212395221654,103.7089,-65.4,9.0,T
2,1101.0665001537513,98.2233,-61.4,9.0,D
2,1101.2706376537512,96.5902,-61.4,9.0,T
2,1110.7103606881078,500.0,866.025404,1000.0,W
2,1417.582512267651,500.0,866.025404,1000.0,T
2,1426.6470506967441,98.0,24.0,11.0,D
2,1426.8238273920408,99.0,23.0,11.0,D
2,1426.9488273920408,99.0,22.0,11.0,D
2,1427.1256040873375,100.0,21.0,11.0,D
2,1427.2506040873375,100.0,20.0,11.0,D
2,1427.6041574779308,102.0,18.0,11.0,D
2,1427.7291574779308,102.0,17.0,11.0,D
2,1427.9059341732275,103.0,16.0,11.0,D
2,1428.0309341732275,103.0,15.0,11.0,D
2,1428.3844875638208,105.0,13.0,11.0,D
2,1428.5094875638208,105.0,12.0,11.0,D
2,1428.6862642591175,106.0,11.0,11.0,D
2,1428.8112642591175,106.0,10.0,11.0,D
2,1429.1648176497108,108.0,8.0,11.0,D
2,1429.2898176497108,108.0,7.0,11.0,D
2,1429.4665943450075,109.0,6.0,11.0,D
2,1429.5915943450075,109.0,5.0,11.0,D
2,1429.9451477356008,111.0,3.0,11.0,D
2,1430.0701477356008,111.0,2.0,11.0,D
2,1430.2469244308975,112.0,1.0,11.0,D
2,1430.3719244308975,112.0,0.0,11.0,D
2,1430.7254778214908,114.0,-2.0,11.0,D
2,1430.8504778214908,114.0,-3.0,11.0,D
2,1431.0272545167875,115.0,-4.0,11.0,D
2,1431.1522545167875,115.0,-5.0,11.0,D
2,1431.3290312120841,116.0,-6.0,11.0,D
2,1431.4540312120841,116.0,-7.0,11.0,D
2,1431.8075846026775,118.0,-9.0,11.0,D
2,1431.9325846026775,118.0,-10.0,11.0,D
2,1432.1093612979741,119.0,-11.0,11.0,D
2,1432.2343612979741,119.0,-12.0,11.0,D
2,1432.5879146885675,121.0,-14.0,11.0,D
2,1432.7129146885675,121.0,-15.0,11.0,D
2,1432.8896913838641,122.0,-16.0,11.0,D
2,1433.0146913838641,122.0,-17.0,11.0,D
2,1433.3682447744575,124.0,-19.0,11.0,D
2,1433.4932447744575,124.0,-20.0,11.0,D
2,1433.6700214697541,125.0,-21.0,11.0,D
2,1433.7950214697541,125.0,-22.0,11.0,D
2,1434.1485748603475,127.0,-24.0,11.0,D
2,1434.2735748603475,127.0,-25.0,11.0,D
2,1434.4503515556441,128.0,-26.0,11.0,D
2,1434.5753515556441,128.0,-27.0,11.0,D
2,1434.9289049462375,130.0,-29.0,11.0,D
2,1435.0539049462375,130.0,-30.0,11.0,D
2,1435.2306816415341,131.0,-31.0,11.0,D
2,1435.3556816415341,131.0,-32.0,11.0,D
2,1435.7092350321275,133.0,-34.0,11.0,D
2,1435.8342350321275,133.0,-35.0,11.0,D
2,1436.0110117274241,134.0,-36.0,11.0,D
2,1436.1360117274241,134.0,-37.0,11.0,D
2,1436.3127884227208,135.0,-38.0,11.0,D
2,1436.4377884227208,135.0,-39.0,11.0,D
2,1436.7913418133141,137.0,-41.0,11.0,D
2,1436.9163418133141,137.0,-42.0,11.0,D
2,1437.0931185086108,138.0,-43.0,11.0,D
2,1437.2181185086108,138.0,-44.0,11.0,D
2,1437.5716718992041,140.0,-46.0,11.0,D
2,1437.6966718992041,140.0,-47.0,11.0,D
2,1437.8734485945008,141.0,-48.0,11.0,D
2,1437.9984485945008,141.0,-49.0,11.0,D
2,1438.3520019850941,143.0,-51.0,11.0,D
2,1438.4770019850941,143.0,-52.0,11.0,D
2,1438.6537786803908,144.0,-53.0,11.0,D
2,1438.7787786803908,144.0,-54.0,11.0,D
2,1439.1323320709841,146.0,-56.0,11.0,D
2,1439.2573320709841,146.0,-57.0,11.0,D
2,1439.4341087662808,147.0,-58.0,11.0,D
2,1439.5591087662808,147.0,-59.0,11.0,D
2,1439.9126621568741,149.0,-61.0,11.0,D
2,1440.0376621568741,149.0,-62.0,11.0,D
2,1440.2144388521708,150.0,-63.0,11.0,D
2,1440.3394388521708,150.0,-64.0,11.0,D
2,1440.5162155474675,151.0,-65.0,11.0,D
2,1440.6412155474675,151.0,-66.0,11.0,D
2,1440.9947689380608,153.0,-68.0,11.0,D
2,1441.1197689380608,153.0,-69.0,11.0,D
2,1441.2965456333575,154.0,-70.0,11.0,D
2,1441.4215456333575,154.0,-71.0,11.0,D
2,1441.7750990239508,156.0,-73.0,11.0,D
2,1441.9000990239508,156.0,-74.0,11.0,D
2,1442.0768757192475,157.0,-75.0,11.0,D
2,1442.2018757192475,157.0,-76.0,11.0,D
2,1442.5554291098408,159.0,-78.0,11.0,D
2,1442.6804291098408,159.0,-79.0,11.0,D
2,1442.8572058051375,160.0,-80.0,11.0,D
2,1442.9822058051375,160.0,-81.0,11.0,D
2,1443.3357591957308,162.0,-83.0,11.0,D
2,1443.4607591957308,162.0,-84.0,11.0,D
2,1443.6375358910275,163.0,-85.0,11.0,D
2,1443.7625358910275,163.0,-86.0,11.0,D
2,1444.1160892816208,165.0,-88.0,11.0,D
2,1444.2410892816208,165.0,-89.0,11.0,D
2,1444.4178659769175,166.0,-90.0,11.0,D
2,1444.5428659769175,166.0,-91.0,11.0,D
2,1444.7196426722141,167.0,-92.0,11.0,D
2,1445.2196426722141,167.0,-96.0,11.0,D
2,1445.3964193675108,168.0,-97.0,11.0,D
2,1445.6464193675108,168.0,-99.0,11.0,D
2,1445.8231960628075,167.0,-100.0,11.0,D
2,1445.9481960628075,166.0,-100.0,11.0,D
2,1446.0731960628075,165.0,-100.0,11.0,D
2,1446.6035261486975,162.0,-97.0,11.0,D
2,1446.8535261486975,160.0,-97.0,11.0,D
2,1447.2070795392908,158.0,-95.0,11.0,D
2,1447.3320795392908,157.0,-95.0,11.0,D
2,1447.5088562345875,156.0,-94.0,11.0,D
2,1447.6338562345875,155.0,-94.0,11.0,D
2,1447.8106329298842,154.0,-93.0,11.0,D
2,1447.9356329298842,153.0,-93.0,11.0,D
2,1448.1124096251808,152.0,-92.0,11.0,D
2,1448.2374096251808,151.0,-92.0,11.0,D
2,1448.5909630157742,149.0,-90.0,11.0,D
2,1448.7159630157742,148.0,-90.0,11.0,D
2,1448.8927397110708,147.0,-89.0,11.0,D
2,1449.0177397110708,146.0,-89.0,11.0,D
2,1449.1945164063675,145.0,-88.0,11.0,D
2,1449.3195164063675,144.0,-88.0,11.0,D
2,1449.6730697969608,142.0,-86.0,11.0,D
2,1449.7980697969608,141.0,-86.0,11.0,D
2,1449.9748464922575,140.0,-85.0,11.0,D
2,1450.0998464922575,139.0,-85.0,11.0,D
2,1450.2766231875542,138.0,-84.0,11.0,D
2,1450.4016231875542,137.0,-84.0,11.0,D
2,1450.5783998828508,136.0,-83.0,11.0,D
2,1450.7033998828508,135.0,-83.0,11.0,D
2,1451.0569532734442,133.0,-81.0,11.0,D
2,1451.1819532734442,132.0,-81.0,11.0,D
2,1451.3587299687408,131.0,-80.0,11.0,D
2,1451.4837299687408,130.0,-80.0,11.0,D
2,1451.6605066640375,129.0,-79.0,11.0,D
2,1451.7855066640375,128.0,-79.0,11.0,D
2,1451.9622833593342,127.0,-78.0,11.0,D
2,1452.0872833593342,126.0,-78.0,11.0,D
2,1452.4408367499275,124.0,-76.0,11.0,D
2,1452.5658367499275,123.0,-76.0,11.0,D
2,1452.7426134452242,122.0,-75.0,11.0,D
2,1452.8676134452242,121.0,-75.0,11.0,D
2,1453.0443901405208,120.0,-74.0,11.0,D
2,1453.1693901405208,119.0,-74.0,11.0,D
2,1453.5229435311142,117.0,-72.0,11.0,D
2,1453.6479435311142,116.0,-72.0,11.0,D
2,1453.8247202264108,115.0,-71.0,11.0,D
2,1453.9497202264108,114.0,-71.0,11.0,D
2,1454.1264969217075,113.0,-70.0,11.0,D
2,1454.2514969217075,112.0,-70.0,11.0,D
2,1454.4282736170042,111.0,-69.0,11.0,D
2,1454.5532736170042,110.0,-69.0,11.0,D
2,1454.9068270075975,108.0,-67.0,11.0,D
2,1455.0318270075975,107.0,-67.0,11.0,D
2,1455.2086037028942,106.0,-66.0,11.0,D
2,1455.3336037028942,105.0,-66.0,11.0,D
2,1455.5103803981908,104.0,-65.0,11.0,D
2,1455.6353803981908,103.0,-65.0,11.0,D
2,1455.9889337887842,101.0,-63.0,11.0,D
2,1456.1139337887842,100.0,-63.0,11.0,D
2,1456.2907104840808,99.0,-62.0,11.0,D
2,1456.4157104840808,98.0,-62.0,11.0,D
2,1456.5924871793775,97.0,-61.0,11.0,T
2,1457.1208809719224,166.0,-100.0,11.0,D
2,1457.3708809719224,166.0,-102.0,11.0,D
2,1457.9012110578124,163.0,-105.0,11.0,D
2,1477.7762110578124,4.0,-105.0,11.0,T
2,1478.8563962271237,166.0,-102.0,11.0,D
2,1478.9813962271237,167.0,-102.0,11.0,D
2,1479.1581729224204,168.0,-103.0,11.0,D
2,1479.4081729224204,170.0,-103.0,11.0,D
2,1479.584949617717,171.0,-104.0,11.0,D
2,1479.709949617717,172.0,-104.0,11.0,D
2,1479.8867263130137,173.0,-105.0,11.0,T
2,1489.38044431836,500.0,866.025404,1000.0,W
3,0.0,500.0,-866.025404,1000.0,W
3,117.74992428740988,500.0,-866.025404,1000.0,T
3,126.39674899912048,174.8562,-105.4,1.0,D
3,170.11064899912049,-174.855,-105.4,1.0,T
3,179.6138210455366,500.0,-866.025404,1000.0,W
3,614.3279883221819,500.0,-866.025404,1000.0,T
3,622.9542904677226,174.8562,-105.4,5.0,D
3,666.6681904677226,-174.855,-105.4,5.0,T
3,676.1526930933164,500.0,-866.025404,1000.0,W
3,1110.7103606881078,500.0,-866.025404,1000.0,T
3,1119.3161739581883,174.8562,-105.4,9.0,D
3,1163.0300739581883,-174.855,-105.4,9.0,T
3,1172.4959454652515,500.0,-866.025404,1000.0,W
