robot_id,time_s,x_mm,y_mm,z_mm,mode
1,0.0,-1000.0,0.0,1000.0,T
1,8.70842906262351,-158.3953,5.206299999999999,1.0,D
1,8.885205757920147,-157.3953,6.206299999999999,1.0,D
1,9.635205757920147,-157.3953,12.206299999999999,1.0,D
1,9.811982453216784,-156.3953,13.206299999999999,1.0,D
1,10.561982453216784,-156.3953,19.2063,1.0,D
1,10.73875914851342,-155.3953,20.2063,1.0,D
1,11.23875914851342,-155.3953,24.2063,1.0,D
1,11.415535843810057,-154.3953,25.2063,1.0,D
1,11.790535843810057,-154.3953,28.2063,1.0,D
1,11.967312539106693,-153.3953,29.2063,1.0,D
1,12.467312539106693,-153.3953,33.2063,1.0,D
1,12.64408923440333,-152.3953,34.2063,1.0,D
1,12.89408923440333,-152.3953,36.2063,1.0,D
1,13.070865929699966,-151.3953,37.2063,1.0,D
1,13.320865929699966,-151.3953,39.2063,1.0,D
1,13.497642624996603,-150.3953,40.2063,1.0,D
1,13.872642624996603,-150.3953,43.2063,1.0,D
1,14.04941932029324,-149.3953,44.2063,1.0,D
1,14.17441932029324,-149.3953,45.2063,1.0,D
1,14.351196015589876,-148.3953,46.2063,1.0,D
1,14.601196015589876,-148.3953,48.2063,1.0,D
1,14.777972710886512,-147.3953,49.2063,1.0,D
1,14.902972710886512,-147.3953,50.2063,1.0,D
1,15.079749406183149,-146.3953,51.2063,1.0,D
1,15.204749406183149,-146.3953,52.2063,1.0,D
1,15.381526101479785,-145.3953,53.2063,1.0,D
1,15.631526101479785,-145.3953,55.2063,1.0,D
1,15.808302796776422,-144.3953,56.2063,1.0,D
1,15.933302796776422,-144.3953,57.2063,1.0,D
1,16.11007949207306,-143.3953,58.2063,1.0,D
1,16.23507949207306,-143.3953,59.2063,1.0,D
1,16.411856187369697,-142.3953,60.2063,1.0,D
1,16.536856187369697,-142.3953,61.2063,1.0,D
1,16.713632882666335,-141.3953,62.2063,1.0,D
1,16.838632882666335,-141.3953,63.2063,1.0,D
1,17.015409577962973,-140.3953,64.2063,1.0,D
1,17.140409577962973,-140.3953,65.2063,1.0,D
1,17.493962968556247,-138.3953,67.2063,1.0,D
1,17.618962968556247,-138.3953,68.2063,1.0,D
1,17.795739663852885,-137.3953,69.2063,1.0,D
1,17.920739663852885,-137.3953,70.2063,1.0,D
1,18.097516359149523,-136.3953,71.2063,1.0,D
1,18.222516359149523,-136.3953,72.2063,1.0,D
1,18.576069749742796,-134.3953,74.2063,1.0,D
1,18.701069749742796,-134.3953,75.2063,1.0,D
1,19.05462314033607,-132.3953,77.2063,1.0,D
1,19.17962314033607,-132.3953,78.2063,1.0,D
1,19.533176530929342,-130.3953,80.2063,1.0,D
1,19.658176530929342,-130.3953,81.2063,1.0,D
1,20.011729921522615,-128.3953,83.2063,1.0,D
1,20.136729921522615,-128.3953,84.2063,1.0,D
1,20.84383670270916,-124.39529999999999,88.2063,1.0,D
1,20.96883670270916,-124.39529999999999,89.2063,1.0,D
1,21.852720179192346,-119.39529999999999,94.2063,1.0,D
1,21.977720179192346,-119.39529999999999,95.2063,1.0,D
1,24.099040522751988,-107.39529999999999,107.2063,1.0,D
1,24.224040522751988,-106.39529999999999,107.2063,1.0,D
1,25.28470069453181,-100.39529999999999,113.2063,1.0,D
1,25.40970069453181,-99.39529999999999,113.2063,1.0,D
1,25.940030780421722,-96.39529999999999,116.2063,1.0,D
1,26.065030780421722,-95.39529999999999,116.2063,1.0,D
1,26.418584171014995,-93.39529999999999,118.2063,1.0,D
1,26.543584171014995,-92.39529999999999,118.2063,1.0,D
1,26.897137561608268,-90.39529999999999,120.2063,1.0,D
1,27.022137561608268,-89.39529999999999,120.2063,1.0,D
1,27.37569095220154,-87.39529999999999,122.2063,1.0,D
1,27.50069095220154,-86.39529999999999,122.2063,1.0,D
1,27.854244342794814,-84.39529999999999,124.2063,1.0,D
1,27.979244342794814,-83.39529999999999,124.2063,1.0,D
1,28.156021038091453,-82.39529999999999,125.2063,1.0,D
1,28.281021038091453,-81.39529999999999,125.2063,1.0,D
1,28.45779773338809,-80.39529999999999,126.2063,1.0,D
1,28.58279773338809,-79.39529999999999,126.2063,1.0,D
1,28.75957442868473,-78.39529999999999,127.2063,1.0,D
1,28.88457442868473,-77.39529999999999,127.2063,1.0,D
1,29.238127819278002,-75.39529999999999,129.2063,1.0,D
1,29.363127819278002,-74.39529999999999,129.2063,1.0,D
1,29.53990451457464,-73.39529999999999,130.2063,1.0,D
1,29.66490451457464,-72.39529999999999,130.2063,1.0,D
1,29.84168120987128,-71.39529999999999,131.2063,1.0,D
1,30.09168120987128,-69.39529999999999,131.2063,1.0,D
1,30.268457905167917,-68.39529999999999,132.2063,1.0,D
1,30.393457905167917,-67.39529999999999,132.2063,1.0,D
1,30.570234600464556,-66.39529999999999,133.2063,1.0,D
1,30.820234600464556,-64.39529999999999,133.2063,1.0,D
1,30.997011295761194,-63.39529999999999,134.2063,1.0,D
1,31.122011295761194,-62.39529999999999,134.2063,1.0,D
1,31.298787991057832,-61.39529999999999,135.2063,1.0,D
1,31.548787991057832,-59.39529999999999,135.2063,1.0,D
1,31.72556468635447,-58.39529999999999,136.2063,1.0,D
1,31.97556468635447,-56.39529999999999,136.2063,1.0,D
1,32.152341381651105,-55.39529999999999,137.2063,1.0,D
1,32.402341381651105,-53.39529999999999,137.2063,1.0,D
1,32.57911807694774,-52.39529999999999,138.2063,1.0,D
1,32.82911807694774,-50.39529999999999,138.2063,1.0,D
1,33.00589477224438,-49.39529999999999,139.2063,1.0,D
1,33.25589477224438,-47.39529999999999,139.2063,1.0,D
1,33.43267146754102,-46.39529999999999,140.2063,1.0,D
1,33.80767146754102,-43.39529999999999,140.2063,1.0,D
1,33.98444816283766,-42.39529999999999,141.2063,1.0,D
1,34.35944816283766,-39.39529999999999,141.2063,1.0,D
1,34.5362248581343,-38.39529999999999,142.2063,1.0,D
1,35.0362248581343,-34.39529999999999,142.2063,1.0,D
1,35.213001553430935,-33.39529999999999,143.2063,1.0,D
1,35.963001553430935,-27.39529999999999,143.2063,1.0,D
1,36.13977824872757,-26.39529999999999,144.2063,1.0,D
1,40.63977824872757,9.604700000000008,144.2063,1.0,D
1,40.81655494402421,10.604700000000008,143.2063,1.0,D
1,41.56655494402421,16.60470000000001,143.2063,1.0,D
1,41.74333163932085,17.60470000000001,142.2063,1.0,D
1,42.24333163932085,21.60470000000001,142.2063,1.0,D
1,42.42010833461749,22.60470000000001,141.2063,1.0,D
1,42.79510833461749,25.60470000000001,141.2063,1.0,D
1,42.97188502991413,26.60470000000001,140.2063,1.0,D
1,43.22188502991413,28.60470000000001,140.2063,1.0,D
1,43.398661725210765,29.60470000000001,139.2063,1.0,D
1,43.773661725210765,32.60470000000001,139.2063,1.0,D
1,43.9504384205074,33.60470000000001,138.2063,1.0,D
1,44.2004384205074,35.60470000000001,138.2063,1.0,D
1,44.37721511580404,36.60470000000001,137.2063,1.0,D
1,44.50221511580404,37.60470000000001,137.2063,1.0,D
1,44.67899181110068,38.60470000000001,136.2063,1.0,D
1,44.92899181110068,40.60470000000001,136.2063,1.0,D
1,45.10576850639732,41.60470000000001,135.2063,1.0,D
1,45.35576850639732,43.60470000000001,135.2063,1.0,D
1,45.53254520169396,44.60470000000001,134.2063,1.0,D
1,45.78254520169396,46.60470000000001,134.2063,1.0,D
1,45.959321896990595,47.60470000000001,133.2063,1.0,D
1,46.084321896990595,48.60470000000001,133.2063,1.0,D
1,46.26109859228723,49.60470000000001,132.2063,1.0,D
1,46.38609859228723,50.60470000000001,132.2063,1.0,D
1,46.56287528758387,51.60470000000001,131.2063,1.0,D
1,46.81287528758387,53.60470000000001,131.2063,1.0,D
1,46.98965198288051,54.60470000000001,130.2063,1.0,D
1,47.11465198288051,55.60470000000001,130.2063,1.0,D
1,47.29142867817715,56.60470000000001,129.2063,1.0,D
1,47.41642867817715,57.60470000000001,129.2063,1.0,D
1,47.593205373473786,58.60470000000001,128.2063,1.0,D
1,47.718205373473786,59.60470000000001,128.2063,1.0,D
1,48.07175876406706,61.60470000000001,126.2063,1.0,D
1,48.19675876406706,62.60470000000001,126.2063,1.0,D
1,48.3735354593637,63.60470000000001,125.2063,1.0,D
1,48.4985354593637,64.60470000000001,125.2063,1.0,D
1,48.85208884995698,66.60470000000001,123.2063,1.0,D
1,48.97708884995698,67.60470000000001,123.2063,1.0,D
1,49.153865545253616,68.60470000000001,122.2063,1.0,D
1,49.278865545253616,69.60470000000001,122.2063,1.0,D
1,49.63241893584689,71.60470000000001,120.2063,1.0,D
1,49.75741893584689,72.60470000000001,120.2063,1.0,D
1,50.2877490217368,75.60470000000001,117.2063,1.0,D
1,50.4127490217368,76.60470000000001,117.2063,1.0,D
1,50.94307910762671,79.60470000000001,114.2063,1.0,D
1,51.06807910762671,80.60470000000001,114.2063,1.0,D
1,51.95196258410989,85.60470000000001,109.2063,1.0,D
1,52.07696258410989,86.60470000000001,109.2063,1.0,T
1,52.43535405226231,47.60470000000001,72.2063,1.0,D
1,54.37989770052531,58.60470000000001,61.2063,1.0,D
1,54.50489770052531,58.60470000000001,60.2063,1.0,D
1,55.03522778641522,61.60470000000001,57.2063,1.0,D
1,55.16022778641522,61.60470000000001,56.2063,1.0,D
1,55.69055787230513,64.60470000000001,53.2063,1.0,D
1,55.81555787230513,64.60470000000001,52.2063,1.0,D
1,55.992334567601766,65.60470000000001,51.2063,1.0,D
1,56.117334567601766,65.60470000000001,50.2063,1.0,D
1,56.294111262898404,66.60470000000001,49.2063,1.0,D
1,56.419111262898404,66.60470000000001,48.2063,1.0,D
1,56.77266465349168,68.60470000000001,46.2063,1.0,D
1,56.89766465349168,68.60470000000001,45.2063,1.0,D
1,57.07444134878832,69.60470000000001,44.2063,1.0,D
1,57.32444134878832,69.60470000000001,42.2063,1.0,D
1,57.50121804408496,70.60470000000001,41.2063,1.0,D
1,57.62621804408496,70.60470000000001,40.2063,1.0,D
1,57.802994739381596,71.60470000000001,39.2063,1.0,D
1,57.927994739381596,71.60470000000001,38.2063,1.0,D
1,58.104771434678234,72.60470000000001,37.2063,1.0,D
1,58.229771434678234,72.60470000000001,36.2063,1.0,D
1,58.40654812997487,73.60470000000001,35.2063,1.0,D
1,58.65654812997487,73.60470000000001,33.2063,1.0,D
1,58.83332482527151,74.60470000000001,32.2063,1.0,D
1,59.08332482527151,74.60470000000001,30.2063,1.0,D
1,59.26010152056815,75.60470000000001,29.2063,1.0,D
1,59.63510152056815,75.60470000000001,26.2063,1.0,D
1,59.81187821586479,76.60470000000001,25.2063,1.0,D
1,60.43687821586479,76.60470000000001,20.2063,1.0,D
1,60.613654911161426,77.60470000000001,19.2063,1.0,D
1,63.363654911161426,77.60470000000001,-2.793700000000001,1.0,D
1,63.540431606458064,76.60470000000001,-3.793700000000001,1.0,D
1,64.04043160645807,76.60470000000001,-7.793700000000001,1.0,D
1,64.21720830175471,75.60470000000001,-8.793700000000001,1.0,D
1,64.59220830175471,75.60470000000001,-11.793700000000001,1.0,D
1,64.76898499705135,74.60470000000001,-12.793700000000001,1.0,D
1,65.01898499705135,74.60470000000001,-14.793700000000001,1.0,D
1,65.19576169234799,73.60470000000001,-15.793700000000001,1.0,D
1,65.44576169234799,73.60470000000001,-17.7937,1.0,D
1,65.62253838764462,72.60470000000001,-18.7937,1.0,D
1,65.74753838764462,72.60470000000001,-19.7937,1.0,D
1,65.92431508294126,71.60470000000001,-20.7937,1.0,D
1,66.17431508294126,71.60470000000001,-22.7937,1.0,D
1,66.3510917782379,70.60470000000001,-23.7937,1.0,D
1,66.4760917782379,70.60470000000001,-24.7937,1.0,D
1,66.65286847353454,69.60470000000001,-25.7937,1.0,D
1,66.77786847353454,69.60470000000001,-26.7937,1.0,D
1,66.95464516883118,68.60470000000001,-27.7937,1.0,D
1,67.07964516883118,68.60470000000001,-28.7937,1.0,D
1,67.25642186412782,67.60470000000001,-29.7937,1.0,D
1,67.38142186412782,67.60470000000001,-30.7937,1.0,D
1,67.73497525472109,65.60470000000001,-32.7937,1.0,D
1,67.85997525472109,65.60470000000001,-33.7937,1.0,D
1,68.21352864531437,63.60470000000001,-35.7937,1.0,D
1,68.33852864531437,63.60470000000001,-36.7937,1.0,D
1,70.99017907476392,48.60470000000001,-51.7937,1.0,D
1,71.11517907476392,47.60470000000001,-51.7937,1.0,D
1,71.46873246535719,45.60470000000001,-53.7937,1.0,D
1,71.59373246535719,44.60470000000001,-53.7937,1.0,D
1,71.94728585595047,42.60470000000001,-55.7937,1.0,D
1,72.07228585595047,41.60470000000001,-55.7937,1.0,D
1,72.2490625512471,40.60470000000001,-56.7937,1.0,D
1,72.3740625512471,39.60470000000001,-56.7937,1.0,D
1,72.55083924654375,38.60470000000001,-57.7937,1.0,D
1,72.67583924654375,37.60470000000001,-57.7937,1.0,D
1,72.85261594184038,36.60470000000001,-58.7937,1.0,D
1,72.97761594184038,35.60470000000001,-58.7937,1.0,D
1,73.15439263713702,34.60470000000001,-59.7937,1.0,D
1,73.27939263713702,33.60470000000001,-59.7937,1.0,D
1,73.45616933243366,32.60470000000001,-60.7937,1.0,D
1,73.70616933243366,30.60470000000001,-60.7937,1.0,D
1,73.8829460277303,29.60470000000001,-61.7937,1.0,D
1,74.1329460277303,27.60470000000001,-61.7937,1.0,D
1,74.30972272302694,26.60470000000001,-62.7937,1.0,D
1,74.80972272302694,22.60470000000001,-62.7937,1.0,D
1,74.98649941832358,21.60470000000001,-63.7937,1.0,D
1,75.61149941832358,16.60470000000001,-63.7937,1.0,D
1,75.78827611362021,15.604700000000008,-64.7937,1.0,D
1,77.53827611362021,1.6047000000000082,-64.7937,1.0,D
1,77.71505280891685,0.6047000000000082,-63.7937,1.0,D
1,78.46505280891685,-5.395299999999992,-63.7937,1.0,D
1,78.64182950421349,-6.395299999999992,-62.7937,1.0,D
1,79.01682950421349,-9.395299999999992,-62.7937,1.0,D
1,79.19360619951013,-10.395299999999992,-61.7937,1.0,D
1,79.44360619951013,-12.395299999999992,-61.7937,1.0,D
1,79.62038289480677,-13.395299999999992,-60.7937,1.0,D
1,79.74538289480677,-14.395299999999992,-60.7937,1.0,D
1,79.9221595901034,-15.395299999999992,-59.7937,1.0,D
1,80.1721595901034,-17.39529999999999,-59.7937,1.0,D
1,80.34893628540004,-18.39529999999999,-58.7937,1.0,D
1,80.47393628540004,-19.39529999999999,-58.7937,1.0,D
1,80.65071298069668,-20.39529999999999,-57.7937,1.0,D
1,80.77571298069668,-21.39529999999999,-57.7937,1.0,D
1,81.12926637128996,-23.39529999999999,-55.7937,1.0,D
1,81.25426637128996,-24.39529999999999,-55.7937,1.0,D
1,81.4310430665866,-25.39529999999999,-54.7937,1.0,D
1,81.5560430665866,-26.39529999999999,-54.7937,1.0,D
1,82.08637315247651,-29.39529999999999,-51.7937,1.0,D
1,82.21137315247651,-30.39529999999999,-51.7937,1.0,D
1,83.97914010544288,-40.39529999999999,-41.7937,1.0,D
1,84.10414010544288,-40.39529999999999,-40.7937,1.0,D
1,84.6344701913328,-43.39529999999999,-37.7937,1.0,D
1,84.7594701913328,-43.39529999999999,-36.7937,1.0,D
1,85.11302358192607,-45.39529999999999,-34.7937,1.0,D
1,85.23802358192607,-45.39529999999999,-33.7937,1.0,D
1,85.41480027722271,-46.39529999999999,-32.7937,1.0,D
1,85.53980027722271,-46.39529999999999,-31.7937,1.0,D
1,85.71657697251935,-47.39529999999999,-30.7937,1.0,D
1,85.96657697251935,-47.39529999999999,-28.7937,1.0,D
1,86.14335366781599,-48.39529999999999,-27.7937,1.0,D
1,86.39335366781599,-48.39529999999999,-25.7937,1.0,D
1,86.57013036311263,-49.39529999999999,-24.7937,1.0,D
1,86.82013036311263,-49.39529999999999,-22.7937,1.0,D
1,86.99690705840926,-50.39529999999999,-21.7937,1.0,D
1,87.62190705840926,-50.39529999999999,-16.7937,1.0,D
1,87.7986837537059,-51.39529999999999,-15.793700000000001,1.0,D
1,89.5486837537059,-51.39529999999999,-1.7937000000000012,1.0,D
1,89.72546044900254,-50.39529999999999,-0.7937000000000012,1.0,D
1,90.35046044900254,-50.39529999999999,4.206299999999999,1.0,D
1,90.52723714429918,-49.39529999999999,5.206299999999999,1.0,D
1,90.90223714429918,-49.39529999999999,8.206299999999999,1.0,D
1,91.07901383959582,-48.39529999999999,9.206299999999999,1.0,D
1,91.20401383959582,-48.39529999999999,10.206299999999999,1.0,D
1,91.38079053489245,-47.39529999999999,11.206299999999999,1.0,D
1,91.50579053489245,-47.39529999999999,12.206299999999999,1.0,D
1,91.6825672301891,-46.39529999999999,13.206299999999999,1.0,D
1,91.8075672301891,-46.39529999999999,14.206299999999999,1.0,D
1,91.98434392548573,-45.39529999999999,15.206299999999999,1.0,D
1,92.10934392548573,-45.39529999999999,16.2063,1.0,D
1,92.46289731607901,-43.39529999999999,18.2063,1.0,D
1,92.58789731607901,-43.39529999999999,19.2063,1.0,D
1,92.94145070667228,-41.39529999999999,21.2063,1.0,D
1,93.06645070667228,-41.39529999999999,22.2063,1.0,D
1,94.30388757374874,-34.39529999999999,29.2063,1.0,D
1,94.42888757374874,-33.39529999999999,29.2063,1.0,D
1,94.78244096434202,-31.39529999999999,31.2063,1.0,D
1,94.90744096434202,-30.39529999999999,31.2063,1.0,D
1,95.26099435493529,-28.39529999999999,33.2063,1.0,D
1,95.38599435493529,-27.39529999999999,33.2063,1.0,D
1,95.56277105023193,-26.39529999999999,34.2063,1.0,D
1,95.68777105023193,-25.39529999999999,34.2063,1.0,D
1,95.86454774552857,-24.39529999999999,35.2063,1.0,D
1,96.11454774552857,-22.39529999999999,35.2063,1.0,D
1,96.2913244408252,-21.39529999999999,36.2063,1.0,D
1,96.5413244408252,-19.39529999999999,36.2063,1.0,D
1,96.71810113612185,-18.39529999999999,37.2063,1.0,D
1,97.21810113612185,-14.395299999999992,37.2063,1.0,D
1,97.39487783141848,-13.395299999999992,38.2063,1.0,D
1,98.76987783141848,-2.3952999999999918,38.2063,1.0,D
1,98.94665452671512,-1.3952999999999918,37.2063,1.0,D
1,99.32165452671512,1.6047000000000082,37.2063,1.0,D
1,99.49843122201176,2.6047000000000082,36.2063,1.0,D
1,99.62343122201176,3.6047000000000082,36.2063,1.0,D
1,99.8002079173084,4.604700000000008,35.2063,1.0,D
1,100.0502079173084,6.604700000000008,35.2063,1.0,D
1,100.22698461260504,7.604700000000008,34.2063,1.0,D
1,100.35198461260504,8.604700000000008,34.2063,1.0,D
1,100.52876130790168,9.604700000000008,33.2063,1.0,D
1,100.65376130790168,10.604700000000008,33.2063,1.0,D
1,100.83053800319831,11.604700000000008,32.2063,1.0,D
1,100.95553800319831,12.604700000000008,32.2063,1.0,D
1,102.19297487027477,19.60470000000001,25.2063,1.0,D
1,102.31797487027477,19.60470000000001,24.2063,1.0,D
1,102.4947515655714,20.60470000000001,23.2063,1.0,D
1,102.6197515655714,20.60470000000001,22.2063,1.0,D
1,102.79652826086804,21.60470000000001,21.2063,1.0,D
1,102.92152826086804,21.60470000000001,20.2063,1.0,D
1,103.09830495616468,22.60470000000001,19.2063,1.0,D
1,103.22330495616468,22.60470000000001,18.2063,1.0,D
1,103.40008165146132,23.60470000000001,17.2063,1.0,D
1,103.52508165146132,23.60470000000001,16.2063,1.0,D
1,103.70185834675796,24.60470000000001,15.206299999999999,1.0,D
1,105.32685834675796,24.60470000000001,2.206299999999999,1.0,D
1,105.5036350420546,23.60470000000001,1.2062999999999988,1.0,D
1,105.6286350420546,23.60470000000001,0.20629999999999882,1.0,D
1,105.80541173735124,24.60470000000001,-0.7937000000000012,1.0,T
1,106.31369862047488,46.60470000000001,72.2063,1.0,D
1,106.43869862047488,47.60470000000001,72.2063,1.0,T
1,106.44536528714154,46.60470000000001,72.2063,1.0,D
1,106.97569537303146,43.60470000000001,75.2063,1.0,D
1,107.10069537303146,42.60470000000001,75.2063,1.0,D
1,107.45424876362473,40.60470000000001,77.2063,1.0,D
1,107.57924876362473,39.60470000000001,77.2063,1.0,D
1,107.75602545892137,38.60470000000001,78.2063,1.0,D
1,107.88102545892137,37.60470000000001,78.2063,1.0,D
1,108.23457884951465,35.60470000000001,80.2063,1.0,D
1,108.35957884951465,34.60470000000001,80.2063,1.0,D
1,108.53635554481129,33.60470000000001,81.2063,1.0,D
1,108.66135554481129,32.60470000000001,81.2063,1.0,D
1,108.83813224010792,31.60470000000001,82.2063,1.0,D
1,108.96313224010792,30.60470000000001,82.2063,1.0,D
1,109.13990893540456,29.60470000000001,83.2063,1.0,D
1,109.26490893540456,28.60470000000001,83.2063,1.0,D
1,109.4416856307012,27.60470000000001,84.2063,1.0,D
1,109.6916856307012,25.60470000000001,84.2063,1.0,D
1,109.86846232599784,24.60470000000001,85.2063,1.0,D
1,110.11846232599784,22.60470000000001,85.2063,1.0,D
1,110.29523902129448,21.60470000000001,86.2063,1.0,D
1,110.54523902129448,19.60470000000001,86.2063,1.0,D
1,110.72201571659112,18.60470000000001,87.2063,1.0,D
1,110.97201571659112,16.60470000000001,87.2063,1.0,D
1,111.14879241188775,15.604700000000008,88.2063,1.0,D
1,111.39879241188775,13.604700000000008,88.2063,1.0,D
1,111.57556910718439,12.604700000000008,89.2063,1.0,D
1,111.95056910718439,9.604700000000008,89.2063,1.0,D
1,112.12734580248103,8.604700000000008,90.2063,1.0,D
1,112.87734580248103,2.6047000000000082,90.2063,1.0,D
1,113.05412249777767,1.6047000000000082,91.2063,1.0,D
1,115.55412249777767,-18.39529999999999,91.2063,1.0,D
1,115.73089919307431,-19.39529999999999,90.2063,1.0,D
1,116.48089919307431,-25.39529999999999,90.2063,1.0,D
1,116.65767588837095,-26.39529999999999,89.2063,1.0,D
1,117.03267588837095,-29.39529999999999,89.2063,1.0,D
1,117.20945258366758,-30.39529999999999,88.2063,1.0,D
1,117.58445258366758,-33.39529999999999,88.2063,1.0,D
1,117.76122927896422,-34.39529999999999,87.2063,1.0,D
1,118.01122927896422,-36.39529999999999,87.2063,1.0,D
1,118.18800597426086,-37.39529999999999,86.2063,1.0,D
1,118.43800597426086,-39.39529999999999,86.2063,1.0,D
1,118.6147826695575,-40.39529999999999,85.2063,1.0,D
1,118.8647826695575,-42.39529999999999,85.2063,1.0,D
1,119.04155936485414,-43.39529999999999,84.2063,1.0,D
1,119.16655936485414,-44.39529999999999,84.2063,1.0,D
1,119.34333606015078,-45.39529999999999,83.2063,1.0,D
1,119.59333606015078,-47.39529999999999,83.2063,1.0,D
1,119.77011275544741,-48.39529999999999,82.2063,1.0,D
1,119.89511275544741,-49.39529999999999,82.2063,1.0,D
1,120.07188945074405,-50.39529999999999,81.2063,1.0,D
1,120.19688945074405,-51.39529999999999,81.2063,1.0,D
1,120.37366614604069,-52.39529999999999,80.2063,1.0,D
1,120.49866614604069,-53.39529999999999,80.2063,1.0,D
1,120.67544284133733,-54.39529999999999,79.2063,1.0,D
1,120.80044284133733,-55.39529999999999,79.2063,1.0,D
1,121.1539962319306,-57.39529999999999,77.2063,1.0,D
1,121.2789962319306,-58.39529999999999,77.2063,1.0,D
1,121.63254962252388,-60.39529999999999,75.2063,1.0,D
1,121.75754962252388,-61.39529999999999,75.2063,1.0,D
1,122.11110301311716,-63.39529999999999,73.2063,1.0,D
1,122.23610301311716,-64.39529999999999,73.2063,1.0,D
1,122.76643309900707,-67.39529999999999,70.2063,1.0,D
1,122.89143309900707,-68.39529999999999,70.2063,1.0,D
1,125.36630683316,-82.39529999999999,56.2063,1.0,D
1,125.49130683316,-82.39529999999999,55.2063,1.0,D
1,126.02163691904991,-85.39529999999999,52.2063,1.0,D
1,126.14663691904991,-85.39529999999999,51.2063,1.0,D
1,126.50019030964319,-87.39529999999999,49.2063,1.0,D
1,126.62519030964319,-87.39529999999999,48.2063,1.0,D
1,126.97874370023646,-89.39529999999999,46.2063,1.0,D
1,127.10374370023646,-89.39529999999999,45.2063,1.0,D
1,127.45729709082974,-91.39529999999999,43.2063,1.0,D
1,127.58229709082974,-91.39529999999999,42.2063,1.0,D
1,127.75907378612638,-92.39529999999999,41.2063,1.0,D
1,127.88407378612638,-92.39529999999999,40.2063,1.0,D
1,128.06085048142302,-93.39529999999999,39.2063,1.0,D
1,128.18585048142302,-93.39529999999999,38.2063,1.0,D
1,128.36262717671966,-94.39529999999999,37.2063,1.0,D
1,128.48762717671966,-94.39529999999999,36.2063,1.0,D
1,128.6644038720163,-95.39529999999999,35.2063,1.0,D
1,128.7894038720163,-95.39529999999999,34.2063,1.0,D
1,128.96618056731293,-96.39529999999999,33.2063,1.0,D
1,129.09118056731293,-96.39529999999999,32.2063,1.0,D
1,129.26795726260957,-97.39529999999999,31.2063,1.0,D
1,129.39295726260957,-97.39529999999999,30.2063,1.0,D
1,129.5697339579062,-98.39529999999999,29.2063,1.0,D
1,129.8197339579062,-98.39529999999999,27.2063,1.0,D
1,129.99651065320285,-99.39529999999999,26.2063,1.0,D
1,130.24651065320285,-99.39529999999999,24.2063,1.0,D
1,130.42328734849949,-100.39529999999999,23.2063,1.0,D
1,130.67328734849949,-100.39529999999999,21.2063,1.0,D
1,130.85006404379612,-101.39529999999999,20.2063,1.0,D
1,131.22506404379612,-101.39529999999999,17.2063,1.0,D
1,131.40184073909276,-102.39529999999999,16.2063,1.0,D
1,131.90184073909276,-102.39529999999999,12.206299999999999,1.0,D
1,132.0786174343894,-103.39529999999999,11.206299999999999,1.0,D
1,132.8286174343894,-103.39529999999999,5.206299999999999,1.0,D
1,133.00539412968604,-104.39529999999999,4.206299999999999,1.0,D
1,133.88039412968604,-104.39529999999999,-2.793700000000001,1.0,D
1,134.05717082498268,-105.39529999999999,-3.793700000000001,1.0,D
1,135.30717082498268,-105.39529999999999,-13.793700000000001,1.0,D
1,135.48394752027932,-104.39529999999999,-14.793700000000001,1.0,D
1,136.35894752027932,-104.39529999999999,-21.7937,1.0,D
1,136.53572421557595,-103.39529999999999,-22.7937,1.0,D
1,137.16072421557595,-103.39529999999999,-27.7937,1.0,D
1,137.3375009108726,-102.39529999999999,-28.7937,1.0,D
1,137.8375009108726,-102.39529999999999,-32.7937,1.0,D
1,138.01427760616923,-101.39529999999999,-33.7937,1.0,D
1,138.38927760616923,-101.39529999999999,-36.7937,1.0,D
1,138.56605430146587,-100.39529999999999,-37.7937,1.0,D
1,138.94105430146587,-100.39529999999999,-40.7937,1.0,D
1,139.1178309967625,-99.39529999999999,-41.7937,1.0,D
1,139.3678309967625,-99.39529999999999,-43.7937,1.0,D
1,139.54460769205915,-98.39529999999999,-44.7937,1.0,D
1,139.79460769205915,-98.39529999999999,-46.7937,1.0,D
1,139.97138438735578,-97.39529999999999,-47.7937,1.0,D
1,140.09638438735578,-97.39529999999999,-48.7937,1.0,D
1,140.27316108265242,-96.39529999999999,-49.7937,1.0,D
1,140.52316108265242,-96.39529999999999,-51.7937,1.0,D
1,140.69993777794906,-95.39529999999999,-52.7937,1.0,D
1,140.82493777794906,-95.39529999999999,-53.7937,1.0,D
1,141.0017144732457,-94.39529999999999,-54.7937,1.0,D
1,141.1267144732457,-94.39529999999999,-55.7937,1.0,D
1,141.30349116854234,-93.39529999999999,-56.7937,1.0,D
1,141.42849116854234,-93.39529999999999,-57.7937,1.0,D
1,141.60526786383898,-92.39529999999999,-58.7937,1.0,D
1,141.73026786383898,-92.39529999999999,-59.7937,1.0,D
1,142.08382125443225,-90.39529999999999,-61.7937,1.0,D
1,142.20882125443225,-90.39529999999999,-62.7937,1.0,D
1,142.3855979497289,-89.39529999999999,-63.7937,1.0,D
1,142.5105979497289,-89.39529999999999,-64.7937,1.0,D
1,142.86415134032217,-87.39529999999999,-66.7937,1.0,D
1,142.98915134032217,-87.39529999999999,-67.7937,1.0,D
1,143.34270473091544,-85.39529999999999,-69.7937,1.0,D
1,143.46770473091544,-85.39529999999999,-70.7937,1.0,D
1,143.99803481680536,-82.39529999999999,-73.7937,1.0,D
1,144.12303481680536,-82.39529999999999,-74.7937,1.0,D
1,147.30501533214482,-64.39529999999999,-92.7937,1.0,D
1,147.43001533214482,-63.39529999999999,-92.7937,1.0,D
1,148.13712211333137,-59.39529999999999,-96.7937,1.0,D
1,148.26212211333137,-58.39529999999999,-96.7937,1.0,D
1,148.61567550392465,-56.39529999999999,-98.7937,1.0,D
1,148.74067550392465,-55.39529999999999,-98.7937,1.0,D
1,149.09422889451793,-53.39529999999999,-100.7937,1.0,D
1,149.21922889451793,-52.39529999999999,-100.7937,1.0,D
1,149.39600558981456,-51.39529999999999,-101.7937,1.0,D
1,149.52100558981456,-50.39529999999999,-101.7937,1.0,D
1,149.87455898040784,-48.39529999999999,-103.7937,1.0,D
1,149.99955898040784,-47.39529999999999,-103.7937,1.0,D
1,150.17633567570448,-46.39529999999999,-104.7937,1.0,D
1,150.30133567570448,-45.39529999999999,-104.7937,1.0,D
1,150.47811237100112,-44.39529999999999,-105.7937,1.0,D
1,150.60311237100112,-43.39529999999999,-105.7937,1.0,D
1,150.77988906629776,-42.39529999999999,-106.7937,1.0,D
1,150.90488906629776,-41.39529999999999,-106.7937,1.0,D
1,151.0816657615944,-40.39529999999999,-107.7937,1.0,D
1,151.2066657615944,-39.39529999999999,-107.7937,1.0,D
1,151.38344245689103,-38.39529999999999,-108.7937,1.0,D
1,151.50844245689103,-37.39529999999999,-108.7937,1.0,D
1,151.68521915218767,-36.39529999999999,-109.7937,1.0,D
1,151.93521915218767,-34.39529999999999,-109.7937,1.0,D
1,152.1119958474843,-33.39529999999999,-110.7937,1.0,D
1,152.2369958474843,-32.39529999999999,-110.7937,1.0,D
1,152.41377254278095,-31.39529999999999,-111.7937,1.0,D
1,152.66377254278095,-29.39529999999999,-111.7937,1.0,D
1,152.84054923807759,-28.39529999999999,-112.7937,1.0,D
1,153.09054923807759,-26.39529999999999,-112.7937,1.0,D
1,153.26732593337422,-25.39529999999999,-113.7937,1.0,D
1,153.64232593337422,-22.39529999999999,-113.7937,1.0,D
1,153.81910262867086,-21.39529999999999,-114.7937,1.0,D
1,154.19410262867086,-18.39529999999999,-114.7937,1.0,D
1,154.3708793239675,-17.39529999999999,-115.7937,1.0,D
1,154.8708793239675,-13.395299999999992,-115.7937,1.0,D
1,155.04765601926414,-12.395299999999992,-116.7937,1.0,D
1,155.79765601926414,-6.395299999999992,-116.7937,1.0,D
1,155.97443271456078,-5.395299999999992,-117.7937,1.0,D
1,156.84943271456078,1.6047000000000082,-117.7937,1.0,D
1,157.02620940985742,2.6047000000000082,-118.7937,1.0,D
1,158.52620940985742,14.604700000000008,-118.7937,1.0,D
1,158.70298610515405,15.604700000000008,-117.7937,1.0,D
1,159.57798610515405,22.60470000000001,-117.7937,1.0,D
1,159.7547628004507,23.60470000000001,-116.7937,1.0,D
1,160.5047628004507,29.60470000000001,-116.7937,1.0,D
1,160.68153949574733,30.60470000000001,-115.7937,1.0,D
1,161.18153949574733,34.60470000000001,-115.7937,1.0,D
1,161.35831619104397,35.60470000000001,-114.7937,1.0,D
1,161.73331619104397,38.60470000000001,-114.7937,1.0,D
1,161.9100928863406,39.60470000000001,-113.7937,1.0,D
1,162.2850928863406,42.60470000000001,-113.7937,1.0,D
1,162.46186958163725,43.60470000000001,-112.7937,1.0,D
1,162.71186958163725,45.60470000000001,-112.7937,1.0,D
1,162.88864627693388,46.60470000000001,-111.7937,1.0,D
1,163.13864627693388,48.60470000000001,-111.7937,1.0,D
1,163.31542297223052,49.60470000000001,-110.7937,1.0,D
1,163.56542297223052,51.60470000000001,-110.7937,1.0,D
1,163.74219966752716,52.60470000000001,-109.7937,1.0,D
1,163.86719966752716,53.60470000000001,-109.7937,1.0,D
1,164.0439763628238,54.60470000000001,-108.7937,1.0,D
1,164.1689763628238,55.60470000000001,-108.7937,1.0,D
1,164.34575305812044,56.60470000000001,-107.7937,1.0,D
1,164.47075305812044,57.60470000000001,-107.7937,1.0,D
1,164.64752975341707,58.60470000000001,-106.7937,1.0,D
1,164.77252975341707,59.60470000000001,-106.7937,1.0,D
1,164.9493064487137,60.60470000000001,-105.7937,1.0,D
1,165.0743064487137,61.60470000000001,-105.7937,1.0,D
1,165.25108314401035,62.60470000000001,-104.7937,1.0,D
1,165.37608314401035,63.60470000000001,-104.7937,1.0,D
1,165.552859839307,64.60470000000001,-103.7937,1.0,D
1,165.677859839307,65.60470000000001,-103.7937,1.0,D
1,165.85463653460363,66.60470000000001,-102.7937,1.0,D
1,165.97963653460363,67.60470000000001,-102.7937,1.0,D
1,166.15641322990027,68.60470000000001,-101.7937,1.0,D
1,166.28141322990027,69.60470000000001,-101.7937,1.0,D
1,166.63496662049354,71.60470000000001,-99.7937,1.0,D
1,166.75996662049354,72.60470000000001,-99.7937,1.0,D
1,166.93674331579018,73.60470000000001,-98.7937,1.0,D
1,167.06174331579018,74.60470000000001,-98.7937,1.0,D
1,167.41529670638346,76.60470000000001,-96.7937,1.0,D
1,167.54029670638346,77.60470000000001,-96.7937,1.0,D
1,168.07062679227337,80.60470000000001,-93.7937,1.0,D
1,168.19562679227337,81.60470000000001,-93.7937,1.0,D
1,168.90273357345993,85.60470000000001,-89.7937,1.0,D
1,169.02773357345993,86.60470000000001,-89.7937,1.0,T
1,169.43527361920866,90.60470000000001,-150.7937,1.0,D
1,169.6120503145053,89.60470000000001,-151.7937,1.0,D
1,169.7370503145053,88.60470000000001,-151.7937,1.0,D
1,169.91382700980193,87.60470000000001,-152.7937,1.0,D
1,170.03882700980193,86.60470000000001,-152.7937,1.0,D
1,170.21560370509857,85.60470000000001,-153.7937,1.0,D
1,170.34060370509857,84.60470000000001,-153.7937,1.0,D
1,170.5173804003952,83.60470000000001,-154.7937,1.0,D
1,170.6423804003952,82.60470000000001,-154.7937,1.0,D
1,170.81915709569185,81.60470000000001,-155.7937,1.0,D
1,170.94415709569185,80.60470000000001,-155.7937,1.0,D
1,171.1209337909885,79.60470000000001,-156.7937,1.0,D
1,171.2459337909885,78.60470000000001,-156.7937,1.0,D
1,171.42271048628513,77.60470000000001,-157.7937,1.0,D
1,171.54771048628513,76.60470000000001,-157.7937,1.0,D
1,171.72448718158176,75.60470000000001,-158.7937,1.0,D
1,171.97448718158176,73.60470000000001,-158.7937,1.0,D
1,172.1512638768784,72.60470000000001,-159.7937,1.0,D
1,172.2762638768784,71.60470000000001,-159.7937,1.0,D
1,172.45304057217504,70.60470000000001,-160.7937,1.0,D
1,172.70304057217504,68.60470000000001,-160.7937,1.0,D
1,172.87981726747168,67.60470000000001,-161.7937,1.0,D
1,173.00481726747168,66.60470000000001,-161.7937,1.0,D
1,173.18159396276832,65.60470000000001,-162.7937,1.0,D
1,173.43159396276832,63.60470000000001,-162.7937,1.0,D
1,173.60837065806496,62.60470000000001,-163.7937,1.0,D
1,173.98337065806496,59.60470000000001,-163.7937,1.0,D
1,174.1601473533616,58.60470000000001,-164.7937,1.0,D
1,174.4101473533616,56.60470000000001,-164.7937,1.0,D
1,174.58692404865823,55.60470000000001,-165.7937,1.0,D
1,174.96192404865823,52.60470000000001,-165.7937,1.0,D
1,175.13870074395487,51.60470000000001,-166.7937,1.0,D
1,175.51370074395487,48.60470000000001,-166.7937,1.0,D
1,175.6904774392515,47.60470000000001,-167.7937,1.0,D
1,176.1904774392515,43.60470000000001,-167.7937,1.0,D
1,176.36725413454815,42.60470000000001,-168.7937,1.0,D
1,176.86725413454815,38.60470000000001,-168.7937,1.0,D
1,177.0440308298448,37.60470000000001,-169.7937,1.0,D
1,177.7940308298448,31.60470000000001,-169.7937,1.0,D
1,177.97080752514142,30.60470000000001,-170.7937,1.0,D
1,178.84580752514142,23.60470000000001,-170.7937,1.0,D
1,179.02258422043806,22.60470000000001,-171.7937,1.0,D
1,182.52258422043806,-5.395299999999992,-171.7937,1.0,D
1,182.6993609157347,-6.395299999999992,-170.7937,1.0,D
1,183.5743609157347,-13.395299999999992,-170.7937,1.0,D
1,183.75113761103134,-14.395299999999992,-169.7937,1.0,D
1,184.50113761103134,-20.39529999999999,-169.7937,1.0,D
1,184.67791430632798,-21.39529999999999,-168.7937,1.0,D
1,185.17791430632798,-25.39529999999999,-168.7937,1.0,D
1,185.35469100162462,-26.39529999999999,-167.7937,1.0,D
1,185.85469100162462,-30.39529999999999,-167.7937,1.0,D
1,186.03146769692125,-31.39529999999999,-166.7937,1.0,D
1,186.40646769692125,-34.39529999999999,-166.7937,1.0,D
1,186.5832443922179,-35.39529999999999,-165.7937,1.0,D
1,186.9582443922179,-38.39529999999999,-165.7937,1.0,D
1,187.13502108751453,-39.39529999999999,-164.7937,1.0,D
1,187.38502108751453,-41.39529999999999,-164.7937,1.0,D
1,187.56179778281117,-42.39529999999999,-163.7937,1.0,D
1,187.93679778281117,-45.39529999999999,-163.7937,1.0,D
1,188.1135744781078,-46.39529999999999,-162.7937,1.0,D
1,188.2385744781078,-47.39529999999999,-162.7937,1.0,D
1,188.41535117340445,-48.39529999999999,-161.7937,1.0,D
1,188.66535117340445,-50.39529999999999,-161.7937,1.0,D
1,188.84212786870108,-51.39529999999999,-160.7937,1.0,D
1,189.09212786870108,-53.39529999999999,-160.7937,1.0,D
1,189.26890456399772,-54.39529999999999,-159.7937,1.0,D
1,189.39390456399772,-55.39529999999999,-159.7937,1.0,D
1,189.57068125929436,-56.39529999999999,-158.7937,1.0,D
1,189.69568125929436,-57.39529999999999,-158.7937,1.0,D
1,189.872457954591,-58.39529999999999,-157.7937,1.0,D
1,189.997457954591,-59.39529999999999,-157.7937,1.0,D
1,190.17423464988764,-60.39529999999999,-156.7937,1.0,D
1,190.42423464988764,-62.39529999999999,-156.7937,1.0,D
1,190.60101134518428,-63.39529999999999,-155.7937,1.0,D
1,190.72601134518428,-64.39529999999999,-155.7937,1.0,D
1,190.9027880404809,-65.39529999999999,-154.7937,1.0,D
1,191.0277880404809,-66.39529999999999,-154.7937,1.0,D
1,191.20456473577755,-67.39529999999999,-153.7937,1.0,D
1,191.32956473577755,-68.39529999999999,-153.7937,1.0,D
1,191.5063414310742,-69.39529999999999,-152.7937,1.0,D
1,191.6313414310742,-70.39529999999999,-152.7937,1.0,D
1,191.80811812637083,-71.39529999999999,-151.7937,1.0,D
1,191.93311812637083,-72.39529999999999,-151.7937,1.0,D
1,192.2866715169641,-74.39529999999999,-149.7937,1.0,D
1,192.4116715169641,-75.39529999999999,-149.7937,1.0,D
1,192.58844821226074,-76.39529999999999,-148.7937,1.0,D
1,192.71344821226074,-77.39529999999999,-148.7937,1.0,D
1,192.89022490755738,-78.39529999999999,-147.7937,1.0,D
1,193.01522490755738,-79.39529999999999,-147.7937,1.0,D
1,193.36877829815066,-81.39529999999999,-145.7937,1.0,D
1,193.49377829815066,-82.39529999999999,-145.7937,1.0,D
1,193.84733168874394,-84.39529999999999,-143.7937,1.0,D
1,193.97233168874394,-85.39529999999999,-143.7937,1.0,D
1,194.3258850793372,-87.39529999999999,-141.7937,1.0,D
1,194.4508850793372,-88.39529999999999,-141.7937,1.0,D
1,194.98121516522713,-91.39529999999999,-138.7937,1.0,D
1,195.10621516522713,-92.39529999999999,-138.7937,1.0,D
1,195.63654525111704,-95.39529999999999,-135.7937,1.0,D
1,195.76154525111704,-96.39529999999999,-135.7937,1.0,D
1,196.64542872760023,-101.39529999999999,-130.7937,1.0,D
1,196.77042872760023,-102.39529999999999,-130.7937,1.0,D
1,199.9524092429397,-120.39529999999999,-112.7937,1.0,D
1,200.0774092429397,-120.39529999999999,-111.7937,1.0,D
1,200.9612927194229,-125.39529999999999,-106.7937,1.0,D
1,201.0862927194229,-125.39529999999999,-105.7937,1.0,D
1,201.6166228053128,-128.3953,-102.7937,1.0,D
1,201.7416228053128,-128.3953,-101.7937,1.0,D
1,202.09517619590608,-130.3953,-99.7937,1.0,D
1,202.22017619590608,-130.3953,-98.7937,1.0,D
1,202.57372958649935,-132.3953,-96.7937,1.0,D
1,202.69872958649935,-132.3953,-95.7937,1.0,D
1,203.05228297709263,-134.3953,-93.7937,1.0,D
1,203.17728297709263,-134.3953,-92.7937,1.0,D
1,203.5308363676859,-136.3953,-90.7937,1.0,D
1,203.6558363676859,-136.3953,-89.7937,1.0,D
1,203.83261306298255,-137.3953,-88.7937,1.0,D
1,203.95761306298255,-137.3953,-87.7937,1.0,D
1,204.13438975827918,-138.3953,-86.7937,1.0,D
1,204.25938975827918,-138.3953,-85.7937,1.0,D
1,204.61294314887246,-140.3953,-83.7937,1.0,D
1,204.73794314887246,-140.3953,-82.7937,1.0,D
1,204.9147198441691,-141.3953,-81.7937,1.0,D
1,205.0397198441691,-141.3953,-80.7937,1.0,D
1,205.21649653946574,-142.3953,-79.7937,1.0,D
1,205.34149653946574,-142.3953,-78.7937,1.0,D
1,205.51827323476238,-143.3953,-77.7937,1.0,D
1,205.64327323476238,-143.3953,-76.7937,1.0,D
1,205.820049930059,-144.3953,-75.7937,1.0,D
1,206.070049930059,-144.3953,-73.7937,1.0,D
1,206.24682662535565,-145.3953,-72.7937,1.0,D
1,206.37182662535565,-145.3953,-71.7937,1.0,D
1,206.5486033206523,-146.3953,-70.7937,1.0,D
1,206.6736033206523,-146.3953,-69.7937,1.0,D
1,206.85038001594893,-147.3953,-68.7937,1.0,D
1,207.10038001594893,-147.3953,-66.7937,1.0,D
1,207.27715671124557,-148.3953,-65.7937,1.0,D
1,207.52715671124557,-148.3953,-63.7937,1.0,D
1,207.7039334065422,-149.3953,-62.7937,1.0,D
1,207.9539334065422,-149.3953,-60.7937,1.0,D
1,208.13071010183884,-150.3953,-59.7937,1.0,D
1,208.38071010183884,-150.3953,-57.7937,1.0,D
1,208.55748679713548,-151.3953,-56.7937,1.0,D
1,208.80748679713548,-151.3953,-54.7937,1.0,D
1,208.98426349243212,-152.3953,-53.7937,1.0,D
1,209.35926349243212,-152.3953,-50.7937,1.0,D
1,209.53604018772876,-153.3953,-49.7937,1.0,D
1,209.91104018772876,-153.3953,-46.7937,1.0,D
1,210.0878168830254,-154.3953,-45.7937,1.0,D
1,210.5878168830254,-154.3953,-41.7937,1.0,D
1,210.76459357832204,-155.3953,-40.7937,1.0,D
1,211.26459357832204,-155.3953,-36.7937,1.0,D
1,211.44137027361867,-156.3953,-35.7937,1.0,D
1,212.06637027361867,-156.3953,-30.7937,1.0,D
1,212.2431469689153,-157.3953,-29.7937,1.0,D
1,213.1181469689153,-157.3953,-22.7937,1.0,D
1,213.29492366421195,-158.3953,-21.7937,1.0,D
1,216.66992366421195,-158.3953,5.206299999999999,1.0,T
1,225.37835272683546,-1000.0,0.0,1000.0,W
1,297.54413894800643,-1000.0,0.0,1000.0,T
1,306.24237523569855,-158.3953,5.206299999999999,3.0,D
1,306.41915193099516,-157.3953,6.206299999999999,3.0,D
1,307.16915193099516,-157.3953,12.206299999999999,3.0,D
1,307.34592862629177,-156.3953,13.206299999999999,3.0,D
1,308.09592862629177,-156.3953,19.2063,3.0,D
1,308.2727053215884,-155.3953,20.2063,3.0,D
1,308.7727053215884,-155.3953,24.2063,3.0,D
1,308.949482016885,-154.3953,25.2063,3.0,D
1,309.324482016885,-154.3953,28.2063,3.0,D
1,309.5012587121816,-153.3953,29.2063,3.0,D
1,310.0012587121816,-153.3953,33.2063,3.0,D
1,310.1780354074782,-152.3953,34.2063,3.0,D
1,310.4280354074782,-152.3953,36.2063,3.0,D
1,310.6048121027748,-151.3953,37.2063,3.0,D
1,310.8548121027748,-151.3953,39.2063,3.0,D
1,311.0315887980714,-150.3953,40.2063,3.0,D
1,311.4065887980714,-150.3953,43.2063,3.0,D
1,311.58336549336804,-149.3953,44.2063,3.0,D
1,311.70836549336804,-149.3953,45.2063,3.0,D
1,311.88514218866464,-148.3953,46.2063,3.0,D
1,312.13514218866464,-148.3953,48.2063,3.0,D
1,312.31191888396125,-147.3953,49.2063,3.0,D
1,312.43691888396125,-147.3953,50.2063,3.0,D
1,312.61369557925786,-146.3953,51.2063,3.0,D
1,312.73869557925786,-146.3953,52.2063,3.0,D
1,312.9154722745545,-145.3953,53.2063,3.0,D
1,313.1654722745545,-145.3953,55.2063,3.0,D
1,313.3422489698511,-144.3953,56.2063,3.0,D
1,313.4672489698511,-144.3953,57.2063,3.0,D
1,313.6440256651477,-143.3953,58.2063,3.0,D
1,313.7690256651477,-143.3953,59.2063,3.0,D
1,313.9458023604443,-142.3953,60.2063,3.0,D
1,314.0708023604443,-142.3953,61.2063,3.0,D
1,314.2475790557409,-141.3953,62.2063,3.0,D
1,314.3725790557409,-141.3953,63.2063,3.0,D
1,314.5493557510375,-140.3953,64.2063,3.0,D
1,314.6743557510375,-140.3953,65.2063,3.0,D
1,315.0279091416308,-138.3953,67.2063,3.0,D
1,315.1529091416308,-138.3953,68.2063,3.0,D
1,315.3296858369274,-137.3953,69.2063,3.0,D
1,315.4546858369274,-137.3953,70.2063,3.0,D
1,315.631462532224,-136.3953,71.2063,3.0,D
1,315.756462532224,-136.3953,72.2063,3.0,D
1,316.1100159228173,-134.3953,74.2063,3.0,D
1,316.2350159228173,-134.3953,75.2063,3.0,D
1,316.5885693134106,-132.3953,77.2063,3.0,D
1,316.7135693134106,-132.3953,78.2063,3.0,D
1,317.06712270400385,-130.3953,80.2063,3.0,D
1,317.19212270400385,-130.3953,81.2063,3.0,D
1,317.5456760945971,-128.3953,83.2063,3.0,D
1,317.6706760945971,-128.3953,84.2063,3.0,D
1,318.3777828757837,-124.39529999999999,88.2063,3.0,D
1,318.5027828757837,-124.39529999999999,89.2063,3.0,D
1,319.38666635226684,-119.39529999999999,94.2063,3.0,D
1,319.51166635226684,-119.39529999999999,95.2063,3.0,D
1,321.6329866958265,-107.39529999999999,107.2063,3.0,D
1,321.7579866958265,-106.39529999999999,107.2063,3.0,D
1,322.81864686760633,-100.39529999999999,113.2063,3.0,D
1,322.94364686760633,-99.39529999999999,113.2063,3.0,D
1,323.4739769534962,-96.39529999999999,116.2063,3.0,D
1,323.5989769534962,-95.39529999999999,116.2063,3.0,D
1,323.9525303440895,-93.39529999999999,118.2063,3.0,D
1,324.0775303440895,-92.39529999999999,118.2063,3.0,D
1,324.4310837346828,-90.39529999999999,120.2063,3.0,D
1,324.5560837346828,-89.39529999999999,120.2063,3.0,D
1,324.90963712527605,-87.39529999999999,122.2063,3.0,D
1,325.03463712527605,-86.39529999999999,122.2063,3.0,D
1,325.3881905158693,-84.39529999999999,124.2063,3.0,D
1,325.5131905158693,-83.39529999999999,124.2063,3.0,D
1,325.68996721116594,-82.39529999999999,125.2063,3.0,D
1,325.81496721116594,-81.39529999999999,125.2063,3.0,D
1,325.99174390646255,-80.39529999999999,126.2063,3.0,D
1,326.11674390646255,-79.39529999999999,126.2063,3.0,D
1,326.29352060175916,-78.39529999999999,127.2063,3.0,D
1,326.41852060175916,-77.39529999999999,127.2063,3.0,D
1,326.77207399235243,-75.39529999999999,129.2063,3.0,D
1,326.89707399235243,-74.39529999999999,129.2063,3.0,D
1,327.07385068764904,-73.39529999999999,130.2063,3.0,D
1,327.19885068764904,-72.39529999999999,130.2063,3.0,D
1,327.37562738294565,-71.39529999999999,131.2063,3.0,D
1,327.62562738294565,-69.39529999999999,131.2063,3.0,D
1,327.80240407824226,-68.39529999999999,132.2063,3.0,D
1,327.92740407824226,-67.39529999999999,132.2063,3.0,D
1,328.10418077353887,-66.39529999999999,133.2063,3.0,D
1,328.35418077353887,-64.39529999999999,133.2063,3.0,D
1,328.5309574688355,-63.39529999999999,134.2063,3.0,D
1,328.6559574688355,-62.39529999999999,134.2063,3.0,D
1,328.8327341641321,-61.39529999999999,135.2063,3.0,D
1,329.0827341641321,-59.39529999999999,135.2063,3.0,D
1,329.2595108594287,-58.39529999999999,136.2063,3.0,D
1,329.5095108594287,-56.39529999999999,136.2063,3.0,D
1,329.6862875547253,-55.39529999999999,137.2063,3.0,D
1,329.9362875547253,-53.39529999999999,137.2063,3.0,D
1,330.1130642500219,-52.39529999999999,138.2063,3.0,D
1,330.3630642500219,-50.39529999999999,138.2063,3.0,D
1,330.53984094531853,-49.39529999999999,139.2063,3.0,D
1,330.78984094531853,-47.39529999999999,139.2063,3.0,D
1,330.96661764061514,-46.39529999999999,140.2063,3.0,D
1,331.34161764061514,-43.39529999999999,140.2063,3.0,D
1,331.51839433591175,-42.39529999999999,141.2063,3.0,D
1,331.89339433591175,-39.39529999999999,141.2063,3.0,D
1,332.07017103120836,-38.39529999999999,142.2063,3.0,D
1,332.57017103120836,-34.39529999999999,142.2063,3.0,D
1,332.74694772650497,-33.39529999999999,143.2063,3.0,D
1,333.49694772650497,-27.39529999999999,143.2063,3.0,D
1,333.6737244218016,-26.39529999999999,144.2063,3.0,D
1,338.1737244218016,9.604700000000008,144.2063,3.0,D
1,338.3505011170982,10.604700000000008,143.2063,3.0,D
1,339.1005011170982,16.60470000000001,143.2063,3.0,D
1,339.2772778123948,17.60470000000001,142.2063,3.0,D
1,339.7772778123948,21.60470000000001,142.2063,3.0,D
1,339.9540545076914,22.60470000000001,141.2063,3.0,D
1,340.3290545076914,25.60470000000001,141.2063,3.0,D
1,340.505831202988,26.60470000000001,140.2063,3.0,D
1,340.755831202988,28.60470000000001,140.2063,3.0,D
1,340.93260789828463,29.60470000000001,139.2063,3.0,D
1,341.30760789828463,32.60470000000001,139.2063,3.0,D
1,341.48438459358124,33.60470000000001,138.2063,3.0,D
1,341.73438459358124,35.60470000000001,138.2063,3.0,D
1,341.91116128887785,36.60470000000001,137.2063,3.0,D
1,342.03616128887785,37.60470000000001,137.2063,3.0,D
1,342.21293798417446,38.60470000000001,136.2063,3.0,D
1,342.46293798417446,40.60470000000001,136.2063,3.0,D
1,342.63971467947107,41.60470000000001,135.2063,3.0,D
1,342.88971467947107,43.60470000000001,135.2063,3.0,D
1,343.0664913747677,44.60470000000001,134.2063,3.0,D
1,343.3164913747677,46.60470000000001,134.2063,3.0,D
1,343.4932680700643,47.60470000000001,133.2063,3.0,D
1,343.6182680700643,48.60470000000001,133.2063,3.0,D
1,343.7950447653609,49.60470000000001,132.2063,3.0,D
1,343.9200447653609,50.60470000000001,132.2063,3.0,D
1,344.0968214606575,51.60470000000001,131.2063,3.0,D
1,344.3468214606575,53.60470000000001,131.2063,3.0,D
1,344.5235981559541,54.60470000000001,130.2063,3.0,D
1,344.6485981559541,55.60470000000001,130.2063,3.0,D
1,344.82537485125073,56.60470000000001,129.2063,3.0,D
1,344.95037485125073,57.60470000000001,129.2063,3.0,D
1,345.12715154654734,58.60470000000001,128.2063,3.0,D
1,345.25215154654734,59.60470000000001,128.2063,3.0,D
1,345.6057049371406,61.60470000000001,126.2063,3.0,D
1,345.7307049371406,62.60470000000001,126.2063,3.0,D
1,345.9074816324372,63.60470000000001,125.2063,3.0,D
1,346.0324816324372,64.60470000000001,125.2063,3.0,D
1,346.3860350230305,66.60470000000001,123.2063,3.0,D
1,346.5110350230305,67.60470000000001,123.2063,3.0,D
1,346.6878117183271,68.60470000000001,122.2063,3.0,D
1,346.8128117183271,69.60470000000001,122.2063,3.0,D
1,347.1663651089204,71.60470000000001,120.2063,3.0,D
1,347.2913651089204,72.60470000000001,120.2063,3.0,D
1,347.8216951948103,75.60470000000001,117.2063,3.0,D
1,347.9466951948103,76.60470000000001,117.2063,3.0,D
1,348.47702528070016,79.60470000000001,114.2063,3.0,D
1,348.60202528070016,80.60470000000001,114.2063,3.0,D
1,349.4859087571833,85.60470000000001,109.2063,3.0,D
1,349.6109087571833,86.60470000000001,109.2063,3.0,T
1,349.96930022533576,47.60470000000001,72.2063,3.0,D
1,351.91384387359875,58.60470000000001,61.2063,3.0,D
1,352.03884387359875,58.60470000000001,60.2063,3.0,D
1,352.56917395948864,61.60470000000001,57.2063,3.0,D
1,352.69417395948864,61.60470000000001,56.2063,3.0,D
1,353.2245040453785,64.60470000000001,53.2063,3.0,D
1,353.3495040453785,64.60470000000001,52.2063,3.0,D
1,353.52628074067513,65.60470000000001,51.2063,3.0,D
1,353.65128074067513,65.60470000000001,50.2063,3.0,D
1,353.82805743597174,66.60470000000001,49.2063,3.0,D
1,353.95305743597174,66.60470000000001,48.2063,3.0,D
1,354.306610826565,68.60470000000001,46.2063,3.0,D
1,354.431610826565,68.60470000000001,45.2063,3.0,D
1,354.60838752186163,69.60470000000001,44.2063,3.0,D
1,354.85838752186163,69.60470000000001,42.2063,3.0,D
1,355.03516421715824,70.60470000000001,41.2063,3.0,D
1,355.16016421715824,70.60470000000001,40.2063,3.0,D
1,355.33694091245485,71.60470000000001,39.2063,3.0,D
1,355.46194091245485,71.60470000000001,38.2063,3.0,D
1,355.63871760775146,72.60470000000001,37.2063,3.0,D
1,355.76371760775146,72.60470000000001,36.2063,3.0,D
1,355.94049430304807,73.60470000000001,35.2063,3.0,D
1,356.19049430304807,73.60470000000001,33.2063,3.0,D
1,356.3672709983447,74.60470000000001,32.2063,3.0,D
1,356.6172709983447,74.60470000000001,30.2063,3.0,D
1,356.7940476936413,75.60470000000001,29.2063,3.0,D
1,357.1690476936413,75.60470000000001,26.2063,3.0,D
1,357.3458243889379,76.60470000000001,25.2063,3.0,D
1,357.9708243889379,76.60470000000001,20.2063,3.0,D
1,358.1476010842345,77.60470000000001,19.2063,3.0,D
1,360.8976010842345,77.60470000000001,-2.793700000000001,3.0,D
1,361.0743777795311,76.60470000000001,-3.793700000000001,3.0,D
1,361.5743777795311,76.60470000000001,-7.793700000000001,3.0,D
1,361.75115447482773,75.60470000000001,-8.793700000000001,3.0,D
1,362.12615447482773,75.60470000000001,-11.793700000000001,3.0,D
1,362.30293117012434,74.60470000000001,-12.793700000000001,3.0,D
1,362.55293117012434,74.60470000000001,-14.793700000000001,3.0,D
1,362.72970786542095,73.60470000000001,-15.793700000000001,3.0,D
1,362.97970786542095,73.60470000000001,-17.7937,3.0,D
1,363.15648456071756,72.60470000000001,-18.7937,3.0,D
1,363.28148456071756,72.60470000000001,-19.7937,3.0,D
1,363.45826125601417,71.60470000000001,-20.7937,3.0,D
1,363.70826125601417,71.60470000000001,-22.7937,3.0,D
1,363.8850379513108,70.60470000000001,-23.7937,3.0,D
1,364.0100379513108,70.60470000000001,-24.7937,3.0,D
1,364.1868146466074,69.60470000000001,-25.7937,3.0,D
1,364.3118146466074,69.60470000000001,-26.7937,3.0,D
1,364.488591341904,68.60470000000001,-27.7937,3.0,D
1,364.613591341904,68.60470000000001,-28.7937,3.0,D
1,364.7903680372006,67.60470000000001,-29.7937,3.0,D
1,364.9153680372006,67.60470000000001,-30.7937,3.0,D
1,365.2689214277939,65.60470000000001,-32.7937,3.0,D
1,365.3939214277939,65.60470000000001,-33.7937,3.0,D
1,365.74747481838716,63.60470000000001,-35.7937,3.0,D
1,365.87247481838716,63.60470000000001,-36.7937,3.0,D
1,368.5241252478367,48.60470000000001,-51.7937,3.0,D
1,368.6491252478367,47.60470000000001,-51.7937,3.0,D
1,369.00267863843,45.60470000000001,-53.7937,3.0,D
1,369.12767863843,44.60470000000001,-53.7937,3.0,D
1,369.48123202902326,42.60470000000001,-55.7937,3.0,D
1,369.60623202902326,41.60470000000001,-55.7937,3.0,D
1,369.78300872431987,40.60470000000001,-56.7937,3.0,D
1,369.90800872431987,39.60470000000001,-56.7937,3.0,D
1,370.0847854196165,38.60470000000001,-57.7937,3.0,D
1,370.2097854196165,37.60470000000001,-57.7937,3.0,D
1,370.3865621149131,36.60470000000001,-58.7937,3.0,D
1,370.5115621149131,35.60470000000001,-58.7937,3.0,D
1,370.6883388102097,34.60470000000001,-59.7937,3.0,D
1,370.8133388102097,33.60470000000001,-59.7937,3.0,D
1,370.9901155055063,32.60470000000001,-60.7937,3.0,D
1,371.2401155055063,30.60470000000001,-60.7937,3.0,D
1,371.4168922008029,29.60470000000001,-61.7937,3.0,D
1,371.6668922008029,27.60470000000001,-61.7937,3.0,D
1,371.84366889609953,26.60470000000001,-62.7937,3.0,D
1,372.34366889609953,22.60470000000001,-62.7937,3.0,D
1,372.52044559139614,21.60470000000001,-63.7937,3.0,D
1,373.14544559139614,16.60470000000001,-63.7937,3.0,D
1,373.32222228669275,15.604700000000008,-64.7937,3.0,D
1,375.07222228669275,1.6047000000000082,-64.7937,3.0,D
1,375.24899898198936,0.6047000000000082,-63.7937,3.0,D
1,375.99899898198936,-5.395299999999992,-63.7937,3.0,D
1,376.17577567728597,-6.395299999999992,-62.7937,3.0,D
1,376.55077567728597,-9.395299999999992,-62.7937,3.0,D
1,376.7275523725826,-10.395299999999992,-61.7937,3.0,D
1,376.9775523725826,-12.395299999999992,-61.7937,3.0,D
1,377.1543290678792,-13.395299999999992,-60.7937,3.0,D
1,377.2793290678792,-14.395299999999992,-60.7937,3.0,D
1,377.4561057631758,-15.395299999999992,-59.7937,3.0,D
1,377.7061057631758,-17.39529999999999,-59.7937,3.0,D
1,377.8828824584724,-18.39529999999999,-58.7937,3.0,D
1,378.0078824584724,-19.39529999999999,-58.7937,3.0,D
1,378.184659153769,-20.39529999999999,-57.7937,3.0,D
1,378.309659153769,-21.39529999999999,-57.7937,3.0,D
1,378.6632125443623,-23.39529999999999,-55.7937,3.0,D
1,378.7882125443623,-24.39529999999999,-55.7937,3.0,D
1,378.9649892396589,-25.39529999999999,-54.7937,3.0,D
1,379.0899892396589,-26.39529999999999,-54.7937,3.0,D
1,379.6203193255488,-29.39529999999999,-51.7937,3.0,D
1,379.7453193255488,-30.39529999999999,-51.7937,3.0,D
1,381.5130862785152,-40.39529999999999,-41.7937,3.0,D
1,381.6380862785152,-40.39529999999999,-40.7937,3.0,D
1,382.16841636440506,-43.39529999999999,-37.7937,3.0,D
1,382.29341636440506,-43.39529999999999,-36.7937,3.0,D
1,382.64696975499834,-45.39529999999999,-34.7937,3.0,D
1,382.77196975499834,-45.39529999999999,-33.7937,3.0,D
1,382.94874645029495,-46.39529999999999,-32.7937,3.0,D
1,383.07374645029495,-46.39529999999999,-31.7937,3.0,D
1,383.25052314559156,-47.39529999999999,-30.7937,3.0,D
1,383.50052314559156,-47.39529999999999,-28.7937,3.0,D
1,383.67729984088817,-48.39529999999999,-27.7937,3.0,D
1,383.92729984088817,-48.39529999999999,-25.7937,3.0,D
1,384.1040765361848,-49.39529999999999,-24.7937,3.0,D
1,384.3540765361848,-49.39529999999999,-22.7937,3.0,D
1,384.5308532314814,-50.39529999999999,-21.7937,3.0,D
1,385.1558532314814,-50.39529999999999,-16.7937,3.0,D
1,385.332629926778,-51.39529999999999,-15.793700000000001,3.0,D
1,387.082629926778,-51.39529999999999,-1.7937000000000012,3.0,D
1,387.2594066220746,-50.39529999999999,-0.7937000000000012,3.0,D
1,387.8844066220746,-50.39529999999999,4.206299999999999,3.0,D
1,388.0611833173712,-49.39529999999999,5.206299999999999,3.0,D
1,388.4361833173712,-49.39529999999999,8.206299999999999,3.0,D
1,388.6129600126678,-48.39529999999999,9.206299999999999,3.0,D
1,388.7379600126678,-48.39529999999999,10.206299999999999,3.0,D
1,388.91473670796444,-47.39529999999999,11.206299999999999,3.0,D
1,389.03973670796444,-47.39529999999999,12.206299999999999,3.0,D
1,389.21651340326105,-46.39529999999999,13.206299999999999,3.0,D
1,389.34151340326105,-46.39529999999999,14.206299999999999,3.0,D
1,389.51829009855766,-45.39529999999999,15.206299999999999,3.0,D
1,389.64329009855766,-45.39529999999999,16.2063,3.0,D
1,389.99684348915093,-43.39529999999999,18.2063,3.0,D
1,390.12184348915093,-43.39529999999999,19.2063,3.0,D
1,390.4753968797442,-41.39529999999999,21.2063,3.0,D
1,390.6003968797442,-41.39529999999999,22.2063,3.0,D
1,391.83783374682065,-34.39529999999999,29.2063,3.0,D
1,391.96283374682065,-33.39529999999999,29.2063,3.0,D
1,392.3163871374139,-31.39529999999999,31.2063,3.0,D
1,392.4413871374139,-30.39529999999999,31.2063,3.0,D
1,392.7949405280072,-28.39529999999999,33.2063,3.0,D
1,392.9199405280072,-27.39529999999999,33.2063,3.0,D
1,393.0967172233038,-26.39529999999999,34.2063,3.0,D
1,393.2217172233038,-25.39529999999999,34.2063,3.0,D
1,393.3984939186004,-24.39529999999999,35.2063,3.0,D
1,393.6484939186004,-22.39529999999999,35.2063,3.0,D
1,393.82527061389703,-21.39529999999999,36.2063,3.0,D
1,394.07527061389703,-19.39529999999999,36.2063,3.0,D
1,394.25204730919364,-18.39529999999999,37.2063,3.0,D
1,394.75204730919364,-14.395299999999992,37.2063,3.0,D
1,394.92882400449025,-13.395299999999992,38.2063,3.0,D
1,396.30382400449025,-2.3952999999999918,38.2063,3.0,D
1,396.48060069978686,-1.3952999999999918,37.2063,3.0,D
1,396.85560069978686,1.6047000000000082,37.2063,3.0,D
1,397.0323773950835,2.6047000000000082,36.2063,3.0,D
1,397.1573773950835,3.6047000000000082,36.2063,3.0,D
1,397.3341540903801,4.604700000000008,35.2063,3.0,D
1,397.5841540903801,6.604700000000008,35.2063,3.0,D
1,397.7609307856767,7.604700000000008,34.2063,3.0,D
1,397.8859307856767,8.604700000000008,34.2063,3.0,D
1,398.0627074809733,9.604700000000008,33.2063,3.0,D
1,398.1877074809733,10.604700000000008,33.2063,3.0,D
1,398.3644841762699,11.604700000000008,32.2063,3.0,D
1,398.4894841762699,12.604700000000008,32.2063,3.0,D
1,399.72692104334635,19.60470000000001,25.2063,3.0,D
1,399.85192104334635,19.60470000000001,24.2063,3.0,D
1,400.02869773864296,20.60470000000001,23.2063,3.0,D
1,400.15369773864296,20.60470000000001,22.2063,3.0,D
1,400.33047443393957,21.60470000000001,21.2063,3.0,D
1,400.45547443393957,21.60470000000001,20.2063,3.0,D
1,400.6322511292362,22.60470000000001,19.2063,3.0,D
1,400.7572511292362,22.60470000000001,18.2063,3.0,D
1,400.9340278245328,23.60470000000001,17.2063,3.0,D
1,401.0590278245328,23.60470000000001,16.2063,3.0,D
1,401.2358045198294,24.60470000000001,15.206299999999999,3.0,D
1,402.8608045198294,24.60470000000001,2.206299999999999,3.0,D
1,403.037581215126,23.60470000000001,1.2062999999999988,3.0,D
1,403.162581215126,23.60470000000001,0.20629999999999882,3.0,D
1,403.3393579104226,24.60470000000001,-0.7937000000000012,3.0,T
1,403.8476447935463,46.60470000000001,72.2063,3.0,D
1,403.9726447935463,47.60470000000001,72.2063,3.0,T
1,403.97931146021295,46.60470000000001,72.2063,3.0,D
1,404.5096415461029,43.60470000000001,75.2063,3.0,D
1,404.6346415461029,42.60470000000001,75.2063,3.0,D
1,404.9881949366962,40.60470000000001,77.2063,3.0,D
1,405.1131949366962,39.60470000000001,77.2063,3.0,D
1,405.2899716319928,38.60470000000001,78.2063,3.0,D
1,405.4149716319928,37.60470000000001,78.2063,3.0,D
1,405.76852502258606,35.60470000000001,80.2063,3.0,D
1,405.89352502258606,34.60470000000001,80.2063,3.0,D
1,406.07030171788267,33.60470000000001,81.2063,3.0,D
1,406.19530171788267,32.60470000000001,81.2063,3.0,D
1,406.3720784131793,31.60470000000001,82.2063,3.0,D
1,406.4970784131793,30.60470000000001,82.2063,3.0,D
1,406.6738551084759,29.60470000000001,83.2063,3.0,D
1,406.7988551084759,28.60470000000001,83.2063,3.0,D
1,406.9756318037725,27.60470000000001,84.2063,3.0,D
1,407.2256318037725,25.60470000000001,84.2063,3.0,D
1,407.4024084990691,24.60470000000001,85.2063,3.0,D
1,407.6524084990691,22.60470000000001,85.2063,3.0,D
1,407.8291851943657,21.60470000000001,86.2063,3.0,D
1,408.0791851943657,19.60470000000001,86.2063,3.0,D
1,408.25596188966233,18.60470000000001,87.2063,3.0,D
1,408.50596188966233,16.60470000000001,87.2063,3.0,D
1,408.68273858495894,15.604700000000008,88.2063,3.0,D
1,408.93273858495894,13.604700000000008,88.2063,3.0,D
1,409.10951528025555,12.604700000000008,89.2063,3.0,D
1,409.48451528025555,9.604700000000008,89.2063,3.0,D
1,409.66129197555216,8.604700000000008,90.2063,3.0,D
1,410.41129197555216,2.6047000000000082,90.2063,3.0,D
1,410.58806867084877,1.6047000000000082,91.2063,3.0,D
1,413.08806867084877,-18.39529999999999,91.2063,3.0,D
1,413.2648453661454,-19.39529999999999,90.2063,3.0,D
1,414.0148453661454,-25.39529999999999,90.2063,3.0,D
1,414.191622061442,-26.39529999999999,89.2063,3.0,D
1,414.566622061442,-29.39529999999999,89.2063,3.0,D
1,414.7433987567386,-30.39529999999999,88.2063,3.0,D
1,415.1183987567386,-33.39529999999999,88.2063,3.0,D
1,415.2951754520352,-34.39529999999999,87.2063,3.0,D
1,415.5451754520352,-36.39529999999999,87.2063,3.0,D
1,415.7219521473318,-37.39529999999999,86.2063,3.0,D
1,415.9719521473318,-39.39529999999999,86.2063,3.0,D
1,416.14872884262843,-40.39529999999999,85.2063,3.0,D
1,416.39872884262843,-42.39529999999999,85.2063,3.0,D
1,416.57550553792504,-43.39529999999999,84.2063,3.0,D
1,416.70050553792504,-44.39529999999999,84.2063,3.0,D
1,416.87728223322165,-45.39529999999999,83.2063,3.0,D
1,417.12728223322165,-47.39529999999999,83.2063,3.0,D
1,417.30405892851826,-48.39529999999999,82.2063,3.0,D
1,417.42905892851826,-49.39529999999999,82.2063,3.0,D
1,417.60583562381487,-50.39529999999999,81.2063,3.0,D
1,417.73083562381487,-51.39529999999999,81.2063,3.0,D
1,417.9076123191115,-52.39529999999999,80.2063,3.0,D
1,418.0326123191115,-53.39529999999999,80.2063,3.0,D
1,418.2093890144081,-54.39529999999999,79.2063,3.0,D
1,418.3343890144081,-55.39529999999999,79.2063,3.0,D
1,418.68794240500137,-57.39529999999999,77.2063,3.0,D
1,418.81294240500137,-58.39529999999999,77.2063,3.0,D
1,419.16649579559464,-60.39529999999999,75.2063,3.0,D
1,419.29149579559464,-61.39529999999999,75.2063,3.0,D
1,419.6450491861879,-63.39529999999999,73.2063,3.0,D
1,419.7700491861879,-64.39529999999999,73.2063,3.0,D
1,420.3003792720778,-67.39529999999999,70.2063,3.0,D
1,420.4253792720778,-68.39529999999999,70.2063,3.0,D
1,422.90025300623074,-82.39529999999999,56.2063,3.0,D
1,423.02525300623074,-82.39529999999999,55.2063,3.0,D
1,423.5555830921206,-85.39529999999999,52.2063,3.0,D
1,423.6805830921206,-85.39529999999999,51.2063,3.0,D
1,424.0341364827139,-87.39529999999999,49.2063,3.0,D
1,424.1591364827139,-87.39529999999999,48.2063,3.0,D
1,424.5126898733072,-89.39529999999999,46.2063,3.0,D
1,424.6376898733072,-89.39529999999999,45.2063,3.0,D
1,424.99124326390046,-91.39529999999999,43.2063,3.0,D
1,425.11624326390046,-91.39529999999999,42.2063,3.0,D
1,425.29301995919707,-92.39529999999999,41.2063,3.0,D
1,425.41801995919707,-92.39529999999999,40.2063,3.0,D
1,425.5947966544937,-93.39529999999999,39.2063,3.0,D
1,425.7197966544937,-93.39529999999999,38.2063,3.0,D
1,425.8965733497903,-94.39529999999999,37.2063,3.0,D
1,426.0215733497903,-94.39529999999999,36.2063,3.0,D
1,426.1983500450869,-95.39529999999999,35.2063,3.0,D
1,426.3233500450869,-95.39529999999999,34.2063,3.0,D
1,426.5001267403835,-96.39529999999999,33.2063,3.0,D
1,426.6251267403835,-96.39529999999999,32.2063,3.0,D
1,426.8019034356801,-97.39529999999999,31.2063,3.0,D
1,426.9269034356801,-97.39529999999999,30.2063,3.0,D
1,427.1036801309767,-98.39529999999999,29.2063,3.0,D
1,427.3536801309767,-98.39529999999999,27.2063,3.0,D
1,427.53045682627334,-99.39529999999999,26.2063,3.0,D
1,427.78045682627334,-99.39529999999999,24.2063,3.0,D
1,427.95723352156995,-100.39529999999999,23.2063,3.0,D
1,428.20723352156995,-100.39529999999999,21.2063,3.0,D
1,428.38401021686656,-101.39529999999999,20.2063,3.0,D
1,428.75901021686656,-101.39529999999999,17.2063,3.0,D
1,428.93578691216317,-102.39529999999999,16.2063,3.0,D
1,429.43578691216317,-102.39529999999999,12.206299999999999,3.0,D
1,429.6125636074598,-103.39529999999999,11.206299999999999,3.0,D
1,430.3625636074598,-103.39529999999999,5.206299999999999,3.0,D
1,430.5393403027564,-104.39529999999999,4.206299999999999,3.0,D
1,431.4143403027564,-104.39529999999999,-2.793700000000001,3.0,D
1,431.591116998053,-105.39529999999999,-3.793700000000001,3.0,D
1,432.841116998053,-105.39529999999999,-13.793700000000001,3.0,D
1,433.0178936933496,-104.39529999999999,-14.793700000000001,3.0,D
1,433.8928936933496,-104.39529999999999,-21.7937,3.0,D
1,434.0696703886462,-103.39529999999999,-22.7937,3.0,D
1,434.6946703886462,-103.39529999999999,-27.7937,3.0,D
1,434.8714470839428,-102.39529999999999,-28.7937,3.0,D
1,435.3714470839428,-102.39529999999999,-32.7937,3.0,D
1,435.54822377923944,-101.39529999999999,-33.7937,3.0,D
1,435.92322377923944,-101.39529999999999,-36.7937,3.0,D
1,436.10000047453605,-100.39529999999999,-37.7937,3.0,D
1,436.47500047453605,-100.39529999999999,-40.7937,3.0,D
1,436.65177716983266,-99.39529999999999,-41.7937,3.0,D
1,436.90177716983266,-99.39529999999999,-43.7937,3.0,D
1,437.07855386512927,-98.39529999999999,-44.7937,3.0,D
1,437.32855386512927,-98.39529999999999,-46.7937,3.0,D
1,437.5053305604259,-97.39529999999999,-47.7937,3.0,D
1,437.6303305604259,-97.39529999999999,-48.7937,3.0,D
1,437.8071072557225,-96.39529999999999,-49.7937,3.0,D
1,438.0571072557225,-96.39529999999999,-51.7937,3.0,D
1,438.2338839510191,-95.39529999999999,-52.7937,3.0,D
1,438.3588839510191,-95.39529999999999,-53.7937,3.0,D
1,438.5356606463157,-94.39529999999999,-54.7937,3.0,D
1,438.6606606463157,-94.39529999999999,-55.7937,3.0,D
1,438.8374373416123,-93.39529999999999,-56.7937,3.0,D
1,438.9624373416123,-93.39529999999999,-57.7937,3.0,D
1,439.1392140369089,-92.39529999999999,-58.7937,3.0,D
1,439.2642140369089,-92.39529999999999,-59.7937,3.0,D
1,439.6177674275022,-90.39529999999999,-61.7937,3.0,D
1,439.7427674275022,-90.39529999999999,-62.7937,3.0,D
1,439.9195441227988,-89.39529999999999,-63.7937,3.0,D
1,440.0445441227988,-89.39529999999999,-64.7937,3.0,D
1,440.3980975133921,-87.39529999999999,-66.7937,3.0,D
1,440.5230975133921,-87.39529999999999,-67.7937,3.0,D
1,440.87665090398536,-85.39529999999999,-69.7937,3.0,D
1,441.00165090398536,-85.39529999999999,-70.7937,3.0,D
1,441.53198098987525,-82.39529999999999,-73.7937,3.0,D
1,441.65698098987525,-82.39529999999999,-74.7937,3.0,D
1,444.83896150521474,-64.39529999999999,-92.7937,3.0,D
1,444.96396150521474,-63.39529999999999,-92.7937,3.0,D
1,445.6710682864013,-59.39529999999999,-96.7937,3.0,D
1,445.7960682864013,-58.39529999999999,-96.7937,3.0,D
1,446.14962167699457,-56.39529999999999,-98.7937,3.0,D
1,446.27462167699457,-55.39529999999999,-98.7937,3.0,D
1,446.62817506758785,-53.39529999999999,-100.7937,3.0,D
1,446.75317506758785,-52.39529999999999,-100.7937,3.0,D
1,446.92995176288446,-51.39529999999999,-101.7937,3.0,D
1,447.05495176288446,-50.39529999999999,-101.7937,3.0,D
1,447.40850515347773,-48.39529999999999,-103.7937,3.0,D
1,447.53350515347773,-47.39529999999999,-103.7937,3.0,D
1,447.71028184877434,-46.39529999999999,-104.7937,3.0,D
1,447.83528184877434,-45.39529999999999,-104.7937,3.0,D
1,448.01205854407095,-44.39529999999999,-105.7937,3.0,D
1,448.13705854407095,-43.39529999999999,-105.7937,3.0,D
1,448.31383523936756,-42.39529999999999,-106.7937,3.0,D
1,448.43883523936756,-41.39529999999999,-106.7937,3.0,D
1,448.6156119346642,-40.39529999999999,-107.7937,3.0,D
1,448.7406119346642,-39.39529999999999,-107.7937,3.0,D
1,448.9173886299608,-38.39529999999999,-108.7937,3.0,D
1,449.0423886299608,-37.39529999999999,-108.7937,3.0,D
1,449.2191653252574,-36.39529999999999,-109.7937,3.0,D
1,449.4691653252574,-34.39529999999999,-109.7937,3.0,D
1,449.645942020554,-33.39529999999999,-110.7937,3.0,D
1,449.770942020554,-32.39529999999999,-110.7937,3.0,D
1,449.9477187158506,-31.39529999999999,-111.7937,3.0,D
1,450.1977187158506,-29.39529999999999,-111.7937,3.0,D
1,450.3744954111472,-28.39529999999999,-112.7937,3.0,D
1,450.6244954111472,-26.39529999999999,-112.7937,3.0,D
1,450.80127210644383,-25.39529999999999,-113.7937,3.0,D
1,451.17627210644383,-22.39529999999999,-113.7937,3.0,D
1,451.35304880174044,-21.39529999999999,-114.7937,3.0,D
1,451.72804880174044,-18.39529999999999,-114.7937,3.0,D
1,451.90482549703705,-17.39529999999999,-115.7937,3.0,D
1,452.40482549703705,-13.395299999999992,-115.7937,3.0,D
1,452.58160219233366,-12.395299999999992,-116.7937,3.0,D
1,453.33160219233366,-6.395299999999992,-116.7937,3.0,D
1,453.5083788876303,-5.395299999999992,-117.7937,3.0,D
1,454.3833788876303,1.6047000000000082,-117.7937,3.0,D
1,454.5601555829269,2.6047000000000082,-118.7937,3.0,D
1,456.0601555829269,14.604700000000008,-118.7937,3.0,D
1,456.2369322782235,15.604700000000008,-117.7937,3.0,D
1,457.1119322782235,22.60470000000001,-117.7937,3.0,D
1,457.2887089735201,23.60470000000001,-116.7937,3.0,D
1,458.0387089735201,29.60470000000001,-116.7937,3.0,D
1,458.2154856688167,30.60470000000001,-115.7937,3.0,D
1,458.7154856688167,34.60470000000001,-115.7937,3.0,D
1,458.8922623641133,35.60470000000001,-114.7937,3.0,D
1,459.2672623641133,38.60470000000001,-114.7937,3.0,D
1,459.44403905940993,39.60470000000001,-113.7937,3.0,D
1,459.81903905940993,42.60470000000001,-113.7937,3.0,D
1,459.99581575470654,43.60470000000001,-112.7937,3.0,D
1,460.24581575470654,45.60470000000001,-112.7937,3.0,D
1,460.42259245000315,46.60470000000001,-111.7937,3.0,D
1,460.67259245000315,48.60470000000001,-111.7937,3.0,D
1,460.84936914529976,49.60470000000001,-110.7937,3.0,D
1,461.09936914529976,51.60470000000001,-110.7937,3.0,D
1,461.27614584059637,52.60470000000001,-109.7937,3.0,D
1,461.40114584059637,53.60470000000001,-109.7937,3.0,D
1,461.577922535893,54.60470000000001,-108.7937,3.0,D
1,461.702922535893,55.60470000000001,-108.7937,3.0,D
1,461.8796992311896,56.60470000000001,-107.7937,3.0,D
1,462.0046992311896,57.60470000000001,-107.7937,3.0,D
1,462.1814759264862,58.60470000000001,-106.7937,3.0,D
1,462.3064759264862,59.60470000000001,-106.7937,3.0,D
1,462.4832526217828,60.60470000000001,-105.7937,3.0,D
1,462.6082526217828,61.60470000000001,-105.7937,3.0,D
1,462.7850293170794,62.60470000000001,-104.7937,3.0,D
1,462.9100293170794,63.60470000000001,-104.7937,3.0,D
1,463.08680601237603,64.60470000000001,-103.7937,3.0,D
1,463.21180601237603,65.60470000000001,-103.7937,3.0,D
1,463.38858270767264,66.60470000000001,-102.7937,3.0,D
1,463.51358270767264,67.60470000000001,-102.7937,3.0,D
1,463.69035940296925,68.60470000000001,-101.7937,3.0,D
1,463.81535940296925,69.60470000000001,-101.7937,3.0,D
1,464.1689127935625,71.60470000000001,-99.7937,3.0,D
1,464.2939127935625,72.60470000000001,-99.7937,3.0,D
1,464.47068948885914,73.60470000000001,-98.7937,3.0,D
1,464.59568948885914,74.60470000000001,-98.7937,3.0,D
1,464.9492428794524,76.60470000000001,-96.7937,3.0,D
1,465.0742428794524,77.60470000000001,-96.7937,3.0,D
1,465.6045729653423,80.60470000000001,-93.7937,3.0,D
1,465.7295729653423,81.60470000000001,-93.7937,3.0,D
1,466.43667974652885,85.60470000000001,-89.7937,3.0,D
1,466.56167974652885,86.60470000000001,-89.7937,3.0,T
1,466.9692197922776,90.60470000000001,-150.7937,3.0,D
1,467.1459964875742,89.60470000000001,-151.7937,3.0,D
1,467.2709964875742,88.60470000000001,-151.7937,3.0,D
1,467.44777318287083,87.60470000000001,-152.7937,3.0,D
1,467.57277318287083,86.60470000000001,-152.7937,3.0,D
1,467.74954987816744,85.60470000000001,-153.7937,3.0,D
1,467.87454987816744,84.60470000000001,-153.7937,3.0,D
1,468.05132657346405,83.60470000000001,-154.7937,3.0,D
1,468.17632657346405,82.60470000000001,-154.7937,3.0,D
1,468.35310326876066,81.60470000000001,-155.7937,3.0,D
1,468.47810326876066,80.60470000000001,-155.7937,3.0,D
1,468.6548799640573,79.60470000000001,-156.7937,3.0,D
1,468.7798799640573,78.60470000000001,-156.7937,3.0,D
1,468.9566566593539,77.60470000000001,-157.7937,3.0,D
1,469.0816566593539,76.60470000000001,-157.7937,3.0,D
1,469.2584333546505,75.60470000000001,-158.7937,3.0,D
1,469.5084333546505,73.60470000000001,-158.7937,3.0,D
1,469.6852100499471,72.60470000000001,-159.7937,3.0,D
1,469.8102100499471,71.60470000000001,-159.7937,3.0,D
1,469.9869867452437,70.60470000000001,-160.7937,3.0,D
1,470.2369867452437,68.60470000000001,-160.7937,3.0,D
1,470.4137634405403,67.60470000000001,-161.7937,3.0,D
1,470.5387634405403,66.60470000000001,-161.7937,3.0,D
1,470.71554013583693,65.60470000000001,-162.7937,3.0,D
1,470.96554013583693,63.60470000000001,-162.7937,3.0,D
1,471.14231683113354,62.60470000000001,-163.7937,3.0,D
1,471.51731683113354,59.60470000000001,-163.7937,3.0,D
1,471.69409352643015,58.60470000000001,-164.7937,3.0,D
1,471.94409352643015,56.60470000000001,-164.7937,3.0,D
1,472.12087022172676,55.60470000000001,-165.7937,3.0,D
1,472.49587022172676,52.60470000000001,-165.7937,3.0,D
1,472.67264691702337,51.60470000000001,-166.7937,3.0,D
1,473.04764691702337,48.60470000000001,-166.7937,3.0,D
1,473.22442361232,47.60470000000001,-167.7937,3.0,D
1,473.72442361232,43.60470000000001,-167.7937,3.0,D
1,473.9012003076166,42.60470000000001,-168.7937,3.0,D
1,474.4012003076166,38.60470000000001,-168.7937,3.0,D
1,474.5779770029132,37.60470000000001,-169.7937,3.0,D
1,475.3279770029132,31.60470000000001,-169.7937,3.0,D
1,475.5047536982098,30.60470000000001,-170.7937,3.0,D
1,476.3797536982098,23.60470000000001,-170.7937,3.0,D
1,476.5565303935064,22.60470000000001,-171.7937,3.0,D
1,480.0565303935064,-5.395299999999992,-171.7937,3.0,D
1,480.23330708880303,-6.395299999999992,-170.7937,3.0,D
1,481.10830708880303,-13.395299999999992,-170.7937,3.0,D
1,481.28508378409964,-14.395299999999992,-169.7937,3.0,D
1,482.03508378409964,-20.39529999999999,-169.7937,3.0,D
1,482.21186047939625,-21.39529999999999,-168.7937,3.0,D
1,482.71186047939625,-25.39529999999999,-168.7937,3.0,D
1,482.88863717469286,-26.39529999999999,-167.7937,3.0,D
1,483.38863717469286,-30.39529999999999,-167.7937,3.0,D
1,483.56541386998947,-31.39529999999999,-166.7937,3.0,D
1,483.94041386998947,-34.39529999999999,-166.7937,3.0,D
1,484.1171905652861,-35.39529999999999,-165.7937,3.0,D
1,484.4921905652861,-38.39529999999999,-165.7937,3.0,D
1,484.6689672605827,-39.39529999999999,-164.7937,3.0,D
1,484.9189672605827,-41.39529999999999,-164.7937,3.0,D
1,485.0957439558793,-42.39529999999999,-163.7937,3.0,D
1,485.4707439558793,-45.39529999999999,-163.7937,3.0,D
1,485.6475206511759,-46.39529999999999,-162.7937,3.0,D
1,485.7725206511759,-47.39529999999999,-162.7937,3.0,D
1,485.9492973464725,-48.39529999999999,-161.7937,3.0,D
1,486.1992973464725,-50.39529999999999,-161.7937,3.0,D
1,486.37607404176913,-51.39529999999999,-160.7937,3.0,D
1,486.62607404176913,-53.39529999999999,-160.7937,3.0,D
1,486.80285073706574,-54.39529999999999,-159.7937,3.0,D
1,486.92785073706574,-55.39529999999999,-159.7937,3.0,D
1,487.10462743236235,-56.39529999999999,-158.7937,3.0,D
1,487.22962743236235,-57.39529999999999,-158.7937,3.0,D
1,487.40640412765896,-58.39529999999999,-157.7937,3.0,D
1,487.53140412765896,-59.39529999999999,-157.7937,3.0,D
1,487.70818082295557,-60.39529999999999,-156.7937,3.0,D
1,487.95818082295557,-62.39529999999999,-156.7937,3.0,D
1,488.1349575182522,-63.39529999999999,-155.7937,3.0,D
1,488.2599575182522,-64.39529999999999,-155.7937,3.0,D
1,488.4367342135488,-65.39529999999999,-154.7937,3.0,D
1,488.5617342135488,-66.39529999999999,-154.7937,3.0,D
1,488.7385109088454,-67.39529999999999,-153.7937,3.0,D
1,488.8635109088454,-68.39529999999999,-153.7937,3.0,D
1,489.040287604142,-69.39529999999999,-152.7937,3.0,D
1,489.165287604142,-70.39529999999999,-152.7937,3.0,D
1,489.3420642994386,-71.39529999999999,-151.7937,3.0,D
1,489.4670642994386,-72.39529999999999,-151.7937,3.0,D
1,489.8206176900319,-74.39529999999999,-149.7937,3.0,D
1,489.9456176900319,-75.39529999999999,-149.7937,3.0,D
1,490.1223943853285,-76.39529999999999,-148.7937,3.0,D
1,490.2473943853285,-77.39529999999999,-148.7937,3.0,D
1,490.4241710806251,-78.39529999999999,-147.7937,3.0,D
1,490.5491710806251,-79.39529999999999,-147.7937,3.0,D
1,490.9027244712184,-81.39529999999999,-145.7937,3.0,D
1,491.0277244712184,-82.39529999999999,-145.7937,3.0,D
1,491.38127786181167,-84.39529999999999,-143.7937,3.0,D
1,491.50627786181167,-85.39529999999999,-143.7937,3.0,D
1,491.85983125240494,-87.39529999999999,-141.7937,3.0,D
1,491.98483125240494,-88.39529999999999,-141.7937,3.0,D
1,492.51516133829483,-91.39529999999999,-138.7937,3.0,D
1,492.64016133829483,-92.39529999999999,-138.7937,3.0,D
1,493.1704914241847,-95.39529999999999,-135.7937,3.0,D
1,493.2954914241847,-96.39529999999999,-135.7937,3.0,D
1,494.1793749006679,-101.39529999999999,-130.7937,3.0,D
1,494.3043749006679,-102.39529999999999,-130.7937,3.0,D
1,497.48635541600737,-120.39529999999999,-112.7937,3.0,D
1,497.61135541600737,-120.39529999999999,-111.7937,3.0,D
1,498.49523889249053,-125.39529999999999,-106.7937,3.0,D
1,498.62023889249053,-125.39529999999999,-105.7937,3.0,D
1,499.1505689783804,-128.3953,-102.7937,3.0,D
1,499.2755689783804,-128.3953,-101.7937,3.0,D
1,499.6291223689737,-130.3953,-99.7937,3.0,D
1,499.7541223689737,-130.3953,-98.7937,3.0,D
1,500.107675759567,-132.3953,-96.7937,3.0,D
1,500.232675759567,-132.3953,-95.7937,3.0,D
1,500.58622915016025,-134.3953,-93.7937,3.0,D
1,500.71122915016025,-134.3953,-92.7937,3.0,D
1,501.0647825407535,-136.3953,-90.7937,3.0,D
1,501.1897825407535,-136.3953,-89.7937,3.0,D
1,501.36655923605014,-137.3953,-88.7937,3.0,D
1,501.49155923605014,-137.3953,-87.7937,3.0,D
1,501.66833593134675,-138.3953,-86.7937,3.0,D
1,501.79333593134675,-138.3953,-85.7937,3.0,D
1,502.14688932194,-140.3953,-83.7937,3.0,D
1,502.27188932194,-140.3953,-82.7937,3.0,D
1,502.44866601723663,-141.3953,-81.7937,3.0,D
1,502.57366601723663,-141.3953,-80.7937,3.0,D
1,502.75044271253324,-142.3953,-79.7937,3.0,D
1,502.87544271253324,-142.3953,-78.7937,3.0,D
1,503.05221940782985,-143.3953,-77.7937,3.0,D
1,503.17721940782985,-143.3953,-76.7937,3.0,D
1,503.35399610312646,-144.3953,-75.7937,3.0,D
1,503.60399610312646,-144.3953,-73.7937,3.0,D
1,503.7807727984231,-145.3953,-72.7937,3.0,D
1,503.9057727984231,-145.3953,-71.7937,3.0,D
1,504.0825494937197,-146.3953,-70.7937,3.0,D
1,504.2075494937197,-146.3953,-69.7937,3.0,D
1,504.3843261890163,-147.3953,-68.7937,3.0,D
1,504.6343261890163,-147.3953,-66.7937,3.0,D
1,504.8111028843129,-148.3953,-65.7937,3.0,D
1,505.0611028843129,-148.3953,-63.7937,3.0,D
1,505.2378795796095,-149.3953,-62.7937,3.0,D
1,505.4878795796095,-149.3953,-60.7937,3.0,D
1,505.6646562749061,-150.3953,-59.7937,3.0,D
1,505.9146562749061,-150.3953,-57.7937,3.0,D
1,506.09143297020273,-151.3953,-56.7937,3.0,D
1,506.34143297020273,-151.3953,-54.7937,3.0,D
1,506.51820966549934,-152.3953,-53.7937,3.0,D
1,506.89320966549934,-152.3953,-50.7937,3.0,D
1,507.06998636079595,-153.3953,-49.7937,3.0,D
1,507.44498636079595,-153.3953,-46.7937,3.0,D
1,507.62176305609256,-154.3953,-45.7937,3.0,D
1,508.12176305609256,-154.3953,-41.7937,3.0,D
1,508.29853975138917,-155.3953,-40.7937,3.0,D
1,508.79853975138917,-155.3953,-36.7937,3.0,D
1,508.9753164466858,-156.3953,-35.7937,3.0,D
1,509.6003164466858,-156.3953,-30.7937,3.0,D
1,509.7770931419824,-157.3953,-29.7937,3.0,D
1,510.6520931419824,-157.3953,-22.7937,3.0,D
1,510.828869837279,-158.3953,-21.7937,3.0,D
1,514.203869837279,-158.3953,5.206299999999999,3.0,T
1,522.902106124971,-1000.0,0.0,1000.0,W
1,595.048016656874,-1000.0,0.0,1000.0,T
1,603.7360686738601,-158.3953,5.206299999999999,5.0,D
1,603.9128453691568,-157.3953,6.206299999999999,5.0,D
1,604.6628453691568,-157.3953,12.206299999999999,5.0,D
1,604.8396220644535,-156.3953,13.206299999999999,5.0,D
1,605.5896220644535,-156.3953,19.2063,5.0,D
1,605.7663987597501,-155.3953,20.2063,5.0,D
1,606.2663987597501,-155.3953,24.2063,5.0,D
1,606.4431754550468,-154.3953,25.2063,5.0,D
1,606.8181754550468,-154.3953,28.2063,5.0,D
1,606.9949521503435,-153.3953,29.2063,5.0,D
1,607.4949521503435,-153.3953,33.2063,5.0,D
1,607.6717288456401,-152.3953,34.2063,5.0,D
1,607.9217288456401,-152.3953,36.2063,5.0,D
1,608.0985055409368,-151.3953,37.2063,5.0,D
1,608.3485055409368,-151.3953,39.2063,5.0,D
1,608.5252822362335,-150.3953,40.2063,5.0,D
1,608.9002822362335,-150.3953,43.2063,5.0,D
1,609.0770589315301,-149.3953,44.2063,5.0,D
1,609.2020589315301,-149.3953,45.2063,5.0,D
1,609.3788356268268,-148.3953,46.2063,5.0,D
1,609.6288356268268,-148.3953,48.2063,5.0,D
1,609.8056123221235,-147.3953,49.2063,5.0,D
1,609.9306123221235,-147.3953,50.2063,5.0,D
1,610.1073890174201,-146.3953,51.2063,5.0,D
1,610.2323890174201,-146.3953,52.2063,5.0,D
1,610.4091657127168,-145.3953,53.2063,5.0,D
1,610.6591657127168,-145.3953,55.2063,5.0,D
1,610.8359424080135,-144.3953,56.2063,5.0,D
1,610.9609424080135,-144.3953,57.2063,5.0,D
1,611.1377191033101,-143.3953,58.2063,5.0,D
1,611.2627191033101,-143.3953,59.2063,5.0,D
1,611.4394957986068,-142.3953,60.2063,5.0,D
1,611.5644957986068,-142.3953,61.2063,5.0,D
1,611.7412724939035,-141.3953,62.2063,5.0,D
1,611.8662724939035,-141.3953,63.2063,5.0,D
1,612.0430491892001,-140.3953,64.2063,5.0,D
1,612.1680491892001,-140.3953,65.2063,5.0,D
1,612.5216025797934,-138.3953,67.2063,5.0,D
1,612.6466025797934,-138.3953,68.2063,5.0,D
1,612.82337927509,-137.3953,69.2063,5.0,D
1,612.94837927509,-137.3953,70.2063,5.0,D
1,613.1251559703867,-136.3953,71.2063,5.0,D
1,613.2501559703867,-136.3953,72.2063,5.0,D
1,613.6037093609799,-134.3953,74.2063,5.0,D
1,613.7287093609799,-134.3953,75.2063,5.0,D
1,614.0822627515731,-132.3953,77.2063,5.0,D
1,614.2072627515731,-132.3953,78.2063,5.0,D
1,614.5608161421663,-130.3953,80.2063,5.0,D
1,614.6858161421663,-130.3953,81.2063,5.0,D
1,615.0393695327596,-128.3953,83.2063,5.0,D
1,615.1643695327596,-128.3953,84.2063,5.0,D
1,615.8714763139461,-124.39529999999999,88.2063,5.0,D
1,615.9964763139461,-124.39529999999999,89.2063,5.0,D
1,616.8803597904293,-119.39529999999999,94.2063,5.0,D
1,617.0053597904293,-119.39529999999999,95.2063,5.0,D
1,619.126680133989,-107.39529999999999,107.2063,5.0,D
1,619.251680133989,-106.39529999999999,107.2063,5.0,D
1,620.3123403057688,-100.39529999999999,113.2063,5.0,D
1,620.4373403057688,-99.39529999999999,113.2063,5.0,D
1,620.9676703916587,-96.39529999999999,116.2063,5.0,D
1,621.0926703916587,-95.39529999999999,116.2063,5.0,D
1,621.4462237822519,-93.39529999999999,118.2063,5.0,D
1,621.5712237822519,-92.39529999999999,118.2063,5.0,D
1,621.9247771728451,-90.39529999999999,120.2063,5.0,D
1,622.0497771728451,-89.39529999999999,120.2063,5.0,D
1,622.4033305634383,-87.39529999999999,122.2063,5.0,D
1,622.5283305634383,-86.39529999999999,122.2063,5.0,D
1,622.8818839540315,-84.39529999999999,124.2063,5.0,D
1,623.0068839540315,-83.39529999999999,124.2063,5.0,D
1,623.1836606493282,-82.39529999999999,125.2063,5.0,D
1,623.3086606493282,-81.39529999999999,125.2063,5.0,D
1,623.4854373446249,-80.39529999999999,126.2063,5.0,D
1,623.6104373446249,-79.39529999999999,126.2063,5.0,D
1,623.7872140399215,-78.39529999999999,127.2063,5.0,D
1,623.9122140399215,-77.39529999999999,127.2063,5.0,D
1,624.2657674305148,-75.39529999999999,129.2063,5.0,D
1,624.3907674305148,-74.39529999999999,129.2063,5.0,D
1,624.5675441258114,-73.39529999999999,130.2063,5.0,D
1,624.6925441258114,-72.39529999999999,130.2063,5.0,D
1,624.8693208211081,-71.39529999999999,131.2063,5.0,D
1,625.1193208211081,-69.39529999999999,131.2063,5.0,D
1,625.2960975164048,-68.39529999999999,132.2063,5.0,D
1,625.4210975164048,-67.39529999999999,132.2063,5.0,D
1,625.5978742117014,-66.39529999999999,133.2063,5.0,D
1,625.8478742117014,-64.39529999999999,133.2063,5.0,D
1,626.0246509069981,-63.39529999999999,134.2063,5.0,D
1,626.1496509069981,-62.39529999999999,134.2063,5.0,D
1,626.3264276022948,-61.39529999999999,135.2063,5.0,D
1,626.5764276022948,-59.39529999999999,135.2063,5.0,D
1,626.7532042975914,-58.39529999999999,136.2063,5.0,D
1,627.0032042975914,-56.39529999999999,136.2063,5.0,D
1,627.1799809928881,-55.39529999999999,137.2063,5.0,D
1,627.4299809928881,-53.39529999999999,137.2063,5.0,D
1,627.6067576881848,-52.39529999999999,138.2063,5.0,D
1,627.8567576881848,-50.39529999999999,138.2063,5.0,D
1,628.0335343834814,-49.39529999999999,139.2063,5.0,D
1,628.2835343834814,-47.39529999999999,139.2063,5.0,D
1,628.4603110787781,-46.39529999999999,140.2063,5.0,D
1,628.8353110787781,-43.39529999999999,140.2063,5.0,D
1,629.0120877740748,-42.39529999999999,141.2063,5.0,D
1,629.3870877740748,-39.39529999999999,141.2063,5.0,D
1,629.5638644693714,-38.39529999999999,142.2063,5.0,D
1,630.0638644693714,-34.39529999999999,142.2063,5.0,D
1,630.2406411646681,-33.39529999999999,143.2063,5.0,D
1,630.9906411646681,-27.39529999999999,143.2063,5.0,D
1,631.1674178599648,-26.39529999999999,144.2063,5.0,D
1,635.6674178599648,9.604700000000008,144.2063,5.0,D
1,635.8441945552614,10.604700000000008,143.2063,5.0,D
1,636.5941945552614,16.60470000000001,143.2063,5.0,D
1,636.7709712505581,17.60470000000001,142.2063,5.0,D
1,637.2709712505581,21.60470000000001,142.2063,5.0,D
1,637.4477479458548,22.60470000000001,141.2063,5.0,D
1,637.8227479458548,25.60470000000001,141.2063,5.0,D
1,637.9995246411514,26.60470000000001,140.2063,5.0,D
1,638.2495246411514,28.60470000000001,140.2063,5.0,D
1,638.4263013364481,29.60470000000001,139.2063,5.0,D
1,638.8013013364481,32.60470000000001,139.2063,5.0,D
1,638.9780780317448,33.60470000000001,138.2063,5.0,D
1,639.2280780317448,35.60470000000001,138.2063,5.0,D
1,639.4048547270414,36.60470000000001,137.2063,5.0,D
1,639.5298547270414,37.60470000000001,137.2063,5.0,D
1,639.7066314223381,38.60470000000001,136.2063,5.0,D
1,639.9566314223381,40.60470000000001,136.2063,5.0,D
1,640.1334081176348,41.60470000000001,135.2063,5.0,D
1,640.3834081176348,43.60470000000001,135.2063,5.0,D
1,640.5601848129314,44.60470000000001,134.2063,5.0,D
1,640.8101848129314,46.60470000000001,134.2063,5.0,D
1,640.9869615082281,47.60470000000001,133.2063,5.0,D
1,641.1119615082281,48.60470000000001,133.2063,5.0,D
1,641.2887382035248,49.60470000000001,132.2063,5.0,D
1,641.4137382035248,50.60470000000001,132.2063,5.0,D
1,641.5905148988214,51.60470000000001,131.2063,5.0,D
1,641.8405148988214,53.60470000000001,131.2063,5.0,D
1,642.0172915941181,54.60470000000001,130.2063,5.0,D
1,642.1422915941181,55.60470000000001,130.2063,5.0,D
1,642.3190682894148,56.60470000000001,129.2063,5.0,D
1,642.4440682894148,57.60470000000001,129.2063,5.0,D
1,642.6208449847114,58.60470000000001,128.2063,5.0,D
1,642.7458449847114,59.60470000000001,128.2063,5.0,D
1,643.0993983753046,61.60470000000001,126.2063,5.0,D
1,643.2243983753046,62.60470000000001,126.2063,5.0,D
1,643.4011750706013,63.60470000000001,125.2063,5.0,D
1,643.5261750706013,64.60470000000001,125.2063,5.0,D
1,643.8797284611945,66.60470000000001,123.2063,5.0,D
1,644.0047284611945,67.60470000000001,123.2063,5.0,D
1,644.1815051564912,68.60470000000001,122.2063,5.0,D
1,644.3065051564912,69.60470000000001,122.2063,5.0,D
1,644.6600585470844,71.60470000000001,120.2063,5.0,D
1,644.7850585470844,72.60470000000001,120.2063,5.0,D
1,645.3153886329743,75.60470000000001,117.2063,5.0,D
1,645.4403886329743,76.60470000000001,117.2063,5.0,D
1,645.9707187188642,79.60470000000001,114.2063,5.0,D
1,646.0957187188642,80.60470000000001,114.2063,5.0,D
1,646.9796021953474,85.60470000000001,109.2063,5.0,D
1,647.1046021953474,86.60470000000001,109.2063,5.0,T
1,647.4629936634998,47.60470000000001,72.2063,5.0,D
1,649.4075373117628,58.60470000000001,61.2063,5.0,D
1,649.5325373117628,58.60470000000001,60.2063,5.0,D
1,650.0628673976527,61.60470000000001,57.2063,5.0,D
1,650.1878673976527,61.60470000000001,56.2063,5.0,D
1,650.7181974835426,64.60470000000001,53.2063,5.0,D
1,650.8431974835426,64.60470000000001,52.2063,5.0,D
1,651.0199741788392,65.60470000000001,51.2063,5.0,D
1,651.1449741788392,65.60470000000001,50.2063,5.0,D
1,651.3217508741359,66.60470000000001,49.2063,5.0,D
1,651.4467508741359,66.60470000000001,48.2063,5.0,D
1,651.8003042647291,68.60470000000001,46.2063,5.0,D
1,651.9253042647291,68.60470000000001,45.2063,5.0,D
1,652.1020809600258,69.60470000000001,44.2063,5.0,D
1,652.3520809600258,69.60470000000001,42.2063,5.0,D
1,652.5288576553224,70.60470000000001,41.2063,5.0,D
1,652.6538576553224,70.60470000000001,40.2063,5.0,D
1,652.8306343506191,71.60470000000001,39.2063,5.0,D
1,652.9556343506191,71.60470000000001,38.2063,5.0,D
1,653.1324110459158,72.60470000000001,37.2063,5.0,D
1,653.2574110459158,72.60470000000001,36.2063,5.0,D
1,653.4341877412124,73.60470000000001,35.2063,5.0,D
1,653.6841877412124,73.60470000000001,33.2063,5.0,D
1,653.8609644365091,74.60470000000001,32.2063,5.0,D
1,654.1109644365091,74.60470000000001,30.2063,5.0,D
1,654.2877411318058,75.60470000000001,29.2063,5.0,D
1,654.6627411318058,75.60470000000001,26.2063,5.0,D
1,654.8395178271024,76.60470000000001,25.2063,5.0,D
1,655.4645178271024,76.60470000000001,20.2063,5.0,D
1,655.6412945223991,77.60470000000001,19.2063,5.0,D
1,658.3912945223991,77.60470000000001,-2.793700000000001,5.0,D
1,658.5680712176958,76.60470000000001,-3.793700000000001,5.0,D
1,659.0680712176958,76.60470000000001,-7.793700000000001,5.0,D
1,659.2448479129924,75.60470000000001,-8.793700000000001,5.0,D
1,659.6198479129924,75.60470000000001,-11.793700000000001,5.0,D
1,659.7966246082891,74.60470000000001,-12.793700000000001,5.0,D
1,660.0466246082891,74.60470000000001,-14.793700000000001,5.0,D
1,660.2234013035858,73.60470000000001,-15.793700000000001,5.0,D
1,660.4734013035858,73.60470000000001,-17.7937,5.0,D
1,660.6501779988824,72.60470000000001,-18.7937,5.0,D
1,660.7751779988824,72.60470000000001,-19.7937,5.0,D
1,660.9519546941791,71.60470000000001,-20.7937,5.0,D
1,661.2019546941791,71.60470000000001,-22.7937,5.0,D
1,661.3787313894758,70.60470000000001,-23.7937,5.0,D
1,661.5037313894758,70.60470000000001,-24.7937,5.0,D
1,661.6805080847724,69.60470000000001,-25.7937,5.0,D
1,661.8055080847724,69.60470000000001,-26.7937,5.0,D
1,661.9822847800691,68.60470000000001,-27.7937,5.0,D
1,662.1072847800691,68.60470000000001,-28.7937,5.0,D
1,662.2840614753658,67.60470000000001,-29.7937,5.0,D
1,662.4090614753658,67.60470000000001,-30.7937,5.0,D
1,662.762614865959,65.60470000000001,-32.7937,5.0,D
1,662.887614865959,65.60470000000001,-33.7937,5.0,D
1,663.2411682565522,63.60470000000001,-35.7937,5.0,D
1,663.3661682565522,63.60470000000001,-36.7937,5.0,D
1,666.0178186860018,48.60470000000001,-51.7937,5.0,D
1,666.1428186860018,47.60470000000001,-51.7937,5.0,D
1,666.496372076595,45.60470000000001,-53.7937,5.0,D
1,666.621372076595,44.60470000000001,-53.7937,5.0,D
1,666.9749254671882,42.60470000000001,-55.7937,5.0,D
1,667.0999254671882,41.60470000000001,-55.7937,5.0,D
1,667.2767021624849,40.60470000000001,-56.7937,5.0,D
1,667.4017021624849,39.60470000000001,-56.7937,5.0,D
1,667.5784788577815,38.60470000000001,-57.7937,5.0,D
1,667.7034788577815,37.60470000000001,-57.7937,5.0,D
1,667.8802555530782,36.60470000000001,-58.7937,5.0,D
1,668.0052555530782,35.60470000000001,-58.7937,5.0,D
1,668.1820322483749,34.60470000000001,-59.7937,5.0,D
1,668.3070322483749,33.60470000000001,-59.7937,5.0,D
1,668.4838089436715,32.60470000000001,-60.7937,5.0,D
1,668.7338089436715,30.60470000000001,-60.7937,5.0,D
1,668.9105856389682,29.60470000000001,-61.7937,5.0,D
1,669.1605856389682,27.60470000000001,-61.7937,5.0,D
1,669.3373623342649,26.60470000000001,-62.7937,5.0,D
1,669.8373623342649,22.60470000000001,-62.7937,5.0,D
1,670.0141390295615,21.60470000000001,-63.7937,5.0,D
1,670.6391390295615,16.60470000000001,-63.7937,5.0,D
1,670.8159157248582,15.604700000000008,-64.7937,5.0,D
1,672.5659157248582,1.6047000000000082,-64.7937,5.0,D
1,672.7426924201549,0.6047000000000082,-63.7937,5.0,D
1,673.4926924201549,-5.395299999999992,-63.7937,5.0,D
1,673.6694691154515,-6.395299999999992,-62.7937,5.0,D
1,674.0444691154515,-9.395299999999992,-62.7937,5.0,D
1,674.2212458107482,-10.395299999999992,-61.7937,5.0,D
1,674.4712458107482,-12.395299999999992,-61.7937,5.0,D
1,674.6480225060449,-13.395299999999992,-60.7937,5.0,D
1,674.7730225060449,-14.395299999999992,-60.7937,5.0,D
1,674.9497992013415,-15.395299999999992,-59.7937,5.0,D
1,675.1997992013415,-17.39529999999999,-59.7937,5.0,D
1,675.3765758966382,-18.39529999999999,-58.7937,5.0,D
1,675.5015758966382,-19.39529999999999,-58.7937,5.0,D
1,675.6783525919349,-20.39529999999999,-57.7937,5.0,D
1,675.8033525919349,-21.39529999999999,-57.7937,5.0,D
1,676.1569059825281,-23.39529999999999,-55.7937,5.0,D
1,676.2819059825281,-24.39529999999999,-55.7937,5.0,D
1,676.4586826778248,-25.39529999999999,-54.7937,5.0,D
1,676.5836826778248,-26.39529999999999,-54.7937,5.0,D
1,677.1140127637146,-29.39529999999999,-51.7937,5.0,D
1,677.2390127637146,-30.39529999999999,-51.7937,5.0,D
1,679.006779716681,-40.39529999999999,-41.7937,5.0,D
1,679.131779716681,-40.39529999999999,-40.7937,5.0,D
1,679.6621098025709,-43.39529999999999,-37.7937,5.0,D
1,679.7871098025709,-43.39529999999999,-36.7937,5.0,D
1,680.1406631931641,-45.39529999999999,-34.7937,5.0,D
1,680.2656631931641,-45.39529999999999,-33.7937,5.0,D
1,680.4424398884607,-46.39529999999999,-32.7937,5.0,D
1,680.5674398884607,-46.39529999999999,-31.7937,5.0,D
1,680.7442165837574,-47.39529999999999,-30.7937,5.0,D
1,680.9942165837574,-47.39529999999999,-28.7937,5.0,D
1,681.1709932790541,-48.39529999999999,-27.7937,5.0,D
1,681.4209932790541,-48.39529999999999,-25.7937,5.0,D
1,681.5977699743507,-49.39529999999999,-24.7937,5.0,D
1,681.8477699743507,-49.39529999999999,-22.7937,5.0,D
1,682.0245466696474,-50.39529999999999,-21.7937,5.0,D
1,682.6495466696474,-50.39529999999999,-16.7937,5.0,D
1,682.8263233649441,-51.39529999999999,-15.793700000000001,5.0,D
1,684.5763233649441,-51.39529999999999,-1.7937000000000012,5.0,D
1,684.7531000602407,-50.39529999999999,-0.7937000000000012,5.0,D
1,685.3781000602407,-50.39529999999999,4.206299999999999,5.0,D
1,685.5548767555374,-49.39529999999999,5.206299999999999,5.0,D
1,685.9298767555374,-49.39529999999999,8.206299999999999,5.0,D
1,686.1066534508341,-48.39529999999999,9.206299999999999,5.0,D
1,686.2316534508341,-48.39529999999999,10.206299999999999,5.0,D
1,686.4084301461307,-47.39529999999999,11.206299999999999,5.0,D
1,686.5334301461307,-47.39529999999999,12.206299999999999,5.0,D
1,686.7102068414274,-46.39529999999999,13.206299999999999,5.0,D
1,686.8352068414274,-46.39529999999999,14.206299999999999,5.0,D
1,687.0119835367241,-45.39529999999999,15.206299999999999,5.0,D
1,687.1369835367241,-45.39529999999999,16.2063,5.0,D
1,687.4905369273173,-43.39529999999999,18.2063,5.0,D
1,687.6155369273173,-43.39529999999999,19.2063,5.0,D
1,687.9690903179105,-41.39529999999999,21.2063,5.0,D
1,688.0940903179105,-41.39529999999999,22.2063,5.0,D
1,689.331527184987,-34.39529999999999,29.2063,5.0,D
1,689.456527184987,-33.39529999999999,29.2063,5.0,D
1,689.8100805755802,-31.39529999999999,31.2063,5.0,D
1,689.9350805755802,-30.39529999999999,31.2063,5.0,D
1,690.2886339661734,-28.39529999999999,33.2063,5.0,D
1,690.4136339661734,-27.39529999999999,33.2063,5.0,D
1,690.5904106614701,-26.39529999999999,34.2063,5.0,D
1,690.7154106614701,-25.39529999999999,34.2063,5.0,D
1,690.8921873567667,-24.39529999999999,35.2063,5.0,D
1,691.1421873567667,-22.39529999999999,35.2063,5.0,D
1,691.3189640520634,-21.39529999999999,36.2063,5.0,D
1,691.5689640520634,-19.39529999999999,36.2063,5.0,D
1,691.7457407473601,-18.39529999999999,37.2063,5.0,D
1,692.2457407473601,-14.395299999999992,37.2063,5.0,D
1,692.4225174426567,-13.395299999999992,38.2063,5.0,D
1,693.7975174426567,-2.3952999999999918,38.2063,5.0,D
1,693.9742941379534,-1.3952999999999918,37.2063,5.0,D
1,694.3492941379534,1.6047000000000082,37.2063,5.0,D
1,694.5260708332501,2.6047000000000082,36.2063,5.0,D
1,694.6510708332501,3.6047000000000082,36.2063,5.0,D
1,694.8278475285467,4.604700000000008,35.2063,5.0,D
1,695.0778475285467,6.604700000000008,35.2063,5.0,D
1,695.2546242238434,7.604700000000008,34.2063,5.0,D
1,695.3796242238434,8.604700000000008,34.2063,5.0,D
1,695.5564009191401,9.604700000000008,33.2063,5.0,D
1,695.6814009191401,10.604700000000008,33.2063,5.0,D
1,695.8581776144367,11.604700000000008,32.2063,5.0,D
1,695.9831776144367,12.604700000000008,32.2063,5.0,D
1,697.2206144815132,19.60470000000001,25.2063,5.0,D
1,697.3456144815132,19.60470000000001,24.2063,5.0,D
1,697.5223911768098,20.60470000000001,23.2063,5.0,D
1,697.6473911768098,20.60470000000001,22.2063,5.0,D
1,697.8241678721065,21.60470000000001,21.2063,5.0,D
1,697.9491678721065,21.60470000000001,20.2063,5.0,D
1,698.1259445674032,22.60470000000001,19.2063,5.0,D
1,698.2509445674032,22.60470000000001,18.2063,5.0,D
1,698.4277212626998,23.60470000000001,17.2063,5.0,D
1,698.5527212626998,23.60470000000001,16.2063,5.0,D
1,698.7294979579965,24.60470000000001,15.206299999999999,5.0,D
1,700.3544979579965,24.60470000000001,2.206299999999999,5.0,D
1,700.5312746532932,23.60470000000001,1.2062999999999988,5.0,D
1,700.6562746532932,23.60470000000001,0.20629999999999882,5.0,D
1,700.8330513485898,24.60470000000001,-0.7937000000000012,5.0,T
1,701.3413382317135,46.60470000000001,72.2063,5.0,D
1,701.4663382317135,47.60470000000001,72.2063,5.0,T
1,701.4730048983802,46.60470000000001,72.2063,5.0,D
1,702.00333498427,43.60470000000001,75.2063,5.0,D
1,702.12833498427,42.60470000000001,75.2063,5.0,D
1,702.4818883748633,40.60470000000001,77.2063,5.0,D
1,702.6068883748633,39.60470000000001,77.2063,5.0,D
1,702.7836650701599,38.60470000000001,78.2063,5.0,D
1,702.9086650701599,37.60470000000001,78.2063,5.0,D
1,703.2622184607532,35.60470000000001,80.2063,5.0,D
1,703.3872184607532,34.60470000000001,80.2063,5.0,D
1,703.5639951560498,33.60470000000001,81.2063,5.0,D
1,703.6889951560498,32.60470000000001,81.2063,5.0,D
1,703.8657718513465,31.60470000000001,82.2063,5.0,D
1,703.9907718513465,30.60470000000001,82.2063,5.0,D
1,704.1675485466432,29.60470000000001,83.2063,5.0,D
1,704.2925485466432,28.60470000000001,83.2063,5.0,D
1,704.4693252419398,27.60470000000001,84.2063,5.0,D
1,704.7193252419398,25.60470000000001,84.2063,5.0,D
1,704.8961019372365,24.60470000000001,85.2063,5.0,D
1,705.1461019372365,22.60470000000001,85.2063,5.0,D
1,705.3228786325332,21.60470000000001,86.2063,5.0,D
1,705.5728786325332,19.60470000000001,86.2063,5.0,D
1,705.7496553278298,18.60470000000001,87.2063,5.0,D
1,705.9996553278298,16.60470000000001,87.2063,5.0,D
1,706.1764320231265,15.604700000000008,88.2063,5.0,D
1,706.4264320231265,13.604700000000008,88.2063,5.0,D
1,706.6032087184232,12.604700000000008,89.2063,5.0,D
1,706.9782087184232,9.604700000000008,89.2063,5.0,D
1,707.1549854137198,8.604700000000008,90.2063,5.0,D
1,707.9049854137198,2.6047000000000082,90.2063,5.0,D
1,708.0817621090165,1.6047000000000082,91.2063,5.0,D
1,710.5817621090165,-18.39529999999999,91.2063,5.0,D
1,710.7585388043132,-19.39529999999999,90.2063,5.0,D
1,711.5085388043132,-25.39529999999999,90.2063,5.0,D
1,711.6853154996098,-26.39529999999999,89.2063,5.0,D
1,712.0603154996098,-29.39529999999999,89.2063,5.0,D
1,712.2370921949065,-30.39529999999999,88.2063,5.0,D
1,712.6120921949065,-33.39529999999999,88.2063,5.0,D
1,712.7888688902032,-34.39529999999999,87.2063,5.0,D
1,713.0388688902032,-36.39529999999999,87.2063,5.0,D
1,713.2156455854998,-37.39529999999999,86.2063,5.0,D
1,713.4656455854998,-39.39529999999999,86.2063,5.0,D
1,713.6424222807965,-40.39529999999999,85.2063,5.0,D
1,713.8924222807965,-42.39529999999999,85.2063,5.0,D
1,714.0691989760932,-43.39529999999999,84.2063,5.0,D
1,714.1941989760932,-44.39529999999999,84.2063,5.0,D
1,714.3709756713898,-45.39529999999999,83.2063,5.0,D
1,714.6209756713898,-47.39529999999999,83.2063,5.0,D
1,714.7977523666865,-48.39529999999999,82.2063,5.0,D
1,714.9227523666865,-49.39529999999999,82.2063,5.0,D
1,715.0995290619832,-50.39529999999999,81.2063,5.0,D
1,715.2245290619832,-51.39529999999999,81.2063,5.0,D
1,715.4013057572798,-52.39529999999999,80.2063,5.0,D
1,715.5263057572798,-53.39529999999999,80.2063,5.0,D
1,715.7030824525765,-54.39529999999999,79.2063,5.0,D
1,715.8280824525765,-55.39529999999999,79.2063,5.0,D
1,716.1816358431697,-57.39529999999999,77.2063,5.0,D
1,716.3066358431697,-58.39529999999999,77.2063,5.0,D
1,716.6601892337629,-60.39529999999999,75.2063,5.0,D
1,716.7851892337629,-61.39529999999999,75.2063,5.0,D
1,717.1387426243562,-63.39529999999999,73.2063,5.0,D
1,717.2637426243562,-64.39529999999999,73.2063,5.0,D
1,717.794072710246,-67.39529999999999,70.2063,5.0,D
1,717.919072710246,-68.39529999999999,70.2063,5.0,D
1,720.3939464443989,-82.39529999999999,56.2063,5.0,D
1,720.5189464443989,-82.39529999999999,55.2063,5.0,D
1,721.0492765302888,-85.39529999999999,52.2063,5.0,D
1,721.1742765302888,-85.39529999999999,51.2063,5.0,D
1,721.527829920882,-87.39529999999999,49.2063,5.0,D
1,721.652829920882,-87.39529999999999,48.2063,5.0,D
1,722.0063833114752,-89.39529999999999,46.2063,5.0,D
1,722.1313833114752,-89.39529999999999,45.2063,5.0,D
1,722.4849367020685,-91.39529999999999,43.2063,5.0,D
1,722.6099367020685,-91.39529999999999,42.2063,5.0,D
1,722.7867133973651,-92.39529999999999,41.2063,5.0,D
1,722.9117133973651,-92.39529999999999,40.2063,5.0,D
1,723.0884900926618,-93.39529999999999,39.2063,5.0,D
1,723.2134900926618,-93.39529999999999,38.2063,5.0,D
1,723.3902667879585,-94.39529999999999,37.2063,5.0,D
1,723.5152667879585,-94.39529999999999,36.2063,5.0,D
1,723.6920434832551,-95.39529999999999,35.2063,5.0,D
1,723.8170434832551,-95.39529999999999,34.2063,5.0,D
1,723.9938201785518,-96.39529999999999,33.2063,5.0,D
1,724.1188201785518,-96.39529999999999,32.2063,5.0,D
1,724.2955968738485,-97.39529999999999,31.2063,5.0,D
1,724.4205968738485,-97.39529999999999,30.2063,5.0,D
1,724.5973735691451,-98.39529999999999,29.2063,5.0,D
1,724.8473735691451,-98.39529999999999,27.2063,5.0,D
1,725.0241502644418,-99.39529999999999,26.2063,5.0,D
1,725.2741502644418,-99.39529999999999,24.2063,5.0,D
1,725.4509269597385,-100.39529999999999,23.2063,5.0,D
1,725.7009269597385,-100.39529999999999,21.2063,5.0,D
1,725.8777036550351,-101.39529999999999,20.2063,5.0,D
1,726.2527036550351,-101.39529999999999,17.2063,5.0,D
1,726.4294803503318,-102.39529999999999,16.2063,5.0,D
1,726.9294803503318,-102.39529999999999,12.206299999999999,5.0,D
1,727.1062570456285,-103.39529999999999,11.206299999999999,5.0,D
1,727.8562570456285,-103.39529999999999,5.206299999999999,5.0,D
1,728.0330337409251,-104.39529999999999,4.206299999999999,5.0,D
1,728.9080337409251,-104.39529999999999,-2.793700000000001,5.0,D
1,729.0848104362218,-105.39529999999999,-3.793700000000001,5.0,D
1,730.3348104362218,-105.39529999999999,-13.793700000000001,5.0,D
1,730.5115871315185,-104.39529999999999,-14.793700000000001,5.0,D
1,731.3865871315185,-104.39529999999999,-21.7937,5.0,D
1,731.5633638268151,-103.39529999999999,-22.7937,5.0,D
1,732.1883638268151,-103.39529999999999,-27.7937,5.0,D
1,732.3651405221118,-102.39529999999999,-28.7937,5.0,D
1,732.8651405221118,-102.39529999999999,-32.7937,5.0,D
1,733.0419172174085,-101.39529999999999,-33.7937,5.0,D
1,733.4169172174085,-101.39529999999999,-36.7937,5.0,D
1,733.5936939127051,-100.39529999999999,-37.7937,5.0,D
1,733.9686939127051,-100.39529999999999,-40.7937,5.0,D
1,734.1454706080018,-99.39529999999999,-41.7937,5.0,D
1,734.3954706080018,-99.39529999999999,-43.7937,5.0,D
1,734.5722473032985,-98.39529999999999,-44.7937,5.0,D
1,734.8222473032985,-98.39529999999999,-46.7937,5.0,D
1,734.9990239985951,-97.39529999999999,-47.7937,5.0,D
1,735.1240239985951,-97.39529999999999,-48.7937,5.0,D
1,735.3008006938918,-96.39529999999999,-49.7937,5.0,D
1,735.5508006938918,-96.39529999999999,-51.7937,5.0,D
1,735.7275773891885,-95.39529999999999,-52.7937,5.0,D
1,735.8525773891885,-95.39529999999999,-53.7937,5.0,D
1,736.0293540844851,-94.39529999999999,-54.7937,5.0,D
1,736.1543540844851,-94.39529999999999,-55.7937,5.0,D
1,736.3311307797818,-93.39529999999999,-56.7937,5.0,D
1,736.4561307797818,-93.39529999999999,-57.7937,5.0,D
1,736.6329074750785,-92.39529999999999,-58.7937,5.0,D
1,736.7579074750785,-92.39529999999999,-59.7937,5.0,D
1,737.1114608656717,-90.39529999999999,-61.7937,5.0,D
1,737.2364608656717,-90.39529999999999,-62.7937,5.0,D
1,737.4132375609684,-89.39529999999999,-63.7937,5.0,D
1,737.5382375609684,-89.39529999999999,-64.7937,5.0,D
1,737.8917909515616,-87.39529999999999,-66.7937,5.0,D
1,738.0167909515616,-87.39529999999999,-67.7937,5.0,D
1,738.3703443421548,-85.39529999999999,-69.7937,5.0,D
1,738.4953443421548,-85.39529999999999,-70.7937,5.0,D
1,739.0256744280447,-82.39529999999999,-73.7937,5.0,D
1,739.1506744280447,-82.39529999999999,-74.7937,5.0,D
1,742.3326549433841,-64.39529999999999,-92.7937,5.0,D
1,742.4576549433841,-63.39529999999999,-92.7937,5.0,D
1,743.1647617245707,-59.39529999999999,-96.7937,5.0,D
1,743.2897617245707,-58.39529999999999,-96.7937,5.0,D
1,743.6433151151639,-56.39529999999999,-98.7937,5.0,D
1,743.7683151151639,-55.39529999999999,-98.7937,5.0,D
1,744.1218685057571,-53.39529999999999,-100.7937,5.0,D
1,744.2468685057571,-52.39529999999999,-100.7937,5.0,D
1,744.4236452010538,-51.39529999999999,-101.7937,5.0,D
1,744.5486452010538,-50.39529999999999,-101.7937,5.0,D
1,744.902198591647,-48.39529999999999,-103.7937,5.0,D
1,745.027198591647,-47.39529999999999,-103.7937,5.0,D
1,745.2039752869437,-46.39529999999999,-104.7937,5.0,D
1,745.3289752869437,-45.39529999999999,-104.7937,5.0,D
1,745.5057519822403,-44.39529999999999,-105.7937,5.0,D
1,745.6307519822403,-43.39529999999999,-105.7937,5.0,D
1,745.807528677537,-42.39529999999999,-106.7937,5.0,D
1,745.932528677537,-41.39529999999999,-106.7937,5.0,D
1,746.1093053728337,-40.39529999999999,-107.7937,5.0,D
1,746.2343053728337,-39.39529999999999,-107.7937,5.0,D
1,746.4110820681303,-38.39529999999999,-108.7937,5.0,D
1,746.5360820681303,-37.39529999999999,-108.7937,5.0,D
1,746.712858763427,-36.39529999999999,-109.7937,5.0,D
1,746.962858763427,-34.39529999999999,-109.7937,5.0,D
1,747.1396354587237,-33.39529999999999,-110.7937,5.0,D
1,747.2646354587237,-32.39529999999999,-110.7937,5.0,D
1,747.4414121540203,-31.39529999999999,-111.7937,5.0,D
1,747.6914121540203,-29.39529999999999,-111.7937,5.0,D
1,747.868188849317,-28.39529999999999,-112.7937,5.0,D
1,748.118188849317,-26.39529999999999,-112.7937,5.0,D
1,748.2949655446137,-25.39529999999999,-113.7937,5.0,D
1,748.6699655446137,-22.39529999999999,-113.7937,5.0,D
1,748.8467422399103,-21.39529999999999,-114.7937,5.0,D
1,749.2217422399103,-18.39529999999999,-114.7937,5.0,D
1,749.398518935207,-17.39529999999999,-115.7937,5.0,D
1,749.898518935207,-13.395299999999992,-115.7937,5.0,D
1,750.0752956305037,-12.395299999999992,-116.7937,5.0,D
1,750.8252956305037,-6.395299999999992,-116.7937,5.0,D
1,751.0020723258003,-5.395299999999992,-117.7937,5.0,D
1,751.8770723258003,1.6047000000000082,-117.7937,5.0,D
1,752.053849021097,2.6047000000000082,-118.7937,5.0,D
1,753.553849021097,14.604700000000008,-118.7937,5.0,D
1,753.7306257163937,15.604700000000008,-117.7937,5.0,D
1,754.6056257163937,22.60470000000001,-117.7937,5.0,D
1,754.7824024116903,23.60470000000001,-116.7937,5.0,D
1,755.5324024116903,29.60470000000001,-116.7937,5.0,D
1,755.709179106987,30.60470000000001,-115.7937,5.0,D
1,756.209179106987,34.60470000000001,-115.7937,5.0,D
1,756.3859558022837,35.60470000000001,-114.7937,5.0,D
1,756.7609558022837,38.60470000000001,-114.7937,5.0,D
1,756.9377324975803,39.60470000000001,-113.7937,5.0,D
1,757.3127324975803,42.60470000000001,-113.7937,5.0,D
1,757.489509192877,43.60470000000001,-112.7937,5.0,D
1,757.739509192877,45.60470000000001,-112.7937,5.0,D
1,757.9162858881737,46.60470000000001,-111.7937,5.0,D
1,758.1662858881737,48.60470000000001,-111.7937,5.0,D
1,758.3430625834703,49.60470000000001,-110.7937,5.0,D
1,758.5930625834703,51.60470000000001,-110.7937,5.0,D
1,758.769839278767,52.60470000000001,-109.7937,5.0,D
1,758.894839278767,53.60470000000001,-109.7937,5.0,D
1,759.0716159740637,54.60470000000001,-108.7937,5.0,D
1,759.1966159740637,55.60470000000001,-108.7937,5.0,D
1,759.3733926693603,56.60470000000001,-107.7937,5.0,D
1,759.4983926693603,57.60470000000001,-107.7937,5.0,D
1,759.675169364657,58.60470000000001,-106.7937,5.0,D
1,759.800169364657,59.60470000000001,-106.7937,5.0,D
1,759.9769460599537,60.60470000000001,-105.7937,5.0,D
1,760.1019460599537,61.60470000000001,-105.7937,5.0,D
1,760.2787227552503,62.60470000000001,-104.7937,5.0,D
1,760.4037227552503,63.60470000000001,-104.7937,5.0,D
1,760.580499450547,64.60470000000001,-103.7937,5.0,D
1,760.705499450547,65.60470000000001,-103.7937,5.0,D
1,760.8822761458437,66.60470000000001,-102.7937,5.0,D
1,761.0072761458437,67.60470000000001,-102.7937,5.0,D
1,761.1840528411403,68.60470000000001,-101.7937,5.0,D
1,761.3090528411403,69.60470000000001,-101.7937,5.0,D
1,761.6626062317335,71.60470000000001,-99.7937,5.0,D
1,761.7876062317335,72.60470000000001,-99.7937,5.0,D
1,761.9643829270302,73.60470000000001,-98.7937,5.0,D
1,762.0893829270302,74.60470000000001,-98.7937,5.0,D
1,762.4429363176234,76.60470000000001,-96.7937,5.0,D
1,762.5679363176234,77.60470000000001,-96.7937,5.0,D
1,763.0982664035133,80.60470000000001,-93.7937,5.0,D
1,763.2232664035133,81.60470000000001,-93.7937,5.0,D
1,763.9303731846999,85.60470000000001,-89.7937,5.0,D
1,764.0553731846999,86.60470000000001,-89.7937,5.0,T
1,764.4629132304486,90.60470000000001,-150.7937,5.0,D
1,764.6396899257453,89.60470000000001,-151.7937,5.0,D
1,764.7646899257453,88.60470000000001,-151.7937,5.0,D
1,764.941466621042,87.60470000000001,-152.7937,5.0,D
1,765.066466621042,86.60470000000001,-152.7937,5.0,D
1,765.2432433163386,85.60470000000001,-153.7937,5.0,D
1,765.3682433163386,84.60470000000001,-153.7937,5.0,D
1,765.5450200116353,83.60470000000001,-154.7937,5.0,D
1,765.6700200116353,82.60470000000001,-154.7937,5.0,D
1,765.846796706932,81.60470000000001,-155.7937,5.0,D
1,765.971796706932,80.60470000000001,-155.7937,5.0,D
1,766.1485734022286,79.60470000000001,-156.7937,5.0,D
1,766.2735734022286,78.60470000000001,-156.7937,5.0,D
1,766.4503500975253,77.60470000000001,-157.7937,5.0,D
1,766.5753500975253,76.60470000000001,-157.7937,5.0,D
1,766.752126792822,75.60470000000001,-158.7937,5.0,D
1,767.002126792822,73.60470000000001,-158.7937,5.0,D
1,767.1789034881186,72.60470000000001,-159.7937,5.0,D
1,767.3039034881186,71.60470000000001,-159.7937,5.0,D
1,767.4806801834153,70.60470000000001,-160.7937,5.0,D
1,767.7306801834153,68.60470000000001,-160.7937,5.0,D
1,767.907456878712,67.60470000000001,-161.7937,5.0,D
1,768.032456878712,66.60470000000001,-161.7937,5.0,D
1,768.2092335740086,65.60470000000001,-162.7937,5.0,D
1,768.4592335740086,63.60470000000001,-162.7937,5.0,D
1,768.6360102693053,62.60470000000001,-163.7937,5.0,D
1,769.0110102693053,59.60470000000001,-163.7937,5.0,D
1,769.187786964602,58.60470000000001,-164.7937,5.0,D
1,769.437786964602,56.60470000000001,-164.7937,5.0,D
1,769.6145636598986,55.60470000000001,-165.7937,5.0,D
1,769.9895636598986,52.60470000000001,-165.7937,5.0,D
1,770.1663403551953,51.60470000000001,-166.7937,5.0,D
1,770.5413403551953,48.60470000000001,-166.7937,5.0,D
1,770.718117050492,47.60470000000001,-167.7937,5.0,D
1,771.218117050492,43.60470000000001,-167.7937,5.0,D
1,771.3948937457886,42.60470000000001,-168.7937,5.0,D
1,771.8948937457886,38.60470000000001,-168.7937,5.0,D
1,772.0716704410853,37.60470000000001,-169.7937,5.0,D
1,772.8216704410853,31.60470000000001,-169.7937,5.0,D
1,772.998447136382,30.60470000000001,-170.7937,5.0,D
1,773.873447136382,23.60470000000001,-170.7937,5.0,D
1,774.0502238316786,22.60470000000001,-171.7937,5.0,D
1,777.5502238316786,-5.395299999999992,-171.7937,5.0,D
1,777.7270005269753,-6.395299999999992,-170.7937,5.0,D
1,778.6020005269753,-13.395299999999992,-170.7937,5.0,D
1,778.778777222272,-14.395299999999992,-169.7937,5.0,D
1,779.528777222272,-20.39529999999999,-169.7937,5.0,D
1,779.7055539175686,-21.39529999999999,-168.7937,5.0,D
1,780.2055539175686,-25.39529999999999,-168.7937,5.0,D
1,780.3823306128653,-26.39529999999999,-167.7937,5.0,D
1,780.8823306128653,-30.39529999999999,-167.7937,5.0,D
1,781.059107308162,-31.39529999999999,-166.7937,5.0,D
1,781.434107308162,-34.39529999999999,-166.7937,5.0,D
1,781.6108840034586,-35.39529999999999,-165.7937,5.0,D
1,781.9858840034586,-38.39529999999999,-165.7937,5.0,D
1,782.1626606987553,-39.39529999999999,-164.7937,5.0,D
1,782.4126606987553,-41.39529999999999,-164.7937,5.0,D
1,782.589437394052,-42.39529999999999,-163.7937,5.0,D
1,782.964437394052,-45.39529999999999,-163.7937,5.0,D
1,783.1412140893486,-46.39529999999999,-162.7937,5.0,D
1,783.2662140893486,-47.39529999999999,-162.7937,5.0,D
1,783.4429907846453,-48.39529999999999,-161.7937,5.0,D
1,783.6929907846453,-50.39529999999999,-161.7937,5.0,D
1,783.869767479942,-51.39529999999999,-160.7937,5.0,D
1,784.119767479942,-53.39529999999999,-160.7937,5.0,D
1,784.2965441752386,-54.39529999999999,-159.7937,5.0,D
1,784.4215441752386,-55.39529999999999,-159.7937,5.0,D
1,784.5983208705353,-56.39529999999999,-158.7937,5.0,D
1,784.7233208705353,-57.39529999999999,-158.7937,5.0,D
1,784.900097565832,-58.39529999999999,-157.7937,5.0,D
1,785.025097565832,-59.39529999999999,-157.7937,5.0,D
1,785.2018742611286,-60.39529999999999,-156.7937,5.0,D
1,785.4518742611286,-62.39529999999999,-156.7937,5.0,D
1,785.6286509564253,-63.39529999999999,-155.7937,5.0,D
1,785.7536509564253,-64.39529999999999,-155.7937,5.0,D
1,785.930427651722,-65.39529999999999,-154.7937,5.0,D
1,786.055427651722,-66.39529999999999,-154.7937,5.0,D
1,786.2322043470186,-67.39529999999999,-153.7937,5.0,D
1,786.3572043470186,-68.39529999999999,-153.7937,5.0,D
1,786.5339810423153,-69.39529999999999,-152.7937,5.0,D
1,786.6589810423153,-70.39529999999999,-152.7937,5.0,D
1,786.835757737612,-71.39529999999999,-151.7937,5.0,D
1,786.960757737612,-72.39529999999999,-151.7937,5.0,D
1,787.3143111282052,-74.39529999999999,-149.7937,5.0,D
1,787.4393111282052,-75.39529999999999,-149.7937,5.0,D
1,787.6160878235019,-76.39529999999999,-148.7937,5.0,D
1,787.7410878235019,-77.39529999999999,-148.7937,5.0,D
1,787.9178645187985,-78.39529999999999,-147.7937,5.0,D
1,788.0428645187985,-79.39529999999999,-147.7937,5.0,D
1,788.3964179093917,-81.39529999999999,-145.7937,5.0,D
1,788.5214179093917,-82.39529999999999,-145.7937,5.0,D
1,788.874971299985,-84.39529999999999,-143.7937,5.0,D
1,788.999971299985,-85.39529999999999,-143.7937,5.0,D
1,789.3535246905782,-87.39529999999999,-141.7937,5.0,D
1,789.4785246905782,-88.39529999999999,-141.7937,5.0,D
1,790.0088547764681,-91.39529999999999,-138.7937,5.0,D
1,790.1338547764681,-92.39529999999999,-138.7937,5.0,D
1,790.664184862358,-95.39529999999999,-135.7937,5.0,D
1,790.789184862358,-96.39529999999999,-135.7937,5.0,D
1,791.6730683388412,-101.39529999999999,-130.7937,5.0,D
1,791.7980683388412,-102.39529999999999,-130.7937,5.0,D
1,794.9800488541806,-120.39529999999999,-112.7937,5.0,D
1,795.1050488541806,-120.39529999999999,-111.7937,5.0,D
1,795.9889323306638,-125.39529999999999,-106.7937,5.0,D
1,796.1139323306638,-125.39529999999999,-105.7937,5.0,D
1,796.6442624165537,-128.3953,-102.7937,5.0,D
1,796.7692624165537,-128.3953,-101.7937,5.0,D
1,797.1228158071469,-130.3953,-99.7937,5.0,D
1,797.2478158071469,-130.3953,-98.7937,5.0,D
1,797.6013691977402,-132.3953,-96.7937,5.0,D
1,797.7263691977402,-132.3953,-95.7937,5.0,D
1,798.0799225883334,-134.3953,-93.7937,5.0,D
1,798.2049225883334,-134.3953,-92.7937,5.0,D
1,798.5584759789266,-136.3953,-90.7937,5.0,D
1,798.6834759789266,-136.3953,-89.7937,5.0,D
1,798.8602526742233,-137.3953,-88.7937,5.0,D
1,798.9852526742233,-137.3953,-87.7937,5.0,D
1,799.1620293695199,-138.3953,-86.7937,5.0,D
1,799.2870293695199,-138.3953,-85.7937,5.0,D
1,799.6405827601131,-140.3953,-83.7937,5.0,D
1,799.7655827601131,-140.3953,-82.7937,5.0,D
1,799.9423594554098,-141.3953,-81.7937,5.0,D
1,800.0673594554098,-141.3953,-80.7937,5.0,D
1,800.2441361507065,-142.3953,-79.7937,5.0,D
1,800.3691361507065,-142.3953,-78.7937,5.0,D
1,800.5459128460031,-143.3953,-77.7937,5.0,D
1,800.6709128460031,-143.3953,-76.7937,5.0,D
1,800.8476895412998,-144.3953,-75.7937,5.0,D
1,801.0976895412998,-144.3953,-73.7937,5.0,D
1,801.2744662365965,-145.3953,-72.7937,5.0,D
1,801.3994662365965,-145.3953,-71.7937,5.0,D
1,801.5762429318931,-146.3953,-70.7937,5.0,D
1,801.7012429318931,-146.3953,-69.7937,5.0,D
1,801.8780196271898,-147.3953,-68.7937,5.0,D
1,802.1280196271898,-147.3953,-66.7937,5.0,D
1,802.3047963224865,-148.3953,-65.7937,5.0,D
1,802.5547963224865,-148.3953,-63.7937,5.0,D
1,802.7315730177831,-149.3953,-62.7937,5.0,D
1,802.9815730177831,-149.3953,-60.7937,5.0,D
1,803.1583497130798,-150.3953,-59.7937,5.0,D
1,803.4083497130798,-150.3953,-57.7937,5.0,D
1,803.5851264083765,-151.3953,-56.7937,5.0,D
1,803.8351264083765,-151.3953,-54.7937,5.0,D
1,804.0119031036731,-152.3953,-53.7937,5.0,D
1,804.3869031036731,-152.3953,-50.7937,5.0,D
1,804.5636797989698,-153.3953,-49.7937,5.0,D
1,804.9386797989698,-153.3953,-46.7937,5.0,D
1,805.1154564942665,-154.3953,-45.7937,5.0,D
1,805.6154564942665,-154.3953,-41.7937,5.0,D
1,805.7922331895631,-155.3953,-40.7937,5.0,D
1,806.2922331895631,-155.3953,-36.7937,5.0,D
1,806.4690098848598,-156.3953,-35.7937,5.0,D
1,807.0940098848598,-156.3953,-30.7937,5.0,D
1,807.2707865801565,-157.3953,-29.7937,5.0,D
1,808.1457865801565,-157.3953,-22.7937,5.0,D
1,808.3225632754531,-158.3953,-21.7937,5.0,D
1,811.6975632754531,-158.3953,5.206299999999999,5.0,T
1,820.3856152924393,-1000.0,0.0,1000.0,W
1,892.511667853074,-1000.0,0.0,1000.0,T
1,901.189544133521,-158.3953,5.206299999999999,7.0,D
1,901.3663208288176,-157.3953,6.206299999999999,7.0,D
1,902.1163208288176,-157.3953,12.206299999999999,7.0,D
1,902.2930975241143,-156.3953,13.206299999999999,7.0,D
1,903.0430975241143,-156.3953,19.2063,7.0,D
1,903.2198742194109,-155.3953,20.2063,7.0,D
1,903.7198742194109,-155.3953,24.2063,7.0,D
1,903.8966509147076,-154.3953,25.2063,7.0,D
1,904.2716509147076,-154.3953,28.2063,7.0,D
1,904.4484276100043,-153.3953,29.2063,7.0,D
1,904.9484276100043,-153.3953,33.2063,7.0,D
1,905.1252043053009,-152.3953,34.2063,7.0,D
1,905.3752043053009,-152.3953,36.2063,7.0,D
1,905.5519810005976,-151.3953,37.2063,7.0,D
1,905.8019810005976,-151.3953,39.2063,7.0,D
1,905.9787576958943,-150.3953,40.2063,7.0,D
1,906.3537576958943,-150.3953,43.2063,7.0,D
1,906.5305343911909,-149.3953,44.2063,7.0,D
1,906.6555343911909,-149.3953,45.2063,7.0,D
1,906.8323110864876,-148.3953,46.2063,7.0,D
1,907.0823110864876,-148.3953,48.2063,7.0,D
1,907.2590877817843,-147.3953,49.2063,7.0,D
1,907.3840877817843,-147.3953,50.2063,7.0,D
1,907.5608644770809,-146.3953,51.2063,7.0,D
1,907.6858644770809,-146.3953,52.2063,7.0,D
1,907.8626411723776,-145.3953,53.2063,7.0,D
1,908.1126411723776,-145.3953,55.2063,7.0,D
1,908.2894178676743,-144.3953,56.2063,7.0,D
1,908.4144178676743,-144.3953,57.2063,7.0,D
1,908.5911945629709,-143.3953,58.2063,7.0,D
1,908.7161945629709,-143.3953,59.2063,7.0,D
1,908.8929712582676,-142.3953,60.2063,7.0,D
1,909.0179712582676,-142.3953,61.2063,7.0,D
1,909.1947479535643,-141.3953,62.2063,7.0,D
1,909.3197479535643,-141.3953,63.2063,7.0,D
1,909.4965246488609,-140.3953,64.2063,7.0,D
1,909.6215246488609,-140.3953,65.2063,7.0,D
1,909.9750780394542,-138.3953,67.2063,7.0,D
1,910.1000780394542,-138.3953,68.2063,7.0,D
1,910.2768547347508,-137.3953,69.2063,7.0,D
1,910.4018547347508,-137.3953,70.2063,7.0,D
1,910.5786314300475,-136.3953,71.2063,7.0,D
1,910.7036314300475,-136.3953,72.2063,7.0,D
1,911.0571848206407,-134.3953,74.2063,7.0,D
1,911.1821848206407,-134.3953,75.2063,7.0,D
1,911.5357382112339,-132.3953,77.2063,7.0,D
1,911.6607382112339,-132.3953,78.2063,7.0,D
1,912.0142916018272,-130.3953,80.2063,7.0,D
1,912.1392916018272,-130.3953,81.2063,7.0,D
1,912.4928449924204,-128.3953,83.2063,7.0,D
1,912.6178449924204,-128.3953,84.2063,7.0,D
1,913.3249517736069,-124.39529999999999,88.2063,7.0,D
1,913.4499517736069,-124.39529999999999,89.2063,7.0,D
1,914.3338352500901,-119.39529999999999,94.2063,7.0,D
1,914.4588352500901,-119.39529999999999,95.2063,7.0,D
1,916.5801555936498,-107.39529999999999,107.2063,7.0,D
1,916.7051555936498,-106.39529999999999,107.2063,7.0,D
1,917.7658157654296,-100.39529999999999,113.2063,7.0,D
1,917.8908157654296,-99.39529999999999,113.2063,7.0,D
1,918.4211458513195,-96.39529999999999,116.2063,7.0,D
1,918.5461458513195,-95.39529999999999,116.2063,7.0,D
1,918.8996992419127,-93.39529999999999,118.2063,7.0,D
1,919.0246992419127,-92.39529999999999,118.2063,7.0,D
1,919.3782526325059,-90.39529999999999,120.2063,7.0,D
1,919.5032526325059,-89.39529999999999,120.2063,7.0,D
1,919.8568060230991,-87.39529999999999,122.2063,7.0,D
1,919.9818060230991,-86.39529999999999,122.2063,7.0,D
1,920.3353594136923,-84.39529999999999,124.2063,7.0,D
1,920.4603594136923,-83.39529999999999,124.2063,7.0,D
1,920.637136108989,-82.39529999999999,125.2063,7.0,D
1,920.762136108989,-81.39529999999999,125.2063,7.0,D
1,920.9389128042857,-80.39529999999999,126.2063,7.0,D
1,921.0639128042857,-79.39529999999999,126.2063,7.0,D
1,921.2406894995823,-78.39529999999999,127.2063,7.0,D
1,921.3656894995823,-77.39529999999999,127.2063,7.0,D
1,921.7192428901756,-75.39529999999999,129.2063,7.0,D
1,921.8442428901756,-74.39529999999999,129.2063,7.0,D
1,922.0210195854722,-73.39529999999999,130.2063,7.0,D
1,922.1460195854722,-72.39529999999999,130.2063,7.0,D
1,922.3227962807689,-71.39529999999999,131.2063,7.0,D
1,922.5727962807689,-69.39529999999999,131.2063,7.0,D
1,922.7495729760656,-68.39529999999999,132.2063,7.0,D
1,922.8745729760656,-67.39529999999999,132.2063,7.0,D
1,923.0513496713622,-66.39529999999999,133.2063,7.0,D
1,923.3013496713622,-64.39529999999999,133.2063,7.0,D
1,923.4781263666589,-63.39529999999999,134.2063,7.0,D
1,923.6031263666589,-62.39529999999999,134.2063,7.0,D
1,923.7799030619556,-61.39529999999999,135.2063,7.0,D
1,924.0299030619556,-59.39529999999999,135.2063,7.0,D
1,924.2066797572522,-58.39529999999999,136.2063,7.0,D
1,924.4566797572522,-56.39529999999999,136.2063,7.0,D
1,924.6334564525489,-55.39529999999999,137.2063,7.0,D
1,924.8834564525489,-53.39529999999999,137.2063,7.0,D
1,925.0602331478456,-52.39529999999999,138.2063,7.0,D
1,925.3102331478456,-50.39529999999999,138.2063,7.0,D
1,925.4870098431422,-49.39529999999999,139.2063,7.0,D
1,925.7370098431422,-47.39529999999999,139.2063,7.0,D
1,925.9137865384389,-46.39529999999999,140.2063,7.0,D
1,926.2887865384389,-43.39529999999999,140.2063,7.0,D
1,926.4655632337356,-42.39529999999999,141.2063,7.0,D
1,926.8405632337356,-39.39529999999999,141.2063,7.0,D
1,927.0173399290322,-38.39529999999999,142.2063,7.0,D
1,927.5173399290322,-34.39529999999999,142.2063,7.0,D
1,927.6941166243289,-33.39529999999999,143.2063,7.0,D
1,928.4441166243289,-27.39529999999999,143.2063,7.0,D
1,928.6208933196256,-26.39529999999999,144.2063,7.0,D
1,933.1208933196256,9.604700000000008,144.2063,7.0,D
1,933.2976700149222,10.604700000000008,143.2063,7.0,D
1,934.0476700149222,16.60470000000001,143.2063,7.0,D
1,934.2244467102189,17.60470000000001,142.2063,7.0,D
1,934.7244467102189,21.60470000000001,142.2063,7.0,D
1,934.9012234055156,22.60470000000001,141.2063,7.0,D
1,935.2762234055156,25.60470000000001,141.2063,7.0,D
1,935.4530001008122,26.60470000000001,140.2063,7.0,D
1,935.7030001008122,28.60470000000001,140.2063,7.0,D
1,935.8797767961089,29.60470000000001,139.2063,7.0,D
1,936.2547767961089,32.60470000000001,139.2063,7.0,D
1,936.4315534914056,33.60470000000001,138.2063,7.0,D
1,936.6815534914056,35.60470000000001,138.2063,7.0,D
1,936.8583301867022,36.60470000000001,137.2063,7.0,D
1,936.9833301867022,37.60470000000001,137.2063,7.0,D
1,937.1601068819989,38.60470000000001,136.2063,7.0,D
1,937.4101068819989,40.60470000000001,136.2063,7.0,D
1,937.5868835772956,41.60470000000001,135.2063,7.0,D
1,937.8368835772956,43.60470000000001,135.2063,7.0,D
1,938.0136602725922,44.60470000000001,134.2063,7.0,D
1,938.2636602725922,46.60470000000001,134.2063,7.0,D
1,938.4404369678889,47.60470000000001,133.2063,7.0,D
1,938.5654369678889,48.60470000000001,133.2063,7.0,D
1,938.7422136631856,49.60470000000001,132.2063,7.0,D
1,938.8672136631856,50.60470000000001,132.2063,7.0,D
1,939.0439903584822,51.60470000000001,131.2063,7.0,D
1,939.2939903584822,53.60470000000001,131.2063,7.0,D
1,939.4707670537789,54.60470000000001,130.2063,7.0,D
1,939.5957670537789,55.60470000000001,130.2063,7.0,D
1,939.7725437490756,56.60470000000001,129.2063,7.0,D
1,939.8975437490756,57.60470000000001,129.2063,7.0,D
1,940.0743204443722,58.60470000000001,128.2063,7.0,D
1,940.1993204443722,59.60470000000001,128.2063,7.0,D
1,940.5528738349655,61.60470000000001,126.2063,7.0,D
1,940.6778738349655,62.60470000000001,126.2063,7.0,D
1,940.8546505302621,63.60470000000001,125.2063,7.0,D
1,940.9796505302621,64.60470000000001,125.2063,7.0,D
1,941.3332039208553,66.60470000000001,123.2063,7.0,D
1,941.4582039208553,67.60470000000001,123.2063,7.0,D
1,941.634980616152,68.60470000000001,122.2063,7.0,D
1,941.759980616152,69.60470000000001,122.2063,7.0,D
1,942.1135340067452,71.60470000000001,120.2063,7.0,D
1,942.2385340067452,72.60470000000001,120.2063,7.0,D
1,942.7688640926351,75.60470000000001,117.2063,7.0,D
1,942.8938640926351,76.60470000000001,117.2063,7.0,D
1,943.424194178525,79.60470000000001,114.2063,7.0,D
1,943.549194178525,80.60470000000001,114.2063,7.0,D
1,944.4330776550082,85.60470000000001,109.2063,7.0,D
1,944.5580776550082,86.60470000000001,109.2063,7.0,T
1,944.9164691231606,47.60470000000001,72.2063,7.0,D
1,946.8610127714236,58.60470000000001,61.2063,7.0,D
1,946.9860127714236,58.60470000000001,60.2063,7.0,D
1,947.5163428573135,61.60470000000001,57.2063,7.0,D
1,947.6413428573135,61.60470000000001,56.2063,7.0,D
1,948.1716729432034,64.60470000000001,53.2063,7.0,D
1,948.2966729432034,64.60470000000001,52.2063,7.0,D
1,948.4734496385,65.60470000000001,51.2063,7.0,D
1,948.5984496385,65.60470000000001,50.2063,7.0,D
1,948.7752263337967,66.60470000000001,49.2063,7.0,D
1,948.9002263337967,66.60470000000001,48.2063,7.0,D
1,949.2537797243899,68.60470000000001,46.2063,7.0,D
1,949.3787797243899,68.60470000000001,45.2063,7.0,D
1,949.5555564196866,69.60470000000001,44.2063,7.0,D
1,949.8055564196866,69.60470000000001,42.2063,7.0,D
1,949.9823331149832,70.60470000000001,41.2063,7.0,D
1,950.1073331149832,70.60470000000001,40.2063,7.0,D
1,950.2841098102799,71.60470000000001,39.2063,7.0,D
1,950.4091098102799,71.60470000000001,38.2063,7.0,D
1,950.5858865055766,72.60470000000001,37.2063,7.0,D
1,950.7108865055766,72.60470000000001,36.2063,7.0,D
1,950.8876632008732,73.60470000000001,35.2063,7.0,D
1,951.1376632008732,73.60470000000001,33.2063,7.0,D
1,951.3144398961699,74.60470000000001,32.2063,7.0,D
1,951.5644398961699,74.60470000000001,30.2063,7.0,D
1,951.7412165914666,75.60470000000001,29.2063,7.0,D
1,952.1162165914666,75.60470000000001,26.2063,7.0,D
1,952.2929932867632,76.60470000000001,25.2063,7.0,D
1,952.9179932867632,76.60470000000001,20.2063,7.0,D
1,953.0947699820599,77.60470000000001,19.2063,7.0,D
1,955.8447699820599,77.60470000000001,-2.793700000000001,7.0,D
1,956.0215466773566,76.60470000000001,-3.793700000000001,7.0,D
1,956.5215466773566,76.60470000000001,-7.793700000000001,7.0,D
1,956.6983233726532,75.60470000000001,-8.793700000000001,7.0,D
1,957.0733233726532,75.60470000000001,-11.793700000000001,7.0,D
1,957.2501000679499,74.60470000000001,-12.793700000000001,7.0,D
1,957.5001000679499,74.60470000000001,-14.793700000000001,7.0,D
1,957.6768767632466,73.60470000000001,-15.793700000000001,7.0,D
1,957.9268767632466,73.60470000000001,-17.7937,7.0,D
1,958.1036534585432,72.60470000000001,-18.7937,7.0,D
1,958.2286534585432,72.60470000000001,-19.7937,7.0,D
1,958.4054301538399,71.60470000000001,-20.7937,7.0,D
1,958.6554301538399,71.60470000000001,-22.7937,7.0,D
1,958.8322068491366,70.60470000000001,-23.7937,7.0,D
1,958.9572068491366,70.60470000000001,-24.7937,7.0,D
1,959.1339835444332,69.60470000000001,-25.7937,7.0,D
1,959.2589835444332,69.60470000000001,-26.7937,7.0,D
1,959.4357602397299,68.60470000000001,-27.7937,7.0,D
1,959.5607602397299,68.60470000000001,-28.7937,7.0,D
1,959.7375369350266,67.60470000000001,-29.7937,7.0,D
1,959.8625369350266,67.60470000000001,-30.7937,7.0,D
1,960.2160903256198,65.60470000000001,-32.7937,7.0,D
1,960.3410903256198,65.60470000000001,-33.7937,7.0,D
1,960.694643716213,63.60470000000001,-35.7937,7.0,D
1,960.819643716213,63.60470000000001,-36.7937,7.0,D
1,963.4712941456626,48.60470000000001,-51.7937,7.0,D
1,963.5962941456626,47.60470000000001,-51.7937,7.0,D
1,963.9498475362558,45.60470000000001,-53.7937,7.0,D
1,964.0748475362558,44.60470000000001,-53.7937,7.0,D
1,964.428400926849,42.60470000000001,-55.7937,7.0,D
1,964.553400926849,41.60470000000001,-55.7937,7.0,D
1,964.7301776221457,40.60470000000001,-56.7937,7.0,D
1,964.8551776221457,39.60470000000001,-56.7937,7.0,D
1,965.0319543174423,38.60470000000001,-57.7937,7.0,D
1,965.1569543174423,37.60470000000001,-57.7937,7.0,D
1,965.333731012739,36.60470000000001,-58.7937,7.0,D
1,965.458731012739,35.60470000000001,-58.7937,7.0,D
1,965.6355077080357,34.60470000000001,-59.7937,7.0,D
1,965.7605077080357,33.60470000000001,-59.7937,7.0,D
1,965.9372844033323,32.60470000000001,-60.7937,7.0,D
1,966.1872844033323,30.60470000000001,-60.7937,7.0,D
1,966.364061098629,29.60470000000001,-61.7937,7.0,D
1,966.614061098629,27.60470000000001,-61.7937,7.0,D
1,966.7908377939257,26.60470000000001,-62.7937,7.0,D
1,967.2908377939257,22.60470000000001,-62.7937,7.0,D
1,967.4676144892223,21.60470000000001,-63.7937,7.0,D
1,968.0926144892223,16.60470000000001,-63.7937,7.0,D
1,968.269391184519,15.604700000000008,-64.7937,7.0,D
1,970.019391184519,1.6047000000000082,-64.7937,7.0,D
1,970.1961678798157,0.6047000000000082,-63.7937,7.0,D
1,970.9461678798157,-5.395299999999992,-63.7937,7.0,D
1,971.1229445751123,-6.395299999999992,-62.7937,7.0,D
1,971.4979445751123,-9.395299999999992,-62.7937,7.0,D
1,971.674721270409,-10.395299999999992,-61.7937,7.0,D
1,971.924721270409,-12.395299999999992,-61.7937,7.0,D
1,972.1014979657057,-13.395299999999992,-60.7937,7.0,D
1,972.2264979657057,-14.395299999999992,-60.7937,7.0,D
1,972.4032746610023,-15.395299999999992,-59.7937,7.0,D
1,972.6532746610023,-17.39529999999999,-59.7937,7.0,D
1,972.830051356299,-18.39529999999999,-58.7937,7.0,D
1,972.955051356299,-19.39529999999999,-58.7937,7.0,D
1,973.1318280515957,-20.39529999999999,-57.7937,7.0,D
1,973.2568280515957,-21.39529999999999,-57.7937,7.0,D
1,973.6103814421889,-23.39529999999999,-55.7937,7.0,D
1,973.7353814421889,-24.39529999999999,-55.7937,7.0,D
1,973.9121581374856,-25.39529999999999,-54.7937,7.0,D
1,974.0371581374856,-26.39529999999999,-54.7937,7.0,D
1,974.5674882233754,-29.39529999999999,-51.7937,7.0,D
1,974.6924882233754,-30.39529999999999,-51.7937,7.0,D
1,976.4602551763418,-40.39529999999999,-41.7937,7.0,D
1,976.5852551763418,-40.39529999999999,-40.7937,7.0,D
1,977.1155852622317,-43.39529999999999,-37.7937,7.0,D
1,977.2405852622317,-43.39529999999999,-36.7937,7.0,D
1,977.5941386528249,-45.39529999999999,-34.7937,7.0,D
1,977.7191386528249,-45.39529999999999,-33.7937,7.0,D
1,977.8959153481215,-46.39529999999999,-32.7937,7.0,D
1,978.0209153481215,-46.39529999999999,-31.7937,7.0,D
1,978.1976920434182,-47.39529999999999,-30.7937,7.0,D
1,978.4476920434182,-47.39529999999999,-28.7937,7.0,D
1,978.6244687387149,-48.39529999999999,-27.7937,7.0,D
1,978.8744687387149,-48.39529999999999,-25.7937,7.0,D
1,979.0512454340115,-49.39529999999999,-24.7937,7.0,D
1,979.3012454340115,-49.39529999999999,-22.7937,7.0,D
1,979.4780221293082,-50.39529999999999,-21.7937,7.0,D
1,980.1030221293082,-50.39529999999999,-16.7937,7.0,D
1,980.2797988246049,-51.39529999999999,-15.793700000000001,7.0,D
1,982.0297988246049,-51.39529999999999,-1.7937000000000012,7.0,D
1,982.2065755199015,-50.39529999999999,-0.7937000000000012,7.0,D
1,982.8315755199015,-50.39529999999999,4.206299999999999,7.0,D
1,983.0083522151982,-49.39529999999999,5.206299999999999,7.0,D
1,983.3833522151982,-49.39529999999999,8.206299999999999,7.0,D
1,983.5601289104949,-48.39529999999999,9.206299999999999,7.0,D
1,983.6851289104949,-48.39529999999999,10.206299999999999,7.0,D
1,983.8619056057915,-47.39529999999999,11.206299999999999,7.0,D
1,983.9869056057915,-47.39529999999999,12.206299999999999,7.0,D
1,984.1636823010882,-46.39529999999999,13.206299999999999,7.0,D
1,984.2886823010882,-46.39529999999999,14.206299999999999,7.0,D
1,984.4654589963849,-45.39529999999999,15.206299999999999,7.0,D
1,984.5904589963849,-45.39529999999999,16.2063,7.0,D
1,984.9440123869781,-43.39529999999999,18.2063,7.0,D
1,985.0690123869781,-43.39529999999999,19.2063,7.0,D
1,985.4225657775713,-41.39529999999999,21.2063,7.0,D
1,985.5475657775713,-41.39529999999999,22.2063,7.0,D
1,986.7850026446478,-34.39529999999999,29.2063,7.0,D
1,986.9100026446478,-33.39529999999999,29.2063,7.0,D
1,987.263556035241,-31.39529999999999,31.2063,7.0,D
1,987.388556035241,-30.39529999999999,31.2063,7.0,D
1,987.7421094258342,-28.39529999999999,33.2063,7.0,D
1,987.8671094258342,-27.39529999999999,33.2063,7.0,D
1,988.0438861211309,-26.39529999999999,34.2063,7.0,D
1,988.1688861211309,-25.39529999999999,34.2063,7.0,D
1,988.3456628164275,-24.39529999999999,35.2063,7.0,D
1,988.5956628164275,-22.39529999999999,35.2063,7.0,D
1,988.7724395117242,-21.39529999999999,36.2063,7.0,D
1,989.0224395117242,-19.39529999999999,36.2063,7.0,D
1,989.1992162070209,-18.39529999999999,37.2063,7.0,D
1,989.6992162070209,-14.395299999999992,37.2063,7.0,D
1,989.8759929023175,-13.395299999999992,38.2063,7.0,D
1,991.2509929023175,-2.3952999999999918,38.2063,7.0,D
1,991.4277695976142,-1.3952999999999918,37.2063,7.0,D
1,991.8027695976142,1.6047000000000082,37.2063,7.0,D
1,991.9795462929109,2.6047000000000082,36.2063,7.0,D
1,992.1045462929109,3.6047000000000082,36.2063,7.0,D
1,992.2813229882075,4.604700000000008,35.2063,7.0,D
1,992.5313229882075,6.604700000000008,35.2063,7.0,D
1,992.7080996835042,7.604700000000008,34.2063,7.0,D
1,992.8330996835042,8.604700000000008,34.2063,7.0,D
1,993.0098763788009,9.604700000000008,33.2063,7.0,D
1,993.1348763788009,10.604700000000008,33.2063,7.0,D
1,993.3116530740975,11.604700000000008,32.2063,7.0,D
1,993.4366530740975,12.604700000000008,32.2063,7.0,D
1,994.674089941174,19.60470000000001,25.2063,7.0,D
1,994.799089941174,19.60470000000001,24.2063,7.0,D
1,994.9758666364706,20.60470000000001,23.2063,7.0,D
1,995.1008666364706,20.60470000000001,22.2063,7.0,D
1,995.2776433317673,21.60470000000001,21.2063,7.0,D
1,995.4026433317673,21.60470000000001,20.2063,7.0,D
1,995.579420027064,22.60470000000001,19.2063,7.0,D
1,995.704420027064,22.60470000000001,18.2063,7.0,D
1,995.8811967223606,23.60470000000001,17.2063,7.0,D
1,996.0061967223606,23.60470000000001,16.2063,7.0,D
1,996.1829734176573,24.60470000000001,15.206299999999999,7.0,D
1,997.8079734176573,24.60470000000001,2.206299999999999,7.0,D
1,997.984750112954,23.60470000000001,1.2062999999999988,7.0,D
1,998.109750112954,23.60470000000001,0.20629999999999882,7.0,D
1,998.2865268082506,24.60470000000001,-0.7937000000000012,7.0,T
1,998.7948136913743,46.60470000000001,72.2063,7.0,D
1,998.9198136913743,47.60470000000001,72.2063,7.0,T
1,998.926480358041,46.60470000000001,72.2063,7.0,D
1,999.4568104439309,43.60470000000001,75.2063,7.0,D
1,999.5818104439309,42.60470000000001,75.2063,7.0,D
1,999.9353638345241,40.60470000000001,77.2063,7.0,D
1,1000.0603638345241,39.60470000000001,77.2063,7.0,D
1,1000.2371405298207,38.60470000000001,78.2063,7.0,D
1,1000.3621405298207,37.60470000000001,78.2063,7.0,D
1,1000.715693920414,35.60470000000001,80.2063,7.0,D
1,1000.840693920414,34.60470000000001,80.2063,7.0,D
1,1001.0174706157106,33.60470000000001,81.2063,7.0,D
1,1001.1424706157106,32.60470000000001,81.2063,7.0,D
1,1001.3192473110073,31.60470000000001,82.2063,7.0,D
1,1001.4442473110073,30.60470000000001,82.2063,7.0,D
1,1001.621024006304,29.60470000000001,83.2063,7.0,D
1,1001.746024006304,28.60470000000001,83.2063,7.0,D
1,1001.9228007016006,27.60470000000001,84.2063,7.0,D
1,1002.1728007016006,25.60470000000001,84.2063,7.0,D
1,1002.3495773968973,24.60470000000001,85.2063,7.0,D
1,1002.5995773968973,22.60470000000001,85.2063,7.0,D
1,1002.776354092194,21.60470000000001,86.2063,7.0,D
1,1003.026354092194,19.60470000000001,86.2063,7.0,D
1,1003.2031307874906,18.60470000000001,87.2063,7.0,D
1,1003.4531307874906,16.60470000000001,87.2063,7.0,D
1,1003.6299074827873,15.604700000000008,88.2063,7.0,D
1,1003.8799074827873,13.604700000000008,88.2063,7.0,D
1,1004.056684178084,12.604700000000008,89.2063,7.0,D
1,1004.431684178084,9.604700000000008,89.2063,7.0,D
1,1004.6084608733806,8.604700000000008,90.2063,7.0,D
1,1005.3584608733806,2.6047000000000082,90.2063,7.0,D
1,1005.5352375686773,1.6047000000000082,91.2063,7.0,D
1,1008.0352375686773,-18.39529999999999,91.2063,7.0,D
1,1008.212014263974,-19.39529999999999,90.2063,7.0,D
1,1008.962014263974,-25.39529999999999,90.2063,7.0,D
1,1009.1387909592706,-26.39529999999999,89.2063,7.0,D
1,1009.5137909592706,-29.39529999999999,89.2063,7.0,D
1,1009.6905676545673,-30.39529999999999,88.2063,7.0,D
1,1010.0655676545673,-33.39529999999999,88.2063,7.0,D
1,1010.242344349864,-34.39529999999999,87.2063,7.0,D
1,1010.492344349864,-36.39529999999999,87.2063,7.0,D
1,1010.6691210451606,-37.39529999999999,86.2063,7.0,D
1,1010.9191210451606,-39.39529999999999,86.2063,7.0,D
1,1011.0958977404573,-40.39529999999999,85.2063,7.0,D
1,1011.3458977404573,-42.39529999999999,85.2063,7.0,D
1,1011.522674435754,-43.39529999999999,84.2063,7.0,D
1,1011.647674435754,-44.39529999999999,84.2063,7.0,D
1,1011.8244511310506,-45.39529999999999,83.2063,7.0,D
1,1012.0744511310506,-47.39529999999999,83.2063,7.0,D
1,1012.2512278263473,-48.39529999999999,82.2063,7.0,D
1,1012.3762278263473,-49.39529999999999,82.2063,7.0,D
1,1012.553004521644,-50.39529999999999,81.2063,7.0,D
1,1012.678004521644,-51.39529999999999,81.2063,7.0,D
1,1012.8547812169406,-52.39529999999999,80.2063,7.0,D
1,1012.9797812169406,-53.39529999999999,80.2063,7.0,D
1,1013.1565579122373,-54.39529999999999,79.2063,7.0,D
1,1013.2815579122373,-55.39529999999999,79.2063,7.0,D
1,1013.6351113028305,-57.39529999999999,77.2063,7.0,D
1,1013.7601113028305,-58.39529999999999,77.2063,7.0,D
1,1014.1136646934237,-60.39529999999999,75.2063,7.0,D
1,1014.2386646934237,-61.39529999999999,75.2063,7.0,D
1,1014.592218084017,-63.39529999999999,73.2063,7.0,D
1,1014.717218084017,-64.39529999999999,73.2063,7.0,D
1,1015.2475481699068,-67.39529999999999,70.2063,7.0,D
1,1015.3725481699068,-68.39529999999999,70.2063,7.0,D
1,1017.8474219040597,-82.39529999999999,56.2063,7.0,D
1,1017.9724219040597,-82.39529999999999,55.2063,7.0,D
1,1018.5027519899496,-85.39529999999999,52.2063,7.0,D
1,1018.6277519899496,-85.39529999999999,51.2063,7.0,D
1,1018.9813053805428,-87.39529999999999,49.2063,7.0,D
1,1019.1063053805428,-87.39529999999999,48.2063,7.0,D
1,1019.459858771136,-89.39529999999999,46.2063,7.0,D
1,1019.584858771136,-89.39529999999999,45.2063,7.0,D
1,1019.9384121617293,-91.39529999999999,43.2063,7.0,D
1,1020.0634121617293,-91.39529999999999,42.2063,7.0,D
1,1020.2401888570259,-92.39529999999999,41.2063,7.0,D
1,1020.3651888570259,-92.39529999999999,40.2063,7.0,D
1,1020.5419655523226,-93.39529999999999,39.2063,7.0,D
1,1020.6669655523226,-93.39529999999999,38.2063,7.0,D
1,1020.8437422476193,-94.39529999999999,37.2063,7.0,D
1,1020.9687422476193,-94.39529999999999,36.2063,7.0,D
1,1021.1455189429159,-95.39529999999999,35.2063,7.0,D
1,1021.2705189429159,-95.39529999999999,34.2063,7.0,D
1,1021.4472956382126,-96.39529999999999,33.2063,7.0,D
1,1021.5722956382126,-96.39529999999999,32.2063,7.0,D
1,1021.7490723335093,-97.39529999999999,31.2063,7.0,D
1,1021.8740723335093,-97.39529999999999,30.2063,7.0,D
1,1022.0508490288059,-98.39529999999999,29.2063,7.0,D
1,1022.3008490288059,-98.39529999999999,27.2063,7.0,D
1,1022.4776257241026,-99.39529999999999,26.2063,7.0,D
1,1022.7276257241026,-99.39529999999999,24.2063,7.0,D
1,1022.9044024193993,-100.39529999999999,23.2063,7.0,D
1,1023.1544024193993,-100.39529999999999,21.2063,7.0,D
1,1023.3311791146959,-101.39529999999999,20.2063,7.0,D
1,1023.7061791146959,-101.39529999999999,17.2063,7.0,D
1,1023.8829558099926,-102.39529999999999,16.2063,7.0,D
1,1024.3829558099926,-102.39529999999999,12.206299999999999,7.0,D
1,1024.5597325052893,-103.39529999999999,11.206299999999999,7.0,D
1,1025.3097325052893,-103.39529999999999,5.206299999999999,7.0,D
1,1025.486509200586,-104.39529999999999,4.206299999999999,7.0,D
1,1026.361509200586,-104.39529999999999,-2.793700000000001,7.0,D
1,1026.5382858958826,-105.39529999999999,-3.793700000000001,7.0,D
1,1027.7882858958826,-105.39529999999999,-13.793700000000001,7.0,D
1,1027.9650625911793,-104.39529999999999,-14.793700000000001,7.0,D
1,1028.8400625911793,-104.39529999999999,-21.7937,7.0,D
1,1029.016839286476,-103.39529999999999,-22.7937,7.0,D
1,1029.641839286476,-103.39529999999999,-27.7937,7.0,D
1,1029.8186159817726,-102.39529999999999,-28.7937,7.0,D
1,1030.3186159817726,-102.39529999999999,-32.7937,7.0,D
1,1030.4953926770693,-101.39529999999999,-33.7937,7.0,D
1,1030.8703926770693,-101.39529999999999,-36.7937,7.0,D
1,1031.047169372366,-100.39529999999999,-37.7937,7.0,D
1,1031.422169372366,-100.39529999999999,-40.7937,7.0,D
1,1031.5989460676626,-99.39529999999999,-41.7937,7.0,D
1,1031.8489460676626,-99.39529999999999,-43.7937,7.0,D
1,1032.0257227629593,-98.39529999999999,-44.7937,7.0,D
1,1032.2757227629593,-98.39529999999999,-46.7937,7.0,D
1,1032.452499458256,-97.39529999999999,-47.7937,7.0,D
1,1032.577499458256,-97.39529999999999,-48.7937,7.0,D
1,1032.7542761535526,-96.39529999999999,-49.7937,7.0,D
1,1033.0042761535526,-96.39529999999999,-51.7937,7.0,D
1,1033.1810528488493,-95.39529999999999,-52.7937,7.0,D
1,1033.3060528488493,-95.39529999999999,-53.7937,7.0,D
1,1033.482829544146,-94.39529999999999,-54.7937,7.0,D
1,1033.607829544146,-94.39529999999999,-55.7937,7.0,D
1,1033.7846062394426,-93.39529999999999,-56.7937,7.0,D
1,1033.9096062394426,-93.39529999999999,-57.7937,7.0,D
1,1034.0863829347393,-92.39529999999999,-58.7937,7.0,D
1,1034.2113829347393,-92.39529999999999,-59.7937,7.0,D
1,1034.5649363253326,-90.39529999999999,-61.7937,7.0,D
1,1034.6899363253326,-90.39529999999999,-62.7937,7.0,D
1,1034.8667130206293,-89.39529999999999,-63.7937,7.0,D
1,1034.9917130206293,-89.39529999999999,-64.7937,7.0,D
1,1035.3452664112226,-87.39529999999999,-66.7937,7.0,D
1,1035.4702664112226,-87.39529999999999,-67.7937,7.0,D
1,1035.823819801816,-85.39529999999999,-69.7937,7.0,D
1,1035.948819801816,-85.39529999999999,-70.7937,7.0,D
1,1036.479149887706,-82.39529999999999,-73.7937,7.0,D
1,1036.604149887706,-82.39529999999999,-74.7937,7.0,D
1,1039.7861304030455,-64.39529999999999,-92.7937,7.0,D
1,1039.9111304030455,-63.39529999999999,-92.7937,7.0,D
1,1040.618237184232,-59.39529999999999,-96.7937,7.0,D
1,1040.743237184232,-58.39529999999999,-96.7937,7.0,D
1,1041.0967905748253,-56.39529999999999,-98.7937,7.0,D
1,1041.2217905748253,-55.39529999999999,-98.7937,7.0,D
1,1041.5753439654186,-53.39529999999999,-100.7937,7.0,D
1,1041.7003439654186,-52.39529999999999,-100.7937,7.0,D
1,1041.8771206607153,-51.39529999999999,-101.7937,7.0,D
1,1042.0021206607153,-50.39529999999999,-101.7937,7.0,D
1,1042.3556740513086,-48.39529999999999,-103.7937,7.0,D
1,1042.4806740513086,-47.39529999999999,-103.7937,7.0,D
1,1042.6574507466053,-46.39529999999999,-104.7937,7.0,D
1,1042.7824507466053,-45.39529999999999,-104.7937,7.0,D
1,1042.959227441902,-44.39529999999999,-105.7937,7.0,D
1,1043.084227441902,-43.39529999999999,-105.7937,7.0,D
1,1043.2610041371986,-42.39529999999999,-106.7937,7.0,D
1,1043.3860041371986,-41.39529999999999,-106.7937,7.0,D
1,1043.5627808324953,-40.39529999999999,-107.7937,7.0,D
1,1043.6877808324953,-39.39529999999999,-107.7937,7.0,D
1,1043.864557527792,-38.39529999999999,-108.7937,7.0,D
1,1043.989557527792,-37.39529999999999,-108.7937,7.0,D
1,1044.1663342230886,-36.39529999999999,-109.7937,7.0,D
1,1044.4163342230886,-34.39529999999999,-109.7937,7.0,D
1,1044.5931109183853,-33.39529999999999,-110.7937,7.0,D
1,1044.7181109183853,-32.39529999999999,-110.7937,7.0,D
1,1044.894887613682,-31.39529999999999,-111.7937,7.0,D
1,1045.144887613682,-29.39529999999999,-111.7937,7.0,D
1,1045.3216643089786,-28.39529999999999,-112.7937,7.0,D
1,1045.5716643089786,-26.39529999999999,-112.7937,7.0,D
1,1045.7484410042753,-25.39529999999999,-113.7937,7.0,D
1,1046.1234410042753,-22.39529999999999,-113.7937,7.0,D
1,1046.300217699572,-21.39529999999999,-114.7937,7.0,D
1,1046.675217699572,-18.39529999999999,-114.7937,7.0,D
1,1046.8519943948686,-17.39529999999999,-115.7937,7.0,D
1,1047.3519943948686,-13.395299999999992,-115.7937,7.0,D
1,1047.5287710901653,-12.395299999999992,-116.7937,7.0,D
1,1048.2787710901653,-6.395299999999992,-116.7937,7.0,D
1,1048.455547785462,-5.395299999999992,-117.7937,7.0,D
1,1049.330547785462,1.6047000000000082,-117.7937,7.0,D
1,1049.5073244807586,2.6047000000000082,-118.7937,7.0,D
1,1051.0073244807586,14.604700000000008,-118.7937,7.0,D
1,1051.1841011760553,15.604700000000008,-117.7937,7.0,D
1,1052.0591011760553,22.60470000000001,-117.7937,7.0,D
1,1052.235877871352,23.60470000000001,-116.7937,7.0,D
1,1052.985877871352,29.60470000000001,-116.7937,7.0,D
1,1053.1626545666486,30.60470000000001,-115.7937,7.0,D
1,1053.6626545666486,34.60470000000001,-115.7937,7.0,D
1,1053.8394312619453,35.60470000000001,-114.7937,7.0,D
1,1054.2144312619453,38.60470000000001,-114.7937,7.0,D
1,1054.391207957242,39.60470000000001,-113.7937,7.0,D
1,1054.766207957242,42.60470000000001,-113.7937,7.0,D
1,1054.9429846525386,43.60470000000001,-112.7937,7.0,D
1,1055.1929846525386,45.60470000000001,-112.7937,7.0,D
1,1055.3697613478353,46.60470000000001,-111.7937,7.0,D
1,1055.6197613478353,48.60470000000001,-111.7937,7.0,D
1,1055.796538043132,49.60470000000001,-110.7937,7.0,D
1,1056.046538043132,51.60470000000001,-110.7937,7.0,D
1,1056.2233147384286,52.60470000000001,-109.7937,7.0,D
1,1056.3483147384286,53.60470000000001,-109.7937,7.0,D
1,1056.5250914337253,54.60470000000001,-108.7937,7.0,D
1,1056.6500914337253,55.60470000000001,-108.7937,7.0,D
1,1056.826868129022,56.60470000000001,-107.7937,7.0,D
1,1056.951868129022,57.60470000000001,-107.7937,7.0,D
1,1057.1286448243186,58.60470000000001,-106.7937,7.0,D
1,1057.2536448243186,59.60470000000001,-106.7937,7.0,D
1,1057.4304215196153,60.60470000000001,-105.7937,7.0,D
1,1057.5554215196153,61.60470000000001,-105.7937,7.0,D
1,1057.732198214912,62.60470000000001,-104.7937,7.0,D
1,1057.857198214912,63.60470000000001,-104.7937,7.0,D
1,1058.0339749102086,64.60470000000001,-103.7937,7.0,D
1,1058.1589749102086,65.60470000000001,-103.7937,7.0,D
1,1058.3357516055053,66.60470000000001,-102.7937,7.0,D
1,1058.4607516055053,67.60470000000001,-102.7937,7.0,D
1,1058.637528300802,68.60470000000001,-101.7937,7.0,D
1,1058.762528300802,69.60470000000001,-101.7937,7.0,D
1,1059.1160816913953,71.60470000000001,-99.7937,7.0,D
1,1059.2410816913953,72.60470000000001,-99.7937,7.0,D
1,1059.417858386692,73.60470000000001,-98.7937,7.0,D
1,1059.542858386692,74.60470000000001,-98.7937,7.0,D
1,1059.8964117772853,76.60470000000001,-96.7937,7.0,D
1,1060.0214117772853,77.60470000000001,-96.7937,7.0,D
1,1060.5517418631753,80.60470000000001,-93.7937,7.0,D
1,1060.6767418631753,81.60470000000001,-93.7937,7.0,D
1,1061.3838486443617,85.60470000000001,-89.7937,7.0,D
1,1061.5088486443617,86.60470000000001,-89.7937,7.0,T
1,1061.9163886901104,90.60470000000001,-150.7937,7.0,D
1,1062.093165385407,89.60470000000001,-151.7937,7.0,D
1,1062.218165385407,88.60470000000001,-151.7937,7.0,D
1,1062.3949420807037,87.60470000000001,-152.7937,7.0,D
1,1062.5199420807037,86.60470000000001,-152.7937,7.0,D
1,1062.6967187760004,85.60470000000001,-153.7937,7.0,D
1,1062.8217187760004,84.60470000000001,-153.7937,7.0,D
1,1062.998495471297,83.60470000000001,-154.7937,7.0,D
1,1063.123495471297,82.60470000000001,-154.7937,7.0,D
1,1063.3002721665937,81.60470000000001,-155.7937,7.0,D
1,1063.4252721665937,80.60470000000001,-155.7937,7.0,D
1,1063.6020488618904,79.60470000000001,-156.7937,7.0,D
1,1063.7270488618904,78.60470000000001,-156.7937,7.0,D
1,1063.903825557187,77.60470000000001,-157.7937,7.0,D
1,1064.028825557187,76.60470000000001,-157.7937,7.0,D
1,1064.2056022524837,75.60470000000001,-158.7937,7.0,D
1,1064.4556022524837,73.60470000000001,-158.7937,7.0,D
1,1064.6323789477804,72.60470000000001,-159.7937,7.0,D
1,1064.7573789477804,71.60470000000001,-159.7937,7.0,D
1,1064.934155643077,70.60470000000001,-160.7937,7.0,D
1,1065.184155643077,68.60470000000001,-160.7937,7.0,D
1,1065.3609323383737,67.60470000000001,-161.7937,7.0,D
1,1065.4859323383737,66.60470000000001,-161.7937,7.0,D
1,1065.6627090336704,65.60470000000001,-162.7937,7.0,D
1,1065.9127090336704,63.60470000000001,-162.7937,7.0,D
1,1066.089485728967,62.60470000000001,-163.7937,7.0,D
1,1066.464485728967,59.60470000000001,-163.7937,7.0,D
1,1066.6412624242637,58.60470000000001,-164.7937,7.0,D
1,1066.8912624242637,56.60470000000001,-164.7937,7.0,D
1,1067.0680391195604,55.60470000000001,-165.7937,7.0,D
1,1067.4430391195604,52.60470000000001,-165.7937,7.0,D
1,1067.619815814857,51.60470000000001,-166.7937,7.0,D
1,1067.994815814857,48.60470000000001,-166.7937,7.0,D
1,1068.1715925101537,47.60470000000001,-167.7937,7.0,D
1,1068.6715925101537,43.60470000000001,-167.7937,7.0,D
1,1068.8483692054504,42.60470000000001,-168.7937,7.0,D
1,1069.3483692054504,38.60470000000001,-168.7937,7.0,D
1,1069.525145900747,37.60470000000001,-169.7937,7.0,D
1,1070.275145900747,31.60470000000001,-169.7937,7.0,D
1,1070.4519225960437,30.60470000000001,-170.7937,7.0,D
1,1071.3269225960437,23.60470000000001,-170.7937,7.0,D
1,1071.5036992913404,22.60470000000001,-171.7937,7.0,D
1,1075.0036992913404,-5.395299999999992,-171.7937,7.0,D
1,1075.180475986637,-6.395299999999992,-170.7937,7.0,D
1,1076.055475986637,-13.395299999999992,-170.7937,7.0,D
1,1076.2322526819337,-14.395299999999992,-169.7937,7.0,D
1,1076.9822526819337,-20.39529999999999,-169.7937,7.0,D
1,1077.1590293772304,-21.39529999999999,-168.7937,7.0,D
1,1077.6590293772304,-25.39529999999999,-168.7937,7.0,D
1,1077.835806072527,-26.39529999999999,-167.7937,7.0,D
1,1078.335806072527,-30.39529999999999,-167.7937,7.0,D
1,1078.5125827678237,-31.39529999999999,-166.7937,7.0,D
1,1078.8875827678237,-34.39529999999999,-166.7937,7.0,D
1,1079.0643594631204,-35.39529999999999,-165.7937,7.0,D
1,1079.4393594631204,-38.39529999999999,-165.7937,7.0,D
1,1079.616136158417,-39.39529999999999,-164.7937,7.0,D
1,1079.866136158417,-41.39529999999999,-164.7937,7.0,D
1,1080.0429128537137,-42.39529999999999,-163.7937,7.0,D
1,1080.4179128537137,-45.39529999999999,-163.7937,7.0,D
1,1080.5946895490104,-46.39529999999999,-162.7937,7.0,D
1,1080.7196895490104,-47.39529999999999,-162.7937,7.0,D
1,1080.896466244307,-48.39529999999999,-161.7937,7.0,D
1,1081.146466244307,-50.39529999999999,-161.7937,7.0,D
1,1081.3232429396037,-51.39529999999999,-160.7937,7.0,D
1,1081.5732429396037,-53.39529999999999,-160.7937,7.0,D
1,1081.7500196349004,-54.39529999999999,-159.7937,7.0,D
1,1081.8750196349004,-55.39529999999999,-159.7937,7.0,D
1,1082.051796330197,-56.39529999999999,-158.7937,7.0,D
1,1082.176796330197,-57.39529999999999,-158.7937,7.0,D
1,1082.3535730254937,-58.39529999999999,-157.7937,7.0,D
1,1082.4785730254937,-59.39529999999999,-157.7937,7.0,D
1,1082.6553497207904,-60.39529999999999,-156.7937,7.0,D
1,1082.9053497207904,-62.39529999999999,-156.7937,7.0,D
1,1083.082126416087,-63.39529999999999,-155.7937,7.0,D
1,1083.207126416087,-64.39529999999999,-155.7937,7.0,D
1,1083.3839031113837,-65.39529999999999,-154.7937,7.0,D
1,1083.5089031113837,-66.39529999999999,-154.7937,7.0,D
1,1083.6856798066804,-67.39529999999999,-153.7937,7.0,D
1,1083.8106798066804,-68.39529999999999,-153.7937,7.0,D
1,1083.987456501977,-69.39529999999999,-152.7937,7.0,D
1,1084.112456501977,-70.39529999999999,-152.7937,7.0,D
1,1084.2892331972737,-71.39529999999999,-151.7937,7.0,D
1,1084.4142331972737,-72.39529999999999,-151.7937,7.0,D
1,1084.767786587867,-74.39529999999999,-149.7937,7.0,D
1,1084.892786587867,-75.39529999999999,-149.7937,7.0,D
1,1085.0695632831637,-76.39529999999999,-148.7937,7.0,D
1,1085.1945632831637,-77.39529999999999,-148.7937,7.0,D
1,1085.3713399784604,-78.39529999999999,-147.7937,7.0,D
1,1085.4963399784604,-79.39529999999999,-147.7937,7.0,D
1,1085.8498933690537,-81.39529999999999,-145.7937,7.0,D
1,1085.9748933690537,-82.39529999999999,-145.7937,7.0,D
1,1086.328446759647,-84.39529999999999,-143.7937,7.0,D
1,1086.453446759647,-85.39529999999999,-143.7937,7.0,D
1,1086.8070001502404,-87.39529999999999,-141.7937,7.0,D
1,1086.9320001502404,-88.39529999999999,-141.7937,7.0,D
1,1087.4623302361304,-91.39529999999999,-138.7937,7.0,D
1,1087.5873302361304,-92.39529999999999,-138.7937,7.0,D
1,1088.1176603220204,-95.39529999999999,-135.7937,7.0,D
1,1088.2426603220204,-96.39529999999999,-135.7937,7.0,D
1,1089.1265437985035,-101.39529999999999,-130.7937,7.0,D
1,1089.2515437985035,-102.39529999999999,-130.7937,7.0,D
1,1092.433524313843,-120.39529999999999,-112.7937,7.0,D
1,1092.558524313843,-120.39529999999999,-111.7937,7.0,D
1,1093.4424077903261,-125.39529999999999,-106.7937,7.0,D
1,1093.5674077903261,-125.39529999999999,-105.7937,7.0,D
1,1094.0977378762161,-128.3953,-102.7937,7.0,D
1,1094.2227378762161,-128.3953,-101.7937,7.0,D
1,1094.5762912668094,-130.3953,-99.7937,7.0,D
1,1094.7012912668094,-130.3953,-98.7937,7.0,D
1,1095.0548446574028,-132.3953,-96.7937,7.0,D
1,1095.1798446574028,-132.3953,-95.7937,7.0,D
1,1095.5333980479961,-134.3953,-93.7937,7.0,D
1,1095.6583980479961,-134.3953,-92.7937,7.0,D
1,1096.0119514385894,-136.3953,-90.7937,7.0,D
1,1096.1369514385894,-136.3953,-89.7937,7.0,D
1,1096.3137281338861,-137.3953,-88.7937,7.0,D
1,1096.4387281338861,-137.3953,-87.7937,7.0,D
1,1096.6155048291828,-138.3953,-86.7937,7.0,D
1,1096.7405048291828,-138.3953,-85.7937,7.0,D
1,1097.0940582197761,-140.3953,-83.7937,7.0,D
1,1097.2190582197761,-140.3953,-82.7937,7.0,D
1,1097.3958349150728,-141.3953,-81.7937,7.0,D
1,1097.5208349150728,-141.3953,-80.7937,7.0,D
1,1097.6976116103694,-142.3953,-79.7937,7.0,D
1,1097.8226116103694,-142.3953,-78.7937,7.0,D
1,1097.9993883056661,-143.3953,-77.7937,7.0,D
1,1098.1243883056661,-143.3953,-76.7937,7.0,D
1,1098.3011650009628,-144.3953,-75.7937,7.0,D
1,1098.5511650009628,-144.3953,-73.7937,7.0,D
1,1098.7279416962594,-145.3953,-72.7937,7.0,D
1,1098.8529416962594,-145.3953,-71.7937,7.0,D
1,1099.0297183915561,-146.3953,-70.7937,7.0,D
1,1099.1547183915561,-146.3953,-69.7937,7.0,D
1,1099.3314950868528,-147.3953,-68.7937,7.0,D
1,1099.5814950868528,-147.3953,-66.7937,7.0,D
1,1099.7582717821494,-148.3953,-65.7937,7.0,D
1,1100.0082717821494,-148.3953,-63.7937,7.0,D
1,1100.1850484774461,-149.3953,-62.7937,7.0,D
1,1100.4350484774461,-149.3953,-60.7937,7.0,D
1,1100.6118251727428,-150.3953,-59.7937,7.0,D
1,1100.8618251727428,-150.3953,-57.7937,7.0,D
1,1101.0386018680394,-151.3953,-56.7937,7.0,D
1,1101.2886018680394,-151.3953,-54.7937,7.0,D
1,1101.4653785633361,-152.3953,-53.7937,7.0,D
1,1101.8403785633361,-152.3953,-50.7937,7.0,D
1,1102.0171552586328,-153.3953,-49.7937,7.0,D
1,1102.3921552586328,-153.3953,-46.7937,7.0,D
1,1102.5689319539295,-154.3953,-45.7937,7.0,D
1,1103.0689319539295,-154.3953,-41.7937,7.0,D
1,1103.2457086492261,-155.3953,-40.7937,7.0,D
1,1103.7457086492261,-155.3953,-36.7937,7.0,D
1,1103.9224853445228,-156.3953,-35.7937,7.0,D
1,1104.5474853445228,-156.3953,-30.7937,7.0,D
1,1104.7242620398195,-157.3953,-29.7937,7.0,D
1,1105.5992620398195,-157.3953,-22.7937,7.0,D
1,1105.7760387351161,-158.3953,-21.7937,7.0,D
1,1109.1510387351161,-158.3953,5.206299999999999,7.0,T
1,1117.828915015563,-1000.0,0.0,1000.0,W
1,1189.9351273821935,-1000.0,0.0,1000.0,T
1,1198.6028364903252,-158.3953,5.206299999999999,9.0,D
1,1198.7796131856219,-157.3953,6.206299999999999,9.0,D
1,1199.5296131856219,-157.3953,12.206299999999999,9.0,D
1,1199.7063898809186,-156.3953,13.206299999999999,9.0,D
1,1200.4563898809186,-156.3953,19.2063,9.0,D
1,1200.6331665762152,-155.3953,20.2063,9.0,D
1,1201.1331665762152,-155.3953,24.2063,9.0,D
1,1201.3099432715119,-154.3953,25.2063,9.0,D
1,1201.6849432715119,-154.3953,28.2063,9.0,D
1,1201.8617199668086,-153.3953,29.2063,9.0,D
1,1202.3617199668086,-153.3953,33.2063,9.0,D
1,1202.5384966621052,-152.3953,34.2063,9.0,D
1,1202.7884966621052,-152.3953,36.2063,9.0,D
1,1202.9652733574019,-151.3953,37.2063,9.0,D
1,1203.2152733574019,-151.3953,39.2063,9.0,D
1,1203.3920500526986,-150.3953,40.2063,9.0,D
1,1203.7670500526986,-150.3953,43.2063,9.0,D
1,1203.9438267479952,-149.3953,44.2063,9.0,D
1,1204.0688267479952,-149.3953,45.2063,9.0,D
1,1204.2456034432919,-148.3953,46.2063,9.0,D
1,1204.4956034432919,-148.3953,48.2063,9.0,D
1,1204.6723801385886,-147.3953,49.2063,9.0,D
1,1204.7973801385886,-147.3953,50.2063,9.0,D
1,1204.9741568338852,-146.3953,51.2063,9.0,D
1,1205.0991568338852,-146.3953,52.2063,9.0,D
1,1205.2759335291819,-145.3953,53.2063,9.0,D
1,1205.5259335291819,-145.3953,55.2063,9.0,D
1,1205.7027102244786,-144.3953,56.2063,9.0,D
1,1205.8277102244786,-144.3953,57.2063,9.0,D
1,1206.0044869197752,-143.3953,58.2063,9.0,D
1,1206.1294869197752,-143.3953,59.2063,9.0,D
1,1206.3062636150719,-142.3953,60.2063,9.0,D
1,1206.4312636150719,-142.3953,61.2063,9.0,D
1,1206.6080403103686,-141.3953,62.2063,9.0,D
1,1206.7330403103686,-141.3953,63.2063,9.0,D
1,1206.9098170056652,-140.3953,64.2063,9.0,D
1,1207.0348170056652,-140.3953,65.2063,9.0,D
1,1207.3883703962586,-138.3953,67.2063,9.0,D
1,1207.5133703962586,-138.3953,68.2063,9.0,D
1,1207.6901470915552,-137.3953,69.2063,9.0,D
1,1207.8151470915552,-137.3953,70.2063,9.0,D
1,1207.9919237868519,-136.3953,71.2063,9.0,D
1,1208.1169237868519,-136.3953,72.2063,9.0,D
1,1208.4704771774452,-134.3953,74.2063,9.0,D
1,1208.5954771774452,-134.3953,75.2063,9.0,D
1,1208.9490305680386,-132.3953,77.2063,9.0,D
1,1209.0740305680386,-132.3953,78.2063,9.0,D
1,1209.4275839586319,-130.3953,80.2063,9.0,D
1,1209.5525839586319,-130.3953,81.2063,9.0,D
1,1209.9061373492252,-128.3953,83.2063,9.0,D
1,1210.0311373492252,-128.3953,84.2063,9.0,D
1,1210.7382441304117,-124.39529999999999,88.2063,9.0,D
1,1210.8632441304117,-124.39529999999999,89.2063,9.0,D
1,1211.7471276068948,-119.39529999999999,94.2063,9.0,D
1,1211.8721276068948,-119.39529999999999,95.2063,9.0,D
1,1213.9934479504543,-107.39529999999999,107.2063,9.0,D
1,1214.1184479504543,-106.39529999999999,107.2063,9.0,D
1,1215.179108122234,-100.39529999999999,113.2063,9.0,D
1,1215.304108122234,-99.39529999999999,113.2063,9.0,D
1,1215.834438208124,-96.39529999999999,116.2063,9.0,D
1,1215.959438208124,-95.39529999999999,116.2063,9.0,D
1,1216.3129915987174,-93.39529999999999,118.2063,9.0,D
1,1216.4379915987174,-92.39529999999999,118.2063,9.0,D
1,1216.7915449893108,-90.39529999999999,120.2063,9.0,D
1,1216.9165449893108,-89.39529999999999,120.2063,9.0,D
1,1217.270098379904,-87.39529999999999,122.2063,9.0,D
1,1217.395098379904,-86.39529999999999,122.2063,9.0,D
1,1217.7486517704974,-84.39529999999999,124.2063,9.0,D
1,1217.8736517704974,-83.39529999999999,124.2063,9.0,D
1,1218.050428465794,-82.39529999999999,125.2063,9.0,D
1,1218.175428465794,-81.39529999999999,125.2063,9.0,D
1,1218.3522051610908,-80.39529999999999,126.2063,9.0,D
1,1218.4772051610908,-79.39529999999999,126.2063,9.0,D
1,1218.6539818563874,-78.39529999999999,127.2063,9.0,D
1,1218.7789818563874,-77.39529999999999,127.2063,9.0,D
1,1219.1325352469808,-75.39529999999999,129.2063,9.0,D
1,1219.2575352469808,-74.39529999999999,129.2063,9.0,D
1,1219.4343119422774,-73.39529999999999,130.2063,9.0,D
1,1219.5593119422774,-72.39529999999999,130.2063,9.0,D
1,1219.736088637574,-71.39529999999999,131.2063,9.0,D
1,1219.986088637574,-69.39529999999999,131.2063,9.0,D
1,1220.1628653328708,-68.39529999999999,132.2063,9.0,D
1,1220.2878653328708,-67.39529999999999,132.2063,9.0,D
1,1220.4646420281674,-66.39529999999999,133.2063,9.0,D
1,1220.7146420281674,-64.39529999999999,133.2063,9.0,D
1,1220.891418723464,-63.39529999999999,134.2063,9.0,D
1,1221.016418723464,-62.39529999999999,134.2063,9.0,D
1,1221.1931954187608,-61.39529999999999,135.2063,9.0,D
1,1221.4431954187608,-59.39529999999999,135.2063,9.0,D
1,1221.6199721140574,-58.39529999999999,136.2063,9.0,D
1,1221.8699721140574,-56.39529999999999,136.2063,9.0,D
1,1222.046748809354,-55.39529999999999,137.2063,9.0,D
1,1222.296748809354,-53.39529999999999,137.2063,9.0,D
1,1222.4735255046508,-52.39529999999999,138.2063,9.0,D
1,1222.7235255046508,-50.39529999999999,138.2063,9.0,D
1,1222.9003021999474,-49.39529999999999,139.2063,9.0,D
1,1223.1503021999474,-47.39529999999999,139.2063,9.0,D
1,1223.327078895244,-46.39529999999999,140.2063,9.0,D
1,1223.702078895244,-43.39529999999999,140.2063,9.0,D
1,1223.8788555905408,-42.39529999999999,141.2063,9.0,D
1,1224.2538555905408,-39.39529999999999,141.2063,9.0,D
1,1224.4306322858374,-38.39529999999999,142.2063,9.0,D
1,1224.9306322858374,-34.39529999999999,142.2063,9.0,D
1,1225.107408981134,-33.39529999999999,143.2063,9.0,D
1,1225.857408981134,-27.39529999999999,143.2063,9.0,D
1,1226.0341856764308,-26.39529999999999,144.2063,9.0,D
1,1230.5341856764308,9.604700000000008,144.2063,9.0,D
1,1230.7109623717274,10.604700000000008,143.2063,9.0,D
1,1231.4609623717274,16.60470000000001,143.2063,9.0,D
1,1231.637739067024,17.60470000000001,142.2063,9.0,D
1,1232.137739067024,21.60470000000001,142.2063,9.0,D
1,1232.3145157623208,22.60470000000001,141.2063,9.0,D
1,1232.6895157623208,25.60470000000001,141.2063,9.0,D
1,1232.8662924576174,26.60470000000001,140.2063,9.0,D
1,1233.1162924576174,28.60470000000001,140.2063,9.0,D
1,1233.293069152914,29.60470000000001,139.2063,9.0,D
1,1233.668069152914,32.60470000000001,139.2063,9.0,D
1,1233.8448458482108,33.60470000000001,138.2063,9.0,D
1,1234.0948458482108,35.60470000000001,138.2063,9.0,D
1,1234.2716225435074,36.60470000000001,137.2063,9.0,D
1,1234.3966225435074,37.60470000000001,137.2063,9.0,D
1,1234.573399238804,38.60470000000001,136.2063,9.0,D
1,1234.823399238804,40.60470000000001,136.2063,9.0,D
1,1235.0001759341008,41.60470000000001,135.2063,9.0,D
1,1235.2501759341008,43.60470000000001,135.2063,9.0,D
1,1235.4269526293974,44.60470000000001,134.2063,9.0,D
1,1235.6769526293974,46.60470000000001,134.2063,9.0,D
1,1235.853729324694,47.60470000000001,133.2063,9.0,D
1,1235.978729324694,48.60470000000001,133.2063,9.0,D
1,1236.1555060199908,49.60470000000001,132.2063,9.0,D
1,1236.2805060199908,50.60470000000001,132.2063,9.0,D
1,1236.4572827152874,51.60470000000001,131.2063,9.0,D
1,1236.7072827152874,53.60470000000001,131.2063,9.0,D
1,1236.884059410584,54.60470000000001,130.2063,9.0,D
1,1237.009059410584,55.60470000000001,130.2063,9.0,D
1,1237.1858361058808,56.60470000000001,129.2063,9.0,D
1,1237.3108361058808,57.60470000000001,129.2063,9.0,D
1,1237.4876128011774,58.60470000000001,128.2063,9.0,D
1,1237.6126128011774,59.60470000000001,128.2063,9.0,D
1,1237.9661661917708,61.60470000000001,126.2063,9.0,D
1,1238.0911661917708,62.60470000000001,126.2063,9.0,D
1,1238.2679428870674,63.60470000000001,125.2063,9.0,D
1,1238.3929428870674,64.60470000000001,125.2063,9.0,D
1,1238.7464962776608,66.60470000000001,123.2063,9.0,D
1,1238.8714962776608,67.60470000000001,123.2063,9.0,D
1,1239.0482729729574,68.60470000000001,122.2063,9.0,D
1,1239.1732729729574,69.60470000000001,122.2063,9.0,D
1,1239.5268263635508,71.60470000000001,120.2063,9.0,D
1,1239.6518263635508,72.60470000000001,120.2063,9.0,D
1,1240.1821564494408,75.60470000000001,117.2063,9.0,D
1,1240.3071564494408,76.60470000000001,117.2063,9.0,D
1,1240.8374865353308,79.60470000000001,114.2063,9.0,D
1,1240.9624865353308,80.60470000000001,114.2063,9.0,D
1,1241.8463700118139,85.60470000000001,109.2063,9.0,D
1,1241.9713700118139,86.60470000000001,109.2063,9.0,T
1,1242.3297614799662,47.60470000000001,72.2063,9.0,D
1,1244.2743051282293,58.60470000000001,61.2063,9.0,D
1,1244.3993051282293,58.60470000000001,60.2063,9.0,D
1,1244.9296352141193,61.60470000000001,57.2063,9.0,D
1,1245.0546352141193,61.60470000000001,56.2063,9.0,D
1,1245.5849653000093,64.60470000000001,53.2063,9.0,D
1,1245.7099653000093,64.60470000000001,52.2063,9.0,D
1,1245.886741995306,65.60470000000001,51.2063,9.0,D
1,1246.011741995306,65.60470000000001,50.2063,9.0,D
1,1246.1885186906027,66.60470000000001,49.2063,9.0,D
1,1246.3135186906027,66.60470000000001,48.2063,9.0,D
1,1246.667072081196,68.60470000000001,46.2063,9.0,D
1,1246.792072081196,68.60470000000001,45.2063,9.0,D
1,1246.9688487764927,69.60470000000001,44.2063,9.0,D
1,1247.2188487764927,69.60470000000001,42.2063,9.0,D
1,1247.3956254717893,70.60470000000001,41.2063,9.0,D
1,1247.5206254717893,70.60470000000001,40.2063,9.0,D
1,1247.697402167086,71.60470000000001,39.2063,9.0,D
1,1247.822402167086,71.60470000000001,38.2063,9.0,D
1,1247.9991788623827,72.60470000000001,37.2063,9.0,D
1,1248.1241788623827,72.60470000000001,36.2063,9.0,D
1,1248.3009555576793,73.60470000000001,35.2063,9.0,D
1,1248.5509555576793,73.60470000000001,33.2063,9.0,D
1,1248.727732252976,74.60470000000001,32.2063,9.0,D
1,1248.977732252976,74.60470000000001,30.2063,9.0,D
1,1249.1545089482727,75.60470000000001,29.2063,9.0,D
1,1249.5295089482727,75.60470000000001,26.2063,9.0,D
1,1249.7062856435693,76.60470000000001,25.2063,9.0,D
1,1250.3312856435693,76.60470000000001,20.2063,9.0,D
1,1250.508062338866,77.60470000000001,19.2063,9.0,D
1,1253.258062338866,77.60470000000001,-2.793700000000001,9.0,D
1,1253.4348390341627,76.60470000000001,-3.793700000000001,9.0,D
1,1253.9348390341627,76.60470000000001,-7.793700000000001,9.0,D
1,1254.1116157294593,75.60470000000001,-8.793700000000001,9.0,D
1,1254.4866157294593,75.60470000000001,-11.793700000000001,9.0,D
1,1254.663392424756,74.60470000000001,-12.793700000000001,9.0,D
1,1254.913392424756,74.60470000000001,-14.793700000000001,9.0,D
1,1255.0901691200527,73.60470000000001,-15.793700000000001,9.0,D
1,1255.3401691200527,73.60470000000001,-17.7937,9.0,D
1,1255.5169458153493,72.60470000000001,-18.7937,9.0,D
1,1255.6419458153493,72.60470000000001,-19.7937,9.0,D
1,1255.818722510646,71.60470000000001,-20.7937,9.0,D
1,1256.068722510646,71.60470000000001,-22.7937,9.0,D
1,1256.2454992059427,70.60470000000001,-23.7937,9.0,D
1,1256.3704992059427,70.60470000000001,-24.7937,9.0,D
1,1256.5472759012393,69.60470000000001,-25.7937,9.0,D
1,1256.6722759012393,69.60470000000001,-26.7937,9.0,D
1,1256.849052596536,68.60470000000001,-27.7937,9.0,D
1,1256.974052596536,68.60470000000001,-28.7937,9.0,D
1,1257.1508292918327,67.60470000000001,-29.7937,9.0,D
1,1257.2758292918327,67.60470000000001,-30.7937,9.0,D
1,1257.629382682426,65.60470000000001,-32.7937,9.0,D
1,1257.754382682426,65.60470000000001,-33.7937,9.0,D
1,1258.1079360730193,63.60470000000001,-35.7937,9.0,D
1,1258.2329360730193,63.60470000000001,-36.7937,9.0,D
1,1260.884586502469,48.60470000000001,-51.7937,9.0,D
1,1261.009586502469,47.60470000000001,-51.7937,9.0,D
1,1261.3631398930622,45.60470000000001,-53.7937,9.0,D
1,1261.4881398930622,44.60470000000001,-53.7937,9.0,D
1,1261.8416932836556,42.60470000000001,-55.7937,9.0,D
1,1261.9666932836556,41.60470000000001,-55.7937,9.0,D
1,1262.1434699789522,40.60470000000001,-56.7937,9.0,D
1,1262.2684699789522,39.60470000000001,-56.7937,9.0,D
1,1262.445246674249,38.60470000000001,-57.7937,9.0,D
1,1262.570246674249,37.60470000000001,-57.7937,9.0,D
1,1262.7470233695456,36.60470000000001,-58.7937,9.0,D
1,1262.8720233695456,35.60470000000001,-58.7937,9.0,D
1,1263.0488000648422,34.60470000000001,-59.7937,9.0,D
1,1263.1738000648422,33.60470000000001,-59.7937,9.0,D
1,1263.350576760139,32.60470000000001,-60.7937,9.0,D
1,1263.600576760139,30.60470000000001,-60.7937,9.0,D
1,1263.7773534554356,29.60470000000001,-61.7937,9.0,D
1,1264.0273534554356,27.60470000000001,-61.7937,9.0,D
1,1264.2041301507322,26.60470000000001,-62.7937,9.0,D
1,1264.7041301507322,22.60470000000001,-62.7937,9.0,D
1,1264.880906846029,21.60470000000001,-63.7937,9.0,D
1,1265.505906846029,16.60470000000001,-63.7937,9.0,D
1,1265.6826835413256,15.604700000000008,-64.7937,9.0,D
1,1267.4326835413256,1.6047000000000082,-64.7937,9.0,D
1,1267.6094602366222,0.6047000000000082,-63.7937,9.0,D
1,1268.3594602366222,-5.395299999999992,-63.7937,9.0,D
1,1268.536236931919,-6.395299999999992,-62.7937,9.0,D
1,1268.911236931919,-9.395299999999992,-62.7937,9.0,D
1,1269.0880136272156,-10.395299999999992,-61.7937,9.0,D
1,1269.3380136272156,-12.395299999999992,-61.7937,9.0,D
1,1269.5147903225122,-13.395299999999992,-60.7937,9.0,D
1,1269.6397903225122,-14.395299999999992,-60.7937,9.0,D
1,1269.816567017809,-15.395299999999992,-59.7937,9.0,D
1,1270.066567017809,-17.39529999999999,-59.7937,9.0,D
1,1270.2433437131056,-18.39529999999999,-58.7937,9.0,D
1,1270.3683437131056,-19.39529999999999,-58.7937,9.0,D
1,1270.5451204084022,-20.39529999999999,-57.7937,9.0,D
1,1270.6701204084022,-21.39529999999999,-57.7937,9.0,D
1,1271.0236737989956,-23.39529999999999,-55.7937,9.0,D
1,1271.1486737989956,-24.39529999999999,-55.7937,9.0,D
1,1271.3254504942922,-25.39529999999999,-54.7937,9.0,D
1,1271.4504504942922,-26.39529999999999,-54.7937,9.0,D
1,1271.9807805801822,-29.39529999999999,-51.7937,9.0,D
1,1272.1057805801822,-30.39529999999999,-51.7937,9.0,D
1,1273.8735475331487,-40.39529999999999,-41.7937,9.0,D
1,1273.9985475331487,-40.39529999999999,-40.7937,9.0,D
1,1274.5288776190387,-43.39529999999999,-37.7937,9.0,D
1,1274.6538776190387,-43.39529999999999,-36.7937,9.0,D
1,1275.007431009632,-45.39529999999999,-34.7937,9.0,D
1,1275.132431009632,-45.39529999999999,-33.7937,9.0,D
1,1275.3092077049287,-46.39529999999999,-32.7937,9.0,D
1,1275.4342077049287,-46.39529999999999,-31.7937,9.0,D
1,1275.6109844002253,-47.39529999999999,-30.7937,9.0,D
1,1275.8609844002253,-47.39529999999999,-28.7937,9.0,D
1,1276.037761095522,-48.39529999999999,-27.7937,9.0,D
1,1276.287761095522,-48.39529999999999,-25.7937,9.0,D
1,1276.4645377908187,-49.39529999999999,-24.7937,9.0,D
1,1276.7145377908187,-49.39529999999999,-22.7937,9.0,D
1,1276.8913144861153,-50.39529999999999,-21.7937,9.0,D
1,1277.5163144861153,-50.39529999999999,-16.7937,9.0,D
1,1277.693091181412,-51.39529999999999,-15.793700000000001,9.0,D
1,1279.443091181412,-51.39529999999999,-1.7937000000000012,9.0,D
1,1279.6198678767087,-50.39529999999999,-0.7937000000000012,9.0,D
1,1280.2448678767087,-50.39529999999999,4.206299999999999,9.0,D
1,1280.4216445720053,-49.39529999999999,5.206299999999999,9.0,D
1,1280.7966445720053,-49.39529999999999,8.206299999999999,9.0,D
1,1280.973421267302,-48.39529999999999,9.206299999999999,9.0,D
1,1281.098421267302,-48.39529999999999,10.206299999999999,9.0,D
1,1281.2751979625987,-47.39529999999999,11.206299999999999,9.0,D
1,1281.4001979625987,-47.39529999999999,12.206299999999999,9.0,D
1,1281.5769746578953,-46.39529999999999,13.206299999999999,9.0,D
1,1281.7019746578953,-46.39529999999999,14.206299999999999,9.0,D
1,1281.878751353192,-45.39529999999999,15.206299999999999,9.0,D
1,1282.003751353192,-45.39529999999999,16.2063,9.0,D
1,1282.3573047437853,-43.39529999999999,18.2063,9.0,D
1,1282.4823047437853,-43.39529999999999,19.2063,9.0,D
1,1282.8358581343787,-41.39529999999999,21.2063,9.0,D
1,1282.9608581343787,-41.39529999999999,22.2063,9.0,D
1,1284.198295001455,-34.39529999999999,29.2063,9.0,D
1,1284.323295001455,-33.39529999999999,29.2063,9.0,D
1,1284.6768483920484,-31.39529999999999,31.2063,9.0,D
1,1284.8018483920484,-30.39529999999999,31.2063,9.0,D
1,1285.1554017826418,-28.39529999999999,33.2063,9.0,D
1,1285.2804017826418,-27.39529999999999,33.2063,9.0,D
1,1285.4571784779384,-26.39529999999999,34.2063,9.0,D
1,1285.5821784779384,-25.39529999999999,34.2063,9.0,D
1,1285.758955173235,-24.39529999999999,35.2063,9.0,D
1,1286.008955173235,-22.39529999999999,35.2063,9.0,D
1,1286.1857318685318,-21.39529999999999,36.2063,9.0,D
1,1286.4357318685318,-19.39529999999999,36.2063,9.0,D
1,1286.6125085638284,-18.39529999999999,37.2063,9.0,D
1,1287.1125085638284,-14.395299999999992,37.2063,9.0,D
1,1287.289285259125,-13.395299999999992,38.2063,9.0,D
1,1288.664285259125,-2.3952999999999918,38.2063,9.0,D
1,1288.8410619544218,-1.3952999999999918,37.2063,9.0,D
1,1289.2160619544218,1.6047000000000082,37.2063,9.0,D
1,1289.3928386497184,2.6047000000000082,36.2063,9.0,D
1,1289.5178386497184,3.6047000000000082,36.2063,9.0,D
1,1289.694615345015,4.604700000000008,35.2063,9.0,D
1,1289.944615345015,6.604700000000008,35.2063,9.0,D
1,1290.1213920403118,7.604700000000008,34.2063,9.0,D
1,1290.2463920403118,8.604700000000008,34.2063,9.0,D
1,1290.4231687356084,9.604700000000008,33.2063,9.0,D
1,1290.5481687356084,10.604700000000008,33.2063,9.0,D
1,1290.724945430905,11.604700000000008,32.2063,9.0,D
1,1290.849945430905,12.604700000000008,32.2063,9.0,D
1,1292.0873822979815,19.60470000000001,25.2063,9.0,D
1,1292.2123822979815,19.60470000000001,24.2063,9.0,D
1,1292.3891589932782,20.60470000000001,23.2063,9.0,D
1,1292.5141589932782,20.60470000000001,22.2063,9.0,D
1,1292.6909356885749,21.60470000000001,21.2063,9.0,D
1,1292.8159356885749,21.60470000000001,20.2063,9.0,D
1,1292.9927123838715,22.60470000000001,19.2063,9.0,D
1,1293.1177123838715,22.60470000000001,18.2063,9.0,D
1,1293.2944890791682,23.60470000000001,17.2063,9.0,D
1,1293.4194890791682,23.60470000000001,16.2063,9.0,D
1,1293.5962657744649,24.60470000000001,15.206299999999999,9.0,D
1,1295.2212657744649,24.60470000000001,2.206299999999999,9.0,D
1,1295.3980424697615,23.60470000000001,1.2062999999999988,9.0,D
1,1295.5230424697615,23.60470000000001,0.20629999999999882,9.0,D
1,1295.6998191650582,24.60470000000001,-0.7937000000000012,9.0,T
1,1296.208106048182,46.60470000000001,72.2063,9.0,D
1,1296.333106048182,47.60470000000001,72.2063,9.0,T
1,1296.3397727148486,46.60470000000001,72.2063,9.0,D
1,1296.8701028007386,43.60470000000001,75.2063,9.0,D
1,1296.9951028007386,42.60470000000001,75.2063,9.0,D
1,1297.3486561913319,40.60470000000001,77.2063,9.0,D
1,1297.4736561913319,39.60470000000001,77.2063,9.0,D
1,1297.6504328866286,38.60470000000001,78.2063,9.0,D
1,1297.7754328866286,37.60470000000001,78.2063,9.0,D
1,1298.1289862772219,35.60470000000001,80.2063,9.0,D
1,1298.2539862772219,34.60470000000001,80.2063,9.0,D
1,1298.4307629725186,33.60470000000001,81.2063,9.0,D
1,1298.5557629725186,32.60470000000001,81.2063,9.0,D
1,1298.7325396678152,31.60470000000001,82.2063,9.0,D
1,1298.8575396678152,30.60470000000001,82.2063,9.0,D
1,1299.0343163631119,29.60470000000001,83.2063,9.0,D
1,1299.1593163631119,28.60470000000001,83.2063,9.0,D
1,1299.3360930584086,27.60470000000001,84.2063,9.0,D
1,1299.5860930584086,25.60470000000001,84.2063,9.0,D
1,1299.7628697537052,24.60470000000001,85.2063,9.0,D
1,1300.0128697537052,22.60470000000001,85.2063,9.0,D
1,1300.1896464490019,21.60470000000001,86.2063,9.0,D
1,1300.4396464490019,19.60470000000001,86.2063,9.0,D
1,1300.6164231442986,18.60470000000001,87.2063,9.0,D
1,1300.8664231442986,16.60470000000001,87.2063,9.0,D
1,1301.0431998395952,15.604700000000008,88.2063,9.0,D
1,1301.2931998395952,13.604700000000008,88.2063,9.0,D
1,1301.4699765348919,12.604700000000008,89.2063,9.0,D
1,1301.8449765348919,9.604700000000008,89.2063,9.0,D
1,1302.0217532301886,8.604700000000008,90.2063,9.0,D
1,1302.7717532301886,2.6047000000000082,90.2063,9.0,D
1,1302.9485299254852,1.6047000000000082,91.2063,9.0,D
1,1305.4485299254852,-18.39529999999999,91.2063,9.0,D
1,1305.6253066207819,-19.39529999999999,90.2063,9.0,D
1,1306.3753066207819,-25.39529999999999,90.2063,9.0,D
1,1306.5520833160786,-26.39529999999999,89.2063,9.0,D
1,1306.9270833160786,-29.39529999999999,89.2063,9.0,D
1,1307.1038600113752,-30.39529999999999,88.2063,9.0,D
1,1307.4788600113752,-33.39529999999999,88.2063,9.0,D
1,1307.6556367066719,-34.39529999999999,87.2063,9.0,D
1,1307.9056367066719,-36.39529999999999,87.2063,9.0,D
1,1308.0824134019686,-37.39529999999999,86.2063,9.0,D
1,1308.3324134019686,-39.39529999999999,86.2063,9.0,D
1,1308.5091900972652,-40.39529999999999,85.2063,9.0,D
1,1308.7591900972652,-42.39529999999999,85.2063,9.0,D
1,1308.9359667925619,-43.39529999999999,84.2063,9.0,D
1,1309.0609667925619,-44.39529999999999,84.2063,9.0,D
1,1309.2377434878586,-45.39529999999999,83.2063,9.0,D
1,1309.4877434878586,-47.39529999999999,83.2063,9.0,D
1,1309.6645201831552,-48.39529999999999,82.2063,9.0,D
1,1309.7895201831552,-49.39529999999999,82.2063,9.0,D
1,1309.9662968784519,-50.39529999999999,81.2063,9.0,D
1,1310.0912968784519,-51.39529999999999,81.2063,9.0,D
1,1310.2680735737486,-52.39529999999999,80.2063,9.0,D
1,1310.3930735737486,-53.39529999999999,80.2063,9.0,D
1,1310.5698502690452,-54.39529999999999,79.2063,9.0,D
1,1310.6948502690452,-55.39529999999999,79.2063,9.0,D
1,1311.0484036596386,-57.39529999999999,77.2063,9.0,D
1,1311.1734036596386,-58.39529999999999,77.2063,9.0,D
1,1311.5269570502319,-60.39529999999999,75.2063,9.0,D
1,1311.6519570502319,-61.39529999999999,75.2063,9.0,D
1,1312.0055104408252,-63.39529999999999,73.2063,9.0,D
1,1312.1305104408252,-64.39529999999999,73.2063,9.0,D
1,1312.6608405267152,-67.39529999999999,70.2063,9.0,D
1,1312.7858405267152,-68.39529999999999,70.2063,9.0,D
1,1315.260714260868,-82.39529999999999,56.2063,9.0,D
1,1315.385714260868,-82.39529999999999,55.2063,9.0,D
1,1315.916044346758,-85.39529999999999,52.2063,9.0,D
1,1316.041044346758,-85.39529999999999,51.2063,9.0,D
1,1316.3945977373514,-87.39529999999999,49.2063,9.0,D
1,1316.5195977373514,-87.39529999999999,48.2063,9.0,D
1,1316.8731511279448,-89.39529999999999,46.2063,9.0,D
1,1316.9981511279448,-89.39529999999999,45.2063,9.0,D
1,1317.351704518538,-91.39529999999999,43.2063,9.0,D
1,1317.476704518538,-91.39529999999999,42.2063,9.0,D
1,1317.6534812138348,-92.39529999999999,41.2063,9.0,D
1,1317.7784812138348,-92.39529999999999,40.2063,9.0,D
1,1317.9552579091314,-93.39529999999999,39.2063,9.0,D
1,1318.0802579091314,-93.39529999999999,38.2063,9.0,D
1,1318.257034604428,-94.39529999999999,37.2063,9.0,D
1,1318.382034604428,-94.39529999999999,36.2063,9.0,D
1,1318.5588112997248,-95.39529999999999,35.2063,9.0,D
1,1318.6838112997248,-95.39529999999999,34.2063,9.0,D
1,1318.8605879950214,-96.39529999999999,33.2063,9.0,D
1,1318.9855879950214,-96.39529999999999,32.2063,9.0,D
1,1319.162364690318,-97.39529999999999,31.2063,9.0,D
1,1319.287364690318,-97.39529999999999,30.2063,9.0,D
1,1319.4641413856148,-98.39529999999999,29.2063,9.0,D
1,1319.7141413856148,-98.39529999999999,27.2063,9.0,D
1,1319.8909180809114,-99.39529999999999,26.2063,9.0,D
1,1320.1409180809114,-99.39529999999999,24.2063,9.0,D
1,1320.317694776208,-100.39529999999999,23.2063,9.0,D
1,1320.567694776208,-100.39529999999999,21.2063,9.0,D
1,1320.7444714715048,-101.39529999999999,20.2063,9.0,D
1,1321.1194714715048,-101.39529999999999,17.2063,9.0,D
1,1321.2962481668014,-102.39529999999999,16.2063,9.0,D
1,1321.7962481668014,-102.39529999999999,12.206299999999999,9.0,D
1,1321.973024862098,-103.39529999999999,11.206299999999999,9.0,D
1,1322.723024862098,-103.39529999999999,5.206299999999999,9.0,D
1,1322.8998015573948,-104.39529999999999,4.206299999999999,9.0,D
1,1323.7748015573948,-104.39529999999999,-2.793700000000001,9.0,D
1,1323.9515782526914,-105.39529999999999,-3.793700000000001,9.0,D
1,1325.2015782526914,-105.39529999999999,-13.793700000000001,9.0,D
1,1325.378354947988,-104.39529999999999,-14.793700000000001,9.0,D
1,1326.253354947988,-104.39529999999999,-21.7937,9.0,D
1,1326.4301316432848,-103.39529999999999,-22.7937,9.0,D
1,1327.0551316432848,-103.39529999999999,-27.7937,9.0,D
1,1327.2319083385814,-102.39529999999999,-28.7937,9.0,D
1,1327.7319083385814,-102.39529999999999,-32.7937,9.0,D
1,1327.908685033878,-101.39529999999999,-33.7937,9.0,D
1,1328.283685033878,-101.39529999999999,-36.7937,9.0,D
1,1328.4604617291748,-100.39529999999999,-37.7937,9.0,D
1,1328.8354617291748,-100.39529999999999,-40.7937,9.0,D
1,1329.0122384244714,-99.39529999999999,-41.7937,9.0,D
1,1329.2622384244714,-99.39529999999999,-43.7937,9.0,D
1,1329.439015119768,-98.39529999999999,-44.7937,9.0,D
1,1329.689015119768,-98.39529999999999,-46.7937,9.0,D
1,1329.8657918150648,-97.39529999999999,-47.7937,9.0,D
1,1329.9907918150648,-97.39529999999999,-48.7937,9.0,D
1,1330.1675685103614,-96.39529999999999,-49.7937,9.0,D
1,1330.4175685103614,-96.39529999999999,-51.7937,9.0,D
1,1330.594345205658,-95.39529999999999,-52.7937,9.0,D
1,1330.719345205658,-95.39529999999999,-53.7937,9.0,D
1,1330.8961219009548,-94.39529999999999,-54.7937,9.0,D
1,1331.0211219009548,-94.39529999999999,-55.7937,9.0,D
1,1331.1978985962514,-93.39529999999999,-56.7937,9.0,D
1,1331.3228985962514,-93.39529999999999,-57.7937,9.0,D
1,1331.499675291548,-92.39529999999999,-58.7937,9.0,D
1,1331.624675291548,-92.39529999999999,-59.7937,9.0,D
1,1331.9782286821414,-90.39529999999999,-61.7937,9.0,D
1,1332.1032286821414,-90.39529999999999,-62.7937,9.0,D
1,1332.280005377438,-89.39529999999999,-63.7937,9.0,D
1,1332.405005377438,-89.39529999999999,-64.7937,9.0,D
1,1332.7585587680314,-87.39529999999999,-66.7937,9.0,D
1,1332.8835587680314,-87.39529999999999,-67.7937,9.0,D
1,1333.2371121586248,-85.39529999999999,-69.7937,9.0,D
1,1333.3621121586248,-85.39529999999999,-70.7937,9.0,D
1,1333.8924422445148,-82.39529999999999,-73.7937,9.0,D
1,1334.0174422445148,-82.39529999999999,-74.7937,9.0,D
1,1337.1994227598543,-64.39529999999999,-92.7937,9.0,D
1,1337.3244227598543,-63.39529999999999,-92.7937,9.0,D
1,1338.0315295410408,-59.39529999999999,-96.7937,9.0,D
1,1338.1565295410408,-58.39529999999999,-96.7937,9.0,D
1,1338.510082931634,-56.39529999999999,-98.7937,9.0,D
1,1338.635082931634,-55.39529999999999,-98.7937,9.0,D
1,1338.9886363222274,-53.39529999999999,-100.7937,9.0,D
1,1339.1136363222274,-52.39529999999999,-100.7937,9.0,D
1,1339.290413017524,-51.39529999999999,-101.7937,9.0,D
1,1339.415413017524,-50.39529999999999,-101.7937,9.0,D
1,1339.7689664081174,-48.39529999999999,-103.7937,9.0,D
1,1339.8939664081174,-47.39529999999999,-103.7937,9.0,D
1,1340.070743103414,-46.39529999999999,-104.7937,9.0,D
1,1340.195743103414,-45.39529999999999,-104.7937,9.0,D
1,1340.3725197987108,-44.39529999999999,-105.7937,9.0,D
1,1340.4975197987108,-43.39529999999999,-105.7937,9.0,D
1,1340.6742964940074,-42.39529999999999,-106.7937,9.0,D
1,1340.7992964940074,-41.39529999999999,-106.7937,9.0,D
1,1340.976073189304,-40.39529999999999,-107.7937,9.0,D
1,1341.101073189304,-39.39529999999999,-107.7937,9.0,D
1,1341.2778498846008,-38.39529999999999,-108.7937,9.0,D
1,1341.4028498846008,-37.39529999999999,-108.7937,9.0,D
1,1341.5796265798974,-36.39529999999999,-109.7937,9.0,D
1,1341.8296265798974,-34.39529999999999,-109.7937,9.0,D
1,1342.006403275194,-33.39529999999999,-110.7937,9.0,D
1,1342.131403275194,-32.39529999999999,-110.7937,9.0,D
1,1342.3081799704908,-31.39529999999999,-111.7937,9.0,D
1,1342.5581799704908,-29.39529999999999,-111.7937,9.0,D
1,1342.7349566657874,-28.39529999999999,-112.7937,9.0,D
1,1342.9849566657874,-26.39529999999999,-112.7937,9.0,D
1,1343.161733361084,-25.39529999999999,-113.7937,9.0,D
1,1343.536733361084,-22.39529999999999,-113.7937,9.0,D
1,1343.7135100563808,-21.39529999999999,-114.7937,9.0,D
1,1344.0885100563808,-18.39529999999999,-114.7937,9.0,D
1,1344.2652867516774,-17.39529999999999,-115.7937,9.0,D
1,1344.7652867516774,-13.395299999999992,-115.7937,9.0,D
1,1344.942063446974,-12.395299999999992,-116.7937,9.0,D
1,1345.692063446974,-6.395299999999992,-116.7937,9.0,D
1,1345.8688401422708,-5.395299999999992,-117.7937,9.0,D
1,1346.7438401422708,1.6047000000000082,-117.7937,9.0,D
1,1346.9206168375674,2.6047000000000082,-118.7937,9.0,D
1,1348.4206168375674,14.604700000000008,-118.7937,9.0,D
1,1348.597393532864,15.604700000000008,-117.7937,9.0,D
1,1349.472393532864,22.60470000000001,-117.7937,9.0,D
1,1349.6491702281608,23.60470000000001,-116.7937,9.0,D
1,1350.3991702281608,29.60470000000001,-116.7937,9.0,D
1,1350.5759469234574,30.60470000000001,-115.7937,9.0,D
1,1351.0759469234574,34.60470000000001,-115.7937,9.0,D
1,1351.252723618754,35.60470000000001,-114.7937,9.0,D
1,1351.627723618754,38.60470000000001,-114.7937,9.0,D
1,1351.8045003140508,39.60470000000001,-113.7937,9.0,D
1,1352.1795003140508,42.60470000000001,-113.7937,9.0,D
1,1352.3562770093474,43.60470000000001,-112.7937,9.0,D
1,1352.6062770093474,45.60470000000001,-112.7937,9.0,D
1,1352.783053704644,46.60470000000001,-111.7937,9.0,D
1,1353.033053704644,48.60470000000001,-111.7937,9.0,D
1,1353.2098303999408,49.60470000000001,-110.7937,9.0,D
1,1353.4598303999408,51.60470000000001,-110.7937,9.0,D
1,1353.6366070952374,52.60470000000001,-109.7937,9.0,D
1,1353.7616070952374,53.60470000000001,-109.7937,9.0,D
1,1353.938383790534,54.60470000000001,-108.7937,9.0,D
1,1354.063383790534,55.60470000000001,-108.7937,9.0,D
1,1354.2401604858308,56.60470000000001,-107.7937,9.0,D
1,1354.3651604858308,57.60470000000001,-107.7937,9.0,D
1,1354.5419371811274,58.60470000000001,-106.7937,9.0,D
1,1354.6669371811274,59.60470000000001,-106.7937,9.0,D
1,1354.843713876424,60.60470000000001,-105.7937,9.0,D
1,1354.968713876424,61.60470000000001,-105.7937,9.0,D
1,1355.1454905717208,62.60470000000001,-104.7937,9.0,D
1,1355.2704905717208,63.60470000000001,-104.7937,9.0,D
1,1355.4472672670174,64.60470000000001,-103.7937,9.0,D
1,1355.5722672670174,65.60470000000001,-103.7937,9.0,D
1,1355.749043962314,66.60470000000001,-102.7937,9.0,D
1,1355.874043962314,67.60470000000001,-102.7937,9.0,D
1,1356.0508206576108,68.60470000000001,-101.7937,9.0,D
1,1356.1758206576108,69.60470000000001,-101.7937,9.0,D
1,1356.529374048204,71.60470000000001,-99.7937,9.0,D
1,1356.654374048204,72.60470000000001,-99.7937,9.0,D
1,1356.8311507435008,73.60470000000001,-98.7937,9.0,D
1,1356.9561507435008,74.60470000000001,-98.7937,9.0,D
1,1357.309704134094,76.60470000000001,-96.7937,9.0,D
1,1357.434704134094,77.60470000000001,-96.7937,9.0,D
1,1357.965034219984,80.60470000000001,-93.7937,9.0,D
1,1358.090034219984,81.60470000000001,-93.7937,9.0,D
1,1358.7971410011705,85.60470000000001,-89.7937,9.0,D
1,1358.9221410011705,86.60470000000001,-89.7937,9.0,T
1,1359.3296810469192,90.60470000000001,-150.7937,9.0,D
1,1359.5064577422158,89.60470000000001,-151.7937,9.0,D
1,1359.6314577422158,88.60470000000001,-151.7937,9.0,D
1,1359.8082344375125,87.60470000000001,-152.7937,9.0,D
1,1359.9332344375125,86.60470000000001,-152.7937,9.0,D
1,1360.1100111328092,85.60470000000001,-153.7937,9.0,D
1,1360.2350111328092,84.60470000000001,-153.7937,9.0,D
1,1360.4117878281058,83.60470000000001,-154.7937,9.0,D
1,1360.5367878281058,82.60470000000001,-154.7937,9.0,D
1,1360.7135645234025,81.60470000000001,-155.7937,9.0,D
1,1360.8385645234025,80.60470000000001,-155.7937,9.0,D
1,1361.0153412186992,79.60470000000001,-156.7937,9.0,D
1,1361.1403412186992,78.60470000000001,-156.7937,9.0,D
1,1361.3171179139958,77.60470000000001,-157.7937,9.0,D
1,1361.4421179139958,76.60470000000001,-157.7937,9.0,D
1,1361.6188946092925,75.60470000000001,-158.7937,9.0,D
1,1361.8688946092925,73.60470000000001,-158.7937,9.0,D
1,1362.0456713045892,72.60470000000001,-159.7937,9.0,D
1,1362.1706713045892,71.60470000000001,-159.7937,9.0,D
1,1362.3474479998858,70.60470000000001,-160.7937,9.0,D
1,1362.5974479998858,68.60470000000001,-160.7937,9.0,D
1,1362.7742246951825,67.60470000000001,-161.7937,9.0,D
1,1362.8992246951825,66.60470000000001,-161.7937,9.0,D
1,1363.0760013904792,65.60470000000001,-162.7937,9.0,D
1,1363.3260013904792,63.60470000000001,-162.7937,9.0,D
1,1363.5027780857758,62.60470000000001,-163.7937,9.0,D
1,1363.8777780857758,59.60470000000001,-163.7937,9.0,D
1,1364.0545547810725,58.60470000000001,-164.7937,9.0,D
1,1364.3045547810725,56.60470000000001,-164.7937,9.0,D
1,1364.4813314763692,55.60470000000001,-165.7937,9.0,D
1,1364.8563314763692,52.60470000000001,-165.7937,9.0,D
1,1365.0331081716658,51.60470000000001,-166.7937,9.0,D
1,1365.4081081716658,48.60470000000001,-166.7937,9.0,D
1,1365.5848848669625,47.60470000000001,-167.7937,9.0,D
1,1366.0848848669625,43.60470000000001,-167.7937,9.0,D
1,1366.2616615622592,42.60470000000001,-168.7937,9.0,D
1,1366.7616615622592,38.60470000000001,-168.7937,9.0,D
1,1366.9384382575558,37.60470000000001,-169.7937,9.0,D
1,1367.6884382575558,31.60470000000001,-169.7937,9.0,D
1,1367.8652149528525,30.60470000000001,-170.7937,9.0,D
1,1368.7402149528525,23.60470000000001,-170.7937,9.0,D
1,1368.9169916481492,22.60470000000001,-171.7937,9.0,D
1,1372.4169916481492,-5.395299999999992,-171.7937,9.0,D
1,1372.5937683434458,-6.395299999999992,-170.7937,9.0,D
1,1373.4687683434458,-13.395299999999992,-170.7937,9.0,D
1,1373.6455450387425,-14.395299999999992,-169.7937,9.0,D
1,1374.3955450387425,-20.39529999999999,-169.7937,9.0,D
1,1374.5723217340392,-21.39529999999999,-168.7937,9.0,D
1,1375.0723217340392,-25.39529999999999,-168.7937,9.0,D
1,1375.2490984293358,-26.39529999999999,-167.7937,9.0,D
1,1375.7490984293358,-30.39529999999999,-167.7937,9.0,D
1,1375.9258751246325,-31.39529999999999,-166.7937,9.0,D
1,1376.3008751246325,-34.39529999999999,-166.7937,9.0,D
1,1376.4776518199292,-35.39529999999999,-165.7937,9.0,D
1,1376.8526518199292,-38.39529999999999,-165.7937,9.0,D
1,1377.0294285152258,-39.39529999999999,-164.7937,9.0,D
1,1377.2794285152258,-41.39529999999999,-164.7937,9.0,D
1,1377.4562052105225,-42.39529999999999,-163.7937,9.0,D
1,1377.8312052105225,-45.39529999999999,-163.7937,9.0,D
1,1378.0079819058192,-46.39529999999999,-162.7937,9.0,D
1,1378.1329819058192,-47.39529999999999,-162.7937,9.0,D
1,1378.3097586011158,-48.39529999999999,-161.7937,9.0,D
1,1378.5597586011158,-50.39529999999999,-161.7937,9.0,D
1,1378.7365352964125,-51.39529999999999,-160.7937,9.0,D
1,1378.9865352964125,-53.39529999999999,-160.7937,9.0,D
1,1379.1633119917092,-54.39529999999999,-159.7937,9.0,D
1,1379.2883119917092,-55.39529999999999,-159.7937,9.0,D
1,1379.4650886870058,-56.39529999999999,-158.7937,9.0,D
1,1379.5900886870058,-57.39529999999999,-158.7937,9.0,D
1,1379.7668653823025,-58.39529999999999,-157.7937,9.0,D
1,1379.8918653823025,-59.39529999999999,-157.7937,9.0,D
1,1380.0686420775992,-60.39529999999999,-156.7937,9.0,D
1,1380.3186420775992,-62.39529999999999,-156.7937,9.0,D
1,1380.4954187728958,-63.39529999999999,-155.7937,9.0,D
1,1380.6204187728958,-64.39529999999999,-155.7937,9.0,D
1,1380.7971954681925,-65.39529999999999,-154.7937,9.0,D
1,1380.9221954681925,-66.39529999999999,-154.7937,9.0,D
1,1381.0989721634892,-67.39529999999999,-153.7937,9.0,D
1,1381.2239721634892,-68.39529999999999,-153.7937,9.0,D
1,1381.4007488587858,-69.39529999999999,-152.7937,9.0,D
1,1381.5257488587858,-70.39529999999999,-152.7937,9.0,D
1,1381.7025255540825,-71.39529999999999,-151.7937,9.0,D
1,1381.8275255540825,-72.39529999999999,-151.7937,9.0,D
1,1382.1810789446758,-74.39529999999999,-149.7937,9.0,D
1,1382.3060789446758,-75.39529999999999,-149.7937,9.0,D
1,1382.4828556399725,-76.39529999999999,-148.7937,9.0,D
1,1382.6078556399725,-77.39529999999999,-148.7937,9.0,D
1,1382.7846323352692,-78.39529999999999,-147.7937,9.0,D
1,1382.9096323352692,-79.39529999999999,-147.7937,9.0,D
1,1383.2631857258625,-81.39529999999999,-145.7937,9.0,D
1,1383.3881857258625,-82.39529999999999,-145.7937,9.0,D
1,1383.7417391164558,-84.39529999999999,-143.7937,9.0,D
1,1383.8667391164558,-85.39529999999999,-143.7937,9.0,D
1,1384.2202925070492,-87.39529999999999,-141.7937,9.0,D
1,1384.3452925070492,-88.39529999999999,-141.7937,9.0,D
1,1384.8756225929392,-91.39529999999999,-138.7937,9.0,D
1,1385.0006225929392,-92.39529999999999,-138.7937,9.0,D
1,1385.5309526788292,-95.39529999999999,-135.7937,9.0,D
1,1385.6559526788292,-96.39529999999999,-135.7937,9.0,D
1,1386.5398361553123,-101.39529999999999,-130.7937,9.0,D
1,1386.6648361553123,-102.39529999999999,-130.7937,9.0,D
1,1389.8468166706518,-120.39529999999999,-112.7937,9.0,D
1,1389.9718166706518,-120.39529999999999,-111.7937,9.0,D
1,1390.855700147135,-125.39529999999999,-106.7937,9.0,D
1,1390.980700147135,-125.39529999999999,-105.7937,9.0,D
1,1391.511030233025,-128.3953,-102.7937,9.0,D
1,1391.636030233025,-128.3953,-101.7937,9.0,D
1,1391.9895836236183,-130.3953,-99.7937,9.0,D
1,1392.1145836236183,-130.3953,-98.7937,9.0,D
1,1392.4681370142116,-132.3953,-96.7937,9.0,D
1,1392.5931370142116,-132.3953,-95.7937,9.0,D
1,1392.946690404805,-134.3953,-93.7937,9.0,D
1,1393.071690404805,-134.3953,-92.7937,9.0,D
1,1393.4252437953983,-136.3953,-90.7937,9.0,D
1,1393.5502437953983,-136.3953,-89.7937,9.0,D
1,1393.727020490695,-137.3953,-88.7937,9.0,D
1,1393.852020490695,-137.3953,-87.7937,9.0,D
1,1394.0287971859916,-138.3953,-86.7937,9.0,D
1,1394.1537971859916,-138.3953,-85.7937,9.0,D
1,1394.507350576585,-140.3953,-83.7937,9.0,D
1,1394.632350576585,-140.3953,-82.7937,9.0,D
1,1394.8091272718816,-141.3953,-81.7937,9.0,D
1,1394.9341272718816,-141.3953,-80.7937,9.0,D
1,1395.1109039671783,-142.3953,-79.7937,9.0,D
1,1395.2359039671783,-142.3953,-78.7937,9.0,D
1,1395.412680662475,-143.3953,-77.7937,9.0,D
1,1395.537680662475,-143.3953,-76.7937,9.0,D
1,1395.7144573577716,-144.3953,-75.7937,9.0,D
1,1395.9644573577716,-144.3953,-73.7937,9.0,D
1,1396.1412340530683,-145.3953,-72.7937,9.0,D
1,1396.2662340530683,-145.3953,-71.7937,9.0,D
1,1396.443010748365,-146.3953,-70.7937,9.0,D
1,1396.568010748365,-146.3953,-69.7937,9.0,D
1,1396.7447874436616,-147.3953,-68.7937,9.0,D
1,1396.9947874436616,-147.3953,-66.7937,9.0,D
1,1397.1715641389583,-148.3953,-65.7937,9.0,D
1,1397.4215641389583,-148.3953,-63.7937,9.0,D
1,1397.598340834255,-149.3953,-62.7937,9.0,D
1,1397.848340834255,-149.3953,-60.7937,9.0,D
1,1398.0251175295516,-150.3953,-59.7937,9.0,D
1,1398.2751175295516,-150.3953,-57.7937,9.0,D
1,1398.4518942248483,-151.3953,-56.7937,9.0,D
1,1398.7018942248483,-151.3953,-54.7937,9.0,D
1,1398.878670920145,-152.3953,-53.7937,9.0,D
1,1399.253670920145,-152.3953,-50.7937,9.0,D
1,1399.4304476154416,-153.3953,-49.7937,9.0,D
1,1399.8054476154416,-153.3953,-46.7937,9.0,D
1,1399.9822243107383,-154.3953,-45.7937,9.0,D
1,1400.4822243107383,-154.3953,-41.7937,9.0,D
1,1400.659001006035,-155.3953,-40.7937,9.0,D
1,1401.159001006035,-155.3953,-36.7937,9.0,D
1,1401.3357777013316,-156.3953,-35.7937,9.0,D
1,1401.9607777013316,-156.3953,-30.7937,9.0,D
1,1402.1375543966283,-157.3953,-29.7937,9.0,D
1,1403.0125543966283,-157.3953,-22.7937,9.0,D
1,1403.189331091925,-158.3953,-21.7937,9.0,D
1,1406.564331091925,-158.3953,5.206299999999999,9.0,T
1,1415.2320402000566,-1000.0,0.0,1000.0,W
1,1487.3184302094146,-1000.0,0.0,1000.0,T
1,1495.9759807396276,-158.3953,5.206299999999999,11.0,D
1,1496.152757434924,-157.3953,6.206299999999999,11.0,D
1,1496.902757434924,-157.3953,12.206299999999999,11.0,D
1,1497.0795341302207,-156.3953,13.206299999999999,11.0,D
1,1497.8295341302207,-156.3953,19.2063,11.0,D
1,1498.0063108255174,-155.3953,20.2063,11.0,D
1,1498.5063108255174,-155.3953,24.2063,11.0,D
1,1498.683087520814,-154.3953,25.2063,11.0,D
1,1499.058087520814,-154.3953,28.2063,11.0,D
1,1499.2348642161107,-153.3953,29.2063,11.0,D
1,1499.7348642161107,-153.3953,33.2063,11.0,D
1,1499.9116409114074,-152.3953,34.2063,11.0,D
1,1500.1616409114074,-152.3953,36.2063,11.0,D
1,1500.338417606704,-151.3953,37.2063,11.0,D
1,1500.588417606704,-151.3953,39.2063,11.0,D
1,1500.7651943020007,-150.3953,40.2063,11.0,D
1,1501.1401943020007,-150.3953,43.2063,11.0,D
1,1501.3169709972974,-149.3953,44.2063,11.0,D
1,1501.4419709972974,-149.3953,45.2063,11.0,D
1,1501.618747692594,-148.3953,46.2063,11.0,D
1,1501.868747692594,-148.3953,48.2063,11.0,D
1,1502.0455243878907,-147.3953,49.2063,11.0,D
1,1502.1705243878907,-147.3953,50.2063,11.0,D
1,1502.3473010831874,-146.3953,51.2063,11.0,D
1,1502.4723010831874,-146.3953,52.2063,11.0,D
1,1502.649077778484,-145.3953,53.2063,11.0,D
1,1502.899077778484,-145.3953,55.2063,11.0,D
1,1503.0758544737807,-144.3953,56.2063,11.0,D
1,1503.2008544737807,-144.3953,57.2063,11.0,D
1,1503.3776311690774,-143.3953,58.2063,11.0,D
1,1503.5026311690774,-143.3953,59.2063,11.0,D
1,1503.679407864374,-142.3953,60.2063,11.0,D
1,1503.804407864374,-142.3953,61.2063,11.0,D
1,1503.9811845596707,-141.3953,62.2063,11.0,D
1,1504.1061845596707,-141.3953,63.2063,11.0,D
1,1504.2829612549674,-140.3953,64.2063,11.0,D
1,1504.4079612549674,-140.3953,65.2063,11.0,D
1,1504.7615146455607,-138.3953,67.2063,11.0,D
1,1504.8865146455607,-138.3953,68.2063,11.0,D
1,1505.0632913408574,-137.3953,69.2063,11.0,D
1,1505.1882913408574,-137.3953,70.2063,11.0,D
1,1505.365068036154,-136.3953,71.2063,11.0,D
1,1505.490068036154,-136.3953,72.2063,11.0,D
1,1505.8436214267474,-134.3953,74.2063,11.0,D
1,1505.9686214267474,-134.3953,75.2063,11.0,D
1,1506.3221748173407,-132.3953,77.2063,11.0,D
1,1506.4471748173407,-132.3953,78.2063,11.0,D
1,1506.800728207934,-130.3953,80.2063,11.0,D
1,1506.925728207934,-130.3953,81.2063,11.0,D
1,1507.2792815985274,-128.3953,83.2063,11.0,D
1,1507.4042815985274,-128.3953,84.2063,11.0,D
1,1508.1113883797138,-124.39529999999999,88.2063,11.0,D
1,1508.2363883797138,-124.39529999999999,89.2063,11.0,D
1,1509.120271856197,-119.39529999999999,94.2063,11.0,D
1,1509.245271856197,-119.39529999999999,95.2063,11.0,D
1,1511.3665921997565,-107.39529999999999,107.2063,11.0,D
1,1511.4915921997565,-106.39529999999999,107.2063,11.0,D
1,1512.5522523715363,-100.39529999999999,113.2063,11.0,D
1,1512.6772523715363,-99.39529999999999,113.2063,11.0,D
1,1513.2075824574263,-96.39529999999999,116.2063,11.0,D
1,1513.3325824574263,-95.39529999999999,116.2063,11.0,D
1,1513.6861358480196,-93.39529999999999,118.2063,11.0,D
1,1513.8111358480196,-92.39529999999999,118.2063,11.0,D
1,1514.164689238613,-90.39529999999999,120.2063,11.0,D
1,1514.289689238613,-89.39529999999999,120.2063,11.0,D
1,1514.6432426292063,-87.39529999999999,122.2063,11.0,D
1,1514.7682426292063,-86.39529999999999,122.2063,11.0,D
1,1515.1217960197996,-84.39529999999999,124.2063,11.0,D
1,1515.2467960197996,-83.39529999999999,124.2063,11.0,D
1,1515.4235727150963,-82.39529999999999,125.2063,11.0,D
1,1515.5485727150963,-81.39529999999999,125.2063,11.0,D
1,1515.725349410393,-80.39529999999999,126.2063,11.0,D
1,1515.850349410393,-79.39529999999999,126.2063,11.0,D
1,1516.0271261056896,-78.39529999999999,127.2063,11.0,D
1,1516.1521261056896,-77.39529999999999,127.2063,11.0,D
1,1516.505679496283,-75.39529999999999,129.2063,11.0,D
1,1516.630679496283,-74.39529999999999,129.2063,11.0,D
1,1516.8074561915796,-73.39529999999999,130.2063,11.0,D
1,1516.9324561915796,-72.39529999999999,130.2063,11.0,D
1,1517.1092328868763,-71.39529999999999,131.2063,11.0,D
1,1517.3592328868763,-69.39529999999999,131.2063,11.0,D
1,1517.536009582173,-68.39529999999999,132.2063,11.0,D
1,1517.661009582173,-67.39529999999999,132.2063,11.0,D
1,1517.8377862774696,-66.39529999999999,133.2063,11.0,D
1,1518.0877862774696,-64.39529999999999,133.2063,11.0,D
1,1518.2645629727663,-63.39529999999999,134.2063,11.0,D
1,1518.3895629727663,-62.39529999999999,134.2063,11.0,D
1,1518.566339668063,-61.39529999999999,135.2063,11.0,D
1,1518.816339668063,-59.39529999999999,135.2063,11.0,D
1,1518.9931163633596,-58.39529999999999,136.2063,11.0,D
1,1519.2431163633596,-56.39529999999999,136.2063,11.0,D
1,1519.4198930586563,-55.39529999999999,137.2063,11.0,D
1,1519.6698930586563,-53.39529999999999,137.2063,11.0,D
1,1519.846669753953,-52.39529999999999,138.2063,11.0,D
1,1520.096669753953,-50.39529999999999,138.2063,11.0,D
1,1520.2734464492496,-49.39529999999999,139.2063,11.0,D
1,1520.5234464492496,-47.39529999999999,139.2063,11.0,D
1,1520.7002231445463,-46.39529999999999,140.2063,11.0,D
1,1521.0752231445463,-43.39529999999999,140.2063,11.0,D
1,1521.251999839843,-42.39529999999999,141.2063,11.0,D
1,1521.626999839843,-39.39529999999999,141.2063,11.0,D
1,1521.8037765351396,-38.39529999999999,142.2063,11.0,D
1,1522.3037765351396,-34.39529999999999,142.2063,11.0,D
1,1522.4805532304363,-33.39529999999999,143.2063,11.0,D
1,1523.2305532304363,-27.39529999999999,143.2063,11.0,D
1,1523.407329925733,-26.39529999999999,144.2063,11.0,D
1,1527.907329925733,9.604700000000008,144.2063,11.0,D
1,1528.0841066210296,10.604700000000008,143.2063,11.0,D
1,1528.8341066210296,16.60470000000001,143.2063,11.0,D
1,1529.0108833163263,17.60470000000001,142.2063,11.0,D
1,1529.5108833163263,21.60470000000001,142.2063,11.0,D
1,1529.687660011623,22.60470000000001,141.2063,11.0,D
1,1530.062660011623,25.60470000000001,141.2063,11.0,D
1,1530.2394367069196,26.60470000000001,140.2063,11.0,D
1,1530.4894367069196,28.60470000000001,140.2063,11.0,D
1,1530.6662134022163,29.60470000000001,139.2063,11.0,D
1,1531.0412134022163,32.60470000000001,139.2063,11.0,D
1,1531.217990097513,33.60470000000001,138.2063,11.0,D
1,1531.467990097513,35.60470000000001,138.2063,11.0,D
1,1531.6447667928096,36.60470000000001,137.2063,11.0,D
1,1531.7697667928096,37.60470000000001,137.2063,11.0,D
1,1531.9465434881063,38.60470000000001,136.2063,11.0,D
1,1532.1965434881063,40.60470000000001,136.2063,11.0,D
1,1532.373320183403,41.60470000000001,135.2063,11.0,D
1,1532.623320183403,43.60470000000001,135.2063,11.0,D
1,1532.8000968786996,44.60470000000001,134.2063,11.0,D
1,1533.0500968786996,46.60470000000001,134.2063,11.0,D
1,1533.2268735739963,47.60470000000001,133.2063,11.0,D
1,1533.3518735739963,48.60470000000001,133.2063,11.0,D
1,1533.528650269293,49.60470000000001,132.2063,11.0,D
1,1533.653650269293,50.60470000000001,132.2063,11.0,D
1,1533.8304269645896,51.60470000000001,131.2063,11.0,D
1,1534.0804269645896,53.60470000000001,131.2063,11.0,D
1,1534.2572036598863,54.60470000000001,130.2063,11.0,D
1,1534.3822036598863,55.60470000000001,130.2063,11.0,D
1,1534.558980355183,56.60470000000001,129.2063,11.0,D
1,1534.683980355183,57.60470000000001,129.2063,11.0,D
1,1534.8607570504796,58.60470000000001,128.2063,11.0,D
1,1534.9857570504796,59.60470000000001,128.2063,11.0,D
1,1535.339310441073,61.60470000000001,126.2063,11.0,D
1,1535.464310441073,62.60470000000001,126.2063,11.0,D
1,1535.6410871363696,63.60470000000001,125.2063,11.0,D
1,1535.7660871363696,64.60470000000001,125.2063,11.0,D
1,1536.119640526963,66.60470000000001,123.2063,11.0,D
1,1536.244640526963,67.60470000000001,123.2063,11.0,D
1,1536.4214172222596,68.60470000000001,122.2063,11.0,D
1,1536.5464172222596,69.60470000000001,122.2063,11.0,D
1,1536.899970612853,71.60470000000001,120.2063,11.0,D
1,1537.024970612853,72.60470000000001,120.2063,11.0,D
1,1537.555300698743,75.60470000000001,117.2063,11.0,D
1,1537.680300698743,76.60470000000001,117.2063,11.0,D
1,1538.210630784633,79.60470000000001,114.2063,11.0,D
1,1538.335630784633,80.60470000000001,114.2063,11.0,D
1,1539.219514261116,85.60470000000001,109.2063,11.0,D
1,1539.344514261116,86.60470000000001,109.2063,11.0,T
1,1539.7029057292684,47.60470000000001,72.2063,11.0,D
1,1541.6474493775315,58.60470000000001,61.2063,11.0,D
1,1541.7724493775315,58.60470000000001,60.2063,11.0,D
1,1542.3027794634215,61.60470000000001,57.2063,11.0,D
1,1542.4277794634215,61.60470000000001,56.2063,11.0,D
1,1542.9581095493115,64.60470000000001,53.2063,11.0,D
1,1543.0831095493115,64.60470000000001,52.2063,11.0,D
1,1543.2598862446082,65.60470000000001,51.2063,11.0,D
1,1543.3848862446082,65.60470000000001,50.2063,11.0,D
1,1543.5616629399049,66.60470000000001,49.2063,11.0,D
1,1543.6866629399049,66.60470000000001,48.2063,11.0,D
1,1544.0402163304982,68.60470000000001,46.2063,11.0,D
1,1544.1652163304982,68.60470000000001,45.2063,11.0,D
1,1544.3419930257949,69.60470000000001,44.2063,11.0,D
1,1544.5919930257949,69.60470000000001,42.2063,11.0,D
1,1544.7687697210915,70.60470000000001,41.2063,11.0,D
1,1544.8937697210915,70.60470000000001,40.2063,11.0,D
1,1545.0705464163882,71.60470000000001,39.2063,11.0,D
1,1545.1955464163882,71.60470000000001,38.2063,11.0,D
1,1545.3723231116849,72.60470000000001,37.2063,11.0,D
1,1545.4973231116849,72.60470000000001,36.2063,11.0,D
1,1545.6740998069815,73.60470000000001,35.2063,11.0,D
1,1545.9240998069815,73.60470000000001,33.2063,11.0,D
1,1546.1008765022782,74.60470000000001,32.2063,11.0,D
1,1546.3508765022782,74.60470000000001,30.2063,11.0,D
1,1546.5276531975749,75.60470000000001,29.2063,11.0,D
1,1546.9026531975749,75.60470000000001,26.2063,11.0,D
1,1547.0794298928715,76.60470000000001,25.2063,11.0,D
1,1547.7044298928715,76.60470000000001,20.2063,11.0,D
1,1547.8812065881682,77.60470000000001,19.2063,11.0,D
1,1550.6312065881682,77.60470000000001,-2.793700000000001,11.0,D
1,1550.8079832834649,76.60470000000001,-3.793700000000001,11.0,D
1,1551.3079832834649,76.60470000000001,-7.793700000000001,11.0,D
1,1551.4847599787615,75.60470000000001,-8.793700000000001,11.0,D
1,1551.8597599787615,75.60470000000001,-11.793700000000001,11.0,D
1,1552.0365366740582,74.60470000000001,-12.793700000000001,11.0,D
1,1552.2865366740582,74.60470000000001,-14.793700000000001,11.0,D
1,1552.4633133693549,73.60470000000001,-15.793700000000001,11.0,D
1,1552.7133133693549,73.60470000000001,-17.7937,11.0,D
1,1552.8900900646515,72.60470000000001,-18.7937,11.0,D
1,1553.0150900646515,72.60470000000001,-19.7937,11.0,D
1,1553.1918667599482,71.60470000000001,-20.7937,11.0,D
1,1553.4418667599482,71.60470000000001,-22.7937,11.0,D
1,1553.6186434552449,70.60470000000001,-23.7937,11.0,D
1,1553.7436434552449,70.60470000000001,-24.7937,11.0,D
1,1553.9204201505415,69.60470000000001,-25.7937,11.0,D
1,1554.0454201505415,69.60470000000001,-26.7937,11.0,D
1,1554.2221968458382,68.60470000000001,-27.7937,11.0,D
1,1554.3471968458382,68.60470000000001,-28.7937,11.0,D
1,1554.5239735411349,67.60470000000001,-29.7937,11.0,D
1,1554.6489735411349,67.60470000000001,-30.7937,11.0,D
1,1555.0025269317282,65.60470000000001,-32.7937,11.0,D
1,1555.1275269317282,65.60470000000001,-33.7937,11.0,D
1,1555.4810803223215,63.60470000000001,-35.7937,11.0,D
1,1555.6060803223215,63.60470000000001,-36.7937,11.0,D
1,1558.257730751771,48.60470000000001,-51.7937,11.0,D
1,1558.382730751771,47.60470000000001,-51.7937,11.0,D
1,1558.7362841423644,45.60470000000001,-53.7937,11.0,D
1,1558.8612841423644,44.60470000000001,-53.7937,11.0,D
1,1559.2148375329577,42.60470000000001,-55.7937,11.0,D
1,1559.3398375329577,41.60470000000001,-55.7937,11.0,D
1,1559.5166142282544,40.60470000000001,-56.7937,11.0,D
1,1559.6416142282544,39.60470000000001,-56.7937,11.0,D
1,1559.818390923551,38.60470000000001,-57.7937,11.0,D
1,1559.943390923551,37.60470000000001,-57.7937,11.0,D
1,1560.1201676188477,36.60470000000001,-58.7937,11.0,D
1,1560.2451676188477,35.60470000000001,-58.7937,11.0,D
1,1560.4219443141444,34.60470000000001,-59.7937,11.0,D
1,1560.5469443141444,33.60470000000001,-59.7937,11.0,D
1,1560.723721009441,32.60470000000001,-60.7937,11.0,D
1,1560.973721009441,30.60470000000001,-60.7937,11.0,D
1,1561.1504977047377,29.60470000000001,-61.7937,11.0,D
1,1561.4004977047377,27.60470000000001,-61.7937,11.0,D
1,1561.5772744000344,26.60470000000001,-62.7937,11.0,D
1,1562.0772744000344,22.60470000000001,-62.7937,11.0,D
1,1562.254051095331,21.60470000000001,-63.7937,11.0,D
1,1562.879051095331,16.60470000000001,-63.7937,11.0,D
1,1563.0558277906277,15.604700000000008,-64.7937,11.0,D
1,1564.8058277906277,1.6047000000000082,-64.7937,11.0,D
1,1564.9826044859244,0.6047000000000082,-63.7937,11.0,D
1,1565.7326044859244,-5.395299999999992,-63.7937,11.0,D
1,1565.909381181221,-6.395299999999992,-62.7937,11.0,D
1,1566.284381181221,-9.395299999999992,-62.7937,11.0,D
1,1566.4611578765177,-10.395299999999992,-61.7937,11.0,D
1,1566.7111578765177,-12.395299999999992,-61.7937,11.0,D
1,1566.8879345718144,-13.395299999999992,-60.7937,11.0,D
1,1567.0129345718144,-14.395299999999992,-60.7937,11.0,D
1,1567.189711267111,-15.395299999999992,-59.7937,11.0,D
1,1567.439711267111,-17.39529999999999,-59.7937,11.0,D
1,1567.6164879624077,-18.39529999999999,-58.7937,11.0,D
1,1567.7414879624077,-19.39529999999999,-58.7937,11.0,D
1,1567.9182646577044,-20.39529999999999,-57.7937,11.0,D
1,1568.0432646577044,-21.39529999999999,-57.7937,11.0,D
1,1568.3968180482977,-23.39529999999999,-55.7937,11.0,D
1,1568.5218180482977,-24.39529999999999,-55.7937,11.0,D
1,1568.6985947435944,-25.39529999999999,-54.7937,11.0,D
1,1568.8235947435944,-26.39529999999999,-54.7937,11.0,D
1,1569.3539248294844,-29.39529999999999,-51.7937,11.0,D
1,1569.4789248294844,-30.39529999999999,-51.7937,11.0,D
1,1571.2466917824509,-40.39529999999999,-41.7937,11.0,D
1,1571.3716917824509,-40.39529999999999,-40.7937,11.0,D
1,1571.9020218683409,-43.39529999999999,-37.7937,11.0,D
1,1572.0270218683409,-43.39529999999999,-36.7937,11.0,D
1,1572.3805752589342,-45.39529999999999,-34.7937,11.0,D
1,1572.5055752589342,-45.39529999999999,-33.7937,11.0,D
1,1572.6823519542309,-46.39529999999999,-32.7937,11.0,D
1,1572.8073519542309,-46.39529999999999,-31.7937,11.0,D
1,1572.9841286495275,-47.39529999999999,-30.7937,11.0,D
1,1573.2341286495275,-47.39529999999999,-28.7937,11.0,D
1,1573.4109053448242,-48.39529999999999,-27.7937,11.0,D
1,1573.6609053448242,-48.39529999999999,-25.7937,11.0,D
1,1573.8376820401209,-49.39529999999999,-24.7937,11.0,D
1,1574.0876820401209,-49.39529999999999,-22.7937,11.0,D
1,1574.2644587354175,-50.39529999999999,-21.7937,11.0,D
1,1574.8894587354175,-50.39529999999999,-16.7937,11.0,D
1,1575.0662354307142,-51.39529999999999,-15.793700000000001,11.0,D
1,1576.8162354307142,-51.39529999999999,-1.7937000000000012,11.0,D
1,1576.9930121260109,-50.39529999999999,-0.7937000000000012,11.0,D
1,1577.6180121260109,-50.39529999999999,4.206299999999999,11.0,D
1,1577.7947888213075,-49.39529999999999,5.206299999999999,11.0,D
1,1578.1697888213075,-49.39529999999999,8.206299999999999,11.0,D
1,1578.3465655166042,-48.39529999999999,9.206299999999999,11.0,D
1,1578.4715655166042,-48.39529999999999,10.206299999999999,11.0,D
1,1578.6483422119009,-47.39529999999999,11.206299999999999,11.0,D
1,1578.7733422119009,-47.39529999999999,12.206299999999999,11.0,D
1,1578.9501189071975,-46.39529999999999,13.206299999999999,11.0,D
1,1579.0751189071975,-46.39529999999999,14.206299999999999,11.0,D
1,1579.2518956024942,-45.39529999999999,15.206299999999999,11.0,D
1,1579.3768956024942,-45.39529999999999,16.2063,11.0,D
1,1579.7304489930875,-43.39529999999999,18.2063,11.0,D
1,1579.8554489930875,-43.39529999999999,19.2063,11.0,D
1,1580.2090023836809,-41.39529999999999,21.2063,11.0,D
1,1580.3340023836809,-41.39529999999999,22.2063,11.0,D
1,1581.5714392507573,-34.39529999999999,29.2063,11.0,D
1,1581.6964392507573,-33.39529999999999,29.2063,11.0,D
1,1582.0499926413506,-31.39529999999999,31.2063,11.0,D
1,1582.1749926413506,-30.39529999999999,31.2063,11.0,D
1,1582.528546031944,-28.39529999999999,33.2063,11.0,D
1,1582.653546031944,-27.39529999999999,33.2063,11.0,D
1,1582.8303227272406,-26.39529999999999,34.2063,11.0,D
1,1582.9553227272406,-25.39529999999999,34.2063,11.0,D
1,1583.1320994225373,-24.39529999999999,35.2063,11.0,D
1,1583.3820994225373,-22.39529999999999,35.2063,11.0,D
1,1583.558876117834,-21.39529999999999,36.2063,11.0,D
1,1583.808876117834,-19.39529999999999,36.2063,11.0,D
1,1583.9856528131306,-18.39529999999999,37.2063,11.0,D
1,1584.4856528131306,-14.395299999999992,37.2063,11.0,D
1,1584.6624295084273,-13.395299999999992,38.2063,11.0,D
1,1586.0374295084273,-2.3952999999999918,38.2063,11.0,D
1,1586.214206203724,-1.3952999999999918,37.2063,11.0,D
1,1586.589206203724,1.6047000000000082,37.2063,11.0,D
1,1586.7659828990206,2.6047000000000082,36.2063,11.0,D
1,1586.8909828990206,3.6047000000000082,36.2063,11.0,D
1,1587.0677595943173,4.604700000000008,35.2063,11.0,D
1,1587.3177595943173,6.604700000000008,35.2063,11.0,D
1,1587.494536289614,7.604700000000008,34.2063,11.0,D
1,1587.619536289614,8.604700000000008,34.2063,11.0,D
1,1587.7963129849106,9.604700000000008,33.2063,11.0,D
1,1587.9213129849106,10.604700000000008,33.2063,11.0,D
1,1588.0980896802073,11.604700000000008,32.2063,11.0,D
1,1588.2230896802073,12.604700000000008,32.2063,11.0,D
1,1589.4605265472837,19.60470000000001,25.2063,11.0,D
1,1589.5855265472837,19.60470000000001,24.2063,11.0,D
1,1589.7623032425804,20.60470000000001,23.2063,11.0,D
1,1589.8873032425804,20.60470000000001,22.2063,11.0,D
1,1590.064079937877,21.60470000000001,21.2063,11.0,D
1,1590.189079937877,21.60470000000001,20.2063,11.0,D
1,1590.3658566331737,22.60470000000001,19.2063,11.0,D
1,1590.4908566331737,22.60470000000001,18.2063,11.0,D
1,1590.6676333284704,23.60470000000001,17.2063,11.0,D
1,1590.7926333284704,23.60470000000001,16.2063,11.0,D
1,1590.969410023767,24.60470000000001,15.206299999999999,11.0,D
1,1592.594410023767,24.60470000000001,2.206299999999999,11.0,D
1,1592.7711867190637,23.60470000000001,1.2062999999999988,11.0,D
1,1592.8961867190637,23.60470000000001,0.20629999999999882,11.0,D
1,1593.0729634143604,24.60470000000001,-0.7937000000000012,11.0,T
1,1593.581250297484,46.60470000000001,72.2063,11.0,D
1,1593.706250297484,47.60470000000001,72.2063,11.0,T
1,1593.7129169641507,46.60470000000001,72.2063,11.0,D
1,1594.2432470500407,43.60470000000001,75.2063,11.0,D
1,1594.3682470500407,42.60470000000001,75.2063,11.0,D
1,1594.721800440634,40.60470000000001,77.2063,11.0,D
1,1594.846800440634,39.60470000000001,77.2063,11.0,D
1,1595.0235771359307,38.60470000000001,78.2063,11.0,D
1,1595.1485771359307,37.60470000000001,78.2063,11.0,D
1,1595.502130526524,35.60470000000001,80.2063,11.0,D
1,1595.627130526524,34.60470000000001,80.2063,11.0,D
1,1595.8039072218207,33.60470000000001,81.2063,11.0,D
1,1595.9289072218207,32.60470000000001,81.2063,11.0,D
1,1596.1056839171174,31.60470000000001,82.2063,11.0,D
1,1596.2306839171174,30.60470000000001,82.2063,11.0,D
1,1596.407460612414,29.60470000000001,83.2063,11.0,D
1,1596.532460612414,28.60470000000001,83.2063,11.0,D
1,1596.7092373077107,27.60470000000001,84.2063,11.0,D
1,1596.9592373077107,25.60470000000001,84.2063,11.0,D
1,1597.1360140030074,24.60470000000001,85.2063,11.0,D
1,1597.3860140030074,22.60470000000001,85.2063,11.0,D
1,1597.562790698304,21.60470000000001,86.2063,11.0,D
1,1597.812790698304,19.60470000000001,86.2063,11.0,D
1,1597.9895673936007,18.60470000000001,87.2063,11.0,D
1,1598.2395673936007,16.60470000000001,87.2063,11.0,D
1,1598.4163440888974,15.604700000000008,88.2063,11.0,D
1,1598.6663440888974,13.604700000000008,88.2063,11.0,D
1,1598.843120784194,12.604700000000008,89.2063,11.0,D
1,1599.218120784194,9.604700000000008,89.2063,11.0,D
1,1599.3948974794907,8.604700000000008,90.2063,11.0,D
1,1600.1448974794907,2.6047000000000082,90.2063,11.0,D
1,1600.3216741747874,1.6047000000000082,91.2063,11.0,D
1,1602.8216741747874,-18.39529999999999,91.2063,11.0,D
1,1602.998450870084,-19.39529999999999,90.2063,11.0,D
1,1603.748450870084,-25.39529999999999,90.2063,11.0,D
1,1603.9252275653807,-26.39529999999999,89.2063,11.0,D
1,1604.3002275653807,-29.39529999999999,89.2063,11.0,D
1,1604.4770042606774,-30.39529999999999,88.2063,11.0,D
1,1604.8520042606774,-33.39529999999999,88.2063,11.0,D
1,1605.028780955974,-34.39529999999999,87.2063,11.0,D
1,1605.278780955974,-36.39529999999999,87.2063,11.0,D
1,1605.4555576512707,-37.39529999999999,86.2063,11.0,D
1,1605.7055576512707,-39.39529999999999,86.2063,11.0,D
1,1605.8823343465674,-40.39529999999999,85.2063,11.0,D
1,1606.1323343465674,-42.39529999999999,85.2063,11.0,D
1,1606.309111041864,-43.39529999999999,84.2063,11.0,D
1,1606.434111041864,-44.39529999999999,84.2063,11.0,D
1,1606.6108877371607,-45.39529999999999,83.2063,11.0,D
1,1606.8608877371607,-47.39529999999999,83.2063,11.0,D
1,1607.0376644324574,-48.39529999999999,82.2063,11.0,D
1,1607.1626644324574,-49.39529999999999,82.2063,11.0,D
1,1607.339441127754,-50.39529999999999,81.2063,11.0,D
1,1607.464441127754,-51.39529999999999,81.2063,11.0,D
1,1607.6412178230507,-52.39529999999999,80.2063,11.0,D
1,1607.7662178230507,-53.39529999999999,80.2063,11.0,D
1,1607.9429945183474,-54.39529999999999,79.2063,11.0,D
1,1608.0679945183474,-55.39529999999999,79.2063,11.0,D
1,1608.4215479089407,-57.39529999999999,77.2063,11.0,D
1,1608.5465479089407,-58.39529999999999,77.2063,11.0,D
1,1608.900101299534,-60.39529999999999,75.2063,11.0,D
1,1609.025101299534,-61.39529999999999,75.2063,11.0,D
1,1609.3786546901274,-63.39529999999999,73.2063,11.0,D
1,1609.5036546901274,-64.39529999999999,73.2063,11.0,D
1,1610.0339847760174,-67.39529999999999,70.2063,11.0,D
1,1610.1589847760174,-68.39529999999999,70.2063,11.0,D
1,1612.6338585101703,-82.39529999999999,56.2063,11.0,D
1,1612.7588585101703,-82.39529999999999,55.2063,11.0,D
1,1613.2891885960603,-85.39529999999999,52.2063,11.0,D
1,1613.4141885960603,-85.39529999999999,51.2063,11.0,D
1,1613.7677419866536,-87.39529999999999,49.2063,11.0,D
1,1613.8927419866536,-87.39529999999999,48.2063,11.0,D
1,1614.246295377247,-89.39529999999999,46.2063,11.0,D
1,1614.371295377247,-89.39529999999999,45.2063,11.0,D
1,1614.7248487678403,-91.39529999999999,43.2063,11.0,D
1,1614.8498487678403,-91.39529999999999,42.2063,11.0,D
1,1615.026625463137,-92.39529999999999,41.2063,11.0,D
1,1615.151625463137,-92.39529999999999,40.2063,11.0,D
1,1615.3284021584336,-93.39529999999999,39.2063,11.0,D
1,1615.4534021584336,-93.39529999999999,38.2063,11.0,D
1,1615.6301788537303,-94.39529999999999,37.2063,11.0,D
1,1615.7551788537303,-94.39529999999999,36.2063,11.0,D
1,1615.931955549027,-95.39529999999999,35.2063,11.0,D
1,1616.056955549027,-95.39529999999999,34.2063,11.0,D
1,1616.2337322443236,-96.39529999999999,33.2063,11.0,D
1,1616.3587322443236,-96.39529999999999,32.2063,11.0,D
1,1616.5355089396203,-97.39529999999999,31.2063,11.0,D
1,1616.6605089396203,-97.39529999999999,30.2063,11.0,D
1,1616.837285634917,-98.39529999999999,29.2063,11.0,D
1,1617.087285634917,-98.39529999999999,27.2063,11.0,D
1,1617.2640623302136,-99.39529999999999,26.2063,11.0,D
1,1617.5140623302136,-99.39529999999999,24.2063,11.0,D
1,1617.6908390255103,-100.39529999999999,23.2063,11.0,D
1,1617.9408390255103,-100.39529999999999,21.2063,11.0,D
1,1618.117615720807,-101.39529999999999,20.2063,11.0,D
1,1618.492615720807,-101.39529999999999,17.2063,11.0,D
1,1618.6693924161036,-102.39529999999999,16.2063,11.0,D
1,1619.1693924161036,-102.39529999999999,12.206299999999999,11.0,D
1,1619.3461691114003,-103.39529999999999,11.206299999999999,11.0,D
1,1620.0961691114003,-103.39529999999999,5.206299999999999,11.0,D
1,1620.272945806697,-104.39529999999999,4.206299999999999,11.0,D
1,1621.147945806697,-104.39529999999999,-2.793700000000001,11.0,D
1,1621.3247225019936,-105.39529999999999,-3.793700000000001,11.0,D
1,1622.5747225019936,-105.39529999999999,-13.793700000000001,11.0,D
1,1622.7514991972903,-104.39529999999999,-14.793700000000001,11.0,D
1,1623.6264991972903,-104.39529999999999,-21.7937,11.0,D
1,1623.803275892587,-103.39529999999999,-22.7937,11.0,D
1,1624.428275892587,-103.39529999999999,-27.7937,11.0,D
1,1624.6050525878836,-102.39529999999999,-28.7937,11.0,D
1,1625.1050525878836,-102.39529999999999,-32.7937,11.0,D
1,1625.2818292831803,-101.39529999999999,-33.7937,11.0,D
1,1625.6568292831803,-101.39529999999999,-36.7937,11.0,D
1,1625.833605978477,-100.39529999999999,-37.7937,11.0,D
1,1626.208605978477,-100.39529999999999,-40.7937,11.0,D
1,1626.3853826737736,-99.39529999999999,-41.7937,11.0,D
1,1626.6353826737736,-99.39529999999999,-43.7937,11.0,D
1,1626.8121593690703,-98.39529999999999,-44.7937,11.0,D
1,1627.0621593690703,-98.39529999999999,-46.7937,11.0,D
1,1627.238936064367,-97.39529999999999,-47.7937,11.0,D
1,1627.363936064367,-97.39529999999999,-48.7937,11.0,D
1,1627.5407127596636,-96.39529999999999,-49.7937,11.0,D
1,1627.7907127596636,-96.39529999999999,-51.7937,11.0,D
1,1627.9674894549603,-95.39529999999999,-52.7937,11.0,D
1,1628.0924894549603,-95.39529999999999,-53.7937,11.0,D
1,1628.269266150257,-94.39529999999999,-54.7937,11.0,D
1,1628.394266150257,-94.39529999999999,-55.7937,11.0,D
1,1628.5710428455536,-93.39529999999999,-56.7937,11.0,D
1,1628.6960428455536,-93.39529999999999,-57.7937,11.0,D
1,1628.8728195408503,-92.39529999999999,-58.7937,11.0,D
1,1628.9978195408503,-92.39529999999999,-59.7937,11.0,D
1,1629.3513729314436,-90.39529999999999,-61.7937,11.0,D
1,1629.4763729314436,-90.39529999999999,-62.7937,11.0,D
1,1629.6531496267403,-89.39529999999999,-63.7937,11.0,D
1,1629.7781496267403,-89.39529999999999,-64.7937,11.0,D
1,1630.1317030173336,-87.39529999999999,-66.7937,11.0,D
1,1630.2567030173336,-87.39529999999999,-67.7937,11.0,D
1,1630.610256407927,-85.39529999999999,-69.7937,11.0,D
1,1630.735256407927,-85.39529999999999,-70.7937,11.0,D
1,1631.265586493817,-82.39529999999999,-73.7937,11.0,D
1,1631.390586493817,-82.39529999999999,-74.7937,11.0,D
1,1634.5725670091565,-64.39529999999999,-92.7937,11.0,D
1,1634.6975670091565,-63.39529999999999,-92.7937,11.0,D
1,1635.404673790343,-59.39529999999999,-96.7937,11.0,D
1,1635.529673790343,-58.39529999999999,-96.7937,11.0,D
1,1635.8832271809363,-56.39529999999999,-98.7937,11.0,D
1,1636.0082271809363,-55.39529999999999,-98.7937,11.0,D
1,1636.3617805715296,-53.39529999999999,-100.7937,11.0,D
1,1636.4867805715296,-52.39529999999999,-100.7937,11.0,D
1,1636.6635572668263,-51.39529999999999,-101.7937,11.0,D
1,1636.7885572668263,-50.39529999999999,-101.7937,11.0,D
1,1637.1421106574196,-48.39529999999999,-103.7937,11.0,D
1,1637.2671106574196,-47.39529999999999,-103.7937,11.0,D
1,1637.4438873527163,-46.39529999999999,-104.7937,11.0,D
1,1637.5688873527163,-45.39529999999999,-104.7937,11.0,D
1,1637.745664048013,-44.39529999999999,-105.7937,11.0,D
1,1637.870664048013,-43.39529999999999,-105.7937,11.0,D
1,1638.0474407433096,-42.39529999999999,-106.7937,11.0,D
1,1638.1724407433096,-41.39529999999999,-106.7937,11.0,D
1,1638.3492174386063,-40.39529999999999,-107.7937,11.0,D
1,1638.4742174386063,-39.39529999999999,-107.7937,11.0,D
1,1638.650994133903,-38.39529999999999,-108.7937,11.0,D
1,1638.775994133903,-37.39529999999999,-108.7937,11.0,D
1,1638.9527708291996,-36.39529999999999,-109.7937,11.0,D
1,1639.2027708291996,-34.39529999999999,-109.7937,11.0,D
1,1639.3795475244963,-33.39529999999999,-110.7937,11.0,D
1,1639.5045475244963,-32.39529999999999,-110.7937,11.0,D
1,1639.681324219793,-31.39529999999999,-111.7937,11.0,D
1,1639.931324219793,-29.39529999999999,-111.7937,11.0,D
1,1640.1081009150896,-28.39529999999999,-112.7937,11.0,D
1,1640.3581009150896,-26.39529999999999,-112.7937,11.0,D
1,1640.5348776103863,-25.39529999999999,-113.7937,11.0,D
1,1640.9098776103863,-22.39529999999999,-113.7937,11.0,D
1,1641.086654305683,-21.39529999999999,-114.7937,11.0,D
1,1641.461654305683,-18.39529999999999,-114.7937,11.0,D
1,1641.6384310009796,-17.39529999999999,-115.7937,11.0,D
1,1642.1384310009796,-13.395299999999992,-115.7937,11.0,D
1,1642.3152076962763,-12.395299999999992,-116.7937,11.0,D
1,1643.0652076962763,-6.395299999999992,-116.7937,11.0,D
1,1643.241984391573,-5.395299999999992,-117.7937,11.0,D
1,1644.116984391573,1.6047000000000082,-117.7937,11.0,D
1,1644.2937610868696,2.6047000000000082,-118.7937,11.0,D
1,1645.7937610868696,14.604700000000008,-118.7937,11.0,D
1,1645.9705377821663,15.604700000000008,-117.7937,11.0,D
1,1646.8455377821663,22.60470000000001,-117.7937,11.0,D
1,1647.022314477463,23.60470000000001,-116.7937,11.0,D
1,1647.772314477463,29.60470000000001,-116.7937,11.0,D
1,1647.9490911727596,30.60470000000001,-115.7937,11.0,D
1,1648.4490911727596,34.60470000000001,-115.7937,11.0,D
1,1648.6258678680563,35.60470000000001,-114.7937,11.0,D
1,1649.0008678680563,38.60470000000001,-114.7937,11.0,D
1,1649.177644563353,39.60470000000001,-113.7937,11.0,D
1,1649.552644563353,42.60470000000001,-113.7937,11.0,D
1,1649.7294212586496,43.60470000000001,-112.7937,11.0,D
1,1649.9794212586496,45.60470000000001,-112.7937,11.0,D
1,1650.1561979539463,46.60470000000001,-111.7937,11.0,D
1,1650.4061979539463,48.60470000000001,-111.7937,11.0,D
1,1650.582974649243,49.60470000000001,-110.7937,11.0,D
1,1650.832974649243,51.60470000000001,-110.7937,11.0,D
1,1651.0097513445396,52.60470000000001,-109.7937,11.0,D
1,1651.1347513445396,53.60470000000001,-109.7937,11.0,D
1,1651.3115280398363,54.60470000000001,-108.7937,11.0,D
1,1651.4365280398363,55.60470000000001,-108.7937,11.0,D
1,1651.613304735133,56.60470000000001,-107.7937,11.0,D
1,1651.738304735133,57.60470000000001,-107.7937,11.0,D
1,1651.9150814304296,58.60470000000001,-106.7937,11.0,D
1,1652.0400814304296,59.60470000000001,-106.7937,11.0,D
1,1652.2168581257263,60.60470000000001,-105.7937,11.0,D
1,1652.3418581257263,61.60470000000001,-105.7937,11.0,D
1,1652.518634821023,62.60470000000001,-104.7937,11.0,D
1,1652.643634821023,63.60470000000001,-104.7937,11.0,D
1,1652.8204115163196,64.60470000000001,-103.7937,11.0,D
1,1652.9454115163196,65.60470000000001,-103.7937,11.0,D
1,1653.1221882116163,66.60470000000001,-102.7937,11.0,D
1,1653.2471882116163,67.60470000000001,-102.7937,11.0,D
1,1653.423964906913,68.60470000000001,-101.7937,11.0,D
1,1653.548964906913,69.60470000000001,-101.7937,11.0,D
1,1653.9025182975063,71.60470000000001,-99.7937,11.0,D
1,1654.0275182975063,72.60470000000001,-99.7937,11.0,D
1,1654.204294992803,73.60470000000001,-98.7937,11.0,D
1,1654.329294992803,74.60470000000001,-98.7937,11.0,D
1,1654.6828483833963,76.60470000000001,-96.7937,11.0,D
1,1654.8078483833963,77.60470000000001,-96.7937,11.0,D
1,1655.3381784692863,80.60470000000001,-93.7937,11.0,D
1,1655.4631784692863,81.60470000000001,-93.7937,11.0,D
1,1656.1702852504727,85.60470000000001,-89.7937,11.0,D
1,1656.2952852504727,86.60470000000001,-89.7937,11.0,T
1,1656.7028252962214,90.60470000000001,-150.7937,11.0,D
1,1656.879601991518,89.60470000000001,-151.7937,11.0,D
1,1657.004601991518,88.60470000000001,-151.7937,11.0,D
1,1657.1813786868147,87.60470000000001,-152.7937,11.0,D
1,1657.3063786868147,86.60470000000001,-152.7937,11.0,D
1,1657.4831553821114,85.60470000000001,-153.7937,11.0,D
1,1657.6081553821114,84.60470000000001,-153.7937,11.0,D
1,1657.784932077408,83.60470000000001,-154.7937,11.0,D
1,1657.909932077408,82.60470000000001,-154.7937,11.0,D
1,1658.0867087727047,81.60470000000001,-155.7937,11.0,D
1,1658.2117087727047,80.60470000000001,-155.7937,11.0,D
1,1658.3884854680014,79.60470000000001,-156.7937,11.0,D
1,1658.5134854680014,78.60470000000001,-156.7937,11.0,D
1,1658.690262163298,77.60470000000001,-157.7937,11.0,D
1,1658.815262163298,76.60470000000001,-157.7937,11.0,D
1,1658.9920388585947,75.60470000000001,-158.7937,11.0,D
1,1659.2420388585947,73.60470000000001,-158.7937,11.0,D
1,1659.4188155538914,72.60470000000001,-159.7937,11.0,D
1,1659.5438155538914,71.60470000000001,-159.7937,11.0,D
1,1659.720592249188,70.60470000000001,-160.7937,11.0,D
1,1659.970592249188,68.60470000000001,-160.7937,11.0,D
1,1660.1473689444847,67.60470000000001,-161.7937,11.0,D
1,1660.2723689444847,66.60470000000001,-161.7937,11.0,D
1,1660.4491456397814,65.60470000000001,-162.7937,11.0,D
1,1660.6991456397814,63.60470000000001,-162.7937,11.0,D
1,1660.875922335078,62.60470000000001,-163.7937,11.0,D
1,1661.250922335078,59.60470000000001,-163.7937,11.0,D
1,1661.4276990303747,58.60470000000001,-164.7937,11.0,D
1,1661.6776990303747,56.60470000000001,-164.7937,11.0,D
1,1661.8544757256714,55.60470000000001,-165.7937,11.0,D
1,1662.2294757256714,52.60470000000001,-165.7937,11.0,D
1,1662.406252420968,51.60470000000001,-166.7937,11.0,D
1,1662.781252420968,48.60470000000001,-166.7937,11.0,D
1,1662.9580291162647,47.60470000000001,-167.7937,11.0,D
1,1663.4580291162647,43.60470000000001,-167.7937,11.0,D
1,1663.6348058115614,42.60470000000001,-168.7937,11.0,D
1,1664.1348058115614,38.60470000000001,-168.7937,11.0,D
1,1664.311582506858,37.60470000000001,-169.7937,11.0,D
1,1665.061582506858,31.60470000000001,-169.7937,11.0,D
1,1665.2383592021547,30.60470000000001,-170.7937,11.0,D
1,1666.1133592021547,23.60470000000001,-170.7937,11.0,D
1,1666.2901358974514,22.60470000000001,-171.7937,11.0,D
1,1669.7901358974514,-5.395299999999992,-171.7937,11.0,D
1,1669.966912592748,-6.395299999999992,-170.7937,11.0,D
1,1670.841912592748,-13.395299999999992,-170.7937,11.0,D
1,1671.0186892880447,-14.395299999999992,-169.7937,11.0,D
1,1671.7686892880447,-20.39529999999999,-169.7937,11.0,D
1,1671.9454659833414,-21.39529999999999,-168.7937,11.0,D
1,1672.4454659833414,-25.39529999999999,-168.7937,11.0,D
1,1672.622242678638,-26.39529999999999,-167.7937,11.0,D
1,1673.122242678638,-30.39529999999999,-167.7937,11.0,D
1,1673.2990193739347,-31.39529999999999,-166.7937,11.0,D
1,1673.6740193739347,-34.39529999999999,-166.7937,11.0,D
1,1673.8507960692314,-35.39529999999999,-165.7937,11.0,D
1,1674.2257960692314,-38.39529999999999,-165.7937,11.0,D
1,1674.402572764528,-39.39529999999999,-164.7937,11.0,D
1,1674.652572764528,-41.39529999999999,-164.7937,11.0,D
1,1674.8293494598247,-42.39529999999999,-163.7937,11.0,D
1,1675.2043494598247,-45.39529999999999,-163.7937,11.0,D
1,1675.3811261551214,-46.39529999999999,-162.7937,11.0,D
1,1675.5061261551214,-47.39529999999999,-162.7937,11.0,D
1,1675.682902850418,-48.39529999999999,-161.7937,11.0,D
1,1675.932902850418,-50.39529999999999,-161.7937,11.0,D
1,1676.1096795457147,-51.39529999999999,-160.7937,11.0,D
1,1676.3596795457147,-53.39529999999999,-160.7937,11.0,D
1,1676.5364562410114,-54.39529999999999,-159.7937,11.0,D
1,1676.6614562410114,-55.39529999999999,-159.7937,11.0,D
1,1676.838232936308,-56.39529999999999,-158.7937,11.0,D
1,1676.963232936308,-57.39529999999999,-158.7937,11.0,D
1,1677.1400096316047,-58.39529999999999,-157.7937,11.0,D
1,1677.2650096316047,-59.39529999999999,-157.7937,11.0,D
1,1677.4417863269014,-60.39529999999999,-156.7937,11.0,D
1,1677.6917863269014,-62.39529999999999,-156.7937,11.0,D
1,1677.868563022198,-63.39529999999999,-155.7937,11.0,D
1,1677.993563022198,-64.39529999999999,-155.7937,11.0,D
1,1678.1703397174947,-65.39529999999999,-154.7937,11.0,D
1,1678.2953397174947,-66.39529999999999,-154.7937,11.0,D
1,1678.4721164127914,-67.39529999999999,-153.7937,11.0,D
1,1678.5971164127914,-68.39529999999999,-153.7937,11.0,D
1,1678.773893108088,-69.39529999999999,-152.7937,11.0,D
1,1678.898893108088,-70.39529999999999,-152.7937,11.0,D
1,1679.0756698033847,-71.39529999999999,-151.7937,11.0,D
1,1679.2006698033847,-72.39529999999999,-151.7937,11.0,D
1,1679.554223193978,-74.39529999999999,-149.7937,11.0,D
1,1679.679223193978,-75.39529999999999,-149.7937,11.0,D
1,1679.8559998892747,-76.39529999999999,-148.7937,11.0,D
1,1679.9809998892747,-77.39529999999999,-148.7937,11.0,D
1,1680.1577765845714,-78.39529999999999,-147.7937,11.0,D
1,1680.2827765845714,-79.39529999999999,-147.7937,11.0,D
1,1680.6363299751647,-81.39529999999999,-145.7937,11.0,D
1,1680.7613299751647,-82.39529999999999,-145.7937,11.0,D
1,1681.114883365758,-84.39529999999999,-143.7937,11.0,D
1,1681.239883365758,-85.39529999999999,-143.7937,11.0,D
1,1681.5934367563514,-87.39529999999999,-141.7937,11.0,D
1,1681.7184367563514,-88.39529999999999,-141.7937,11.0,D
1,1682.2487668422414,-91.39529999999999,-138.7937,11.0,D
1,1682.3737668422414,-92.39529999999999,-138.7937,11.0,D
1,1682.9040969281314,-95.39529999999999,-135.7937,11.0,D
1,1683.0290969281314,-96.39529999999999,-135.7937,11.0,D
1,1683.9129804046145,-101.39529999999999,-130.7937,11.0,D
1,1684.0379804046145,-102.39529999999999,-130.7937,11.0,D
1,1687.219960919954,-120.39529999999999,-112.7937,11.0,D
1,1687.344960919954,-120.39529999999999,-111.7937,11.0,D
1,1688.2288443964371,-125.39529999999999,-106.7937,11.0,D
1,1688.3538443964371,-125.39529999999999,-105.7937,11.0,D
1,1688.8841744823271,-128.3953,-102.7937,11.0,D
1,1689.0091744823271,-128.3953,-101.7937,11.0,D
1,1689.3627278729205,-130.3953,-99.7937,11.0,D
1,1689.4877278729205,-130.3953,-98.7937,11.0,D
1,1689.8412812635138,-132.3953,-96.7937,11.0,D
1,1689.9662812635138,-132.3953,-95.7937,11.0,D
1,1690.3198346541071,-134.3953,-93.7937,11.0,D
1,1690.4448346541071,-134.3953,-92.7937,11.0,D
1,1690.7983880447005,-136.3953,-90.7937,11.0,D
1,1690.9233880447005,-136.3953,-89.7937,11.0,D
1,1691.1001647399971,-137.3953,-88.7937,11.0,D
1,1691.2251647399971,-137.3953,-87.7937,11.0,D
1,1691.4019414352938,-138.3953,-86.7937,11.0,D
1,1691.5269414352938,-138.3953,-85.7937,11.0,D
1,1691.8804948258871,-140.3953,-83.7937,11.0,D
1,1692.0054948258871,-140.3953,-82.7937,11.0,D
1,1692.1822715211838,-141.3953,-81.7937,11.0,D
1,1692.3072715211838,-141.3953,-80.7937,11.0,D
1,1692.4840482164805,-142.3953,-79.7937,11.0,D
1,1692.6090482164805,-142.3953,-78.7937,11.0,D
1,1692.7858249117771,-143.3953,-77.7937,11.0,D
1,1692.9108249117771,-143.3953,-76.7937,11.0,D
1,1693.0876016070738,-144.3953,-75.7937,11.0,D
1,1693.3376016070738,-144.3953,-73.7937,11.0,D
1,1693.5143783023705,-145.3953,-72.7937,11.0,D
1,1693.6393783023705,-145.3953,-71.7937,11.0,D
1,1693.8161549976671,-146.3953,-70.7937,11.0,D
1,1693.9411549976671,-146.3953,-69.7937,11.0,D
1,1694.1179316929638,-147.3953,-68.7937,11.0,D
1,1694.3679316929638,-147.3953,-66.7937,11.0,D
1,1694.5447083882605,-148.3953,-65.7937,11.0,D
1,1694.7947083882605,-148.3953,-63.7937,11.0,D
1,1694.9714850835571,-149.3953,-62.7937,11.0,D
1,1695.2214850835571,-149.3953,-60.7937,11.0,D
1,1695.3982617788538,-150.3953,-59.7937,11.0,D
1,1695.6482617788538,-150.3953,-57.7937,11.0,D
1,1695.8250384741505,-151.3953,-56.7937,11.0,D
1,1696.0750384741505,-151.3953,-54.7937,11.0,D
1,1696.2518151694471,-152.3953,-53.7937,11.0,D
1,1696.6268151694471,-152.3953,-50.7937,11.0,D
1,1696.8035918647438,-153.3953,-49.7937,11.0,D
1,1697.1785918647438,-153.3953,-46.7937,11.0,D
1,1697.3553685600405,-154.3953,-45.7937,11.0,D
1,1697.8553685600405,-154.3953,-41.7937,11.0,D
1,1698.0321452553371,-155.3953,-40.7937,11.0,D
1,1698.5321452553371,-155.3953,-36.7937,11.0,D
1,1698.7089219506338,-156.3953,-35.7937,11.0,D
1,1699.3339219506338,-156.3953,-30.7937,11.0,D
1,1699.5106986459305,-157.3953,-29.7937,11.0,D
1,1700.3856986459305,-157.3953,-22.7937,11.0,D
1,1700.5624753412271,-158.3953,-21.7937,11.0,D
1,1703.9374753412271,-158.3953,5.206299999999999,11.0,T
1,1712.5950258714402,-1000.0,0.0,1000.0,W
1,1784.6616114199435,-1000.0,0.0,1000.0,T
1,1793.3090119969231,-158.3953,5.206299999999999,13.0,D
1,1793.4857886922196,-157.3953,6.206299999999999,13.0,D
1,1794.2357886922196,-157.3953,12.206299999999999,13.0,D
1,1794.4125653875162,-156.3953,13.206299999999999,13.0,D
1,1795.1625653875162,-156.3953,19.2063,13.0,D
1,1795.339342082813,-155.3953,20.2063,13.0,D
1,1795.839342082813,-155.3953,24.2063,13.0,D
1,1796.0161187781096,-154.3953,25.2063,13.0,D
1,1796.3911187781096,-154.3953,28.2063,13.0,D
1,1796.5678954734062,-153.3953,29.2063,13.0,D
1,1797.0678954734062,-153.3953,33.2063,13.0,D
1,1797.244672168703,-152.3953,34.2063,13.0,D
1,1797.494672168703,-152.3953,36.2063,13.0,D
1,1797.6714488639996,-151.3953,37.2063,13.0,D
1,1797.9214488639996,-151.3953,39.2063,13.0,D
1,1798.0982255592962,-150.3953,40.2063,13.0,D
1,1798.4732255592962,-150.3953,43.2063,13.0,D
1,1798.650002254593,-149.3953,44.2063,13.0,D
1,1798.775002254593,-149.3953,45.2063,13.0,D
1,1798.9517789498896,-148.3953,46.2063,13.0,D
1,1799.2017789498896,-148.3953,48.2063,13.0,D
1,1799.3785556451862,-147.3953,49.2063,13.0,D
1,1799.5035556451862,-147.3953,50.2063,13.0,D
1,1799.680332340483,-146.3953,51.2063,13.0,D
1,1799.805332340483,-146.3953,52.2063,13.0,D
1,1799.9821090357796,-145.3953,53.2063,13.0,D
1,1800.2321090357796,-145.3953,55.2063,13.0,D
1,1800.4088857310762,-144.3953,56.2063,13.0,D
1,1800.5338857310762,-144.3953,57.2063,13.0,D
1,1800.710662426373,-143.3953,58.2063,13.0,D
1,1800.835662426373,-143.3953,59.2063,13.0,D
1,1801.0124391216696,-142.3953,60.2063,13.0,D
1,1801.1374391216696,-142.3953,61.2063,13.0,D
1,1801.3142158169662,-141.3953,62.2063,13.0,D
1,1801.4392158169662,-141.3953,63.2063,13.0,D
1,1801.615992512263,-140.3953,64.2063,13.0,D
1,1801.740992512263,-140.3953,65.2063,13.0,D
1,1802.0945459028562,-138.3953,67.2063,13.0,D
1,1802.2195459028562,-138.3953,68.2063,13.0,D
1,1802.396322598153,-137.3953,69.2063,13.0,D
1,1802.521322598153,-137.3953,70.2063,13.0,D
1,1802.6980992934496,-136.3953,71.2063,13.0,D
1,1802.8230992934496,-136.3953,72.2063,13.0,D
1,1803.176652684043,-134.3953,74.2063,13.0,D
1,1803.301652684043,-134.3953,75.2063,13.0,D
1,1803.6552060746362,-132.3953,77.2063,13.0,D
1,1803.7802060746362,-132.3953,78.2063,13.0,D
1,1804.1337594652296,-130.3953,80.2063,13.0,D
1,1804.2587594652296,-130.3953,81.2063,13.0,D
1,1804.612312855823,-128.3953,83.2063,13.0,D
1,1804.737312855823,-128.3953,84.2063,13.0,D
1,1805.4444196370093,-124.39529999999999,88.2063,13.0,D
1,1805.5694196370093,-124.39529999999999,89.2063,13.0,D
1,1806.4533031134924,-119.39529999999999,94.2063,13.0,D
1,1806.5783031134924,-119.39529999999999,95.2063,13.0,D
1,1808.699623457052,-107.39529999999999,107.2063,13.0,D
1,1808.824623457052,-106.39529999999999,107.2063,13.0,D
1,1809.8852836288318,-100.39529999999999,113.2063,13.0,D
1,1810.0102836288318,-99.39529999999999,113.2063,13.0,D
1,1810.5406137147218,-96.39529999999999,116.2063,13.0,D
1,1810.6656137147218,-95.39529999999999,116.2063,13.0,D
1,1811.019167105315,-93.39529999999999,118.2063,13.0,D
1,1811.144167105315,-92.39529999999999,118.2063,13.0,D
1,1811.4977204959084,-90.39529999999999,120.2063,13.0,D
1,1811.6227204959084,-89.39529999999999,120.2063,13.0,D
1,1811.9762738865018,-87.39529999999999,122.2063,13.0,D
1,1812.1012738865018,-86.39529999999999,122.2063,13.0,D
1,1812.454827277095,-84.39529999999999,124.2063,13.0,D
1,1812.579827277095,-83.39529999999999,124.2063,13.0,D
1,1812.7566039723918,-82.39529999999999,125.2063,13.0,D
1,1812.8816039723918,-81.39529999999999,125.2063,13.0,D
1,1813.0583806676884,-80.39529999999999,126.2063,13.0,D
1,1813.1833806676884,-79.39529999999999,126.2063,13.0,D
1,1813.360157362985,-78.39529999999999,127.2063,13.0,D
1,1813.485157362985,-77.39529999999999,127.2063,13.0,D
1,1813.8387107535784,-75.39529999999999,129.2063,13.0,D
1,1813.9637107535784,-74.39529999999999,129.2063,13.0,D
1,1814.140487448875,-73.39529999999999,130.2063,13.0,D
1,1814.265487448875,-72.39529999999999,130.2063,13.0,D
1,1814.4422641441718,-71.39529999999999,131.2063,13.0,D
1,1814.6922641441718,-69.39529999999999,131.2063,13.0,D
1,1814.8690408394684,-68.39529999999999,132.2063,13.0,D
1,1814.9940408394684,-67.39529999999999,132.2063,13.0,D
1,1815.170817534765,-66.39529999999999,133.2063,13.0,D
1,1815.420817534765,-64.39529999999999,133.2063,13.0,D
1,1815.5975942300618,-63.39529999999999,134.2063,13.0,D
1,1815.7225942300618,-62.39529999999999,134.2063,13.0,D
1,1815.8993709253584,-61.39529999999999,135.2063,13.0,D
1,1816.1493709253584,-59.39529999999999,135.2063,13.0,D
1,1816.326147620655,-58.39529999999999,136.2063,13.0,D
1,1816.576147620655,-56.39529999999999,136.2063,13.0,D
1,1816.7529243159518,-55.39529999999999,137.2063,13.0,D
1,1817.0029243159518,-53.39529999999999,137.2063,13.0,D
1,1817.1797010112484,-52.39529999999999,138.2063,13.0,D
1,1817.4297010112484,-50.39529999999999,138.2063,13.0,D
1,1817.606477706545,-49.39529999999999,139.2063,13.0,D
1,1817.856477706545,-47.39529999999999,139.2063,13.0,D
1,1818.0332544018418,-46.39529999999999,140.2063,13.0,D
1,1818.4082544018418,-43.39529999999999,140.2063,13.0,D
1,1818.5850310971384,-42.39529999999999,141.2063,13.0,D
1,1818.9600310971384,-39.39529999999999,141.2063,13.0,D
1,1819.136807792435,-38.39529999999999,142.2063,13.0,D
1,1819.636807792435,-34.39529999999999,142.2063,13.0,D
1,1819.8135844877318,-33.39529999999999,143.2063,13.0,D
1,1820.5635844877318,-27.39529999999999,143.2063,13.0,D
1,1820.7403611830284,-26.39529999999999,144.2063,13.0,D
1,1825.2403611830284,9.604700000000008,144.2063,13.0,D
1,1825.417137878325,10.604700000000008,143.2063,13.0,D
1,1826.167137878325,16.60470000000001,143.2063,13.0,D
1,1826.3439145736218,17.60470000000001,142.2063,13.0,D
1,1826.8439145736218,21.60470000000001,142.2063,13.0,D
1,1827.0206912689184,22.60470000000001,141.2063,13.0,D
1,1827.3956912689184,25.60470000000001,141.2063,13.0,D
1,1827.572467964215,26.60470000000001,140.2063,13.0,D
1,1827.822467964215,28.60470000000001,140.2063,13.0,D
1,1827.9992446595118,29.60470000000001,139.2063,13.0,D
1,1828.3742446595118,32.60470000000001,139.2063,13.0,D
1,1828.5510213548084,33.60470000000001,138.2063,13.0,D
1,1828.8010213548084,35.60470000000001,138.2063,13.0,D
1,1828.977798050105,36.60470000000001,137.2063,13.0,D
1,1829.102798050105,37.60470000000001,137.2063,13.0,D
1,1829.2795747454018,38.60470000000001,136.2063,13.0,D
1,1829.5295747454018,40.60470000000001,136.2063,13.0,D
1,1829.7063514406984,41.60470000000001,135.2063,13.0,D
1,1829.9563514406984,43.60470000000001,135.2063,13.0,D
1,1830.133128135995,44.60470000000001,134.2063,13.0,D
1,1830.383128135995,46.60470000000001,134.2063,13.0,D
1,1830.5599048312918,47.60470000000001,133.2063,13.0,D
1,1830.6849048312918,48.60470000000001,133.2063,13.0,D
1,1830.8616815265884,49.60470000000001,132.2063,13.0,D
1,1830.9866815265884,50.60470000000001,132.2063,13.0,D
1,1831.163458221885,51.60470000000001,131.2063,13.0,D
1,1831.413458221885,53.60470000000001,131.2063,13.0,D
1,1831.5902349171818,54.60470000000001,130.2063,13.0,D
1,1831.7152349171818,55.60470000000001,130.2063,13.0,D
1,1831.8920116124784,56.60470000000001,129.2063,13.0,D
1,1832.0170116124784,57.60470000000001,129.2063,13.0,D
1,1832.193788307775,58.60470000000001,128.2063,13.0,D
1,1832.318788307775,59.60470000000001,128.2063,13.0,D
1,1832.6723416983684,61.60470000000001,126.2063,13.0,D
1,1832.7973416983684,62.60470000000001,126.2063,13.0,D
1,1832.974118393665,63.60470000000001,125.2063,13.0,D
1,1833.099118393665,64.60470000000001,125.2063,13.0,D
1,1833.4526717842584,66.60470000000001,123.2063,13.0,D
1,1833.5776717842584,67.60470000000001,123.2063,13.0,D
1,1833.754448479555,68.60470000000001,122.2063,13.0,D
1,1833.879448479555,69.60470000000001,122.2063,13.0,D
1,1834.2330018701484,71.60470000000001,120.2063,13.0,D
1,1834.3580018701484,72.60470000000001,120.2063,13.0,D
1,1834.8883319560384,75.60470000000001,117.2063,13.0,D
1,1835.0133319560384,76.60470000000001,117.2063,13.0,D
1,1835.5436620419284,79.60470000000001,114.2063,13.0,D
1,1835.6686620419284,80.60470000000001,114.2063,13.0,D
1,1836.5525455184115,85.60470000000001,109.2063,13.0,D
1,1836.6775455184115,86.60470000000001,109.2063,13.0,T
1,1837.035936986564,47.60470000000001,72.2063,13.0,D
1,1838.980480634827,58.60470000000001,61.2063,13.0,D
1,1839.105480634827,58.60470000000001,60.2063,13.0,D
1,1839.635810720717,61.60470000000001,57.2063,13.0,D
1,1839.760810720717,61.60470000000001,56.2063,13.0,D
1,1840.291140806607,64.60470000000001,53.2063,13.0,D
1,1840.416140806607,64.60470000000001,52.2063,13.0,D
1,1840.5929175019037,65.60470000000001,51.2063,13.0,D
1,1840.7179175019037,65.60470000000001,50.2063,13.0,D
1,1840.8946941972004,66.60470000000001,49.2063,13.0,D
1,1841.0196941972004,66.60470000000001,48.2063,13.0,D
1,1841.3732475877937,68.60470000000001,46.2063,13.0,D
1,1841.4982475877937,68.60470000000001,45.2063,13.0,D
1,1841.6750242830904,69.60470000000001,44.2063,13.0,D
1,1841.9250242830904,69.60470000000001,42.2063,13.0,D
1,1842.101800978387,70.60470000000001,41.2063,13.0,D
1,1842.226800978387,70.60470000000001,40.2063,13.0,D
1,1842.4035776736837,71.60470000000001,39.2063,13.0,D
1,1842.5285776736837,71.60470000000001,38.2063,13.0,D
1,1842.7053543689804,72.60470000000001,37.2063,13.0,D
1,1842.8303543689804,72.60470000000001,36.2063,13.0,D
1,1843.007131064277,73.60470000000001,35.2063,13.0,D
1,1843.257131064277,73.60470000000001,33.2063,13.0,D
1,1843.4339077595737,74.60470000000001,32.2063,13.0,D
1,1843.6839077595737,74.60470000000001,30.2063,13.0,D
1,1843.8606844548704,75.60470000000001,29.2063,13.0,D
1,1844.2356844548704,75.60470000000001,26.2063,13.0,D
1,1844.412461150167,76.60470000000001,25.2063,13.0,D
1,1845.037461150167,76.60470000000001,20.2063,13.0,D
1,1845.2142378454637,77.60470000000001,19.2063,13.0,D
1,1847.9642378454637,77.60470000000001,-2.793700000000001,13.0,D
1,1848.1410145407604,76.60470000000001,-3.793700000000001,13.0,D
1,1848.6410145407604,76.60470000000001,-7.793700000000001,13.0,D
1,1848.817791236057,75.60470000000001,-8.793700000000001,13.0,D
1,1849.192791236057,75.60470000000001,-11.793700000000001,13.0,D
1,1849.3695679313537,74.60470000000001,-12.793700000000001,13.0,D
1,1849.6195679313537,74.60470000000001,-14.793700000000001,13.0,D
1,1849.7963446266504,73.60470000000001,-15.793700000000001,13.0,D
1,1850.0463446266504,73.60470000000001,-17.7937,13.0,D
1,1850.223121321947,72.60470000000001,-18.7937,13.0,D
1,1850.348121321947,72.60470000000001,-19.7937,13.0,D
1,1850.5248980172437,71.60470000000001,-20.7937,13.0,D
1,1850.7748980172437,71.60470000000001,-22.7937,13.0,D
1,1850.9516747125404,70.60470000000001,-23.7937,13.0,D
1,1851.0766747125404,70.60470000000001,-24.7937,13.0,D
1,1851.253451407837,69.60470000000001,-25.7937,13.0,D
1,1851.378451407837,69.60470000000001,-26.7937,13.0,D
1,1851.5552281031337,68.60470000000001,-27.7937,13.0,D
1,1851.6802281031337,68.60470000000001,-28.7937,13.0,D
1,1851.8570047984304,67.60470000000001,-29.7937,13.0,D
1,1851.9820047984304,67.60470000000001,-30.7937,13.0,D
1,1852.3355581890237,65.60470000000001,-32.7937,13.0,D
1,1852.4605581890237,65.60470000000001,-33.7937,13.0,D
1,1852.814111579617,63.60470000000001,-35.7937,13.0,D
1,1852.939111579617,63.60470000000001,-36.7937,13.0,D
1,1855.5907620090666,48.60470000000001,-51.7937,13.0,D
1,1855.7157620090666,47.60470000000001,-51.7937,13.0,D
1,1856.06931539966,45.60470000000001,-53.7937,13.0,D
1,1856.19431539966,44.60470000000001,-53.7937,13.0,D
1,1856.5478687902532,42.60470000000001,-55.7937,13.0,D
1,1856.6728687902532,41.60470000000001,-55.7937,13.0,D
1,1856.84964548555,40.60470000000001,-56.7937,13.0,D
1,1856.97464548555,39.60470000000001,-56.7937,13.0,D
1,1857.1514221808466,38.60470000000001,-57.7937,13.0,D
1,1857.2764221808466,37.60470000000001,-57.7937,13.0,D
1,1857.4531988761432,36.60470000000001,-58.7937,13.0,D
1,1857.5781988761432,35.60470000000001,-58.7937,13.0,D
1,1857.75497557144,34.60470000000001,-59.7937,13.0,D
1,1857.87997557144,33.60470000000001,-59.7937,13.0,D
1,1858.0567522667366,32.60470000000001,-60.7937,13.0,D
1,1858.3067522667366,30.60470000000001,-60.7937,13.0,D
1,1858.4835289620332,29.60470000000001,-61.7937,13.0,D
1,1858.7335289620332,27.60470000000001,-61.7937,13.0,D
1,1858.91030565733,26.60470000000001,-62.7937,13.0,D
1,1859.41030565733,22.60470000000001,-62.7937,13.0,D
1,1859.5870823526266,21.60470000000001,-63.7937,13.0,D
1,1860.2120823526266,16.60470000000001,-63.7937,13.0,D
1,1860.3888590479232,15.604700000000008,-64.7937,13.0,D
1,1862.1388590479232,1.6047000000000082,-64.7937,13.0,D
1,1862.31563574322,0.6047000000000082,-63.7937,13.0,D
1,1863.06563574322,-5.395299999999992,-63.7937,13.0,D
1,1863.2424124385166,-6.395299999999992,-62.7937,13.0,D
1,1863.6174124385166,-9.395299999999992,-62.7937,13.0,D
1,1863.7941891338132,-10.395299999999992,-61.7937,13.0,D
1,1864.0441891338132,-12.395299999999992,-61.7937,13.0,D
1,1864.22096582911,-13.395299999999992,-60.7937,13.0,D
1,1864.34596582911,-14.395299999999992,-60.7937,13.0,D
1,1864.5227425244066,-15.395299999999992,-59.7937,13.0,D
1,1864.7727425244066,-17.39529999999999,-59.7937,13.0,D
1,1864.9495192197032,-18.39529999999999,-58.7937,13.0,D
1,1865.0745192197032,-19.39529999999999,-58.7937,13.0,D
1,1865.251295915,-20.39529999999999,-57.7937,13.0,D
1,1865.376295915,-21.39529999999999,-57.7937,13.0,D
1,1865.7298493055932,-23.39529999999999,-55.7937,13.0,D
1,1865.8548493055932,-24.39529999999999,-55.7937,13.0,D
1,1866.03162600089,-25.39529999999999,-54.7937,13.0,D
1,1866.15662600089,-26.39529999999999,-54.7937,13.0,D
1,1866.68695608678,-29.39529999999999,-51.7937,13.0,D
1,1866.81195608678,-30.39529999999999,-51.7937,13.0,D
1,1868.5797230397463,-40.39529999999999,-41.7937,13.0,D
1,1868.7047230397463,-40.39529999999999,-40.7937,13.0,D
1,1869.2350531256363,-43.39529999999999,-37.7937,13.0,D
1,1869.3600531256363,-43.39529999999999,-36.7937,13.0,D
1,1869.7136065162297,-45.39529999999999,-34.7937,13.0,D
1,1869.8386065162297,-45.39529999999999,-33.7937,13.0,D
1,1870.0153832115263,-46.39529999999999,-32.7937,13.0,D
1,1870.1403832115263,-46.39529999999999,-31.7937,13.0,D
1,1870.317159906823,-47.39529999999999,-30.7937,13.0,D
1,1870.567159906823,-47.39529999999999,-28.7937,13.0,D
1,1870.7439366021197,-48.39529999999999,-27.7937,13.0,D
1,1870.9939366021197,-48.39529999999999,-25.7937,13.0,D
1,1871.1707132974163,-49.39529999999999,-24.7937,13.0,D
1,1871.4207132974163,-49.39529999999999,-22.7937,13.0,D
1,1871.597489992713,-50.39529999999999,-21.7937,13.0,D
1,1872.222489992713,-50.39529999999999,-16.7937,13.0,D
1,1872.3992666880097,-51.39529999999999,-15.793700000000001,13.0,D
1,1874.1492666880097,-51.39529999999999,-1.7937000000000012,13.0,D
1,1874.3260433833063,-50.39529999999999,-0.7937000000000012,13.0,D
1,1874.9510433833063,-50.39529999999999,4.206299999999999,13.0,D
1,1875.127820078603,-49.39529999999999,5.206299999999999,13.0,D
1,1875.502820078603,-49.39529999999999,8.206299999999999,13.0,D
1,1875.6795967738997,-48.39529999999999,9.206299999999999,13.0,D
1,1875.8045967738997,-48.39529999999999,10.206299999999999,13.0,D
1,1875.9813734691963,-47.39529999999999,11.206299999999999,13.0,D
1,1876.1063734691963,-47.39529999999999,12.206299999999999,13.0,D
1,1876.283150164493,-46.39529999999999,13.206299999999999,13.0,D
1,1876.408150164493,-46.39529999999999,14.206299999999999,13.0,D
1,1876.5849268597897,-45.39529999999999,15.206299999999999,13.0,D
1,1876.7099268597897,-45.39529999999999,16.2063,13.0,D
1,1877.063480250383,-43.39529999999999,18.2063,13.0,D
1,1877.188480250383,-43.39529999999999,19.2063,13.0,D
1,1877.5420336409763,-41.39529999999999,21.2063,13.0,D
1,1877.6670336409763,-41.39529999999999,22.2063,13.0,D
1,1878.9044705080528,-34.39529999999999,29.2063,13.0,D
1,1879.0294705080528,-33.39529999999999,29.2063,13.0,D
1,1879.3830238986461,-31.39529999999999,31.2063,13.0,D
1,1879.5080238986461,-30.39529999999999,31.2063,13.0,D
1,1879.8615772892394,-28.39529999999999,33.2063,13.0,D
1,1879.9865772892394,-27.39529999999999,33.2063,13.0,D
1,1880.1633539845361,-26.39529999999999,34.2063,13.0,D
1,1880.2883539845361,-25.39529999999999,34.2063,13.0,D
1,1880.4651306798328,-24.39529999999999,35.2063,13.0,D
1,1880.7151306798328,-22.39529999999999,35.2063,13.0,D
1,1880.8919073751294,-21.39529999999999,36.2063,13.0,D
1,1881.1419073751294,-19.39529999999999,36.2063,13.0,D
1,1881.3186840704261,-18.39529999999999,37.2063,13.0,D
1,1881.8186840704261,-14.395299999999992,37.2063,13.0,D
1,1881.9954607657228,-13.395299999999992,38.2063,13.0,D
1,1883.3704607657228,-2.3952999999999918,38.2063,13.0,D
1,1883.5472374610194,-1.3952999999999918,37.2063,13.0,D
1,1883.9222374610194,1.6047000000000082,37.2063,13.0,D
1,1884.0990141563161,2.6047000000000082,36.2063,13.0,D
1,1884.2240141563161,3.6047000000000082,36.2063,13.0,D
1,1884.4007908516128,4.604700000000008,35.2063,13.0,D
1,1884.6507908516128,6.604700000000008,35.2063,13.0,D
1,1884.8275675469094,7.604700000000008,34.2063,13.0,D
1,1884.9525675469094,8.604700000000008,34.2063,13.0,D
1,1885.1293442422061,9.604700000000008,33.2063,13.0,D
1,1885.2543442422061,10.604700000000008,33.2063,13.0,D
1,1885.4311209375028,11.604700000000008,32.2063,13.0,D
1,1885.5561209375028,12.604700000000008,32.2063,13.0,D
1,1886.7935578045792,19.60470000000001,25.2063,13.0,D
1,1886.9185578045792,19.60470000000001,24.2063,13.0,D
1,1887.095334499876,20.60470000000001,23.2063,13.0,D
1,1887.220334499876,20.60470000000001,22.2063,13.0,D
1,1887.3971111951726,21.60470000000001,21.2063,13.0,D
1,1887.5221111951726,21.60470000000001,20.2063,13.0,D
1,1887.6988878904692,22.60470000000001,19.2063,13.0,D
1,1887.8238878904692,22.60470000000001,18.2063,13.0,D
1,1888.000664585766,23.60470000000001,17.2063,13.0,D
1,1888.125664585766,23.60470000000001,16.2063,13.0,D
1,1888.3024412810626,24.60470000000001,15.206299999999999,13.0,D
1,1889.9274412810626,24.60470000000001,2.206299999999999,13.0,D
1,1890.1042179763592,23.60470000000001,1.2062999999999988,13.0,D
1,1890.2292179763592,23.60470000000001,0.20629999999999882,13.0,D
1,1890.405994671656,24.60470000000001,-0.7937000000000012,13.0,T
1,1890.9142815547796,46.60470000000001,72.2063,13.0,D
1,1891.0392815547796,47.60470000000001,72.2063,13.0,T
1,1891.0459482214462,46.60470000000001,72.2063,13.0,D
1,1891.5762783073362,43.60470000000001,75.2063,13.0,D
1,1891.7012783073362,42.60470000000001,75.2063,13.0,D
1,1892.0548316979296,40.60470000000001,77.2063,13.0,D
1,1892.1798316979296,39.60470000000001,77.2063,13.0,D
1,1892.3566083932262,38.60470000000001,78.2063,13.0,D
1,1892.4816083932262,37.60470000000001,78.2063,13.0,D
1,1892.8351617838196,35.60470000000001,80.2063,13.0,D
1,1892.9601617838196,34.60470000000001,80.2063,13.0,D
1,1893.1369384791162,33.60470000000001,81.2063,13.0,D
1,1893.2619384791162,32.60470000000001,81.2063,13.0,D
1,1893.438715174413,31.60470000000001,82.2063,13.0,D
1,1893.563715174413,30.60470000000001,82.2063,13.0,D
1,1893.7404918697096,29.60470000000001,83.2063,13.0,D
1,1893.8654918697096,28.60470000000001,83.2063,13.0,D
1,1894.0422685650062,27.60470000000001,84.2063,13.0,D
1,1894.2922685650062,25.60470000000001,84.2063,13.0,D
1,1894.469045260303,24.60470000000001,85.2063,13.0,D
1,1894.719045260303,22.60470000000001,85.2063,13.0,D
1,1894.8958219555996,21.60470000000001,86.2063,13.0,D
1,1895.1458219555996,19.60470000000001,86.2063,13.0,D
1,1895.3225986508962,18.60470000000001,87.2063,13.0,D
1,1895.5725986508962,16.60470000000001,87.2063,13.0,D
1,1895.749375346193,15.604700000000008,88.2063,13.0,D
1,1895.999375346193,13.604700000000008,88.2063,13.0,D
1,1896.1761520414896,12.604700000000008,89.2063,13.0,D
1,1896.5511520414896,9.604700000000008,89.2063,13.0,D
1,1896.7279287367862,8.604700000000008,90.2063,13.0,D
1,1897.4779287367862,2.6047000000000082,90.2063,13.0,D
1,1897.654705432083,1.6047000000000082,91.2063,13.0,D
1,1900.154705432083,-18.39529999999999,91.2063,13.0,D
1,1900.3314821273796,-19.39529999999999,90.2063,13.0,D
1,1901.0814821273796,-25.39529999999999,90.2063,13.0,D
1,1901.2582588226762,-26.39529999999999,89.2063,13.0,D
1,1901.6332588226762,-29.39529999999999,89.2063,13.0,D
1,1901.810035517973,-30.39529999999999,88.2063,13.0,D
1,1902.185035517973,-33.39529999999999,88.2063,13.0,D
1,1902.3618122132696,-34.39529999999999,87.2063,13.0,D
1,1902.6118122132696,-36.39529999999999,87.2063,13.0,D
1,1902.7885889085662,-37.39529999999999,86.2063,13.0,D
1,1903.0385889085662,-39.39529999999999,86.2063,13.0,D
1,1903.215365603863,-40.39529999999999,85.2063,13.0,D
1,1903.465365603863,-42.39529999999999,85.2063,13.0,D
1,1903.6421422991596,-43.39529999999999,84.2063,13.0,D
1,1903.7671422991596,-44.39529999999999,84.2063,13.0,D
1,1903.9439189944562,-45.39529999999999,83.2063,13.0,D
1,1904.1939189944562,-47.39529999999999,83.2063,13.0,D
1,1904.370695689753,-48.39529999999999,82.2063,13.0,D
1,1904.495695689753,-49.39529999999999,82.2063,13.0,D
1,1904.6724723850496,-50.39529999999999,81.2063,13.0,D
1,1904.7974723850496,-51.39529999999999,81.2063,13.0,D
1,1904.9742490803462,-52.39529999999999,80.2063,13.0,D
1,1905.0992490803462,-53.39529999999999,80.2063,13.0,D
1,1905.276025775643,-54.39529999999999,79.2063,13.0,D
1,1905.401025775643,-55.39529999999999,79.2063,13.0,D
1,1905.7545791662362,-57.39529999999999,77.2063,13.0,D
1,1905.8795791662362,-58.39529999999999,77.2063,13.0,D
1,1906.2331325568296,-60.39529999999999,75.2063,13.0,D
1,1906.3581325568296,-61.39529999999999,75.2063,13.0,D
1,1906.711685947423,-63.39529999999999,73.2063,13.0,D
1,1906.836685947423,-64.39529999999999,73.2063,13.0,D
1,1907.367016033313,-67.39529999999999,70.2063,13.0,D
1,1907.492016033313,-68.39529999999999,70.2063,13.0,D
1,1909.9668897674658,-82.39529999999999,56.2063,13.0,D
1,1910.0918897674658,-82.39529999999999,55.2063,13.0,D
1,1910.6222198533558,-85.39529999999999,52.2063,13.0,D
1,1910.7472198533558,-85.39529999999999,51.2063,13.0,D
1,1911.100773243949,-87.39529999999999,49.2063,13.0,D
1,1911.225773243949,-87.39529999999999,48.2063,13.0,D
1,1911.5793266345424,-89.39529999999999,46.2063,13.0,D
1,1911.7043266345424,-89.39529999999999,45.2063,13.0,D
1,1912.0578800251358,-91.39529999999999,43.2063,13.0,D
1,1912.1828800251358,-91.39529999999999,42.2063,13.0,D
1,1912.3596567204324,-92.39529999999999,41.2063,13.0,D
1,1912.4846567204324,-92.39529999999999,40.2063,13.0,D
1,1912.661433415729,-93.39529999999999,39.2063,13.0,D
1,1912.786433415729,-93.39529999999999,38.2063,13.0,D
1,1912.9632101110258,-94.39529999999999,37.2063,13.0,D
1,1913.0882101110258,-94.39529999999999,36.2063,13.0,D
1,1913.2649868063224,-95.39529999999999,35.2063,13.0,D
1,1913.3899868063224,-95.39529999999999,34.2063,13.0,D
1,1913.566763501619,-96.39529999999999,33.2063,13.0,D
1,1913.691763501619,-96.39529999999999,32.2063,13.0,D
1,1913.8685401969158,-97.39529999999999,31.2063,13.0,D
1,1913.9935401969158,-97.39529999999999,30.2063,13.0,D
1,1914.1703168922124,-98.39529999999999,29.2063,13.0,D
1,1914.4203168922124,-98.39529999999999,27.2063,13.0,D
1,1914.597093587509,-99.39529999999999,26.2063,13.0,D
1,1914.847093587509,-99.39529999999999,24.2063,13.0,D
1,1915.0238702828058,-100.39529999999999,23.2063,13.0,D
1,1915.2738702828058,-100.39529999999999,21.2063,13.0,D
1,1915.4506469781024,-101.39529999999999,20.2063,13.0,D
1,1915.8256469781024,-101.39529999999999,17.2063,13.0,D
1,1916.002423673399,-102.39529999999999,16.2063,13.0,D
1,1916.502423673399,-102.39529999999999,12.206299999999999,13.0,D
1,1916.6792003686958,-103.39529999999999,11.206299999999999,13.0,D
1,1917.4292003686958,-103.39529999999999,5.206299999999999,13.0,D
1,1917.6059770639924,-104.39529999999999,4.206299999999999,13.0,D
1,1918.4809770639924,-104.39529999999999,-2.793700000000001,13.0,D
1,1918.657753759289,-105.39529999999999,-3.793700000000001,13.0,D
1,1919.907753759289,-105.39529999999999,-13.793700000000001,13.0,D
1,1920.0845304545858,-104.39529999999999,-14.793700000000001,13.0,D
1,1920.9595304545858,-104.39529999999999,-21.7937,13.0,D
1,1921.1363071498824,-103.39529999999999,-22.7937,13.0,D
1,1921.7613071498824,-103.39529999999999,-27.7937,13.0,D
1,1921.938083845179,-102.39529999999999,-28.7937,13.0,D
1,1922.438083845179,-102.39529999999999,-32.7937,13.0,D
1,1922.6148605404758,-101.39529999999999,-33.7937,13.0,D
1,1922.9898605404758,-101.39529999999999,-36.7937,13.0,D
1,1923.1666372357724,-100.39529999999999,-37.7937,13.0,D
1,1923.5416372357724,-100.39529999999999,-40.7937,13.0,D
1,1923.718413931069,-99.39529999999999,-41.7937,13.0,D
1,1923.968413931069,-99.39529999999999,-43.7937,13.0,D
1,1924.1451906263658,-98.39529999999999,-44.7937,13.0,D
1,1924.3951906263658,-98.39529999999999,-46.7937,13.0,D
1,1924.5719673216624,-97.39529999999999,-47.7937,13.0,D
1,1924.6969673216624,-97.39529999999999,-48.7937,13.0,D
1,1924.873744016959,-96.39529999999999,-49.7937,13.0,D
1,1925.123744016959,-96.39529999999999,-51.7937,13.0,D
1,1925.3005207122558,-95.39529999999999,-52.7937,13.0,D
1,1925.4255207122558,-95.39529999999999,-53.7937,13.0,D
1,1925.6022974075524,-94.39529999999999,-54.7937,13.0,D
1,1925.7272974075524,-94.39529999999999,-55.7937,13.0,D
1,1925.904074102849,-93.39529999999999,-56.7937,13.0,D
1,1926.029074102849,-93.39529999999999,-57.7937,13.0,D
1,1926.2058507981458,-92.39529999999999,-58.7937,13.0,D
1,1926.3308507981458,-92.39529999999999,-59.7937,13.0,D
1,1926.684404188739,-90.39529999999999,-61.7937,13.0,D
1,1926.809404188739,-90.39529999999999,-62.7937,13.0,D
1,1926.9861808840358,-89.39529999999999,-63.7937,13.0,D
1,1927.1111808840358,-89.39529999999999,-64.7937,13.0,D
1,1927.464734274629,-87.39529999999999,-66.7937,13.0,D
1,1927.589734274629,-87.39529999999999,-67.7937,13.0,D
1,1927.9432876652224,-85.39529999999999,-69.7937,13.0,D
1,1928.0682876652224,-85.39529999999999,-70.7937,13.0,D
1,1928.5986177511124,-82.39529999999999,-73.7937,13.0,D
1,1928.7236177511124,-82.39529999999999,-74.7937,13.0,D
1,1931.905598266452,-64.39529999999999,-92.7937,13.0,D
1,1932.030598266452,-63.39529999999999,-92.7937,13.0,D
1,1932.7377050476384,-59.39529999999999,-96.7937,13.0,D
1,1932.8627050476384,-58.39529999999999,-96.7937,13.0,D
1,1933.2162584382318,-56.39529999999999,-98.7937,13.0,D
1,1933.3412584382318,-55.39529999999999,-98.7937,13.0,D
1,1933.694811828825,-53.39529999999999,-100.7937,13.0,D
1,1933.819811828825,-52.39529999999999,-100.7937,13.0,D
1,1933.9965885241218,-51.39529999999999,-101.7937,13.0,D
1,1934.1215885241218,-50.39529999999999,-101.7937,13.0,D
1,1934.475141914715,-48.39529999999999,-103.7937,13.0,D
1,1934.600141914715,-47.39529999999999,-103.7937,13.0,D
1,1934.7769186100118,-46.39529999999999,-104.7937,13.0,D
1,1934.9019186100118,-45.39529999999999,-104.7937,13.0,D
1,1935.0786953053084,-44.39529999999999,-105.7937,13.0,D
1,1935.2036953053084,-43.39529999999999,-105.7937,13.0,D
1,1935.380472000605,-42.39529999999999,-106.7937,13.0,D
1,1935.505472000605,-41.39529999999999,-106.7937,13.0,D
1,1935.6822486959018,-40.39529999999999,-107.7937,13.0,D
1,1935.8072486959018,-39.39529999999999,-107.7937,13.0,D
1,1935.9840253911984,-38.39529999999999,-108.7937,13.0,D
1,1936.1090253911984,-37.39529999999999,-108.7937,13.0,D
1,1936.285802086495,-36.39529999999999,-109.7937,13.0,D
1,1936.535802086495,-34.39529999999999,-109.7937,13.0,D
1,1936.7125787817918,-33.39529999999999,-110.7937,13.0,D
1,1936.8375787817918,-32.39529999999999,-110.7937,13.0,D
1,1937.0143554770884,-31.39529999999999,-111.7937,13.0,D
1,1937.2643554770884,-29.39529999999999,-111.7937,13.0,D
1,1937.441132172385,-28.39529999999999,-112.7937,13.0,D
1,1937.691132172385,-26.39529999999999,-112.7937,13.0,D
1,1937.8679088676818,-25.39529999999999,-113.7937,13.0,D
1,1938.2429088676818,-22.39529999999999,-113.7937,13.0,D
1,1938.4196855629784,-21.39529999999999,-114.7937,13.0,D
1,1938.7946855629784,-18.39529999999999,-114.7937,13.0,D
1,1938.971462258275,-17.39529999999999,-115.7937,13.0,D
1,1939.471462258275,-13.395299999999992,-115.7937,13.0,D
1,1939.6482389535718,-12.395299999999992,-116.7937,13.0,D
1,1940.3982389535718,-6.395299999999992,-116.7937,13.0,D
1,1940.5750156488684,-5.395299999999992,-117.7937,13.0,D
1,1941.4500156488684,1.6047000000000082,-117.7937,13.0,D
1,1941.626792344165,2.6047000000000082,-118.7937,13.0,D
1,1943.126792344165,14.604700000000008,-118.7937,13.0,D
1,1943.3035690394618,15.604700000000008,-117.7937,13.0,D
1,1944.1785690394618,22.60470000000001,-117.7937,13.0,D
1,1944.3553457347584,23.60470000000001,-116.7937,13.0,D
1,1945.1053457347584,29.60470000000001,-116.7937,13.0,D
1,1945.282122430055,30.60470000000001,-115.7937,13.0,D
1,1945.782122430055,34.60470000000001,-115.7937,13.0,D
1,1945.9588991253518,35.60470000000001,-114.7937,13.0,D
1,1946.3338991253518,38.60470000000001,-114.7937,13.0,D
1,1946.5106758206484,39.60470000000001,-113.7937,13.0,D
1,1946.8856758206484,42.60470000000001,-113.7937,13.0,D
1,1947.062452515945,43.60470000000001,-112.7937,13.0,D
1,1947.312452515945,45.60470000000001,-112.7937,13.0,D
1,1947.4892292112418,46.60470000000001,-111.7937,13.0,D
1,1947.7392292112418,48.60470000000001,-111.7937,13.0,D
1,1947.9160059065384,49.60470000000001,-110.7937,13.0,D
1,1948.1660059065384,51.60470000000001,-110.7937,13.0,D
1,1948.342782601835,52.60470000000001,-109.7937,13.0,D
1,1948.467782601835,53.60470000000001,-109.7937,13.0,D
1,1948.6445592971318,54.60470000000001,-108.7937,13.0,D
1,1948.7695592971318,55.60470000000001,-108.7937,13.0,D
1,1948.9463359924284,56.60470000000001,-107.7937,13.0,D
1,1949.0713359924284,57.60470000000001,-107.7937,13.0,D
1,1949.248112687725,58.60470000000001,-106.7937,13.0,D
1,1949.373112687725,59.60470000000001,-106.7937,13.0,D
1,1949.5498893830218,60.60470000000001,-105.7937,13.0,D
1,1949.6748893830218,61.60470000000001,-105.7937,13.0,D
1,1949.8516660783184,62.60470000000001,-104.7937,13.0,D
1,1949.9766660783184,63.60470000000001,-104.7937,13.0,D
1,1950.153442773615,64.60470000000001,-103.7937,13.0,D
1,1950.278442773615,65.60470000000001,-103.7937,13.0,D
1,1950.4552194689118,66.60470000000001,-102.7937,13.0,D
1,1950.5802194689118,67.60470000000001,-102.7937,13.0,D
1,1950.7569961642084,68.60470000000001,-101.7937,13.0,D
1,1950.8819961642084,69.60470000000001,-101.7937,13.0,D
1,1951.2355495548018,71.60470000000001,-99.7937,13.0,D
1,1951.3605495548018,72.60470000000001,-99.7937,13.0,D
1,1951.5373262500984,73.60470000000001,-98.7937,13.0,D
1,1951.6623262500984,74.60470000000001,-98.7937,13.0,D
1,1952.0158796406918,76.60470000000001,-96.7937,13.0,D
1,1952.1408796406918,77.60470000000001,-96.7937,13.0,D
1,1952.6712097265818,80.60470000000001,-93.7937,13.0,D
1,1952.7962097265818,81.60470000000001,-93.7937,13.0,D
1,1953.5033165077682,85.60470000000001,-89.7937,13.0,D
1,1953.6283165077682,86.60470000000001,-89.7937,13.0,T
1,1954.0358565535169,90.60470000000001,-150.7937,13.0,D
1,1954.2126332488135,89.60470000000001,-151.7937,13.0,D
1,1954.3376332488135,88.60470000000001,-151.7937,13.0,D
1,1954.5144099441102,87.60470000000001,-152.7937,13.0,D
1,1954.6394099441102,86.60470000000001,-152.7937,13.0,D
1,1954.8161866394069,85.60470000000001,-153.7937,13.0,D
1,1954.9411866394069,84.60470000000001,-153.7937,13.0,D
1,1955.1179633347035,83.60470000000001,-154.7937,13.0,D
1,1955.2429633347035,82.60470000000001,-154.7937,13.0,D
1,1955.4197400300002,81.60470000000001,-155.7937,13.0,D
1,1955.5447400300002,80.60470000000001,-155.7937,13.0,D
1,1955.7215167252969,79.60470000000001,-156.7937,13.0,D
1,1955.8465167252969,78.60470000000001,-156.7937,13.0,D
1,1956.0232934205935,77.60470000000001,-157.7937,13.0,D
1,1956.1482934205935,76.60470000000001,-157.7937,13.0,D
1,1956.3250701158902,75.60470000000001,-158.7937,13.0,D
1,1956.5750701158902,73.60470000000001,-158.7937,13.0,D
1,1956.7518468111869,72.60470000000001,-159.7937,13.0,D
1,1956.8768468111869,71.60470000000001,-159.7937,13.0,D
1,1957.0536235064835,70.60470000000001,-160.7937,13.0,D
1,1957.3036235064835,68.60470000000001,-160.7937,13.0,D
1,1957.4804002017802,67.60470000000001,-161.7937,13.0,D
1,1957.6054002017802,66.60470000000001,-161.7937,13.0,D
1,1957.7821768970769,65.60470000000001,-162.7937,13.0,D
1,1958.0321768970769,63.60470000000001,-162.7937,13.0,D
1,1958.2089535923735,62.60470000000001,-163.7937,13.0,D
1,1958.5839535923735,59.60470000000001,-163.7937,13.0,D
1,1958.7607302876702,58.60470000000001,-164.7937,13.0,D
1,1959.0107302876702,56.60470000000001,-164.7937,13.0,D
1,1959.1875069829669,55.60470000000001,-165.7937,13.0,D
1,1959.5625069829669,52.60470000000001,-165.7937,13.0,D
1,1959.7392836782635,51.60470000000001,-166.7937,13.0,D
1,1960.1142836782635,48.60470000000001,-166.7937,13.0,D
1,1960.2910603735602,47.60470000000001,-167.7937,13.0,D
1,1960.7910603735602,43.60470000000001,-167.7937,13.0,D
1,1960.9678370688569,42.60470000000001,-168.7937,13.0,D
1,1961.4678370688569,38.60470000000001,-168.7937,13.0,D
1,1961.6446137641535,37.60470000000001,-169.7937,13.0,D
1,1962.3946137641535,31.60470000000001,-169.7937,13.0,D
1,1962.5713904594502,30.60470000000001,-170.7937,13.0,D
1,1963.4463904594502,23.60470000000001,-170.7937,13.0,D
1,1963.6231671547469,22.60470000000001,-171.7937,13.0,D
1,1967.1231671547469,-5.395299999999992,-171.7937,13.0,D
1,1967.2999438500435,-6.395299999999992,-170.7937,13.0,D
1,1968.1749438500435,-13.395299999999992,-170.7937,13.0,D
1,1968.3517205453402,-14.395299999999992,-169.7937,13.0,D
1,1969.1017205453402,-20.39529999999999,-169.7937,13.0,D
1,1969.2784972406369,-21.39529999999999,-168.7937,13.0,D
1,1969.7784972406369,-25.39529999999999,-168.7937,13.0,D
1,1969.9552739359335,-26.39529999999999,-167.7937,13.0,D
1,1970.4552739359335,-30.39529999999999,-167.7937,13.0,D
1,1970.6320506312302,-31.39529999999999,-166.7937,13.0,D
1,1971.0070506312302,-34.39529999999999,-166.7937,13.0,D
1,1971.1838273265269,-35.39529999999999,-165.7937,13.0,D
1,1971.5588273265269,-38.39529999999999,-165.7937,13.0,D
1,1971.7356040218235,-39.39529999999999,-164.7937,13.0,D
1,1971.9856040218235,-41.39529999999999,-164.7937,13.0,D
1,1972.1623807171202,-42.39529999999999,-163.7937,13.0,D
1,1972.5373807171202,-45.39529999999999,-163.7937,13.0,D
1,1972.7141574124169,-46.39529999999999,-162.7937,13.0,D
1,1972.8391574124169,-47.39529999999999,-162.7937,13.0,D
1,1973.0159341077135,-48.39529999999999,-161.7937,13.0,D
1,1973.2659341077135,-50.39529999999999,-161.7937,13.0,D
1,1973.4427108030102,-51.39529999999999,-160.7937,13.0,D
1,1973.6927108030102,-53.39529999999999,-160.7937,13.0,D
1,1973.8694874983069,-54.39529999999999,-159.7937,13.0,D
1,1973.9944874983069,-55.39529999999999,-159.7937,13.0,D
1,1974.1712641936035,-56.39529999999999,-158.7937,13.0,D
1,1974.2962641936035,-57.39529999999999,-158.7937,13.0,D
1,1974.4730408889002,-58.39529999999999,-157.7937,13.0,D
1,1974.5980408889002,-59.39529999999999,-157.7937,13.0,D
1,1974.7748175841969,-60.39529999999999,-156.7937,13.0,D
1,1975.0248175841969,-62.39529999999999,-156.7937,13.0,D
1,1975.2015942794935,-63.39529999999999,-155.7937,13.0,D
1,1975.3265942794935,-64.39529999999999,-155.7937,13.0,D
1,1975.5033709747902,-65.39529999999999,-154.7937,13.0,D
1,1975.6283709747902,-66.39529999999999,-154.7937,13.0,D
1,1975.8051476700869,-67.39529999999999,-153.7937,13.0,D
1,1975.9301476700869,-68.39529999999999,-153.7937,13.0,D
1,1976.1069243653835,-69.39529999999999,-152.7937,13.0,D
1,1976.2319243653835,-70.39529999999999,-152.7937,13.0,D
1,1976.4087010606802,-71.39529999999999,-151.7937,13.0,D
1,1976.5337010606802,-72.39529999999999,-151.7937,13.0,D
1,1976.8872544512735,-74.39529999999999,-149.7937,13.0,D
1,1977.0122544512735,-75.39529999999999,-149.7937,13.0,D
1,1977.1890311465702,-76.39529999999999,-148.7937,13.0,D
1,1977.3140311465702,-77.39529999999999,-148.7937,13.0,D
1,1977.4908078418669,-78.39529999999999,-147.7937,13.0,D
1,1977.6158078418669,-79.39529999999999,-147.7937,13.0,D
1,1977.9693612324602,-81.39529999999999,-145.7937,13.0,D
1,1978.0943612324602,-82.39529999999999,-145.7937,13.0,D
1,1978.4479146230535,-84.39529999999999,-143.7937,13.0,D
1,1978.5729146230535,-85.39529999999999,-143.7937,13.0,D
1,1978.9264680136469,-87.39529999999999,-141.7937,13.0,D
1,1979.0514680136469,-88.39529999999999,-141.7937,13.0,D
1,1979.5817980995369,-91.39529999999999,-138.7937,13.0,D
1,1979.7067980995369,-92.39529999999999,-138.7937,13.0,D
1,1980.2371281854269,-95.39529999999999,-135.7937,13.0,D
1,1980.3621281854269,-96.39529999999999,-135.7937,13.0,D
1,1981.24601166191,-101.39529999999999,-130.7937,13.0,D
1,1981.37101166191,-102.39529999999999,-130.7937,13.0,D
1,1984.5529921772495,-120.39529999999999,-112.7937,13.0,D
1,1984.6779921772495,-120.39529999999999,-111.7937,13.0,D
1,1985.5618756537326,-125.39529999999999,-106.7937,13.0,D
1,1985.6868756537326,-125.39529999999999,-105.7937,13.0,D
1,1986.2172057396226,-128.3953,-102.7937,13.0,D
1,1986.3422057396226,-128.3953,-101.7937,13.0,D
1,1986.695759130216,-130.3953,-99.7937,13.0,D
1,1986.820759130216,-130.3953,-98.7937,13.0,D
1,1987.1743125208093,-132.3953,-96.7937,13.0,D
1,1987.2993125208093,-132.3953,-95.7937,13.0,D
1,1987.6528659114026,-134.3953,-93.7937,13.0,D
1,1987.7778659114026,-134.3953,-92.7937,13.0,D
1,1988.131419301996,-136.3953,-90.7937,13.0,D
1,1988.256419301996,-136.3953,-89.7937,13.0,D
1,1988.4331959972926,-137.3953,-88.7937,13.0,D
1,1988.5581959972926,-137.3953,-87.7937,13.0,D
1,1988.7349726925893,-138.3953,-86.7937,13.0,D
1,1988.8599726925893,-138.3953,-85.7937,13.0,D
1,1989.2135260831826,-140.3953,-83.7937,13.0,D
1,1989.3385260831826,-140.3953,-82.7937,13.0,D
1,1989.5153027784793,-141.3953,-81.7937,13.0,D
1,1989.6403027784793,-141.3953,-80.7937,13.0,D
1,1989.817079473776,-142.3953,-79.7937,13.0,D
1,1989.942079473776,-142.3953,-78.7937,13.0,D
1,1990.1188561690726,-143.3953,-77.7937,13.0,D
1,1990.2438561690726,-143.3953,-76.7937,13.0,D
1,1990.4206328643693,-144.3953,-75.7937,13.0,D
1,1990.6706328643693,-144.3953,-73.7937,13.0,D
1,1990.847409559666,-145.3953,-72.7937,13.0,D
1,1990.972409559666,-145.3953,-71.7937,13.0,D
1,1991.1491862549626,-146.3953,-70.7937,13.0,D
1,1991.2741862549626,-146.3953,-69.7937,13.0,D
1,1991.4509629502593,-147.3953,-68.7937,13.0,D
1,1991.7009629502593,-147.3953,-66.7937,13.0,D
1,1991.877739645556,-148.3953,-65.7937,13.0,D
1,1992.127739645556,-148.3953,-63.7937,13.0,D
1,1992.3045163408526,-149.3953,-62.7937,13.0,D
1,1992.5545163408526,-149.3953,-60.7937,13.0,D
1,1992.7312930361493,-150.3953,-59.7937,13.0,D
1,1992.9812930361493,-150.3953,-57.7937,13.0,D
1,1993.158069731446,-151.3953,-56.7937,13.0,D
1,1993.408069731446,-151.3953,-54.7937,13.0,D
1,1993.5848464267426,-152.3953,-53.7937,13.0,D
1,1993.9598464267426,-152.3953,-50.7937,13.0,D
1,1994.1366231220393,-153.3953,-49.7937,13.0,D
1,1994.5116231220393,-153.3953,-46.7937,13.0,D
1,1994.688399817336,-154.3953,-45.7937,13.0,D
1,1995.188399817336,-154.3953,-41.7937,13.0,D
1,1995.3651765126326,-155.3953,-40.7937,13.0,D
1,1995.8651765126326,-155.3953,-36.7937,13.0,D
1,1996.0419532079293,-156.3953,-35.7937,13.0,D
1,1996.6669532079293,-156.3953,-30.7937,13.0,D
1,1996.843729903226,-157.3953,-29.7937,13.0,D
1,1997.718729903226,-157.3953,-22.7937,13.0,D
1,1997.8955065985226,-158.3953,-21.7937,13.0,D
1,2001.2705065985226,-158.3953,5.206299999999999,13.0,T
1,2009.9179071755023,-1000.0,0.0,1000.0,W
1,2081.964706219466,-1000.0,0.0,1000.0,T
1,2090.601965498303,-158.3953,5.206299999999999,15.0,D
1,2090.7787421935996,-157.3953,6.206299999999999,15.0,D
1,2091.5287421935996,-157.3953,12.206299999999999,15.0,D
1,2091.705518888896,-156.3953,13.206299999999999,15.0,D
1,2092.455518888896,-156.3953,19.2063,15.0,D
1,2092.632295584193,-155.3953,20.2063,15.0,D
1,2093.132295584193,-155.3953,24.2063,15.0,D
1,2093.3090722794896,-154.3953,25.2063,15.0,D
1,2093.6840722794896,-154.3953,28.2063,15.0,D
1,2093.860848974786,-153.3953,29.2063,15.0,D
1,2094.360848974786,-153.3953,33.2063,15.0,D
1,2094.537625670083,-152.3953,34.2063,15.0,D
1,2094.787625670083,-152.3953,36.2063,15.0,D
1,2094.9644023653796,-151.3953,37.2063,15.0,D
1,2095.2144023653796,-151.3953,39.2063,15.0,D
1,2095.391179060676,-150.3953,40.2063,15.0,D
1,2095.766179060676,-150.3953,43.2063,15.0,D
1,2095.942955755973,-149.3953,44.2063,15.0,D
1,2096.067955755973,-149.3953,45.2063,15.0,D
1,2096.2447324512696,-148.3953,46.2063,15.0,D
1,2096.4947324512696,-148.3953,48.2063,15.0,D
1,2096.671509146566,-147.3953,49.2063,15.0,D
1,2096.796509146566,-147.3953,50.2063,15.0,D
1,2096.973285841863,-146.3953,51.2063,15.0,D
1,2097.098285841863,-146.3953,52.2063,15.0,D
1,2097.2750625371596,-145.3953,53.2063,15.0,D
1,2097.5250625371596,-145.3953,55.2063,15.0,D
1,2097.701839232456,-144.3953,56.2063,15.0,D
1,2097.826839232456,-144.3953,57.2063,15.0,D
1,2098.003615927753,-143.3953,58.2063,15.0,D
1,2098.128615927753,-143.3953,59.2063,15.0,D
1,2098.3053926230496,-142.3953,60.2063,15.0,D
1,2098.4303926230496,-142.3953,61.2063,15.0,D
1,2098.607169318346,-141.3953,62.2063,15.0,D
1,2098.732169318346,-141.3953,63.2063,15.0,D
1,2098.908946013643,-140.3953,64.2063,15.0,D
1,2099.033946013643,-140.3953,65.2063,15.0,D
1,2099.387499404236,-138.3953,67.2063,15.0,D
1,2099.512499404236,-138.3953,68.2063,15.0,D
1,2099.689276099533,-137.3953,69.2063,15.0,D
1,2099.814276099533,-137.3953,70.2063,15.0,D
1,2099.9910527948296,-136.3953,71.2063,15.0,D
1,2100.1160527948296,-136.3953,72.2063,15.0,D
1,2100.469606185423,-134.3953,74.2063,15.0,D
1,2100.594606185423,-134.3953,75.2063,15.0,D
1,2100.948159576016,-132.3953,77.2063,15.0,D
1,2101.073159576016,-132.3953,78.2063,15.0,D
1,2101.4267129666096,-130.3953,80.2063,15.0,D
1,2101.5517129666096,-130.3953,81.2063,15.0,D
1,2101.905266357203,-128.3953,83.2063,15.0,D
1,2102.030266357203,-128.3953,84.2063,15.0,D
1,2102.7373731383896,-124.39529999999999,88.2063,15.0,D
1,2102.8623731383896,-124.39529999999999,89.2063,15.0,D
1,2103.746256614873,-119.39529999999999,94.2063,15.0,D
1,2103.871256614873,-119.39529999999999,95.2063,15.0,D
1,2105.9925769584324,-107.39529999999999,107.2063,15.0,D
1,2106.1175769584324,-106.39529999999999,107.2063,15.0,D
1,2107.1782371302124,-100.39529999999999,113.2063,15.0,D
1,2107.3032371302124,-99.39529999999999,113.2063,15.0,D
1,2107.8335672161024,-96.39529999999999,116.2063,15.0,D
1,2107.9585672161024,-95.39529999999999,116.2063,15.0,D
1,2108.3121206066958,-93.39529999999999,118.2063,15.0,D
1,2108.4371206066958,-92.39529999999999,118.2063,15.0,D
1,2108.790673997289,-90.39529999999999,120.2063,15.0,D
1,2108.915673997289,-89.39529999999999,120.2063,15.0,D
1,2109.2692273878824,-87.39529999999999,122.2063,15.0,D
1,2109.3942273878824,-86.39529999999999,122.2063,15.0,D
1,2109.7477807784758,-84.39529999999999,124.2063,15.0,D
1,2109.8727807784758,-83.39529999999999,124.2063,15.0,D
1,2110.0495574737724,-82.39529999999999,125.2063,15.0,D
1,2110.1745574737724,-81.39529999999999,125.2063,15.0,D
1,2110.351334169069,-80.39529999999999,126.2063,15.0,D
1,2110.476334169069,-79.39529999999999,126.2063,15.0,D
1,2110.6531108643658,-78.39529999999999,127.2063,15.0,D
1,2110.7781108643658,-77.39529999999999,127.2063,15.0,D
1,2111.131664254959,-75.39529999999999,129.2063,15.0,D
1,2111.256664254959,-74.39529999999999,129.2063,15.0,D
1,2111.4334409502558,-73.39529999999999,130.2063,15.0,D
1,2111.5584409502558,-72.39529999999999,130.2063,15.0,D
1,2111.7352176455524,-71.39529999999999,131.2063,15.0,D
1,2111.9852176455524,-69.39529999999999,131.2063,15.0,D
1,2112.161994340849,-68.39529999999999,132.2063,15.0,D
1,2112.286994340849,-67.39529999999999,132.2063,15.0,D
1,2112.4637710361458,-66.39529999999999,133.2063,15.0,D
1,2112.7137710361458,-64.39529999999999,133.2063,15.0,D
1,2112.8905477314424,-63.39529999999999,134.2063,15.0,D
1,2113.0155477314424,-62.39529999999999,134.2063,15.0,D
1,2113.192324426739,-61.39529999999999,135.2063,15.0,D
1,2113.442324426739,-59.39529999999999,135.2063,15.0,D
1,2113.6191011220358,-58.39529999999999,136.2063,15.0,D
1,2113.8691011220358,-56.39529999999999,136.2063,15.0,D
1,2114.0458778173324,-55.39529999999999,137.2063,15.0,D
1,2114.2958778173324,-53.39529999999999,137.2063,15.0,D
1,2114.472654512629,-52.39529999999999,138.2063,15.0,D
1,2114.722654512629,-50.39529999999999,138.2063,15.0,D
1,2114.8994312079258,-49.39529999999999,139.2063,15.0,D
1,2115.1494312079258,-47.39529999999999,139.2063,15.0,D
1,2115.3262079032224,-46.39529999999999,140.2063,15.0,D
1,2115.7012079032224,-43.39529999999999,140.2063,15.0,D
1,2115.877984598519,-42.39529999999999,141.2063,15.0,D
1,2116.252984598519,-39.39529999999999,141.2063,15.0,D
1,2116.429761293816,-38.39529999999999,142.2063,15.0,D
1,2116.929761293816,-34.39529999999999,142.2063,15.0,D
1,2117.1065379891124,-33.39529999999999,143.2063,15.0,D
1,2117.8565379891124,-27.39529999999999,143.2063,15.0,D
1,2118.033314684409,-26.39529999999999,144.2063,15.0,D
1,2122.533314684409,9.604700000000008,144.2063,15.0,D
1,2122.710091379706,10.604700000000008,143.2063,15.0,D
1,2123.460091379706,16.60470000000001,143.2063,15.0,D
1,2123.6368680750024,17.60470000000001,142.2063,15.0,D
1,2124.1368680750024,21.60470000000001,142.2063,15.0,D
1,2124.313644770299,22.60470000000001,141.2063,15.0,D
1,2124.688644770299,25.60470000000001,141.2063,15.0,D
1,2124.865421465596,26.60470000000001,140.2063,15.0,D
1,2125.115421465596,28.60470000000001,140.2063,15.0,D
1,2125.2921981608924,29.60470000000001,139.2063,15.0,D
1,2125.6671981608924,32.60470000000001,139.2063,15.0,D
1,2125.843974856189,33.60470000000001,138.2063,15.0,D
1,2126.093974856189,35.60470000000001,138.2063,15.0,D
1,2126.270751551486,36.60470000000001,137.2063,15.0,D
1,2126.395751551486,37.60470000000001,137.2063,15.0,D
1,2126.5725282467824,38.60470000000001,136.2063,15.0,D
1,2126.8225282467824,40.60470000000001,136.2063,15.0,D
1,2126.999304942079,41.60470000000001,135.2063,15.0,D
1,2127.249304942079,43.60470000000001,135.2063,15.0,D
1,2127.426081637376,44.60470000000001,134.2063,15.0,D
1,2127.676081637376,46.60470000000001,134.2063,15.0,D
1,2127.8528583326724,47.60470000000001,133.2063,15.0,D
1,2127.9778583326724,48.60470000000001,133.2063,15.0,D
1,2128.154635027969,49.60470000000001,132.2063,15.0,D
1,2128.279635027969,50.60470000000001,132.2063,15.0,D
1,2128.456411723266,51.60470000000001,131.2063,15.0,D
1,2128.706411723266,53.60470000000001,131.2063,15.0,D
1,2128.8831884185624,54.60470000000001,130.2063,15.0,D
1,2129.0081884185624,55.60470000000001,130.2063,15.0,D
1,2129.184965113859,56.60470000000001,129.2063,15.0,D
1,2129.309965113859,57.60470000000001,129.2063,15.0,D
1,2129.486741809156,58.60470000000001,128.2063,15.0,D
1,2129.611741809156,59.60470000000001,128.2063,15.0,D
1,2129.965295199749,61.60470000000001,126.2063,15.0,D
1,2130.090295199749,62.60470000000001,126.2063,15.0,D
1,2130.267071895046,63.60470000000001,125.2063,15.0,D
1,2130.392071895046,64.60470000000001,125.2063,15.0,D
1,2130.745625285639,66.60470000000001,123.2063,15.0,D
1,2130.870625285639,67.60470000000001,123.2063,15.0,D
1,2131.047401980936,68.60470000000001,122.2063,15.0,D
1,2131.172401980936,69.60470000000001,122.2063,15.0,D
1,2131.525955371529,71.60470000000001,120.2063,15.0,D
1,2131.650955371529,72.60470000000001,120.2063,15.0,D
1,2132.181285457419,75.60470000000001,117.2063,15.0,D
1,2132.306285457419,76.60470000000001,117.2063,15.0,D
1,2132.836615543309,79.60470000000001,114.2063,15.0,D
1,2132.961615543309,80.60470000000001,114.2063,15.0,D
1,2133.8454990197924,85.60470000000001,109.2063,15.0,D
1,2133.9704990197924,86.60470000000001,109.2063,15.0,T
1,2134.328890487945,47.60470000000001,72.2063,15.0,D
1,2136.273434136208,58.60470000000001,61.2063,15.0,D
1,2136.398434136208,58.60470000000001,60.2063,15.0,D
1,2136.928764222098,61.60470000000001,57.2063,15.0,D
1,2137.053764222098,61.60470000000001,56.2063,15.0,D
1,2137.584094307988,64.60470000000001,53.2063,15.0,D
1,2137.709094307988,64.60470000000001,52.2063,15.0,D
1,2137.8858710032846,65.60470000000001,51.2063,15.0,D
1,2138.0108710032846,65.60470000000001,50.2063,15.0,D
1,2138.1876476985813,66.60470000000001,49.2063,15.0,D
1,2138.3126476985813,66.60470000000001,48.2063,15.0,D
1,2138.6662010891746,68.60470000000001,46.2063,15.0,D
1,2138.7912010891746,68.60470000000001,45.2063,15.0,D
1,2138.9679777844713,69.60470000000001,44.2063,15.0,D
1,2139.2179777844713,69.60470000000001,42.2063,15.0,D
1,2139.394754479768,70.60470000000001,41.2063,15.0,D
1,2139.519754479768,70.60470000000001,40.2063,15.0,D
1,2139.6965311750646,71.60470000000001,39.2063,15.0,D
1,2139.8215311750646,71.60470000000001,38.2063,15.0,D
1,2139.9983078703613,72.60470000000001,37.2063,15.0,D
1,2140.1233078703613,72.60470000000001,36.2063,15.0,D
1,2140.300084565658,73.60470000000001,35.2063,15.0,D
1,2140.550084565658,73.60470000000001,33.2063,15.0,D
1,2140.7268612609546,74.60470000000001,32.2063,15.0,D
1,2140.9768612609546,74.60470000000001,30.2063,15.0,D
1,2141.1536379562513,75.60470000000001,29.2063,15.0,D
1,2141.5286379562513,75.60470000000001,26.2063,15.0,D
1,2141.705414651548,76.60470000000001,25.2063,15.0,D
1,2142.330414651548,76.60470000000001,20.2063,15.0,D
1,2142.5071913468446,77.60470000000001,19.2063,15.0,D
1,2145.2571913468446,77.60470000000001,-2.793700000000001,15.0,D
1,2145.4339680421413,76.60470000000001,-3.793700000000001,15.0,D
1,2145.9339680421413,76.60470000000001,-7.793700000000001,15.0,D
1,2146.110744737438,75.60470000000001,-8.793700000000001,15.0,D
1,2146.485744737438,75.60470000000001,-11.793700000000001,15.0,D
1,2146.6625214327346,74.60470000000001,-12.793700000000001,15.0,D
1,2146.9125214327346,74.60470000000001,-14.793700000000001,15.0,D
1,2147.0892981280313,73.60470000000001,-15.793700000000001,15.0,D
1,2147.3392981280313,73.60470000000001,-17.7937,15.0,D
1,2147.516074823328,72.60470000000001,-18.7937,15.0,D
1,2147.641074823328,72.60470000000001,-19.7937,15.0,D
1,2147.8178515186246,71.60470000000001,-20.7937,15.0,D
1,2148.0678515186246,71.60470000000001,-22.7937,15.0,D
1,2148.2446282139213,70.60470000000001,-23.7937,15.0,D
1,2148.3696282139213,70.60470000000001,-24.7937,15.0,D
1,2148.546404909218,69.60470000000001,-25.7937,15.0,D
1,2148.671404909218,69.60470000000001,-26.7937,15.0,D
1,2148.8481816045146,68.60470000000001,-27.7937,15.0,D
1,2148.9731816045146,68.60470000000001,-28.7937,15.0,D
1,2149.1499582998113,67.60470000000001,-29.7937,15.0,D
1,2149.2749582998113,67.60470000000001,-30.7937,15.0,D
1,2149.6285116904046,65.60470000000001,-32.7937,15.0,D
1,2149.7535116904046,65.60470000000001,-33.7937,15.0,D
1,2150.107065080998,63.60470000000001,-35.7937,15.0,D
1,2150.232065080998,63.60470000000001,-36.7937,15.0,D
1,2152.8837155104475,48.60470000000001,-51.7937,15.0,D
1,2153.0087155104475,47.60470000000001,-51.7937,15.0,D
1,2153.362268901041,45.60470000000001,-53.7937,15.0,D
1,2153.487268901041,44.60470000000001,-53.7937,15.0,D
1,2153.840822291634,42.60470000000001,-55.7937,15.0,D
1,2153.965822291634,41.60470000000001,-55.7937,15.0,D
1,2154.142598986931,40.60470000000001,-56.7937,15.0,D
1,2154.267598986931,39.60470000000001,-56.7937,15.0,D
1,2154.4443756822275,38.60470000000001,-57.7937,15.0,D
1,2154.5693756822275,37.60470000000001,-57.7937,15.0,D
1,2154.746152377524,36.60470000000001,-58.7937,15.0,D
1,2154.871152377524,35.60470000000001,-58.7937,15.0,D
1,2155.047929072821,34.60470000000001,-59.7937,15.0,D
1,2155.172929072821,33.60470000000001,-59.7937,15.0,D
1,2155.3497057681175,32.60470000000001,-60.7937,15.0,D
1,2155.5997057681175,30.60470000000001,-60.7937,15.0,D
1,2155.776482463414,29.60470000000001,-61.7937,15.0,D
1,2156.026482463414,27.60470000000001,-61.7937,15.0,D
1,2156.203259158711,26.60470000000001,-62.7937,15.0,D
1,2156.703259158711,22.60470000000001,-62.7937,15.0,D
1,2156.8800358540075,21.60470000000001,-63.7937,15.0,D
1,2157.5050358540075,16.60470000000001,-63.7937,15.0,D
1,2157.681812549304,15.604700000000008,-64.7937,15.0,D
1,2159.431812549304,1.6047000000000082,-64.7937,15.0,D
1,2159.608589244601,0.6047000000000082,-63.7937,15.0,D
1,2160.358589244601,-5.395299999999992,-63.7937,15.0,D
1,2160.5353659398975,-6.395299999999992,-62.7937,15.0,D
1,2160.9103659398975,-9.395299999999992,-62.7937,15.0,D
1,2161.087142635194,-10.395299999999992,-61.7937,15.0,D
1,2161.337142635194,-12.395299999999992,-61.7937,15.0,D
1,2161.513919330491,-13.395299999999992,-60.7937,15.0,D
1,2161.638919330491,-14.395299999999992,-60.7937,15.0,D
1,2161.8156960257875,-15.395299999999992,-59.7937,15.0,D
1,2162.0656960257875,-17.39529999999999,-59.7937,15.0,D
1,2162.242472721084,-18.39529999999999,-58.7937,15.0,D
1,2162.367472721084,-19.39529999999999,-58.7937,15.0,D
1,2162.544249416381,-20.39529999999999,-57.7937,15.0,D
1,2162.669249416381,-21.39529999999999,-57.7937,15.0,D
1,2163.022802806974,-23.39529999999999,-55.7937,15.0,D
1,2163.147802806974,-24.39529999999999,-55.7937,15.0,D
1,2163.324579502271,-25.39529999999999,-54.7937,15.0,D
1,2163.449579502271,-26.39529999999999,-54.7937,15.0,D
1,2163.979909588161,-29.39529999999999,-51.7937,15.0,D
1,2164.104909588161,-30.39529999999999,-51.7937,15.0,D
1,2165.872676541127,-40.39529999999999,-41.7937,15.0,D
1,2165.997676541127,-40.39529999999999,-40.7937,15.0,D
1,2166.528006627017,-43.39529999999999,-37.7937,15.0,D
1,2166.653006627017,-43.39529999999999,-36.7937,15.0,D
1,2167.0065600176104,-45.39529999999999,-34.7937,15.0,D
1,2167.1315600176104,-45.39529999999999,-33.7937,15.0,D
1,2167.308336712907,-46.39529999999999,-32.7937,15.0,D
1,2167.433336712907,-46.39529999999999,-31.7937,15.0,D
1,2167.6101134082037,-47.39529999999999,-30.7937,15.0,D
1,2167.8601134082037,-47.39529999999999,-28.7937,15.0,D
1,2168.0368901035004,-48.39529999999999,-27.7937,15.0,D
1,2168.2868901035004,-48.39529999999999,-25.7937,15.0,D
1,2168.463666798797,-49.39529999999999,-24.7937,15.0,D
1,2168.713666798797,-49.39529999999999,-22.7937,15.0,D
1,2168.8904434940937,-50.39529999999999,-21.7937,15.0,D
1,2169.5154434940937,-50.39529999999999,-16.7937,15.0,D
1,2169.6922201893904,-51.39529999999999,-15.793700000000001,15.0,D
1,2171.4422201893904,-51.39529999999999,-1.7937000000000012,15.0,D
1,2171.618996884687,-50.39529999999999,-0.7937000000000012,15.0,D
1,2172.243996884687,-50.39529999999999,4.206299999999999,15.0,D
1,2172.4207735799837,-49.39529999999999,5.206299999999999,15.0,D
1,2172.7957735799837,-49.39529999999999,8.206299999999999,15.0,D
1,2172.9725502752804,-48.39529999999999,9.206299999999999,15.0,D
1,2173.0975502752804,-48.39529999999999,10.206299999999999,15.0,D
1,2173.274326970577,-47.39529999999999,11.206299999999999,15.0,D
1,2173.399326970577,-47.39529999999999,12.206299999999999,15.0,D
1,2173.5761036658737,-46.39529999999999,13.206299999999999,15.0,D
1,2173.7011036658737,-46.39529999999999,14.206299999999999,15.0,D
1,2173.8778803611704,-45.39529999999999,15.206299999999999,15.0,D
1,2174.0028803611704,-45.39529999999999,16.2063,15.0,D
1,2174.3564337517637,-43.39529999999999,18.2063,15.0,D
1,2174.4814337517637,-43.39529999999999,19.2063,15.0,D
1,2174.834987142357,-41.39529999999999,21.2063,15.0,D
1,2174.959987142357,-41.39529999999999,22.2063,15.0,D
1,2176.1974240094337,-34.39529999999999,29.2063,15.0,D
1,2176.3224240094337,-33.39529999999999,29.2063,15.0,D
1,2176.675977400027,-31.39529999999999,31.2063,15.0,D
1,2176.800977400027,-30.39529999999999,31.2063,15.0,D
1,2177.1545307906204,-28.39529999999999,33.2063,15.0,D
1,2177.2795307906204,-27.39529999999999,33.2063,15.0,D
1,2177.456307485917,-26.39529999999999,34.2063,15.0,D
1,2177.581307485917,-25.39529999999999,34.2063,15.0,D
1,2177.7580841812137,-24.39529999999999,35.2063,15.0,D
1,2178.0080841812137,-22.39529999999999,35.2063,15.0,D
1,2178.1848608765104,-21.39529999999999,36.2063,15.0,D
1,2178.4348608765104,-19.39529999999999,36.2063,15.0,D
1,2178.611637571807,-18.39529999999999,37.2063,15.0,D
1,2179.111637571807,-14.395299999999992,37.2063,15.0,D
1,2179.2884142671037,-13.395299999999992,38.2063,15.0,D
1,2180.6634142671037,-2.3952999999999918,38.2063,15.0,D
1,2180.8401909624004,-1.3952999999999918,37.2063,15.0,D
1,2181.2151909624004,1.6047000000000082,37.2063,15.0,D
1,2181.391967657697,2.6047000000000082,36.2063,15.0,D
1,2181.516967657697,3.6047000000000082,36.2063,15.0,D
1,2181.6937443529937,4.604700000000008,35.2063,15.0,D
1,2181.9437443529937,6.604700000000008,35.2063,15.0,D
1,2182.1205210482904,7.604700000000008,34.2063,15.0,D
1,2182.2455210482904,8.604700000000008,34.2063,15.0,D
1,2182.422297743587,9.604700000000008,33.2063,15.0,D
1,2182.547297743587,10.604700000000008,33.2063,15.0,D
1,2182.7240744388837,11.604700000000008,32.2063,15.0,D
1,2182.8490744388837,12.604700000000008,32.2063,15.0,D
1,2184.0865113059604,19.60470000000001,25.2063,15.0,D
1,2184.2115113059604,19.60470000000001,24.2063,15.0,D
1,2184.388288001257,20.60470000000001,23.2063,15.0,D
1,2184.513288001257,20.60470000000001,22.2063,15.0,D
1,2184.6900646965537,21.60470000000001,21.2063,15.0,D
1,2184.8150646965537,21.60470000000001,20.2063,15.0,D
1,2184.9918413918504,22.60470000000001,19.2063,15.0,D
1,2185.1168413918504,22.60470000000001,18.2063,15.0,D
1,2185.293618087147,23.60470000000001,17.2063,15.0,D
1,2185.418618087147,23.60470000000001,16.2063,15.0,D
1,2185.5953947824437,24.60470000000001,15.206299999999999,15.0,D
1,2187.2203947824437,24.60470000000001,2.206299999999999,15.0,D
1,2187.3971714777404,23.60470000000001,1.2062999999999988,15.0,D
1,2187.5221714777404,23.60470000000001,0.20629999999999882,15.0,D
1,2187.698948173037,24.60470000000001,-0.7937000000000012,15.0,T
1,2188.2072350561607,46.60470000000001,72.2063,15.0,D
1,2188.3322350561607,47.60470000000001,72.2063,15.0,T
1,2188.3389017228274,46.60470000000001,72.2063,15.0,D
1,2188.8692318087174,43.60470000000001,75.2063,15.0,D
1,2188.9942318087174,42.60470000000001,75.2063,15.0,D
1,2189.3477851993107,40.60470000000001,77.2063,15.0,D
1,2189.4727851993107,39.60470000000001,77.2063,15.0,D
1,2189.6495618946074,38.60470000000001,78.2063,15.0,D
1,2189.7745618946074,37.60470000000001,78.2063,15.0,D
1,2190.1281152852007,35.60470000000001,80.2063,15.0,D
1,2190.2531152852007,34.60470000000001,80.2063,15.0,D
1,2190.4298919804974,33.60470000000001,81.2063,15.0,D
1,2190.5548919804974,32.60470000000001,81.2063,15.0,D
1,2190.731668675794,31.60470000000001,82.2063,15.0,D
1,2190.856668675794,30.60470000000001,82.2063,15.0,D
1,2191.0334453710907,29.60470000000001,83.2063,15.0,D
1,2191.1584453710907,28.60470000000001,83.2063,15.0,D
1,2191.3352220663874,27.60470000000001,84.2063,15.0,D
1,2191.5852220663874,25.60470000000001,84.2063,15.0,D
1,2191.761998761684,24.60470000000001,85.2063,15.0,D
1,2192.011998761684,22.60470000000001,85.2063,15.0,D
1,2192.1887754569807,21.60470000000001,86.2063,15.0,D
1,2192.4387754569807,19.60470000000001,86.2063,15.0,D
1,2192.6155521522774,18.60470000000001,87.2063,15.0,D
1,2192.7405521522774,17.60470000000001,87.2063,15.0,D
1,2192.917328847574,16.60470000000001,88.2063,15.0,D
1,2193.292328847574,13.604700000000008,88.2063,15.0,D
1,2193.4691055428707,12.604700000000008,89.2063,15.0,D
1,2193.8441055428707,9.604700000000008,89.2063,15.0,D
1,2194.0208822381674,8.604700000000008,90.2063,15.0,D
1,2194.7708822381674,2.6047000000000082,90.2063,15.0,D
1,2194.947658933464,1.6047000000000082,91.2063,15.0,D
1,2197.447658933464,-18.39529999999999,91.2063,15.0,D
1,2197.6244356287607,-19.39529999999999,90.2063,15.0,D
1,2198.3744356287607,-25.39529999999999,90.2063,15.0,D
1,2198.5512123240574,-26.39529999999999,89.2063,15.0,D
1,2198.9262123240574,-29.39529999999999,89.2063,15.0,D
1,2199.102989019354,-30.39529999999999,88.2063,15.0,D
1,2199.477989019354,-33.39529999999999,88.2063,15.0,D
1,2199.6547657146507,-34.39529999999999,87.2063,15.0,D
1,2199.9047657146507,-36.39529999999999,87.2063,15.0,D
1,2200.0815424099474,-37.39529999999999,86.2063,15.0,D
1,2200.3315424099474,-39.39529999999999,86.2063,15.0,D
1,2200.508319105244,-40.39529999999999,85.2063,15.0,D
1,2200.758319105244,-42.39529999999999,85.2063,15.0,D
1,2200.9350958005407,-43.39529999999999,84.2063,15.0,D
1,2201.0600958005407,-44.39529999999999,84.2063,15.0,D
1,2201.2368724958374,-45.39529999999999,83.2063,15.0,D
1,2201.4868724958374,-47.39529999999999,83.2063,15.0,D
1,2201.663649191134,-48.39529999999999,82.2063,15.0,D
1,2201.788649191134,-49.39529999999999,82.2063,15.0,D
1,2201.9654258864307,-50.39529999999999,81.2063,15.0,D
1,2202.0904258864307,-51.39529999999999,81.2063,15.0,D
1,2202.2672025817274,-52.39529999999999,80.2063,15.0,D
1,2202.3922025817274,-53.39529999999999,80.2063,15.0,D
1,2202.568979277024,-54.39529999999999,79.2063,15.0,D
1,2202.693979277024,-55.39529999999999,79.2063,15.0,D
1,2203.0475326676174,-57.39529999999999,77.2063,15.0,D
1,2203.1725326676174,-58.39529999999999,77.2063,15.0,D
1,2203.5260860582107,-60.39529999999999,75.2063,15.0,D
1,2203.6510860582107,-61.39529999999999,75.2063,15.0,D
1,2204.004639448804,-63.39529999999999,73.2063,15.0,D
1,2204.129639448804,-64.39529999999999,73.2063,15.0,D
1,2204.659969534694,-67.39529999999999,70.2063,15.0,D
1,2204.784969534694,-68.39529999999999,70.2063,15.0,D
1,2207.259843268847,-82.39529999999999,56.2063,15.0,D
1,2207.384843268847,-82.39529999999999,55.2063,15.0,D
1,2207.915173354737,-85.39529999999999,52.2063,15.0,D
1,2208.040173354737,-85.39529999999999,51.2063,15.0,D
1,2208.3937267453302,-87.39529999999999,49.2063,15.0,D
1,2208.5187267453302,-87.39529999999999,48.2063,15.0,D
1,2208.8722801359236,-89.39529999999999,46.2063,15.0,D
1,2208.9972801359236,-89.39529999999999,45.2063,15.0,D
1,2209.350833526517,-91.39529999999999,43.2063,15.0,D
1,2209.475833526517,-91.39529999999999,42.2063,15.0,D
1,2209.6526102218136,-92.39529999999999,41.2063,15.0,D
1,2209.7776102218136,-92.39529999999999,40.2063,15.0,D
1,2209.9543869171102,-93.39529999999999,39.2063,15.0,D
1,2210.0793869171102,-93.39529999999999,38.2063,15.0,D
1,2210.256163612407,-94.39529999999999,37.2063,15.0,D
1,2210.381163612407,-94.39529999999999,36.2063,15.0,D
1,2210.5579403077036,-95.39529999999999,35.2063,15.0,D
1,2210.6829403077036,-95.39529999999999,34.2063,15.0,D
1,2210.8597170030002,-96.39529999999999,33.2063,15.0,D
1,2210.9847170030002,-96.39529999999999,32.2063,15.0,D
1,2211.161493698297,-97.39529999999999,31.2063,15.0,D
1,2211.286493698297,-97.39529999999999,30.2063,15.0,D
1,2211.4632703935936,-98.39529999999999,29.2063,15.0,D
1,2211.7132703935936,-98.39529999999999,27.2063,15.0,D
1,2211.8900470888902,-99.39529999999999,26.2063,15.0,D
1,2212.1400470888902,-99.39529999999999,24.2063,15.0,D
1,2212.316823784187,-100.39529999999999,23.2063,15.0,D
1,2212.566823784187,-100.39529999999999,21.2063,15.0,D
1,2212.7436004794836,-101.39529999999999,20.2063,15.0,D
1,2213.1186004794836,-101.39529999999999,17.2063,15.0,D
1,2213.2953771747802,-102.39529999999999,16.2063,15.0,D
1,2213.7953771747802,-102.39529999999999,12.206299999999999,15.0,D
1,2213.972153870077,-103.39529999999999,11.206299999999999,15.0,D
1,2214.722153870077,-103.39529999999999,5.206299999999999,15.0,D
1,2214.8989305653736,-104.39529999999999,4.206299999999999,15.0,D
1,2215.7739305653736,-104.39529999999999,-2.793700000000001,15.0,D
1,2215.9507072606702,-105.39529999999999,-3.793700000000001,15.0,D
1,2217.2007072606702,-105.39529999999999,-13.793700000000001,15.0,D
1,2217.377483955967,-104.39529999999999,-14.793700000000001,15.0,D
1,2218.252483955967,-104.39529999999999,-21.7937,15.0,D
1,2218.4292606512636,-103.39529999999999,-22.7937,15.0,D
1,2219.0542606512636,-103.39529999999999,-27.7937,15.0,D
1,2219.2310373465602,-102.39529999999999,-28.7937,15.0,D
1,2219.7310373465602,-102.39529999999999,-32.7937,15.0,D
1,2219.907814041857,-101.39529999999999,-33.7937,15.0,D
1,2220.282814041857,-101.39529999999999,-36.7937,15.0,D
1,2220.4595907371536,-100.39529999999999,-37.7937,15.0,D
1,2220.8345907371536,-100.39529999999999,-40.7937,15.0,D
1,2221.0113674324502,-99.39529999999999,-41.7937,15.0,D
1,2221.2613674324502,-99.39529999999999,-43.7937,15.0,D
1,2221.438144127747,-98.39529999999999,-44.7937,15.0,D
1,2221.688144127747,-98.39529999999999,-46.7937,15.0,D
1,2221.8649208230436,-97.39529999999999,-47.7937,15.0,D
1,2221.9899208230436,-97.39529999999999,-48.7937,15.0,D
1,2222.1666975183402,-96.39529999999999,-49.7937,15.0,D
1,2222.4166975183402,-96.39529999999999,-51.7937,15.0,D
1,2222.593474213637,-95.39529999999999,-52.7937,15.0,D
1,2222.718474213637,-95.39529999999999,-53.7937,15.0,D
1,2222.8952509089336,-94.39529999999999,-54.7937,15.0,D
1,2223.0202509089336,-94.39529999999999,-55.7937,15.0,D
1,2223.1970276042302,-93.39529999999999,-56.7937,15.0,D
1,2223.3220276042302,-93.39529999999999,-57.7937,15.0,D
1,2223.498804299527,-92.39529999999999,-58.7937,15.0,D
1,2223.623804299527,-92.39529999999999,-59.7937,15.0,D
1,2223.9773576901202,-90.39529999999999,-61.7937,15.0,D
1,2224.1023576901202,-90.39529999999999,-62.7937,15.0,D
1,2224.279134385417,-89.39529999999999,-63.7937,15.0,D
1,2224.404134385417,-89.39529999999999,-64.7937,15.0,D
1,2224.7576877760102,-87.39529999999999,-66.7937,15.0,D
1,2224.8826877760102,-87.39529999999999,-67.7937,15.0,D
1,2225.2362411666036,-85.39529999999999,-69.7937,15.0,D
1,2225.3612411666036,-85.39529999999999,-70.7937,15.0,D
1,2225.8915712524936,-82.39529999999999,-73.7937,15.0,D
1,2226.0165712524936,-82.39529999999999,-74.7937,15.0,D
1,2229.198551767833,-64.39529999999999,-92.7937,15.0,D
1,2229.323551767833,-63.39529999999999,-92.7937,15.0,D
1,2230.03065854902,-59.39529999999999,-96.7937,15.0,D
1,2230.15565854902,-58.39529999999999,-96.7937,15.0,D
1,2230.509211939613,-56.39529999999999,-98.7937,15.0,D
1,2230.634211939613,-55.39529999999999,-98.7937,15.0,D
1,2230.9877653302065,-53.39529999999999,-100.7937,15.0,D
1,2231.1127653302065,-52.39529999999999,-100.7937,15.0,D
1,2231.289542025503,-51.39529999999999,-101.7937,15.0,D
1,2231.414542025503,-50.39529999999999,-101.7937,15.0,D
1,2231.7680954160965,-48.39529999999999,-103.7937,15.0,D
1,2231.8930954160965,-47.39529999999999,-103.7937,15.0,D
1,2232.069872111393,-46.39529999999999,-104.7937,15.0,D
1,2232.194872111393,-45.39529999999999,-104.7937,15.0,D
1,2232.37164880669,-44.39529999999999,-105.7937,15.0,D
1,2232.49664880669,-43.39529999999999,-105.7937,15.0,D
1,2232.6734255019865,-42.39529999999999,-106.7937,15.0,D
1,2232.7984255019865,-41.39529999999999,-106.7937,15.0,D
1,2232.975202197283,-40.39529999999999,-107.7937,15.0,D
1,2233.100202197283,-39.39529999999999,-107.7937,15.0,D
1,2233.27697889258,-38.39529999999999,-108.7937,15.0,D
1,2233.40197889258,-37.39529999999999,-108.7937,15.0,D
1,2233.5787555878765,-36.39529999999999,-109.7937,15.0,D
1,2233.8287555878765,-34.39529999999999,-109.7937,15.0,D
1,2234.005532283173,-33.39529999999999,-110.7937,15.0,D
1,2234.130532283173,-32.39529999999999,-110.7937,15.0,D
1,2234.30730897847,-31.39529999999999,-111.7937,15.0,D
1,2234.55730897847,-29.39529999999999,-111.7937,15.0,D
1,2234.7340856737665,-28.39529999999999,-112.7937,15.0,D
1,2234.9840856737665,-26.39529999999999,-112.7937,15.0,D
1,2235.160862369063,-25.39529999999999,-113.7937,15.0,D
1,2235.535862369063,-22.39529999999999,-113.7937,15.0,D
1,2235.71263906436,-21.39529999999999,-114.7937,15.0,D
1,2236.08763906436,-18.39529999999999,-114.7937,15.0,D
1,2236.2644157596565,-17.39529999999999,-115.7937,15.0,D
1,2236.7644157596565,-13.395299999999992,-115.7937,15.0,D
1,2236.941192454953,-12.395299999999992,-116.7937,15.0,D
1,2237.691192454953,-6.395299999999992,-116.7937,15.0,D
1,2237.86796915025,-5.395299999999992,-117.7937,15.0,D
1,2238.74296915025,1.6047000000000082,-117.7937,15.0,D
1,2238.9197458455465,2.6047000000000082,-118.7937,15.0,D
1,2240.4197458455465,14.604700000000008,-118.7937,15.0,D
1,2240.596522540843,15.604700000000008,-117.7937,15.0,D
1,2241.471522540843,22.60470000000001,-117.7937,15.0,D
1,2241.64829923614,23.60470000000001,-116.7937,15.0,D
1,2242.39829923614,29.60470000000001,-116.7937,15.0,D
1,2242.5750759314365,30.60470000000001,-115.7937,15.0,D
1,2243.0750759314365,34.60470000000001,-115.7937,15.0,D
1,2243.251852626733,35.60470000000001,-114.7937,15.0,D
1,2243.626852626733,38.60470000000001,-114.7937,15.0,D
1,2243.80362932203,39.60470000000001,-113.7937,15.0,D
1,2244.17862932203,42.60470000000001,-113.7937,15.0,D
1,2244.3554060173265,43.60470000000001,-112.7937,15.0,D
1,2244.6054060173265,45.60470000000001,-112.7937,15.0,D
1,2244.782182712623,46.60470000000001,-111.7937,15.0,D
1,2245.032182712623,48.60470000000001,-111.7937,15.0,D
1,2245.20895940792,49.60470000000001,-110.7937,15.0,D
1,2245.45895940792,51.60470000000001,-110.7937,15.0,D
1,2245.6357361032165,52.60470000000001,-109.7937,15.0,D
1,2245.7607361032165,53.60470000000001,-109.7937,15.0,D
1,2245.937512798513,54.60470000000001,-108.7937,15.0,D
1,2246.062512798513,55.60470000000001,-108.7937,15.0,D
1,2246.23928949381,56.60470000000001,-107.7937,15.0,D
1,2246.36428949381,57.60470000000001,-107.7937,15.0,D
1,2246.5410661891065,58.60470000000001,-106.7937,15.0,D
1,2246.6660661891065,59.60470000000001,-106.7937,15.0,D
1,2246.842842884403,60.60470000000001,-105.7937,15.0,D
1,2246.967842884403,61.60470000000001,-105.7937,15.0,D
1,2247.1446195797,62.60470000000001,-104.7937,15.0,D
1,2247.2696195797,63.60470000000001,-104.7937,15.0,D
1,2247.4463962749965,64.60470000000001,-103.7937,15.0,D
1,2247.5713962749965,65.60470000000001,-103.7937,15.0,D
1,2247.748172970293,66.60470000000001,-102.7937,15.0,D
1,2247.873172970293,67.60470000000001,-102.7937,15.0,D
1,2248.04994966559,68.60470000000001,-101.7937,15.0,D
1,2248.17494966559,69.60470000000001,-101.7937,15.0,D
1,2248.528503056183,71.60470000000001,-99.7937,15.0,D
1,2248.653503056183,72.60470000000001,-99.7937,15.0,D
1,2248.83027975148,73.60470000000001,-98.7937,15.0,D
1,2248.95527975148,74.60470000000001,-98.7937,15.0,D
1,2249.308833142073,76.60470000000001,-96.7937,15.0,D
1,2249.433833142073,77.60470000000001,-96.7937,15.0,D
1,2249.964163227963,80.60470000000001,-93.7937,15.0,D
1,2250.089163227963,81.60470000000001,-93.7937,15.0,D
1,2250.79627000915,85.60470000000001,-89.7937,15.0,D
1,2250.92127000915,86.60470000000001,-89.7937,15.0,T
1,2251.3288100548984,90.60470000000001,-150.7937,15.0,D
1,2251.505586750195,89.60470000000001,-151.7937,15.0,D
1,2251.630586750195,88.60470000000001,-151.7937,15.0,D
1,2251.807363445492,87.60470000000001,-152.7937,15.0,D
1,2251.932363445492,86.60470000000001,-152.7937,15.0,D
1,2252.1091401407884,85.60470000000001,-153.7937,15.0,D
1,2252.2341401407884,84.60470000000001,-153.7937,15.0,D
1,2252.410916836085,83.60470000000001,-154.7937,15.0,D
1,2252.535916836085,82.60470000000001,-154.7937,15.0,D
1,2252.712693531382,81.60470000000001,-155.7937,15.0,D
1,2252.837693531382,80.60470000000001,-155.7937,15.0,D
1,2253.0144702266784,79.60470000000001,-156.7937,15.0,D
1,2253.1394702266784,78.60470000000001,-156.7937,15.0,D
1,2253.316246921975,77.60470000000001,-157.7937,15.0,D
1,2253.441246921975,76.60470000000001,-157.7937,15.0,D
1,2253.618023617272,75.60470000000001,-158.7937,15.0,D
1,2253.868023617272,73.60470000000001,-158.7937,15.0,D
1,2254.0448003125684,72.60470000000001,-159.7937,15.0,D
1,2254.1698003125684,71.60470000000001,-159.7937,15.0,D
1,2254.346577007865,70.60470000000001,-160.7937,15.0,D
1,2254.596577007865,68.60470000000001,-160.7937,15.0,D
1,2254.773353703162,67.60470000000001,-161.7937,15.0,D
1,2254.898353703162,66.60470000000001,-161.7937,15.0,D
1,2255.0751303984584,65.60470000000001,-162.7937,15.0,D
1,2255.3251303984584,63.60470000000001,-162.7937,15.0,D
1,2255.501907093755,62.60470000000001,-163.7937,15.0,D
1,2255.876907093755,59.60470000000001,-163.7937,15.0,D
1,2256.053683789052,58.60470000000001,-164.7937,15.0,D
1,2256.303683789052,56.60470000000001,-164.7937,15.0,D
1,2256.4804604843484,55.60470000000001,-165.7937,15.0,D
1,2256.8554604843484,52.60470000000001,-165.7937,15.0,D
1,2257.032237179645,51.60470000000001,-166.7937,15.0,D
1,2257.407237179645,48.60470000000001,-166.7937,15.0,D
1,2257.584013874942,47.60470000000001,-167.7937,15.0,D
1,2258.084013874942,43.60470000000001,-167.7937,15.0,D
1,2258.2607905702384,42.60470000000001,-168.7937,15.0,D
1,2258.7607905702384,38.60470000000001,-168.7937,15.0,D
1,2258.937567265535,37.60470000000001,-169.7937,15.0,D
1,2259.687567265535,31.60470000000001,-169.7937,15.0,D
1,2259.864343960832,30.60470000000001,-170.7937,15.0,D
1,2260.739343960832,23.60470000000001,-170.7937,15.0,D
1,2260.9161206561284,22.60470000000001,-171.7937,15.0,D
1,2264.4161206561284,-5.395299999999992,-171.7937,15.0,D
1,2264.592897351425,-6.395299999999992,-170.7937,15.0,D
1,2265.467897351425,-13.395299999999992,-170.7937,15.0,D
1,2265.644674046722,-14.395299999999992,-169.7937,15.0,D
1,2266.394674046722,-20.39529999999999,-169.7937,15.0,D
1,2266.5714507420184,-21.39529999999999,-168.7937,15.0,D
1,2267.0714507420184,-25.39529999999999,-168.7937,15.0,D
1,2267.248227437315,-26.39529999999999,-167.7937,15.0,D
1,2267.748227437315,-30.39529999999999,-167.7937,15.0,D
1,2267.925004132612,-31.39529999999999,-166.7937,15.0,D
1,2268.300004132612,-34.39529999999999,-166.7937,15.0,D
1,2268.4767808279084,-35.39529999999999,-165.7937,15.0,D
1,2268.8517808279084,-38.39529999999999,-165.7937,15.0,D
1,2269.028557523205,-39.39529999999999,-164.7937,15.0,D
1,2269.278557523205,-41.39529999999999,-164.7937,15.0,D
1,2269.455334218502,-42.39529999999999,-163.7937,15.0,D
1,2269.830334218502,-45.39529999999999,-163.7937,15.0,D
1,2270.0071109137984,-46.39529999999999,-162.7937,15.0,D
1,2270.1321109137984,-47.39529999999999,-162.7937,15.0,D
1,2270.308887609095,-48.39529999999999,-161.7937,15.0,D
1,2270.558887609095,-50.39529999999999,-161.7937,15.0,D
1,2270.735664304392,-51.39529999999999,-160.7937,15.0,D
1,2270.985664304392,-53.39529999999999,-160.7937,15.0,D
1,2271.1624409996884,-54.39529999999999,-159.7937,15.0,D
1,2271.2874409996884,-55.39529999999999,-159.7937,15.0,D
1,2271.464217694985,-56.39529999999999,-158.7937,15.0,D
1,2271.589217694985,-57.39529999999999,-158.7937,15.0,D
1,2271.765994390282,-58.39529999999999,-157.7937,15.0,D
1,2271.890994390282,-59.39529999999999,-157.7937,15.0,D
1,2272.0677710855784,-60.39529999999999,-156.7937,15.0,D
1,2272.3177710855784,-62.39529999999999,-156.7937,15.0,D
1,2272.494547780875,-63.39529999999999,-155.7937,15.0,D
1,2272.619547780875,-64.39529999999999,-155.7937,15.0,D
1,2272.796324476172,-65.39529999999999,-154.7937,15.0,D
1,2272.921324476172,-66.39529999999999,-154.7937,15.0,D
1,2273.0981011714684,-67.39529999999999,-153.7937,15.0,D
1,2273.2231011714684,-68.39529999999999,-153.7937,15.0,D
1,2273.399877866765,-69.39529999999999,-152.7937,15.0,D
1,2273.524877866765,-70.39529999999999,-152.7937,15.0,D
1,2273.701654562062,-71.39529999999999,-151.7937,15.0,D
1,2273.826654562062,-72.39529999999999,-151.7937,15.0,D
1,2274.180207952655,-74.39529999999999,-149.7937,15.0,D
1,2274.305207952655,-75.39529999999999,-149.7937,15.0,D
1,2274.481984647952,-76.39529999999999,-148.7937,15.0,D
1,2274.606984647952,-77.39529999999999,-148.7937,15.0,D
1,2274.7837613432484,-78.39529999999999,-147.7937,15.0,D
1,2274.9087613432484,-79.39529999999999,-147.7937,15.0,D
1,2275.262314733842,-81.39529999999999,-145.7937,15.0,D
1,2275.387314733842,-82.39529999999999,-145.7937,15.0,D
1,2275.740868124435,-84.39529999999999,-143.7937,15.0,D
1,2275.865868124435,-85.39529999999999,-143.7937,15.0,D
1,2276.2194215150284,-87.39529999999999,-141.7937,15.0,D
1,2276.3444215150284,-88.39529999999999,-141.7937,15.0,D
1,2276.8747516009184,-91.39529999999999,-138.7937,15.0,D
1,2276.9997516009184,-92.39529999999999,-138.7937,15.0,D
1,2277.5300816868084,-95.39529999999999,-135.7937,15.0,D
1,2277.6550816868084,-96.39529999999999,-135.7937,15.0,D
1,2278.538965163292,-101.39529999999999,-130.7937,15.0,D
1,2278.663965163292,-102.39529999999999,-130.7937,15.0,D
1,2281.8459456786313,-120.39529999999999,-112.7937,15.0,D
1,2281.9709456786313,-120.39529999999999,-111.7937,15.0,D
1,2282.8548291551147,-125.39529999999999,-106.7937,15.0,D
1,2282.9798291551147,-125.39529999999999,-105.7937,15.0,D
1,2283.5101592410047,-128.3953,-102.7937,15.0,D
1,2283.6351592410047,-128.3953,-101.7937,15.0,D
1,2283.988712631598,-130.3953,-99.7937,15.0,D
1,2284.113712631598,-130.3953,-98.7937,15.0,D
1,2284.4672660221913,-132.3953,-96.7937,15.0,D
1,2284.5922660221913,-132.3953,-95.7937,15.0,D
1,2284.9458194127847,-134.3953,-93.7937,15.0,D
1,2285.0708194127847,-134.3953,-92.7937,15.0,D
1,2285.424372803378,-136.3953,-90.7937,15.0,D
1,2285.549372803378,-136.3953,-89.7937,15.0,D
1,2285.7261494986747,-137.3953,-88.7937,15.0,D
1,2285.8511494986747,-137.3953,-87.7937,15.0,D
1,2286.0279261939713,-138.3953,-86.7937,15.0,D
1,2286.1529261939713,-138.3953,-85.7937,15.0,D
1,2286.5064795845647,-140.3953,-83.7937,15.0,D
1,2286.6314795845647,-140.3953,-82.7937,15.0,D
1,2286.8082562798613,-141.3953,-81.7937,15.0,D
1,2286.9332562798613,-141.3953,-80.7937,15.0,D
1,2287.110032975158,-142.3953,-79.7937,15.0,D
1,2287.235032975158,-142.3953,-78.7937,15.0,D
1,2287.4118096704547,-143.3953,-77.7937,15.0,D
1,2287.5368096704547,-143.3953,-76.7937,15.0,D
1,2287.7135863657513,-144.3953,-75.7937,15.0,D
1,2287.9635863657513,-144.3953,-73.7937,15.0,D
1,2288.140363061048,-145.3953,-72.7937,15.0,D
1,2288.265363061048,-145.3953,-71.7937,15.0,D
1,2288.4421397563447,-146.3953,-70.7937,15.0,D
1,2288.5671397563447,-146.3953,-69.7937,15.0,D
1,2288.7439164516413,-147.3953,-68.7937,15.0,D
1,2288.9939164516413,-147.3953,-66.7937,15.0,D
1,2289.170693146938,-148.3953,-65.7937,15.0,D
1,2289.420693146938,-148.3953,-63.7937,15.0,D
1,2289.5974698422347,-149.3953,-62.7937,15.0,D
1,2289.8474698422347,-149.3953,-60.7937,15.0,D
1,2290.0242465375313,-150.3953,-59.7937,15.0,D
1,2290.2742465375313,-150.3953,-57.7937,15.0,D
1,2290.451023232828,-151.3953,-56.7937,15.0,D
1,2290.701023232828,-151.3953,-54.7937,15.0,D
1,2290.8777999281247,-152.3953,-53.7937,15.0,D
1,2291.2527999281247,-152.3953,-50.7937,15.0,D
1,2291.4295766234213,-153.3953,-49.7937,15.0,D
1,2291.8045766234213,-153.3953,-46.7937,15.0,D
1,2291.981353318718,-154.3953,-45.7937,15.0,D
1,2292.481353318718,-154.3953,-41.7937,15.0,D
1,2292.6581300140147,-155.3953,-40.7937,15.0,D
1,2293.1581300140147,-155.3953,-36.7937,15.0,D
1,2293.3349067093113,-156.3953,-35.7937,15.0,D
1,2293.9599067093113,-156.3953,-30.7937,15.0,D
1,2294.136683404608,-157.3953,-29.7937,15.0,D
1,2295.011683404608,-157.3953,-22.7937,15.0,D
1,2295.1884600999047,-158.3953,-21.7937,15.0,D
1,2298.5634600999047,-158.3953,5.206299999999999,15.0,T
1,2307.2007193787417,-1000.0,0.0,1000.0,W
2,0.0,500.0,866.025404,1000.0,W
2,225.37835272683546,500.0,866.025404,1000.0,T
2,234.1765137221583,86.60470000000001,109.2063,1.0,D
2,236.1210573704213,97.60470000000001,98.2063,1.0,D
2,236.2460573704213,97.60470000000001,97.2063,1.0,D
2,237.1299408469045,102.60470000000001,92.2063,1.0,D
2,237.2549408469045,102.60470000000001,91.2063,1.0,D
2,237.60849423749778,104.60470000000001,89.2063,1.0,D
2,237.73349423749778,104.60470000000001,88.2063,1.0,D
2,238.08704762809106,106.60470000000001,86.2063,1.0,D
2,238.21204762809106,106.60470000000001,85.2063,1.0,D
2,238.56560101868433,108.60470000000001,83.2063,1.0,D
2,238.69060101868433,108.60470000000001,82.2063,1.0,D
2,239.0441544092776,110.60470000000001,80.2063,1.0,D
2,239.1691544092776,110.60470000000001,79.2063,1.0,D
2,239.5227077998709,112.60470000000001,77.2063,1.0,D
2,239.6477077998709,112.60470000000001,76.2063,1.0,D
2,239.82448449516752,113.60470000000001,75.2063,1.0,D
2,239.94948449516752,113.60470000000001,74.2063,1.0,D
2,240.12626119046416,114.60470000000001,73.2063,1.0,D
2,240.25126119046416,114.60470000000001,72.2063,1.0,D
2,240.4280378857608,115.60470000000001,71.2063,1.0,D
2,240.5530378857608,115.60470000000001,70.2063,1.0,D
2,240.72981458105744,116.60470000000001,69.2063,1.0,D
2,240.85481458105744,116.60470000000001,68.2063,1.0,D
2,241.03159127635408,117.60470000000001,67.2063,1.0,D
2,241.15659127635408,117.60470000000001,66.2063,1.0,D
2,241.33336797165072,118.60470000000001,65.2063,1.0,D
2,241.45836797165072,118.60470000000001,64.2063,1.0,D
2,241.63514466694735,119.60470000000001,63.2063,1.0,D
2,241.76014466694735,119.60470000000001,62.2063,1.0,D
2,241.936921362244,120.60470000000001,61.2063,1.0,D
2,242.061921362244,120.60470000000001,60.2063,1.0,D
2,242.23869805754063,121.60470000000001,59.2063,1.0,D
2,242.48869805754063,121.60470000000001,57.2063,1.0,D
2,242.66547475283727,122.60470000000001,56.2063,1.0,D
2,242.79047475283727,122.60470000000001,55.2063,1.0,D
2,242.9672514481339,123.60470000000001,54.2063,1.0,D
2,243.2172514481339,123.60470000000001,52.2063,1.0,D
2,243.39402814343055,124.60470000000001,51.2063,1.0,D
2,243.64402814343055,124.60470000000001,49.2063,1.0,D
2,243.82080483872718,125.60470000000001,48.2063,1.0,D
2,244.07080483872718,125.60470000000001,46.2063,1.0,D
2,244.24758153402382,126.60470000000001,45.2063,1.0,D
2,244.62258153402382,126.60470000000001,42.2063,1.0,D
2,244.79935822932046,127.60470000000001,41.2063,1.0,D
2,245.04935822932046,127.60470000000001,39.2063,1.0,D
2,245.2261349246171,128.6047,38.2063,1.0,D
2,245.7261349246171,128.6047,34.2063,1.0,D
2,245.90291161991374,129.6047,33.2063,1.0,D
2,246.52791161991374,129.6047,28.2063,1.0,D
2,246.70468831521038,130.6047,27.2063,1.0,D
2,251.32968831521038,130.6047,-9.793700000000001,1.0,D
2,251.50646501050701,129.6047,-10.793700000000001,1.0,D
2,252.13146501050701,129.6047,-15.793700000000001,1.0,D
2,252.30824170580365,128.6047,-16.7937,1.0,D
2,252.80824170580365,128.6047,-20.7937,1.0,D
2,252.9850184011003,127.60470000000001,-21.7937,1.0,D
2,253.3600184011003,127.60470000000001,-24.7937,1.0,D
2,253.53679509639693,126.60470000000001,-25.7937,1.0,D
2,253.78679509639693,126.60470000000001,-27.7937,1.0,D
2,253.96357179169357,125.60470000000001,-28.7937,1.0,D
2,254.21357179169357,125.60470000000001,-30.7937,1.0,D
2,254.3903484869902,124.60470000000001,-31.7937,1.0,D
2,254.6403484869902,124.60470000000001,-33.7937,1.0,D
2,254.81712518228684,123.60470000000001,-34.7937,1.0,D
2,255.06712518228684,123.60470000000001,-36.7937,1.0,D
2,255.24390187758348,122.60470000000001,-37.7937,1.0,D
2,255.36890187758348,122.60470000000001,-38.7937,1.0,D
2,255.54567857288012,121.60470000000001,-39.7937,1.0,D
2,255.79567857288012,121.60470000000001,-41.7937,1.0,D
2,255.97245526817676,120.60470000000001,-42.7937,1.0,D
2,256.09745526817676,120.60470000000001,-43.7937,1.0,D
2,256.27423196347337,119.60470000000001,-44.7937,1.0,D
2,256.52423196347337,119.60470000000001,-46.7937,1.0,D
2,256.70100865877,118.60470000000001,-47.7937,1.0,D
2,256.82600865877,118.60470000000001,-48.7937,1.0,D
2,257.0027853540666,117.60470000000001,-49.7937,1.0,D
2,257.1277853540666,117.60470000000001,-50.7937,1.0,D
2,257.3045620493632,116.60470000000001,-51.7937,1.0,D
2,257.4295620493632,116.60470000000001,-52.7937,1.0,D
2,257.7831154399565,114.60470000000001,-54.7937,1.0,D
2,257.9081154399565,114.60470000000001,-55.7937,1.0,D
2,258.0848921352531,113.60470000000001,-56.7937,1.0,D
2,258.2098921352531,113.60470000000001,-57.7937,1.0,D
2,258.3866688305497,112.60470000000001,-58.7937,1.0,D
2,258.5116688305497,112.60470000000001,-59.7937,1.0,D
2,258.865222221143,110.60470000000001,-61.7937,1.0,D
2,258.990222221143,110.60470000000001,-62.7937,1.0,D
2,259.34377561173625,108.60470000000001,-64.7937,1.0,D
2,259.46877561173625,108.60470000000001,-65.7937,1.0,D
2,259.99910569762613,105.60470000000001,-68.7937,1.0,D
2,260.12410569762613,105.60470000000001,-69.7937,1.0,D
2,260.8312124788127,101.60470000000001,-73.7937,1.0,D
2,260.9562124788127,101.60470000000001,-74.7937,1.0,D
2,263.60786290826223,86.60470000000001,-89.7937,1.0,T
2,263.9612591290809,117.60470000000001,-132.7937,1.0,D
2,264.6683659102674,113.60470000000001,-136.7937,1.0,D
2,264.7933659102674,112.60470000000001,-136.7937,1.0,D
2,265.3236959961573,109.60470000000001,-139.7937,1.0,D
2,265.4486959961573,108.60470000000001,-139.7937,1.0,D
2,265.8022493867506,106.60470000000001,-141.7937,1.0,D
2,265.9272493867506,105.60470000000001,-141.7937,1.0,D
2,266.28080277734387,103.60470000000001,-143.7937,1.0,D
2,266.40580277734387,102.60470000000001,-143.7937,1.0,D
2,266.75935616793714,100.60470000000001,-145.7937,1.0,D
2,266.88435616793714,99.60470000000001,-145.7937,1.0,D
2,267.06113286323375,98.60470000000001,-146.7937,1.0,D
2,267.18613286323375,97.60470000000001,-146.7937,1.0,D
2,267.539686253827,95.60470000000001,-148.7937,1.0,D
2,267.664686253827,94.60470000000001,-148.7937,1.0,D
2,267.84146294912364,93.60470000000001,-149.7937,1.0,D
2,267.96646294912364,92.60470000000001,-149.7937,1.0,D
2,268.14323964442025,91.60470000000001,-150.7937,1.0,D
2,268.26823964442025,90.60470000000001,-150.7937,1.0,T
2,268.4845727209481,117.60470000000001,-132.7937,1.0,D
2,268.6095727209481,118.60470000000001,-132.7937,1.0,D
2,269.49345619743127,123.60470000000001,-127.7937,1.0,D
2,269.61845619743127,124.60470000000001,-127.7937,1.0,D
2,272.2701066268808,139.6047,-112.7937,1.0,D
2,272.3951066268808,139.6047,-111.7937,1.0,D
2,273.278990103364,144.6047,-106.7937,1.0,D
2,273.403990103364,144.6047,-105.7937,1.0,D
2,274.11109688455053,148.6047,-101.7937,1.0,D
2,274.23609688455053,148.6047,-100.7937,1.0,D
2,274.7664269704404,151.6047,-97.7937,1.0,D
2,274.8914269704404,151.6047,-96.7937,1.0,D
2,275.2449803610337,153.6047,-94.7937,1.0,D
2,275.3699803610337,153.6047,-93.7937,1.0,D
2,275.723533751627,155.6047,-91.7937,1.0,D
2,275.848533751627,155.6047,-90.7937,1.0,D
2,276.20208714222025,157.6047,-88.7937,1.0,D
2,276.32708714222025,157.6047,-87.7937,1.0,D
2,276.50386383751686,158.6047,-86.7937,1.0,D
2,276.62886383751686,158.6047,-85.7937,1.0,D
2,276.98241722811014,160.6047,-83.7937,1.0,D
2,277.10741722811014,160.6047,-82.7937,1.0,D
2,277.28419392340675,161.6047,-81.7937,1.0,D
2,277.40919392340675,161.6047,-80.7937,1.0,D
2,277.58597061870336,162.6047,-79.7937,1.0,D
2,277.71097061870336,162.6047,-78.7937,1.0,D
2,277.88774731399997,163.6047,-77.7937,1.0,D
2,278.01274731399997,163.6047,-76.7937,1.0,D
2,278.36630070459324,165.6047,-74.7937,1.0,D
2,278.49130070459324,165.6047,-73.7937,1.0,D
2,278.66807739988985,166.6047,-72.7937,1.0,D
2,278.79307739988985,166.6047,-71.7937,1.0,D
2,278.96985409518646,167.6047,-70.7937,1.0,D
2,279.21985409518646,167.6047,-68.7937,1.0,D
2,279.3966307904831,168.6047,-67.7937,1.0,D
2,279.5216307904831,168.6047,-66.7937,1.0,D
2,279.6984074857797,169.6047,-65.7937,1.0,D
2,279.8234074857797,169.6047,-64.7937,1.0,D
2,280.0001841810763,170.6047,-63.7937,1.0,D
2,280.2501841810763,170.6047,-61.7937,1.0,D
2,280.4269608763729,171.6047,-60.7937,1.0,D
2,280.5519608763729,171.6047,-59.7937,1.0,D
2,280.7287375716695,172.6047,-58.7937,1.0,D
2,280.9787375716695,172.6047,-56.7937,1.0,D
2,281.1555142669661,173.6047,-55.7937,1.0,D
2,281.4055142669661,173.6047,-53.7937,1.0,D
2,281.58229096226273,174.6047,-52.7937,1.0,D
2,281.83229096226273,174.6047,-50.7937,1.0,D
2,282.00906765755934,175.6047,-49.7937,1.0,D
2,282.25906765755934,175.6047,-47.7937,1.0,D
2,282.43584435285595,176.6047,-46.7937,1.0,D
2,282.68584435285595,176.6047,-44.7937,1.0,D
2,282.86262104815256,177.6047,-43.7937,1.0,D
2,283.11262104815256,177.6047,-41.7937,1.0,D
2,283.2893977434492,178.6047,-40.7937,1.0,D
2,283.6643977434492,178.6047,-37.7937,1.0,D
2,283.8411744387458,179.6047,-36.7937,1.0,D
2,284.0911744387458,179.6047,-34.7937,1.0,D
2,284.2679511340424,180.6047,-33.7937,1.0,D
2,284.7679511340424,180.6047,-29.7937,1.0,D
2,284.944727829339,181.6047,-28.7937,1.0,D
2,285.444727829339,181.6047,-24.7937,1.0,D
2,285.6215045246356,182.6047,-23.7937,1.0,D
2,286.2465045246356,182.6047,-18.7937,1.0,D
2,286.4232812199322,183.6047,-17.7937,1.0,D
2,287.4232812199322,183.6047,-9.793700000000001,1.0,D
2,287.60005791522883,184.6047,-8.793700000000001,1.0,D
2,288.47505791522883,184.6047,-1.7937000000000012,1.0,T
2,297.54413894800643,500.0,866.025404,1000.0,W
2,522.902106124971,500.0,866.025404,1000.0,T
2,531.6901784208388,86.60470000000001,109.2063,3.0,D
2,533.6347220691018,97.60470000000001,98.2063,3.0,D
2,533.7597220691018,97.60470000000001,97.2063,3.0,D
2,534.643605545585,102.60470000000001,92.2063,3.0,D
2,534.768605545585,102.60470000000001,91.2063,3.0,D
2,535.1221589361783,104.60470000000001,89.2063,3.0,D
2,535.2471589361783,104.60470000000001,88.2063,3.0,D
2,535.6007123267715,106.60470000000001,86.2063,3.0,D
2,535.7257123267715,106.60470000000001,85.2063,3.0,D
2,536.0792657173647,108.60470000000001,83.2063,3.0,D
2,536.2042657173647,108.60470000000001,82.2063,3.0,D
2,536.5578191079579,110.60470000000001,80.2063,3.0,D
2,536.6828191079579,110.60470000000001,79.2063,3.0,D
2,537.0363724985511,112.60470000000001,77.2063,3.0,D
2,537.1613724985511,112.60470000000001,76.2063,3.0,D
2,537.3381491938478,113.60470000000001,75.2063,3.0,D
2,537.4631491938478,113.60470000000001,74.2063,3.0,D
2,537.6399258891445,114.60470000000001,73.2063,3.0,D
2,537.7649258891445,114.60470000000001,72.2063,3.0,D
2,537.9417025844411,115.60470000000001,71.2063,3.0,D
2,538.0667025844411,115.60470000000001,70.2063,3.0,D
2,538.2434792797378,116.60470000000001,69.2063,3.0,D
2,538.3684792797378,116.60470000000001,68.2063,3.0,D
2,538.5452559750345,117.60470000000001,67.2063,3.0,D
2,538.6702559750345,117.60470000000001,66.2063,3.0,D
2,538.8470326703311,118.60470000000001,65.2063,3.0,D
2,538.9720326703311,118.60470000000001,64.2063,3.0,D
2,539.1488093656278,119.60470000000001,63.2063,3.0,D
2,539.2738093656278,119.60470000000001,62.2063,3.0,D
2,539.4505860609245,120.60470000000001,61.2063,3.0,D
2,539.5755860609245,120.60470000000001,60.2063,3.0,D
2,539.7523627562211,121.60470000000001,59.2063,3.0,D
2,540.0023627562211,121.60470000000001,57.2063,3.0,D
2,540.1791394515178,122.60470000000001,56.2063,3.0,D
2,540.3041394515178,122.60470000000001,55.2063,3.0,D
2,540.4809161468145,123.60470000000001,54.2063,3.0,D
2,540.7309161468145,123.60470000000001,52.2063,3.0,D
2,540.9076928421111,124.60470000000001,51.2063,3.0,D
2,541.1576928421111,124.60470000000001,49.2063,3.0,D
2,541.3344695374078,125.60470000000001,48.2063,3.0,D
2,541.5844695374078,125.60470000000001,46.2063,3.0,D
2,541.7612462327045,126.60470000000001,45.2063,3.0,D
2,542.1362462327045,126.60470000000001,42.2063,3.0,D
2,542.3130229280011,127.60470000000001,41.2063,3.0,D
2,542.5630229280011,127.60470000000001,39.2063,3.0,D
2,542.7397996232978,128.6047,38.2063,3.0,D
2,543.2397996232978,128.6047,34.2063,3.0,D
2,543.4165763185945,129.6047,33.2063,3.0,D
2,544.0415763185945,129.6047,28.2063,3.0,D
2,544.2183530138911,130.6047,27.2063,3.0,D
2,548.8433530138911,130.6047,-9.793700000000001,3.0,D
2,549.0201297091878,129.6047,-10.793700000000001,3.0,D
2,549.6451297091878,129.6047,-15.793700000000001,3.0,D
2,549.8219064044845,128.6047,-16.7937,3.0,D
2,550.3219064044845,128.6047,-20.7937,3.0,D
2,550.4986830997811,127.60470000000001,-21.7937,3.0,D
2,550.8736830997811,127.60470000000001,-24.7937,3.0,D
2,551.0504597950778,126.60470000000001,-25.7937,3.0,D
2,551.3004597950778,126.60470000000001,-27.7937,3.0,D
2,551.4772364903745,125.60470000000001,-28.7937,3.0,D
2,551.7272364903745,125.60470000000001,-30.7937,3.0,D
2,551.9040131856711,124.60470000000001,-31.7937,3.0,D
2,552.1540131856711,124.60470000000001,-33.7937,3.0,D
2,552.3307898809678,123.60470000000001,-34.7937,3.0,D
2,552.5807898809678,123.60470000000001,-36.7937,3.0,D
2,552.7575665762645,122.60470000000001,-37.7937,3.0,D
2,552.8825665762645,122.60470000000001,-38.7937,3.0,D
2,553.0593432715611,121.60470000000001,-39.7937,3.0,D
2,553.3093432715611,121.60470000000001,-41.7937,3.0,D
2,553.4861199668578,120.60470000000001,-42.7937,3.0,D
2,553.6111199668578,120.60470000000001,-43.7937,3.0,D
2,553.7878966621545,119.60470000000001,-44.7937,3.0,D
2,554.0378966621545,119.60470000000001,-46.7937,3.0,D
2,554.2146733574511,118.60470000000001,-47.7937,3.0,D
2,554.3396733574511,118.60470000000001,-48.7937,3.0,D
2,554.5164500527478,117.60470000000001,-49.7937,3.0,D
2,554.6414500527478,117.60470000000001,-50.7937,3.0,D
2,554.8182267480445,116.60470000000001,-51.7937,3.0,D
2,554.9432267480445,116.60470000000001,-52.7937,3.0,D
2,555.2967801386377,114.60470000000001,-54.7937,3.0,D
2,555.4217801386377,114.60470000000001,-55.7937,3.0,D
2,555.5985568339344,113.60470000000001,-56.7937,3.0,D
2,555.7235568339344,113.60470000000001,-57.7937,3.0,D
2,555.900333529231,112.60470000000001,-58.7937,3.0,D
2,556.025333529231,112.60470000000001,-59.7937,3.0,D
2,556.3788869198243,110.60470000000001,-61.7937,3.0,D
2,556.5038869198243,110.60470000000001,-62.7937,3.0,D
2,556.8574403104175,108.60470000000001,-64.7937,3.0,D
2,556.9824403104175,108.60470000000001,-65.7937,3.0,D
2,557.5127703963074,105.60470000000001,-68.7937,3.0,D
2,557.6377703963074,105.60470000000001,-69.7937,3.0,D
2,558.3448771774939,101.60470000000001,-73.7937,3.0,D
2,558.4698771774939,101.60470000000001,-74.7937,3.0,D
2,561.1215276069435,86.60470000000001,-89.7937,3.0,T
2,561.474923827762,117.60470000000001,-132.7937,3.0,D
2,562.1820306089486,113.60470000000001,-136.7937,3.0,D
2,562.3070306089486,112.60470000000001,-136.7937,3.0,D
2,562.8373606948385,109.60470000000001,-139.7937,3.0,D
2,562.9623606948385,108.60470000000001,-139.7937,3.0,D
2,563.3159140854317,106.60470000000001,-141.7937,3.0,D
2,563.4409140854317,105.60470000000001,-141.7937,3.0,D
2,563.7944674760249,103.60470000000001,-143.7937,3.0,D
2,563.9194674760249,102.60470000000001,-143.7937,3.0,D
2,564.2730208666181,100.60470000000001,-145.7937,3.0,D
2,564.3980208666181,99.60470000000001,-145.7937,3.0,D
2,564.5747975619148,98.60470000000001,-146.7937,3.0,D
2,564.6997975619148,97.60470000000001,-146.7937,3.0,D
2,565.053350952508,95.60470000000001,-148.7937,3.0,D
2,565.178350952508,94.60470000000001,-148.7937,3.0,D
2,565.3551276478047,93.60470000000001,-149.7937,3.0,D
2,565.4801276478047,92.60470000000001,-149.7937,3.0,D
2,565.6569043431014,91.60470000000001,-150.7937,3.0,D
2,565.7819043431014,90.60470000000001,-150.7937,3.0,T
2,565.9982374196292,117.60470000000001,-132.7937,3.0,D
2,566.1232374196292,118.60470000000001,-132.7937,3.0,D
2,567.0071208961124,123.60470000000001,-127.7937,3.0,D
2,567.1321208961124,124.60470000000001,-127.7937,3.0,D
2,569.7837713255619,139.6047,-112.7937,3.0,D
2,569.9087713255619,139.6047,-111.7937,3.0,D
2,570.7926548020451,144.6047,-106.7937,3.0,D
2,570.9176548020451,144.6047,-105.7937,3.0,D
2,571.6247615832317,148.6047,-101.7937,3.0,D
2,571.7497615832317,148.6047,-100.7937,3.0,D
2,572.2800916691216,151.6047,-97.7937,3.0,D
2,572.4050916691216,151.6047,-96.7937,3.0,D
2,572.7586450597148,153.6047,-94.7937,3.0,D
2,572.8836450597148,153.6047,-93.7937,3.0,D
2,573.237198450308,155.6047,-91.7937,3.0,D
2,573.362198450308,155.6047,-90.7937,3.0,D
2,573.7157518409012,157.6047,-88.7937,3.0,D
2,573.8407518409012,157.6047,-87.7937,3.0,D
2,574.0175285361979,158.6047,-86.7937,3.0,D
2,574.1425285361979,158.6047,-85.7937,3.0,D
2,574.4960819267911,160.6047,-83.7937,3.0,D
2,574.6210819267911,160.6047,-82.7937,3.0,D
2,574.7978586220878,161.6047,-81.7937,3.0,D
2,574.9228586220878,161.6047,-80.7937,3.0,D
2,575.0996353173845,162.6047,-79.7937,3.0,D
2,575.2246353173845,162.6047,-78.7937,3.0,D
2,575.4014120126811,163.6047,-77.7937,3.0,D
2,575.5264120126811,163.6047,-76.7937,3.0,D
2,575.8799654032744,165.6047,-74.7937,3.0,D
2,576.0049654032744,165.6047,-73.7937,3.0,D
2,576.181742098571,166.6047,-72.7937,3.0,D
2,576.306742098571,166.6047,-71.7937,3.0,D
2,576.4835187938677,167.6047,-70.7937,3.0,D
2,576.7335187938677,167.6047,-68.7937,3.0,D
2,576.9102954891644,168.6047,-67.7937,3.0,D
2,577.0352954891644,168.6047,-66.7937,3.0,D
2,577.212072184461,169.6047,-65.7937,3.0,D
2,577.337072184461,169.6047,-64.7937,3.0,D
2,577.5138488797577,170.6047,-63.7937,3.0,D
2,577.7638488797577,170.6047,-61.7937,3.0,D
2,577.9406255750544,171.6047,-60.7937,3.0,D
2,578.0656255750544,171.6047,-59.7937,3.0,D
2,578.242402270351,172.6047,-58.7937,3.0,D
2,578.492402270351,172.6047,-56.7937,3.0,D
2,578.6691789656477,173.6047,-55.7937,3.0,D
2,578.9191789656477,173.6047,-53.7937,3.0,D
2,579.0959556609444,174.6047,-52.7937,3.0,D
2,579.3459556609444,174.6047,-50.7937,3.0,D
2,579.522732356241,175.6047,-49.7937,3.0,D
2,579.772732356241,175.6047,-47.7937,3.0,D
2,579.9495090515377,176.6047,-46.7937,3.0,D
2,580.1995090515377,176.6047,-44.7937,3.0,D
2,580.3762857468344,177.6047,-43.7937,3.0,D
2,580.6262857468344,177.6047,-41.7937,3.0,D
2,580.803062442131,178.6047,-40.7937,3.0,D
2,581.178062442131,178.6047,-37.7937,3.0,D
2,581.3548391374277,179.6047,-36.7937,3.0,D
2,581.6048391374277,179.6047,-34.7937,3.0,D
2,581.7816158327244,180.6047,-33.7937,3.0,D
2,582.2816158327244,180.6047,-29.7937,3.0,D
2,582.458392528021,181.6047,-28.7937,3.0,D
2,582.958392528021,181.6047,-24.7937,3.0,D
2,583.1351692233177,182.6047,-23.7937,3.0,D
2,583.7601692233177,182.6047,-18.7937,3.0,D
2,583.9369459186144,183.6047,-17.7937,3.0,D
2,584.9369459186144,183.6047,-9.793700000000001,3.0,D
2,585.113722613911,184.6047,-8.793700000000001,3.0,D
2,585.988722613911,184.6047,-1.7937000000000012,3.0,T
2,595.048016656874,500.0,866.025404,1000.0,W
2,820.3856152924393,500.0,866.025404,1000.0,T
2,829.1636075464078,86.60470000000001,109.2063,5.0,D
2,831.1081511946708,97.60470000000001,98.2063,5.0,D
2,831.2331511946708,97.60470000000001,97.2063,5.0,D
2,832.117034671154,102.60470000000001,92.2063,5.0,D
2,832.242034671154,102.60470000000001,91.2063,5.0,D
2,832.5955880617472,104.60470000000001,89.2063,5.0,D
2,832.7205880617472,104.60470000000001,88.2063,5.0,D
2,833.0741414523404,106.60470000000001,86.2063,5.0,D
2,833.1991414523404,106.60470000000001,85.2063,5.0,D
2,833.5526948429336,108.60470000000001,83.2063,5.0,D
2,833.6776948429336,108.60470000000001,82.2063,5.0,D
2,834.0312482335269,110.60470000000001,80.2063,5.0,D
2,834.1562482335269,110.60470000000001,79.2063,5.0,D
2,834.5098016241201,112.60470000000001,77.2063,5.0,D
2,834.6348016241201,112.60470000000001,76.2063,5.0,D
2,834.8115783194168,113.60470000000001,75.2063,5.0,D
2,834.9365783194168,113.60470000000001,74.2063,5.0,D
2,835.1133550147134,114.60470000000001,73.2063,5.0,D
2,835.2383550147134,114.60470000000001,72.2063,5.0,D
2,835.4151317100101,115.60470000000001,71.2063,5.0,D
2,835.5401317100101,115.60470000000001,70.2063,5.0,D
2,835.7169084053068,116.60470000000001,69.2063,5.0,D
2,835.8419084053068,116.60470000000001,68.2063,5.0,D
2,836.0186851006034,117.60470000000001,67.2063,5.0,D
2,836.1436851006034,117.60470000000001,66.2063,5.0,D
2,836.3204617959001,118.60470000000001,65.2063,5.0,D
2,836.4454617959001,118.60470000000001,64.2063,5.0,D
2,836.6222384911968,119.60470000000001,63.2063,5.0,D
2,836.7472384911968,119.60470000000001,62.2063,5.0,D
2,836.9240151864934,120.60470000000001,61.2063,5.0,D
2,837.0490151864934,120.60470000000001,60.2063,5.0,D
2,837.2257918817901,121.60470000000001,59.2063,5.0,D
2,837.4757918817901,121.60470000000001,57.2063,5.0,D
2,837.6525685770868,122.60470000000001,56.2063,5.0,D
2,837.7775685770868,122.60470000000001,55.2063,5.0,D
2,837.9543452723834,123.60470000000001,54.2063,5.0,D
2,838.2043452723834,123.60470000000001,52.2063,5.0,D
2,838.3811219676801,124.60470000000001,51.2063,5.0,D
2,838.6311219676801,124.60470000000001,49.2063,5.0,D
2,838.8078986629768,125.60470000000001,48.2063,5.0,D
2,839.0578986629768,125.60470000000001,46.2063,5.0,D
2,839.2346753582734,126.60470000000001,45.2063,5.0,D
2,839.6096753582734,126.60470000000001,42.2063,5.0,D
2,839.7864520535701,127.60470000000001,41.2063,5.0,D
2,840.0364520535701,127.60470000000001,39.2063,5.0,D
2,840.2132287488668,128.6047,38.2063,5.0,D
2,840.7132287488668,128.6047,34.2063,5.0,D
2,840.8900054441634,129.6047,33.2063,5.0,D
2,841.5150054441634,129.6047,28.2063,5.0,D
2,841.6917821394601,130.6047,27.2063,5.0,D
2,846.3167821394601,130.6047,-9.793700000000001,5.0,D
2,846.4935588347568,129.6047,-10.793700000000001,5.0,D
2,847.1185588347568,129.6047,-15.793700000000001,5.0,D
2,847.2953355300534,128.6047,-16.7937,5.0,D
2,847.7953355300534,128.6047,-20.7937,5.0,D
2,847.9721122253501,127.60470000000001,-21.7937,5.0,D
2,848.3471122253501,127.60470000000001,-24.7937,5.0,D
2,848.5238889206468,126.60470000000001,-25.7937,5.0,D
2,848.7738889206468,126.60470000000001,-27.7937,5.0,D
2,848.9506656159434,125.60470000000001,-28.7937,5.0,D
2,849.2006656159434,125.60470000000001,-30.7937,5.0,D
2,849.3774423112401,124.60470000000001,-31.7937,5.0,D
2,849.6274423112401,124.60470000000001,-33.7937,5.0,D
2,849.8042190065368,123.60470000000001,-34.7937,5.0,D
2,850.0542190065368,123.60470000000001,-36.7937,5.0,D
2,850.2309957018334,122.60470000000001,-37.7937,5.0,D
2,850.3559957018334,122.60470000000001,-38.7937,5.0,D
2,850.5327723971301,121.60470000000001,-39.7937,5.0,D
2,850.7827723971301,121.60470000000001,-41.7937,5.0,D
2,850.9595490924268,120.60470000000001,-42.7937,5.0,D
2,851.0845490924268,120.60470000000001,-43.7937,5.0,D
2,851.2613257877234,119.60470000000001,-44.7937,5.0,D
2,851.5113257877234,119.60470000000001,-46.7937,5.0,D
2,851.6881024830201,118.60470000000001,-47.7937,5.0,D
2,851.8131024830201,118.60470000000001,-48.7937,5.0,D
2,851.9898791783168,117.60470000000001,-49.7937,5.0,D
2,852.1148791783168,117.60470000000001,-50.7937,5.0,D
2,852.2916558736134,116.60470000000001,-51.7937,5.0,D
2,852.4166558736134,116.60470000000001,-52.7937,5.0,D
2,852.7702092642066,114.60470000000001,-54.7937,5.0,D
2,852.8952092642066,114.60470000000001,-55.7937,5.0,D
2,853.0719859595033,113.60470000000001,-56.7937,5.0,D
2,853.1969859595033,113.60470000000001,-57.7937,5.0,D
2,853.3737626548,112.60470000000001,-58.7937,5.0,D
2,853.4987626548,112.60470000000001,-59.7937,5.0,D
2,853.8523160453932,110.60470000000001,-61.7937,5.0,D
2,853.9773160453932,110.60470000000001,-62.7937,5.0,D
2,854.3308694359864,108.60470000000001,-64.7937,5.0,D
2,854.4558694359864,108.60470000000001,-65.7937,5.0,D
2,854.9861995218763,105.60470000000001,-68.7937,5.0,D
2,855.1111995218763,105.60470000000001,-69.7937,5.0,D
2,855.8183063030629,101.60470000000001,-73.7937,5.0,D
2,855.9433063030629,101.60470000000001,-74.7937,5.0,D
2,858.5949567325124,86.60470000000001,-89.7937,5.0,T
2,858.948352953331,117.60470000000001,-132.7937,5.0,D
2,859.6554597345175,113.60470000000001,-136.7937,5.0,D
2,859.7804597345175,112.60470000000001,-136.7937,5.0,D
2,860.3107898204074,109.60470000000001,-139.7937,5.0,D
2,860.4357898204074,108.60470000000001,-139.7937,5.0,D
2,860.7893432110006,106.60470000000001,-141.7937,5.0,D
2,860.9143432110006,105.60470000000001,-141.7937,5.0,D
2,861.2678966015939,103.60470000000001,-143.7937,5.0,D
2,861.3928966015939,102.60470000000001,-143.7937,5.0,D
2,861.7464499921871,100.60470000000001,-145.7937,5.0,D
2,861.8714499921871,99.60470000000001,-145.7937,5.0,D
2,862.0482266874837,98.60470000000001,-146.7937,5.0,D
2,862.1732266874837,97.60470000000001,-146.7937,5.0,D
2,862.526780078077,95.60470000000001,-148.7937,5.0,D
2,862.651780078077,94.60470000000001,-148.7937,5.0,D
2,862.8285567733736,93.60470000000001,-149.7937,5.0,D
2,862.9535567733736,92.60470000000001,-149.7937,5.0,D
2,863.1303334686703,91.60470000000001,-150.7937,5.0,D
2,863.2553334686703,90.60470000000001,-150.7937,5.0,T
2,863.4716665451981,117.60470000000001,-132.7937,5.0,D
2,863.5966665451981,118.60470000000001,-132.7937,5.0,D
2,864.4805500216813,123.60470000000001,-127.7937,5.0,D
2,864.6055500216813,124.60470000000001,-127.7937,5.0,D
2,867.2572004511309,139.6047,-112.7937,5.0,D
2,867.3822004511309,139.6047,-111.7937,5.0,D
2,868.2660839276141,144.6047,-106.7937,5.0,D
2,868.3910839276141,144.6047,-105.7937,5.0,D
2,869.0981907088006,148.6047,-101.7937,5.0,D
2,869.2231907088006,148.6047,-100.7937,5.0,D
2,869.7535207946905,151.6047,-97.7937,5.0,D
2,869.8785207946905,151.6047,-96.7937,5.0,D
2,870.2320741852838,153.6047,-94.7937,5.0,D
2,870.3570741852838,153.6047,-93.7937,5.0,D
2,870.710627575877,155.6047,-91.7937,5.0,D
2,870.835627575877,155.6047,-90.7937,5.0,D
2,871.1891809664702,157.6047,-88.7937,5.0,D
2,871.3141809664702,157.6047,-87.7937,5.0,D
2,871.4909576617669,158.6047,-86.7937,5.0,D
2,871.6159576617669,158.6047,-85.7937,5.0,D
2,871.9695110523601,160.6047,-83.7937,5.0,D
2,872.0945110523601,160.6047,-82.7937,5.0,D
2,872.2712877476567,161.6047,-81.7937,5.0,D
2,872.3962877476567,161.6047,-80.7937,5.0,D
2,872.5730644429534,162.6047,-79.7937,5.0,D
2,872.6980644429534,162.6047,-78.7937,5.0,D
2,872.8748411382501,163.6047,-77.7937,5.0,D
2,872.9998411382501,163.6047,-76.7937,5.0,D
2,873.3533945288433,165.6047,-74.7937,5.0,D
2,873.4783945288433,165.6047,-73.7937,5.0,D
2,873.65517122414,166.6047,-72.7937,5.0,D
2,873.78017122414,166.6047,-71.7937,5.0,D
2,873.9569479194366,167.6047,-70.7937,5.0,D
2,874.2069479194366,167.6047,-68.7937,5.0,D
2,874.3837246147333,168.6047,-67.7937,5.0,D
2,874.5087246147333,168.6047,-66.7937,5.0,D
2,874.68550131003,169.6047,-65.7937,5.0,D
2,874.81050131003,169.6047,-64.7937,5.0,D
2,874.9872780053266,170.6047,-63.7937,5.0,D
2,875.2372780053266,170.6047,-61.7937,5.0,D
2,875.4140547006233,171.6047,-60.7937,5.0,D
2,875.5390547006233,171.6047,-59.7937,5.0,D
2,875.71583139592,172.6047,-58.7937,5.0,D
2,875.96583139592,172.6047,-56.7937,5.0,D
2,876.1426080912166,173.6047,-55.7937,5.0,D
2,876.3926080912166,173.6047,-53.7937,5.0,D
2,876.5693847865133,174.6047,-52.7937,5.0,D
2,876.8193847865133,174.6047,-50.7937,5.0,D
2,876.99616148181,175.6047,-49.7937,5.0,D
2,877.24616148181,175.6047,-47.7937,5.0,D
2,877.4229381771066,176.6047,-46.7937,5.0,D
2,877.6729381771066,176.6047,-44.7937,5.0,D
2,877.8497148724033,177.6047,-43.7937,5.0,D
2,878.0997148724033,177.6047,-41.7937,5.0,D
2,878.2764915677,178.6047,-40.7937,5.0,D
2,878.6514915677,178.6047,-37.7937,5.0,D
2,878.8282682629966,179.6047,-36.7937,5.0,D
2,879.0782682629966,179.6047,-34.7937,5.0,D
2,879.2550449582933,180.6047,-33.7937,5.0,D
2,879.7550449582933,180.6047,-29.7937,5.0,D
2,879.93182165359,181.6047,-28.7937,5.0,D
2,880.43182165359,181.6047,-24.7937,5.0,D
2,880.6085983488866,182.6047,-23.7937,5.0,D
2,881.2335983488866,182.6047,-18.7937,5.0,D
2,881.4103750441833,183.6047,-17.7937,5.0,D
2,882.4103750441833,183.6047,-9.793700000000001,5.0,D
2,882.58715173948,184.6047,-8.793700000000001,5.0,D
2,883.46215173948,184.6047,-1.7937000000000012,5.0,T
2,892.511667853074,500.0,866.025404,1000.0,W
2,1117.828915015563,500.0,866.025404,1000.0,T
2,1126.5968359150477,86.60470000000001,109.2063,7.0,D
2,1128.5413795633108,97.60470000000001,98.2063,7.0,D
2,1128.6663795633108,97.60470000000001,97.2063,7.0,D
2,1129.550263039794,102.60470000000001,92.2063,7.0,D
2,1129.675263039794,102.60470000000001,91.2063,7.0,D
2,1130.0288164303872,104.60470000000001,89.2063,7.0,D
2,1130.1538164303872,104.60470000000001,88.2063,7.0,D
2,1130.5073698209806,106.60470000000001,86.2063,7.0,D
2,1130.6323698209806,106.60470000000001,85.2063,7.0,D
2,1130.985923211574,108.60470000000001,83.2063,7.0,D
2,1131.110923211574,108.60470000000001,82.2063,7.0,D
2,1131.4644766021672,110.60470000000001,80.2063,7.0,D
2,1131.5894766021672,110.60470000000001,79.2063,7.0,D
2,1131.9430299927606,112.60470000000001,77.2063,7.0,D
2,1132.0680299927606,112.60470000000001,76.2063,7.0,D
2,1132.2448066880572,113.60470000000001,75.2063,7.0,D
2,1132.3698066880572,113.60470000000001,74.2063,7.0,D
2,1132.546583383354,114.60470000000001,73.2063,7.0,D
2,1132.671583383354,114.60470000000001,72.2063,7.0,D
2,1132.8483600786506,115.60470000000001,71.2063,7.0,D
2,1132.9733600786506,115.60470000000001,70.2063,7.0,D
2,1133.1501367739472,116.60470000000001,69.2063,7.0,D
2,1133.2751367739472,116.60470000000001,68.2063,7.0,D
2,1133.451913469244,117.60470000000001,67.2063,7.0,D
2,1133.576913469244,117.60470000000001,66.2063,7.0,D
2,1133.7536901645406,118.60470000000001,65.2063,7.0,D
2,1133.8786901645406,118.60470000000001,64.2063,7.0,D
2,1134.0554668598372,119.60470000000001,63.2063,7.0,D
2,1134.1804668598372,119.60470000000001,62.2063,7.0,D
2,1134.357243555134,120.60470000000001,61.2063,7.0,D
2,1134.482243555134,120.60470000000001,60.2063,7.0,D
2,1134.6590202504306,121.60470000000001,59.2063,7.0,D
2,1134.9090202504306,121.60470000000001,57.2063,7.0,D
2,1135.0857969457272,122.60470000000001,56.2063,7.0,D
2,1135.2107969457272,122.60470000000001,55.2063,7.0,D
2,1135.387573641024,123.60470000000001,54.2063,7.0,D
2,1135.637573641024,123.60470000000001,52.2063,7.0,D
2,1135.8143503363206,124.60470000000001,51.2063,7.0,D
2,1136.0643503363206,124.60470000000001,49.2063,7.0,D
2,1136.2411270316172,125.60470000000001,48.2063,7.0,D
2,1136.4911270316172,125.60470000000001,46.2063,7.0,D
2,1136.667903726914,126.60470000000001,45.2063,7.0,D
2,1137.042903726914,126.60470000000001,42.2063,7.0,D
2,1137.2196804222106,127.60470000000001,41.2063,7.0,D
2,1137.4696804222106,127.60470000000001,39.2063,7.0,D
2,1137.6464571175072,128.6047,38.2063,7.0,D
2,1138.1464571175072,128.6047,34.2063,7.0,D
2,1138.323233812804,129.6047,33.2063,7.0,D
2,1138.948233812804,129.6047,28.2063,7.0,D
2,1139.1250105081006,130.6047,27.2063,7.0,D
2,1143.7500105081006,130.6047,-9.793700000000001,7.0,D
2,1143.9267872033972,129.6047,-10.793700000000001,7.0,D
2,1144.5517872033972,129.6047,-15.793700000000001,7.0,D
2,1144.728563898694,128.6047,-16.7937,7.0,D
2,1145.228563898694,128.6047,-20.7937,7.0,D
2,1145.4053405939906,127.60470000000001,-21.7937,7.0,D
2,1145.7803405939906,127.60470000000001,-24.7937,7.0,D
2,1145.9571172892872,126.60470000000001,-25.7937,7.0,D
2,1146.2071172892872,126.60470000000001,-27.7937,7.0,D
2,1146.383893984584,125.60470000000001,-28.7937,7.0,D
2,1146.633893984584,125.60470000000001,-30.7937,7.0,D
2,1146.8106706798806,124.60470000000001,-31.7937,7.0,D
2,1147.0606706798806,124.60470000000001,-33.7937,7.0,D
2,1147.2374473751772,123.60470000000001,-34.7937,7.0,D
2,1147.4874473751772,123.60470000000001,-36.7937,7.0,D
2,1147.664224070474,122.60470000000001,-37.7937,7.0,D
2,1147.789224070474,122.60470000000001,-38.7937,7.0,D
2,1147.9660007657706,121.60470000000001,-39.7937,7.0,D
2,1148.2160007657706,121.60470000000001,-41.7937,7.0,D
2,1148.3927774610672,120.60470000000001,-42.7937,7.0,D
2,1148.5177774610672,120.60470000000001,-43.7937,7.0,D
2,1148.694554156364,119.60470000000001,-44.7937,7.0,D
2,1148.944554156364,119.60470000000001,-46.7937,7.0,D
2,1149.1213308516606,118.60470000000001,-47.7937,7.0,D
2,1149.2463308516606,118.60470000000001,-48.7937,7.0,D
2,1149.4231075469572,117.60470000000001,-49.7937,7.0,D
2,1149.5481075469572,117.60470000000001,-50.7937,7.0,D
2,1149.724884242254,116.60470000000001,-51.7937,7.0,D
2,1149.849884242254,116.60470000000001,-52.7937,7.0,D
2,1150.2034376328472,114.60470000000001,-54.7937,7.0,D
2,1150.3284376328472,114.60470000000001,-55.7937,7.0,D
2,1150.505214328144,113.60470000000001,-56.7937,7.0,D
2,1150.630214328144,113.60470000000001,-57.7937,7.0,D
2,1150.8069910234406,112.60470000000001,-58.7937,7.0,D
2,1150.9319910234406,112.60470000000001,-59.7937,7.0,D
2,1151.285544414034,110.60470000000001,-61.7937,7.0,D
2,1151.410544414034,110.60470000000001,-62.7937,7.0,D
2,1151.7640978046272,108.60470000000001,-64.7937,7.0,D
2,1151.8890978046272,108.60470000000001,-65.7937,7.0,D
2,1152.4194278905172,105.60470000000001,-68.7937,7.0,D
2,1152.5444278905172,105.60470000000001,-69.7937,7.0,D
2,1153.2515346717037,101.60470000000001,-73.7937,7.0,D
2,1153.3765346717037,101.60470000000001,-74.7937,7.0,D
2,1156.0281851011532,86.60470000000001,-89.7937,7.0,T
2,1156.381581321972,117.60470000000001,-132.7937,7.0,D
2,1157.0886881031583,113.60470000000001,-136.7937,7.0,D
2,1157.2136881031583,112.60470000000001,-136.7937,7.0,D
2,1157.7440181890483,109.60470000000001,-139.7937,7.0,D
2,1157.8690181890483,108.60470000000001,-139.7937,7.0,D
2,1158.2225715796417,106.60470000000001,-141.7937,7.0,D
2,1158.3475715796417,105.60470000000001,-141.7937,7.0,D
2,1158.701124970235,103.60470000000001,-143.7937,7.0,D
2,1158.826124970235,102.60470000000001,-143.7937,7.0,D
2,1159.1796783608283,100.60470000000001,-145.7937,7.0,D
2,1159.3046783608283,99.60470000000001,-145.7937,7.0,D
2,1159.481455056125,98.60470000000001,-146.7937,7.0,D
2,1159.606455056125,97.60470000000001,-146.7937,7.0,D
2,1159.9600084467183,95.60470000000001,-148.7937,7.0,D
2,1160.0850084467183,94.60470000000001,-148.7937,7.0,D
2,1160.261785142015,93.60470000000001,-149.7937,7.0,D
2,1160.386785142015,92.60470000000001,-149.7937,7.0,D
2,1160.5635618373117,91.60470000000001,-150.7937,7.0,D
2,1160.6885618373117,90.60470000000001,-150.7937,7.0,T
2,1160.9048949138396,117.60470000000001,-132.7937,7.0,D
2,1161.0298949138396,118.60470000000001,-132.7937,7.0,D
2,1161.9137783903227,123.60470000000001,-127.7937,7.0,D
2,1162.0387783903227,124.60470000000001,-127.7937,7.0,D
2,1164.6904288197723,139.6047,-112.7937,7.0,D
2,1164.8154288197723,139.6047,-111.7937,7.0,D
2,1165.6993122962554,144.6047,-106.7937,7.0,D
2,1165.8243122962554,144.6047,-105.7937,7.0,D
2,1166.5314190774418,148.6047,-101.7937,7.0,D
2,1166.6564190774418,148.6047,-100.7937,7.0,D
2,1167.1867491633318,151.6047,-97.7937,7.0,D
2,1167.3117491633318,151.6047,-96.7937,7.0,D
2,1167.6653025539251,153.6047,-94.7937,7.0,D
2,1167.7903025539251,153.6047,-93.7937,7.0,D
2,1168.1438559445185,155.6047,-91.7937,7.0,D
2,1168.2688559445185,155.6047,-90.7937,7.0,D
2,1168.6224093351118,157.6047,-88.7937,7.0,D
2,1168.7474093351118,157.6047,-87.7937,7.0,D
2,1168.9241860304085,158.6047,-86.7937,7.0,D
2,1169.0491860304085,158.6047,-85.7937,7.0,D
2,1169.4027394210018,160.6047,-83.7937,7.0,D
2,1169.5277394210018,160.6047,-82.7937,7.0,D
2,1169.7045161162985,161.6047,-81.7937,7.0,D
2,1169.8295161162985,161.6047,-80.7937,7.0,D
2,1170.0062928115951,162.6047,-79.7937,7.0,D
2,1170.1312928115951,162.6047,-78.7937,7.0,D
2,1170.3080695068918,163.6047,-77.7937,7.0,D
2,1170.4330695068918,163.6047,-76.7937,7.0,D
2,1170.7866228974851,165.6047,-74.7937,7.0,D
2,1170.9116228974851,165.6047,-73.7937,7.0,D
2,1171.0883995927818,166.6047,-72.7937,7.0,D
2,1171.2133995927818,166.6047,-71.7937,7.0,D
2,1171.3901762880785,167.6047,-70.7937,7.0,D
2,1171.6401762880785,167.6047,-68.7937,7.0,D
2,1171.8169529833751,168.6047,-67.7937,7.0,D
2,1171.9419529833751,168.6047,-66.7937,7.0,D
2,1172.1187296786718,169.6047,-65.7937,7.0,D
2,1172.2437296786718,169.6047,-64.7937,7.0,D
2,1172.4205063739685,170.6047,-63.7937,7.0,D
2,1172.6705063739685,170.6047,-61.7937,7.0,D
2,1172.8472830692651,171.6047,-60.7937,7.0,D
2,1172.9722830692651,171.6047,-59.7937,7.0,D
2,1173.1490597645618,172.6047,-58.7937,7.0,D
2,1173.3990597645618,172.6047,-56.7937,7.0,D
2,1173.5758364598585,173.6047,-55.7937,7.0,D
2,1173.8258364598585,173.6047,-53.7937,7.0,D
2,1174.0026131551551,174.6047,-52.7937,7.0,D
2,1174.2526131551551,174.6047,-50.7937,7.0,D
2,1174.4293898504518,175.6047,-49.7937,7.0,D
2,1174.6793898504518,175.6047,-47.7937,7.0,D
2,1174.8561665457485,176.6047,-46.7937,7.0,D
2,1175.1061665457485,176.6047,-44.7937,7.0,D
2,1175.2829432410451,177.6047,-43.7937,7.0,D
2,1175.5329432410451,177.6047,-41.7937,7.0,D
2,1175.7097199363418,178.6047,-40.7937,7.0,D
2,1176.0847199363418,178.6047,-37.7937,7.0,D
2,1176.2614966316385,179.6047,-36.7937,7.0,D
2,1176.5114966316385,179.6047,-34.7937,7.0,D
2,1176.6882733269351,180.6047,-33.7937,7.0,D
2,1177.1882733269351,180.6047,-29.7937,7.0,D
2,1177.3650500222318,181.6047,-28.7937,7.0,D
2,1177.8650500222318,181.6047,-24.7937,7.0,D
2,1178.0418267175285,182.6047,-23.7937,7.0,D
2,1178.6668267175285,182.6047,-18.7937,7.0,D
2,1178.8436034128251,183.6047,-17.7937,7.0,D
2,1179.8436034128251,183.6047,-9.793700000000001,7.0,D
2,1180.0203801081218,184.6047,-8.793700000000001,7.0,D
2,1180.8953801081218,184.6047,-1.7937000000000012,7.0,T
2,1189.9351273821935,500.0,866.025404,1000.0,W
2,1415.2320402000566,500.0,866.025404,1000.0,T
2,1423.989898462444,86.60470000000001,109.2063,9.0,D
2,1425.9344421107069,97.60470000000001,98.2063,9.0,D
2,1426.0594421107069,97.60470000000001,97.2063,9.0,D
2,1426.94332558719,102.60470000000001,92.2063,9.0,D
2,1427.06832558719,102.60470000000001,91.2063,9.0,D
2,1427.4218789777833,104.60470000000001,89.2063,9.0,D
2,1427.5468789777833,104.60470000000001,88.2063,9.0,D
2,1427.9004323683766,106.60470000000001,86.2063,9.0,D
2,1428.0254323683766,106.60470000000001,85.2063,9.0,D
2,1428.37898575897,108.60470000000001,83.2063,9.0,D
2,1428.50398575897,108.60470000000001,82.2063,9.0,D
2,1428.8575391495633,110.60470000000001,80.2063,9.0,D
2,1428.9825391495633,110.60470000000001,79.2063,9.0,D
2,1429.3360925401566,112.60470000000001,77.2063,9.0,D
2,1429.4610925401566,112.60470000000001,76.2063,9.0,D
2,1429.6378692354533,113.60470000000001,75.2063,9.0,D
2,1429.7628692354533,113.60470000000001,74.2063,9.0,D
2,1429.93964593075,114.60470000000001,73.2063,9.0,D
2,1430.06464593075,114.60470000000001,72.2063,9.0,D
2,1430.2414226260466,115.60470000000001,71.2063,9.0,D
2,1430.3664226260466,115.60470000000001,70.2063,9.0,D
2,1430.5431993213433,116.60470000000001,69.2063,9.0,D
2,1430.6681993213433,116.60470000000001,68.2063,9.0,D
2,1430.84497601664,117.60470000000001,67.2063,9.0,D
2,1430.96997601664,117.60470000000001,66.2063,9.0,D
2,1431.1467527119366,118.60470000000001,65.2063,9.0,D
2,1431.2717527119366,118.60470000000001,64.2063,9.0,D
2,1431.4485294072333,119.60470000000001,63.2063,9.0,D
2,1431.5735294072333,119.60470000000001,62.2063,9.0,D
2,1431.75030610253,120.60470000000001,61.2063,9.0,D
2,1431.87530610253,120.60470000000001,60.2063,9.0,D
2,1432.0520827978266,121.60470000000001,59.2063,9.0,D
2,1432.3020827978266,121.60470000000001,57.2063,9.0,D
2,1432.4788594931233,122.60470000000001,56.2063,9.0,D
2,1432.6038594931233,122.60470000000001,55.2063,9.0,D
2,1432.78063618842,123.60470000000001,54.2063,9.0,D
2,1433.03063618842,123.60470000000001,52.2063,9.0,D
2,1433.2074128837166,124.60470000000001,51.2063,9.0,D
2,1433.4574128837166,124.60470000000001,49.2063,9.0,D
2,1433.6341895790133,125.60470000000001,48.2063,9.0,D
2,1433.8841895790133,125.60470000000001,46.2063,9.0,D
2,1434.06096627431,126.60470000000001,45.2063,9.0,D
2,1434.43596627431,126.60470000000001,42.2063,9.0,D
2,1434.6127429696066,127.60470000000001,41.2063,9.0,D
2,1434.8627429696066,127.60470000000001,39.2063,9.0,D
2,1435.0395196649033,128.6047,38.2063,9.0,D
2,1435.5395196649033,128.6047,34.2063,9.0,D
2,1435.7162963602,129.6047,33.2063,9.0,D
2,1436.3412963602,129.6047,28.2063,9.0,D
2,1436.5180730554966,130.6047,27.2063,9.0,D
2,1441.1430730554966,130.6047,-9.793700000000001,9.0,D
2,1441.3198497507933,129.6047,-10.793700000000001,9.0,D
2,1441.9448497507933,129.6047,-15.793700000000001,9.0,D
2,1442.12162644609,128.6047,-16.7937,9.0,D
2,1442.62162644609,128.6047,-20.7937,9.0,D
2,1442.7984031413866,127.60470000000001,-21.7937,9.0,D
2,1443.1734031413866,127.60470000000001,-24.7937,9.0,D
2,1443.3501798366833,126.60470000000001,-25.7937,9.0,D
2,1443.6001798366833,126.60470000000001,-27.7937,9.0,D
2,1443.77695653198,125.60470000000001,-28.7937,9.0,D
2,1444.02695653198,125.60470000000001,-30.7937,9.0,D
2,1444.2037332272766,124.60470000000001,-31.7937,9.0,D
2,1444.4537332272766,124.60470000000001,-33.7937,9.0,D
2,1444.6305099225733,123.60470000000001,-34.7937,9.0,D
2,1444.8805099225733,123.60470000000001,-36.7937,9.0,D
2,1445.05728661787,122.60470000000001,-37.7937,9.0,D
2,1445.18228661787,122.60470000000001,-38.7937,9.0,D
2,1445.3590633131666,121.60470000000001,-39.7937,9.0,D
2,1445.6090633131666,121.60470000000001,-41.7937,9.0,D
2,1445.7858400084633,120.60470000000001,-42.7937,9.0,D
2,1445.9108400084633,120.60470000000001,-43.7937,9.0,D
2,1446.08761670376,119.60470000000001,-44.7937,9.0,D
2,1446.33761670376,119.60470000000001,-46.7937,9.0,D
2,1446.5143933990566,118.60470000000001,-47.7937,9.0,D
2,1446.6393933990566,118.60470000000001,-48.7937,9.0,D
2,1446.8161700943533,117.60470000000001,-49.7937,9.0,D
2,1446.9411700943533,117.60470000000001,-50.7937,9.0,D
2,1447.11794678965,116.60470000000001,-51.7937,9.0,D
2,1447.24294678965,116.60470000000001,-52.7937,9.0,D
2,1447.5965001802433,114.60470000000001,-54.7937,9.0,D
2,1447.7215001802433,114.60470000000001,-55.7937,9.0,D
2,1447.89827687554,113.60470000000001,-56.7937,9.0,D
2,1448.02327687554,113.60470000000001,-57.7937,9.0,D
2,1448.2000535708366,112.60470000000001,-58.7937,9.0,D
2,1448.3250535708366,112.60470000000001,-59.7937,9.0,D
2,1448.67860696143,110.60470000000001,-61.7937,9.0,D
2,1448.80360696143,110.60470000000001,-62.7937,9.0,D
2,1449.1571603520233,108.60470000000001,-64.7937,9.0,D
2,1449.2821603520233,108.60470000000001,-65.7937,9.0,D
2,1449.8124904379133,105.60470000000001,-68.7937,9.0,D
2,1449.9374904379133,105.60470000000001,-69.7937,9.0,D
2,1450.6445972190998,101.60470000000001,-73.7937,9.0,D
2,1450.7695972190998,101.60470000000001,-74.7937,9.0,D
2,1453.4212476485493,86.60470000000001,-89.7937,9.0,T
2,1453.774643869368,117.60470000000001,-132.7937,9.0,D
2,1454.4817506505544,113.60470000000001,-136.7937,9.0,D
2,1454.6067506505544,112.60470000000001,-136.7937,9.0,D
2,1455.1370807364444,109.60470000000001,-139.7937,9.0,D
2,1455.2620807364444,108.60470000000001,-139.7937,9.0,D
2,1455.6156341270378,106.60470000000001,-141.7937,9.0,D
2,1455.7406341270378,105.60470000000001,-141.7937,9.0,D
2,1456.094187517631,103.60470000000001,-143.7937,9.0,D
2,1456.219187517631,102.60470000000001,-143.7937,9.0,D
2,1456.5727409082244,100.60470000000001,-145.7937,9.0,D
2,1456.6977409082244,99.60470000000001,-145.7937,9.0,D
2,1456.874517603521,98.60470000000001,-146.7937,9.0,D
2,1456.999517603521,97.60470000000001,-146.7937,9.0,D
2,1457.3530709941144,95.60470000000001,-148.7937,9.0,D
2,1457.4780709941144,94.60470000000001,-148.7937,9.0,D
2,1457.654847689411,93.60470000000001,-149.7937,9.0,D
2,1457.779847689411,92.60470000000001,-149.7937,9.0,D
2,1457.9566243847078,91.60470000000001,-150.7937,9.0,D
2,1458.0816243847078,90.60470000000001,-150.7937,9.0,T
2,1458.2979574612357,117.60470000000001,-132.7937,9.0,D
2,1458.4229574612357,118.60470000000001,-132.7937,9.0,D
2,1459.3068409377188,123.60470000000001,-127.7937,9.0,D
2,1459.4318409377188,124.60470000000001,-127.7937,9.0,D
2,1462.0834913671683,139.6047,-112.7937,9.0,D
2,1462.2084913671683,139.6047,-111.7937,9.0,D
2,1463.0923748436514,144.6047,-106.7937,9.0,D
2,1463.2173748436514,144.6047,-105.7937,9.0,D
2,1463.9244816248379,148.6047,-101.7937,9.0,D
2,1464.0494816248379,148.6047,-100.7937,9.0,D
2,1464.5798117107279,151.6047,-97.7937,9.0,D
2,1464.7048117107279,151.6047,-96.7937,9.0,D
2,1465.0583651013212,153.6047,-94.7937,9.0,D
2,1465.1833651013212,153.6047,-93.7937,9.0,D
2,1465.5369184919145,155.6047,-91.7937,9.0,D
2,1465.6619184919145,155.6047,-90.7937,9.0,D
2,1466.0154718825079,157.6047,-88.7937,9.0,D
2,1466.1404718825079,157.6047,-87.7937,9.0,D
2,1466.3172485778045,158.6047,-86.7937,9.0,D
2,1466.4422485778045,158.6047,-85.7937,9.0,D
2,1466.7958019683979,160.6047,-83.7937,9.0,D
2,1466.9208019683979,160.6047,-82.7937,9.0,D
2,1467.0975786636945,161.6047,-81.7937,9.0,D
2,1467.2225786636945,161.6047,-80.7937,9.0,D
2,1467.3993553589912,162.6047,-79.7937,9.0,D
2,1467.5243553589912,162.6047,-78.7937,9.0,D
2,1467.7011320542879,163.6047,-77.7937,9.0,D
2,1467.8261320542879,163.6047,-76.7937,9.0,D
2,1468.1796854448812,165.6047,-74.7937,9.0,D
2,1468.3046854448812,165.6047,-73.7937,9.0,D
2,1468.4814621401779,166.6047,-72.7937,9.0,D
2,1468.6064621401779,166.6047,-71.7937,9.0,D
2,1468.7832388354745,167.6047,-70.7937,9.0,D
2,1469.0332388354745,167.6047,-68.7937,9.0,D
2,1469.2100155307712,168.6047,-67.7937,9.0,D
2,1469.3350155307712,168.6047,-66.7937,9.0,D
2,1469.5117922260679,169.6047,-65.7937,9.0,D
2,1469.6367922260679,169.6047,-64.7937,9.0,D
2,1469.8135689213645,170.6047,-63.7937,9.0,D
2,1470.0635689213645,170.6047,-61.7937,9.0,D
2,1470.2403456166612,171.6047,-60.7937,9.0,D
2,1470.3653456166612,171.6047,-59.7937,9.0,D
2,1470.5421223119579,172.6047,-58.7937,9.0,D
2,1470.7921223119579,172.6047,-56.7937,9.0,D
2,1470.9688990072545,173.6047,-55.7937,9.0,D
2,1471.2188990072545,173.6047,-53.7937,9.0,D
2,1471.3956757025512,174.6047,-52.7937,9.0,D
2,1471.6456757025512,174.6047,-50.7937,9.0,D
2,1471.8224523978479,175.6047,-49.7937,9.0,D
2,1472.0724523978479,175.6047,-47.7937,9.0,D
2,1472.2492290931445,176.6047,-46.7937,9.0,D
2,1472.4992290931445,176.6047,-44.7937,9.0,D
2,1472.6760057884412,177.6047,-43.7937,9.0,D
2,1472.9260057884412,177.6047,-41.7937,9.0,D
2,1473.1027824837379,178.6047,-40.7937,9.0,D
2,1473.4777824837379,178.6047,-37.7937,9.0,D
2,1473.6545591790345,179.6047,-36.7937,9.0,D
2,1473.9045591790345,179.6047,-34.7937,9.0,D
2,1474.0813358743312,180.6047,-33.7937,9.0,D
2,1474.5813358743312,180.6047,-29.7937,9.0,D
2,1474.7581125696279,181.6047,-28.7937,9.0,D
2,1475.2581125696279,181.6047,-24.7937,9.0,D
2,1475.4348892649245,182.6047,-23.7937,9.0,D
2,1476.0598892649245,182.6047,-18.7937,9.0,D
2,1476.2366659602212,183.6047,-17.7937,9.0,D
2,1477.2366659602212,183.6047,-9.793700000000001,9.0,D
2,1477.4134426555179,184.6047,-8.793700000000001,9.0,D
2,1478.2884426555179,184.6047,-1.7937000000000012,9.0,T
2,1487.3184302094146,500.0,866.025404,1000.0,W
2,1712.5950258714402,500.0,866.025404,1000.0,T
2,1721.3428302441994,86.60470000000001,109.2063,11.0,D
2,1723.2873738924623,97.60470000000001,98.2063,11.0,D
2,1723.4123738924623,97.60470000000001,97.2063,11.0,D
2,1724.2962573689454,102.60470000000001,92.2063,11.0,D
2,1724.4212573689454,102.60470000000001,91.2063,11.0,D
2,1724.7748107595387,104.60470000000001,89.2063,11.0,D
2,1724.8998107595387,104.60470000000001,88.2063,11.0,D
2,1725.253364150132,106.60470000000001,86.2063,11.0,D
2,1725.378364150132,106.60470000000001,85.2063,11.0,D
2,1725.7319175407254,108.60470000000001,83.2063,11.0,D
2,1725.8569175407254,108.60470000000001,82.2063,11.0,D
2,1726.2104709313187,110.60470000000001,80.2063,11.0,D
2,1726.3354709313187,110.60470000000001,79.2063,11.0,D
2,1726.689024321912,112.60470000000001,77.2063,11.0,D
2,1726.814024321912,112.60470000000001,76.2063,11.0,D
2,1726.9908010172087,113.60470000000001,75.2063,11.0,D
2,1727.1158010172087,113.60470000000001,74.2063,11.0,D
2,1727.2925777125054,114.60470000000001,73.2063,11.0,D
2,1727.4175777125054,114.60470000000001,72.2063,11.0,D
2,1727.594354407802,115.60470000000001,71.2063,11.0,D
2,1727.719354407802,115.60470000000001,70.2063,11.0,D
2,1727.8961311030987,116.60470000000001,69.2063,11.0,D
2,1728.0211311030987,116.60470000000001,68.2063,11.0,D
2,1728.1979077983954,117.60470000000001,67.2063,11.0,D
2,1728.3229077983954,117.60470000000001,66.2063,11.0,D
2,1728.499684493692,118.60470000000001,65.2063,11.0,D
2,1728.624684493692,118.60470000000001,64.2063,11.0,D
2,1728.8014611889887,119.60470000000001,63.2063,11.0,D
2,1728.9264611889887,119.60470000000001,62.2063,11.0,D
2,1729.1032378842854,120.60470000000001,61.2063,11.0,D
2,1729.2282378842854,120.60470000000001,60.2063,11.0,D
2,1729.405014579582,121.60470000000001,59.2063,11.0,D
2,1729.655014579582,121.60470000000001,57.2063,11.0,D
2,1729.8317912748787,122.60470000000001,56.2063,11.0,D
2,1729.9567912748787,122.60470000000001,55.2063,11.0,D
2,1730.1335679701754,123.60470000000001,54.2063,11.0,D
2,1730.3835679701754,123.60470000000001,52.2063,11.0,D
2,1730.560344665472,124.60470000000001,51.2063,11.0,D
2,1730.810344665472,124.60470000000001,49.2063,11.0,D
2,1730.9871213607687,125.60470000000001,48.2063,11.0,D
2,1731.2371213607687,125.60470000000001,46.2063,11.0,D
2,1731.4138980560654,126.60470000000001,45.2063,11.0,D
2,1731.7888980560654,126.60470000000001,42.2063,11.0,D
2,1731.965674751362,127.60470000000001,41.2063,11.0,D
2,1732.215674751362,127.60470000000001,39.2063,11.0,D
2,1732.3924514466587,128.6047,38.2063,11.0,D
2,1732.8924514466587,128.6047,34.2063,11.0,D
2,1733.0692281419554,129.6047,33.2063,11.0,D
2,1733.6942281419554,129.6047,28.2063,11.0,D
2,1733.871004837252,130.6047,27.2063,11.0,D
2,1738.496004837252,130.6047,-9.793700000000001,11.0,D
2,1738.6727815325487,129.6047,-10.793700000000001,11.0,D
2,1739.2977815325487,129.6047,-15.793700000000001,11.0,D
2,1739.4745582278454,128.6047,-16.7937,11.0,D
2,1739.9745582278454,128.6047,-20.7937,11.0,D
2,1740.151334923142,127.60470000000001,-21.7937,11.0,D
2,1740.526334923142,127.60470000000001,-24.7937,11.0,D
2,1740.7031116184387,126.60470000000001,-25.7937,11.0,D
2,1740.9531116184387,126.60470000000001,-27.7937,11.0,D
2,1741.1298883137354,125.60470000000001,-28.7937,11.0,D
2,1741.3798883137354,125.60470000000001,-30.7937,11.0,D
2,1741.556665009032,124.60470000000001,-31.7937,11.0,D
2,1741.806665009032,124.60470000000001,-33.7937,11.0,D
2,1741.9834417043287,123.60470000000001,-34.7937,11.0,D
2,1742.2334417043287,123.60470000000001,-36.7937,11.0,D
2,1742.4102183996254,122.60470000000001,-37.7937,11.0,D
2,1742.5352183996254,122.60470000000001,-38.7937,11.0,D
2,1742.711995094922,121.60470000000001,-39.7937,11.0,D
2,1742.961995094922,121.60470000000001,-41.7937,11.0,D
2,1743.1387717902187,120.60470000000001,-42.7937,11.0,D
2,1743.2637717902187,120.60470000000001,-43.7937,11.0,D
2,1743.4405484855154,119.60470000000001,-44.7937,11.0,D
2,1743.6905484855154,119.60470000000001,-46.7937,11.0,D
2,1743.867325180812,118.60470000000001,-47.7937,11.0,D
2,1743.992325180812,118.60470000000001,-48.7937,11.0,D
2,1744.1691018761087,117.60470000000001,-49.7937,11.0,D
2,1744.2941018761087,117.60470000000001,-50.7937,11.0,D
2,1744.4708785714054,116.60470000000001,-51.7937,11.0,D
2,1744.5958785714054,116.60470000000001,-52.7937,11.0,D
2,1744.9494319619987,114.60470000000001,-54.7937,11.0,D
2,1745.0744319619987,114.60470000000001,-55.7937,11.0,D
2,1745.2512086572954,113.60470000000001,-56.7937,11.0,D
2,1745.3762086572954,113.60470000000001,-57.7937,11.0,D
2,1745.552985352592,112.60470000000001,-58.7937,11.0,D
2,1745.677985352592,112.60470000000001,-59.7937,11.0,D
2,1746.0315387431854,110.60470000000001,-61.7937,11.0,D
2,1746.1565387431854,110.60470000000001,-62.7937,11.0,D
2,1746.5100921337787,108.60470000000001,-64.7937,11.0,D
2,1746.6350921337787,108.60470000000001,-65.7937,11.0,D
2,1747.1654222196687,105.60470000000001,-68.7937,11.0,D
2,1747.2904222196687,105.60470000000001,-69.7937,11.0,D
2,1747.9975290008551,101.60470000000001,-73.7937,11.0,D
2,1748.1225290008551,101.60470000000001,-74.7937,11.0,D
2,1750.7741794303047,86.60470000000001,-89.7937,11.0,T
2,1751.1275756511234,117.60470000000001,-132.7937,11.0,D
2,1751.8346824323098,113.60470000000001,-136.7937,11.0,D
2,1751.9596824323098,112.60470000000001,-136.7937,11.0,D
2,1752.4900125181998,109.60470000000001,-139.7937,11.0,D
2,1752.6150125181998,108.60470000000001,-139.7937,11.0,D
2,1752.9685659087932,106.60470000000001,-141.7937,11.0,D
2,1753.0935659087932,105.60470000000001,-141.7937,11.0,D
2,1753.4471192993865,103.60470000000001,-143.7937,11.0,D
2,1753.5721192993865,102.60470000000001,-143.7937,11.0,D
2,1753.9256726899798,100.60470000000001,-145.7937,11.0,D
2,1754.0506726899798,99.60470000000001,-145.7937,11.0,D
2,1754.2274493852765,98.60470000000001,-146.7937,11.0,D
2,1754.3524493852765,97.60470000000001,-146.7937,11.0,D
2,1754.7060027758698,95.60470000000001,-148.7937,11.0,D
2,1754.8310027758698,94.60470000000001,-148.7937,11.0,D
2,1755.0077794711665,93.60470000000001,-149.7937,11.0,D
2,1755.1327794711665,92.60470000000001,-149.7937,11.0,D
2,1755.3095561664632,91.60470000000001,-150.7937,11.0,D
2,1755.4345561664632,90.60470000000001,-150.7937,11.0,T
2,1755.650889242991,117.60470000000001,-132.7937,11.0,D
2,1755.775889242991,118.60470000000001,-132.7937,11.0,D
2,1756.6597727194742,123.60470000000001,-127.7937,11.0,D
2,1756.7847727194742,124.60470000000001,-127.7937,11.0,D
2,1759.4364231489237,139.6047,-112.7937,11.0,D
2,1759.5614231489237,139.6047,-111.7937,11.0,D
2,1760.4453066254068,144.6047,-106.7937,11.0,D
2,1760.5703066254068,144.6047,-105.7937,11.0,D
2,1761.2774134065933,148.6047,-101.7937,11.0,D
2,1761.4024134065933,148.6047,-100.7937,11.0,D
2,1761.9327434924833,151.6047,-97.7937,11.0,D
2,1762.0577434924833,151.6047,-96.7937,11.0,D
2,1762.4112968830766,153.6047,-94.7937,11.0,D
2,1762.5362968830766,153.6047,-93.7937,11.0,D
2,1762.88985027367,155.6047,-91.7937,11.0,D
2,1763.01485027367,155.6047,-90.7937,11.0,D
2,1763.3684036642633,157.6047,-88.7937,11.0,D
2,1763.4934036642633,157.6047,-87.7937,11.0,D
2,1763.67018035956,158.6047,-86.7937,11.0,D
2,1763.79518035956,158.6047,-85.7937,11.0,D
2,1764.1487337501533,160.6047,-83.7937,11.0,D
2,1764.2737337501533,160.6047,-82.7937,11.0,D
2,1764.45051044545,161.6047,-81.7937,11.0,D
2,1764.57551044545,161.6047,-80.7937,11.0,D
2,1764.7522871407466,162.6047,-79.7937,11.0,D
2,1764.8772871407466,162.6047,-78.7937,11.0,D
2,1765.0540638360433,163.6047,-77.7937,11.0,D
2,1765.1790638360433,163.6047,-76.7937,11.0,D
2,1765.5326172266366,165.6047,-74.7937,11.0,D
2,1765.6576172266366,165.6047,-73.7937,11.0,D
2,1765.8343939219333,166.6047,-72.7937,11.0,D
2,1765.9593939219333,166.6047,-71.7937,11.0,D
2,1766.13617061723,167.6047,-70.7937,11.0,D
2,1766.38617061723,167.6047,-68.7937,11.0,D
2,1766.5629473125266,168.6047,-67.7937,11.0,D
2,1766.6879473125266,168.6047,-66.7937,11.0,D
2,1766.8647240078233,169.6047,-65.7937,11.0,D
2,1766.9897240078233,169.6047,-64.7937,11.0,D
2,1767.16650070312,170.6047,-63.7937,11.0,D
2,1767.41650070312,170.6047,-61.7937,11.0,D
2,1767.5932773984166,171.6047,-60.7937,11.0,D
2,1767.7182773984166,171.6047,-59.7937,11.0,D
2,1767.8950540937133,172.6047,-58.7937,11.0,D
2,1768.1450540937133,172.6047,-56.7937,11.0,D
2,1768.32183078901,173.6047,-55.7937,11.0,D
2,1768.57183078901,173.6047,-53.7937,11.0,D
2,1768.7486074843066,174.6047,-52.7937,11.0,D
2,1768.9986074843066,174.6047,-50.7937,11.0,D
2,1769.1753841796033,175.6047,-49.7937,11.0,D
2,1769.4253841796033,175.6047,-47.7937,11.0,D
2,1769.6021608749,176.6047,-46.7937,11.0,D
2,1769.8521608749,176.6047,-44.7937,11.0,D
2,1770.0289375701966,177.6047,-43.7937,11.0,D
2,1770.2789375701966,177.6047,-41.7937,11.0,D
2,1770.4557142654933,178.6047,-40.7937,11.0,D
2,1770.8307142654933,178.6047,-37.7937,11.0,D
2,1771.00749096079,179.6047,-36.7937,11.0,D
2,1771.25749096079,179.6047,-34.7937,11.0,D
2,1771.4342676560866,180.6047,-33.7937,11.0,D
2,1771.9342676560866,180.6047,-29.7937,11.0,D
2,1772.1110443513833,181.6047,-28.7937,11.0,D
2,1772.6110443513833,181.6047,-24.7937,11.0,D
2,1772.78782104668,182.6047,-23.7937,11.0,D
2,1773.41282104668,182.6047,-18.7937,11.0,D
2,1773.5895977419766,183.6047,-17.7937,11.0,D
2,1774.5895977419766,183.6047,-9.793700000000001,11.0,D
2,1774.7663744372733,184.6047,-8.793700000000001,11.0,D
2,1775.6413744372733,184.6047,-1.7937000000000012,11.0,T
2,1784.6616114199435,500.0,866.025404,1000.0,W
2,2009.9179071755023,500.0,866.025404,1000.0,T
2,2018.655666436298,86.60470000000001,109.2063,13.0,D
2,2020.600210084561,97.60470000000001,98.2063,13.0,D
2,2020.725210084561,97.60470000000001,97.2063,13.0,D
2,2021.6090935610441,102.60470000000001,92.2063,13.0,D
2,2021.7340935610441,102.60470000000001,91.2063,13.0,D
2,2022.0876469516375,104.60470000000001,89.2063,13.0,D
2,2022.2126469516375,104.60470000000001,88.2063,13.0,D
2,2022.5662003422308,106.60470000000001,86.2063,13.0,D
2,2022.6912003422308,106.60470000000001,85.2063,13.0,D
2,2023.0447537328241,108.60470000000001,83.2063,13.0,D
2,2023.1697537328241,108.60470000000001,82.2063,13.0,D
2,2023.5233071234175,110.60470000000001,80.2063,13.0,D
2,2023.6483071234175,110.60470000000001,79.2063,13.0,D
2,2024.0018605140108,112.60470000000001,77.2063,13.0,D
2,2024.1268605140108,112.60470000000001,76.2063,13.0,D
2,2024.3036372093075,113.60470000000001,75.2063,13.0,D
2,2024.4286372093075,113.60470000000001,74.2063,13.0,D
2,2024.6054139046041,114.60470000000001,73.2063,13.0,D
2,2024.7304139046041,114.60470000000001,72.2063,13.0,D
2,2024.9071905999008,115.60470000000001,71.2063,13.0,D
2,2025.0321905999008,115.60470000000001,70.2063,13.0,D
2,2025.2089672951975,116.60470000000001,69.2063,13.0,D
2,2025.3339672951975,116.60470000000001,68.2063,13.0,D
2,2025.5107439904941,117.60470000000001,67.2063,13.0,D
2,2025.6357439904941,117.60470000000001,66.2063,13.0,D
2,2025.8125206857908,118.60470000000001,65.2063,13.0,D
2,2025.9375206857908,118.60470000000001,64.2063,13.0,D
2,2026.1142973810875,119.60470000000001,63.2063,13.0,D
2,2026.2392973810875,119.60470000000001,62.2063,13.0,D
2,2026.4160740763841,120.60470000000001,61.2063,13.0,D
2,2026.5410740763841,120.60470000000001,60.2063,13.0,D
2,2026.7178507716808,121.60470000000001,59.2063,13.0,D
2,2026.9678507716808,121.60470000000001,57.2063,13.0,D
2,2027.1446274669775,122.60470000000001,56.2063,13.0,D
2,2027.2696274669775,122.60470000000001,55.2063,13.0,D
2,2027.4464041622741,123.60470000000001,54.2063,13.0,D
2,2027.6964041622741,123.60470000000001,52.2063,13.0,D
2,2027.8731808575708,124.60470000000001,51.2063,13.0,D
2,2028.1231808575708,124.60470000000001,49.2063,13.0,D
2,2028.2999575528675,125.60470000000001,48.2063,13.0,D
2,2028.5499575528675,125.60470000000001,46.2063,13.0,D
2,2028.7267342481641,126.60470000000001,45.2063,13.0,D
2,2029.1017342481641,126.60470000000001,42.2063,13.0,D
2,2029.2785109434608,127.60470000000001,41.2063,13.0,D
2,2029.5285109434608,127.60470000000001,39.2063,13.0,D
2,2029.7052876387575,128.6047,38.2063,13.0,D
2,2030.2052876387575,128.6047,34.2063,13.0,D
2,2030.3820643340541,129.6047,33.2063,13.0,D
2,2031.0070643340541,129.6047,28.2063,13.0,D
2,2031.1838410293508,130.6047,27.2063,13.0,D
2,2035.8088410293508,130.6047,-9.793700000000001,13.0,D
2,2035.9856177246475,129.6047,-10.793700000000001,13.0,D
2,2036.6106177246475,129.6047,-15.793700000000001,13.0,D
2,2036.7873944199441,128.6047,-16.7937,13.0,D
2,2037.2873944199441,128.6047,-20.7937,13.0,D
2,2037.4641711152408,127.60470000000001,-21.7937,13.0,D
2,2037.8391711152408,127.60470000000001,-24.7937,13.0,D
2,2038.0159478105375,126.60470000000001,-25.7937,13.0,D
2,2038.2659478105375,126.60470000000001,-27.7937,13.0,D
2,2038.4427245058341,125.60470000000001,-28.7937,13.0,D
2,2038.6927245058341,125.60470000000001,-30.7937,13.0,D
2,2038.8695012011308,124.60470000000001,-31.7937,13.0,D
2,2039.1195012011308,124.60470000000001,-33.7937,13.0,D
2,2039.2962778964275,123.60470000000001,-34.7937,13.0,D
2,2039.5462778964275,123.60470000000001,-36.7937,13.0,D
2,2039.7230545917241,122.60470000000001,-37.7937,13.0,D
2,2039.8480545917241,122.60470000000001,-38.7937,13.0,D
2,2040.0248312870208,121.60470000000001,-39.7937,13.0,D
2,2040.2748312870208,121.60470000000001,-41.7937,13.0,D
2,2040.4516079823175,120.60470000000001,-42.7937,13.0,D
2,2040.5766079823175,120.60470000000001,-43.7937,13.0,D
2,2040.7533846776141,119.60470000000001,-44.7937,13.0,D
2,2041.0033846776141,119.60470000000001,-46.7937,13.0,D
2,2041.1801613729108,118.60470000000001,-47.7937,13.0,D
2,2041.3051613729108,118.60470000000001,-48.7937,13.0,D
2,2041.4819380682075,117.60470000000001,-49.7937,13.0,D
2,2041.6069380682075,117.60470000000001,-50.7937,13.0,D
2,2041.7837147635041,116.60470000000001,-51.7937,13.0,D
2,2041.9087147635041,116.60470000000001,-52.7937,13.0,D
2,2042.2622681540975,114.60470000000001,-54.7937,13.0,D
2,2042.3872681540975,114.60470000000001,-55.7937,13.0,D
2,2042.5640448493941,113.60470000000001,-56.7937,13.0,D
2,2042.6890448493941,113.60470000000001,-57.7937,13.0,D
2,2042.8658215446908,112.60470000000001,-58.7937,13.0,D
2,2042.9908215446908,112.60470000000001,-59.7937,13.0,D
2,2043.3443749352841,110.60470000000001,-61.7937,13.0,D
2,2043.4693749352841,110.60470000000001,-62.7937,13.0,D
2,2043.8229283258775,108.60470000000001,-64.7937,13.0,D
2,2043.9479283258775,108.60470000000001,-65.7937,13.0,D
2,2044.4782584117675,105.60470000000001,-68.7937,13.0,D
2,2044.6032584117675,105.60470000000001,-69.7937,13.0,D
2,2045.310365192954,101.60470000000001,-73.7937,13.0,D
2,2045.435365192954,101.60470000000001,-74.7937,13.0,D
2,2048.0870156224037,86.60470000000001,-89.7937,13.0,T
2,2048.440411843222,117.60470000000001,-132.7937,13.0,D
2,2049.147518624409,113.60470000000001,-136.7937,13.0,D
2,2049.272518624409,112.60470000000001,-136.7937,13.0,D
2,2049.802848710299,109.60470000000001,-139.7937,13.0,D
2,2049.927848710299,108.60470000000001,-139.7937,13.0,D
2,2050.281402100892,106.60470000000001,-141.7937,13.0,D
2,2050.406402100892,105.60470000000001,-141.7937,13.0,D
2,2050.7599554914855,103.60470000000001,-143.7937,13.0,D
2,2050.8849554914855,102.60470000000001,-143.7937,13.0,D
2,2051.238508882079,100.60470000000001,-145.7937,13.0,D
2,2051.363508882079,99.60470000000001,-145.7937,13.0,D
2,2051.5402855773755,98.60470000000001,-146.7937,13.0,D
2,2051.6652855773755,97.60470000000001,-146.7937,13.0,D
2,2052.018838967969,95.60470000000001,-148.7937,13.0,D
2,2052.143838967969,94.60470000000001,-148.7937,13.0,D
2,2052.3206156632655,93.60470000000001,-149.7937,13.0,D
2,2052.4456156632655,92.60470000000001,-149.7937,13.0,D
2,2052.622392358562,91.60470000000001,-150.7937,13.0,D
2,2052.747392358562,90.60470000000001,-150.7937,13.0,T
2,2052.96372543509,117.60470000000001,-132.7937,13.0,D
2,2053.08872543509,118.60470000000001,-132.7937,13.0,D
2,2053.9726089115734,123.60470000000001,-127.7937,13.0,D
2,2054.0976089115734,124.60470000000001,-127.7937,13.0,D
2,2056.749259341023,139.6047,-112.7937,13.0,D
2,2056.874259341023,139.6047,-111.7937,13.0,D
2,2057.7581428175063,144.6047,-106.7937,13.0,D
2,2057.8831428175063,144.6047,-105.7937,13.0,D
2,2058.590249598693,148.6047,-101.7937,13.0,D
2,2058.715249598693,148.6047,-100.7937,13.0,D
2,2059.245579684583,151.6047,-97.7937,13.0,D
2,2059.370579684583,151.6047,-96.7937,13.0,D
2,2059.7241330751763,153.6047,-94.7937,13.0,D
2,2059.8491330751763,153.6047,-93.7937,13.0,D
2,2060.2026864657696,155.6047,-91.7937,13.0,D
2,2060.3276864657696,155.6047,-90.7937,13.0,D
2,2060.681239856363,157.6047,-88.7937,13.0,D
2,2060.806239856363,157.6047,-87.7937,13.0,D
2,2060.9830165516596,158.6047,-86.7937,13.0,D
2,2061.1080165516596,158.6047,-85.7937,13.0,D
2,2061.461569942253,160.6047,-83.7937,13.0,D
2,2061.586569942253,160.6047,-82.7937,13.0,D
2,2061.7633466375496,161.6047,-81.7937,13.0,D
2,2061.8883466375496,161.6047,-80.7937,13.0,D
2,2062.0651233328463,162.6047,-79.7937,13.0,D
2,2062.1901233328463,162.6047,-78.7937,13.0,D
2,2062.366900028143,163.6047,-77.7937,13.0,D
2,2062.491900028143,163.6047,-76.7937,13.0,D
2,2062.8454534187363,165.6047,-74.7937,13.0,D
2,2062.9704534187363,165.6047,-73.7937,13.0,D
2,2063.147230114033,166.6047,-72.7937,13.0,D
2,2063.272230114033,166.6047,-71.7937,13.0,D
2,2063.4490068093296,167.6047,-70.7937,13.0,D
2,2063.6990068093296,167.6047,-68.7937,13.0,D
2,2063.8757835046263,168.6047,-67.7937,13.0,D
2,2064.0007835046263,168.6047,-66.7937,13.0,D
2,2064.177560199923,169.6047,-65.7937,13.0,D
2,2064.302560199923,169.6047,-64.7937,13.0,D
2,2064.4793368952196,170.6047,-63.7937,13.0,D
2,2064.7293368952196,170.6047,-61.7937,13.0,D
2,2064.9061135905163,171.6047,-60.7937,13.0,D
2,2065.0311135905163,171.6047,-59.7937,13.0,D
2,2065.207890285813,172.6047,-58.7937,13.0,D
2,2065.457890285813,172.6047,-56.7937,13.0,D
2,2065.6346669811096,173.6047,-55.7937,13.0,D
2,2065.8846669811096,173.6047,-53.7937,13.0,D
2,2066.0614436764063,174.6047,-52.7937,13.0,D
2,2066.3114436764063,174.6047,-50.7937,13.0,D
2,2066.488220371703,175.6047,-49.7937,13.0,D
2,2066.738220371703,175.6047,-47.7937,13.0,D
2,2066.9149970669996,176.6047,-46.7937,13.0,D
2,2067.1649970669996,176.6047,-44.7937,13.0,D
2,2067.3417737622963,177.6047,-43.7937,13.0,D
2,2067.5917737622963,177.6047,-41.7937,13.0,D
2,2067.768550457593,178.6047,-40.7937,13.0,D
2,2068.143550457593,178.6047,-37.7937,13.0,D
2,2068.3203271528896,179.6047,-36.7937,13.0,D
2,2068.5703271528896,179.6047,-34.7937,13.0,D
2,2068.7471038481863,180.6047,-33.7937,13.0,D
2,2069.2471038481863,180.6047,-29.7937,13.0,D
2,2069.423880543483,181.6047,-28.7937,13.0,D
2,2069.923880543483,181.6047,-24.7937,13.0,D
2,2070.1006572387796,182.6047,-23.7937,13.0,D
2,2070.7256572387796,182.6047,-18.7937,13.0,D
2,2070.9024339340763,183.6047,-17.7937,13.0,D
2,2071.9024339340763,183.6047,-9.793700000000001,13.0,D
2,2072.079210629373,184.6047,-8.793700000000001,13.0,D
2,2072.954210629373,184.6047,-1.7937000000000012,13.0,T
2,2081.964706219466,500.0,866.025404,1000.0,W
2,2307.2007193787417,500.0,866.025404,1000.0,T
2,2315.928442335546,86.60470000000001,109.2063,15.0,D
2,2317.872985983809,97.60470000000001,98.2063,15.0,D
2,2317.997985983809,97.60470000000001,97.2063,15.0,D
2,2318.8818694602924,102.60470000000001,92.2063,15.0,D
2,2319.0068694602924,102.60470000000001,91.2063,15.0,D
2,2319.3604228508857,104.60470000000001,89.2063,15.0,D
2,2319.4854228508857,104.60470000000001,88.2063,15.0,D
2,2319.838976241479,106.60470000000001,86.2063,15.0,D
2,2319.963976241479,106.60470000000001,85.2063,15.0,D
2,2320.3175296320724,108.60470000000001,83.2063,15.0,D
2,2320.4425296320724,108.60470000000001,82.2063,15.0,D
2,2320.7960830226657,110.60470000000001,80.2063,15.0,D
2,2320.9210830226657,110.60470000000001,79.2063,15.0,D
2,2321.274636413259,112.60470000000001,77.2063,15.0,D
2,2321.399636413259,112.60470000000001,76.2063,15.0,D
2,2321.5764131085557,113.60470000000001,75.2063,15.0,D
2,2321.7014131085557,113.60470000000001,74.2063,15.0,D
2,2321.8781898038524,114.60470000000001,73.2063,15.0,D
2,2322.0031898038524,114.60470000000001,72.2063,15.0,D
2,2322.179966499149,115.60470000000001,71.2063,15.0,D
2,2322.304966499149,115.60470000000001,70.2063,15.0,D
2,2322.4817431944457,116.60470000000001,69.2063,15.0,D
2,2322.6067431944457,116.60470000000001,68.2063,15.0,D
2,2322.7835198897424,117.60470000000001,67.2063,15.0,D
2,2322.9085198897424,117.60470000000001,66.2063,15.0,D
2,2323.085296585039,118.60470000000001,65.2063,15.0,D
2,2323.210296585039,118.60470000000001,64.2063,15.0,D
2,2323.3870732803357,119.60470000000001,63.2063,15.0,D
2,2323.5120732803357,119.60470000000001,62.2063,15.0,D
2,2323.6888499756324,120.60470000000001,61.2063,15.0,D
2,2323.8138499756324,120.60470000000001,60.2063,15.0,D
2,2323.990626670929,121.60470000000001,59.2063,15.0,D
2,2324.240626670929,121.60470000000001,57.2063,15.0,D
2,2324.4174033662257,122.60470000000001,56.2063,15.0,D
2,2324.5424033662257,122.60470000000001,55.2063,15.0,D
2,2324.7191800615224,123.60470000000001,54.2063,15.0,D
2,2324.9691800615224,123.60470000000001,52.2063,15.0,D
2,2325.145956756819,124.60470000000001,51.2063,15.0,D
2,2325.395956756819,124.60470000000001,49.2063,15.0,D
2,2325.5727334521157,125.60470000000001,48.2063,15.0,D
2,2325.8227334521157,125.60470000000001,46.2063,15.0,D
2,2325.9995101474124,126.60470000000001,45.2063,15.0,D
2,2326.3745101474124,126.60470000000001,42.2063,15.0,D
2,2326.551286842709,127.60470000000001,41.2063,15.0,D
2,2326.801286842709,127.60470000000001,39.2063,15.0,D
2,2326.9780635380057,128.6047,38.2063,15.0,D
2,2327.4780635380057,128.6047,34.2063,15.0,D
2,2327.6548402333024,129.6047,33.2063,15.0,D
2,2328.2798402333024,129.6047,28.2063,15.0,D
2,2328.456616928599,130.6047,27.2063,15.0,D
2,2333.081616928599,130.6047,-9.793700000000001,15.0,D
2,2333.2583936238957,129.6047,-10.793700000000001,15.0,D
2,2333.8833936238957,129.6047,-15.793700000000001,15.0,D
2,2334.0601703191924,128.6047,-16.7937,15.0,D
2,2334.5601703191924,128.6047,-20.7937,15.0,D
2,2334.736947014489,127.60470000000001,-21.7937,15.0,D
2,2335.111947014489,127.60470000000001,-24.7937,15.0,D
2,2335.2887237097857,126.60470000000001,-25.7937,15.0,D
2,2335.5387237097857,126.60470000000001,-27.7937,15.0,D
2,2335.7155004050824,125.60470000000001,-28.7937,15.0,D
2,2335.9655004050824,125.60470000000001,-30.7937,15.0,D
2,2336.142277100379,124.60470000000001,-31.7937,15.0,D
2,2336.392277100379,124.60470000000001,-33.7937,15.0,D
2,2336.5690537956757,123.60470000000001,-34.7937,15.0,D
2,2336.8190537956757,123.60470000000001,-36.7937,15.0,D
2,2336.9958304909724,122.60470000000001,-37.7937,15.0,D
2,2337.1208304909724,122.60470000000001,-38.7937,15.0,D
2,2337.297607186269,121.60470000000001,-39.7937,15.0,D
2,2337.547607186269,121.60470000000001,-41.7937,15.0,D
2,2337.7243838815657,120.60470000000001,-42.7937,15.0,D
2,2337.8493838815657,120.60470000000001,-43.7937,15.0,D
2,2338.0261605768624,119.60470000000001,-44.7937,15.0,D
2,2338.2761605768624,119.60470000000001,-46.7937,15.0,D
2,2338.452937272159,118.60470000000001,-47.7937,15.0,D
2,2338.577937272159,118.60470000000001,-48.7937,15.0,D
2,2338.7547139674557,117.60470000000001,-49.7937,15.0,D
2,2338.8797139674557,117.60470000000001,-50.7937,15.0,D
2,2339.0564906627524,116.60470000000001,-51.7937,15.0,D
2,2339.1814906627524,116.60470000000001,-52.7937,15.0,D
2,2339.5350440533457,114.60470000000001,-54.7937,15.0,D
2,2339.6600440533457,114.60470000000001,-55.7937,15.0,D
2,2339.8368207486424,113.60470000000001,-56.7937,15.0,D
2,2339.9618207486424,113.60470000000001,-57.7937,15.0,D
2,2340.138597443939,112.60470000000001,-58.7937,15.0,D
2,2340.263597443939,112.60470000000001,-59.7937,15.0,D
2,2340.6171508345324,110.60470000000001,-61.7937,15.0,D
2,2340.7421508345324,110.60470000000001,-62.7937,15.0,D
2,2341.0957042251257,108.60470000000001,-64.7937,15.0,D
2,2341.2207042251257,108.60470000000001,-65.7937,15.0,D
2,2341.7510343110157,105.60470000000001,-68.7937,15.0,D
2,2341.8760343110157,105.60470000000001,-69.7937,15.0,D
2,2342.5831410922024,101.60470000000001,-73.7937,15.0,D
2,2342.7081410922024,101.60470000000001,-74.7937,15.0,D
2,2345.359791521652,86.60470000000001,-89.7937,15.0,T
2,2345.7131877424704,117.60470000000001,-132.7937,15.0,D
2,2346.420294523657,113.60470000000001,-136.7937,15.0,D
2,2346.545294523657,112.60470000000001,-136.7937,15.0,D
2,2347.075624609547,109.60470000000001,-139.7937,15.0,D
2,2347.200624609547,108.60470000000001,-139.7937,15.0,D
2,2347.5541780001404,106.60470000000001,-141.7937,15.0,D
2,2347.6791780001404,105.60470000000001,-141.7937,15.0,D
2,2348.0327313907337,103.60470000000001,-143.7937,15.0,D
2,2348.1577313907337,102.60470000000001,-143.7937,15.0,D
2,2348.511284781327,100.60470000000001,-145.7937,15.0,D
2,2348.636284781327,99.60470000000001,-145.7937,15.0,D
2,2348.8130614766237,98.60470000000001,-146.7937,15.0,D
2,2348.9380614766237,97.60470000000001,-146.7937,15.0,D
2,2349.291614867217,95.60470000000001,-148.7937,15.0,D
2,2349.416614867217,94.60470000000001,-148.7937,15.0,D
2,2349.5933915625137,93.60470000000001,-149.7937,15.0,D
2,2349.7183915625137,92.60470000000001,-149.7937,15.0,D
2,2349.8951682578104,91.60470000000001,-150.7937,15.0,D
2,2350.0201682578104,90.60470000000001,-150.7937,15.0,T
2,2350.2365013343383,117.60470000000001,-132.7937,15.0,D
2,2350.3615013343383,118.60470000000001,-132.7937,15.0,D
2,2351.2453848108216,123.60470000000001,-127.7937,15.0,D
2,2351.3703848108216,124.60470000000001,-127.7937,15.0,D
2,2354.022035240271,139.6047,-112.7937,15.0,D
2,2354.147035240271,139.6047,-111.7937,15.0,D
2,2355.0309187167545,144.6047,-106.7937,15.0,D
2,2355.1559187167545,144.6047,-105.7937,15.0,D
2,2355.863025497941,148.6047,-101.7937,15.0,D
2,2355.988025497941,148.6047,-100.7937,15.0,D
2,2356.518355583831,151.6047,-97.7937,15.0,D
2,2356.643355583831,151.6047,-96.7937,15.0,D
2,2356.9969089744245,153.6047,-94.7937,15.0,D
2,2357.1219089744245,153.6047,-93.7937,15.0,D
2,2357.475462365018,155.6047,-91.7937,15.0,D
2,2357.600462365018,155.6047,-90.7937,15.0,D
2,2357.954015755611,157.6047,-88.7937,15.0,D
2,2358.079015755611,157.6047,-87.7937,15.0,D
2,2358.255792450908,158.6047,-86.7937,15.0,D
2,2358.380792450908,158.6047,-85.7937,15.0,D
2,2358.734345841501,160.6047,-83.7937,15.0,D
2,2358.859345841501,160.6047,-82.7937,15.0,D
2,2359.036122536798,161.6047,-81.7937,15.0,D
2,2359.161122536798,161.6047,-80.7937,15.0,D
2,2359.3378992320945,162.6047,-79.7937,15.0,D
2,2359.4628992320945,162.6047,-78.7937,15.0,D
2,2359.639675927391,163.6047,-77.7937,15.0,D
2,2359.764675927391,163.6047,-76.7937,15.0,D
2,2360.1182293179845,165.6047,-74.7937,15.0,D
2,2360.2432293179845,165.6047,-73.7937,15.0,D
2,2360.420006013281,166.6047,-72.7937,15.0,D
2,2360.545006013281,166.6047,-71.7937,15.0,D
2,2360.721782708578,167.6047,-70.7937,15.0,D
2,2360.971782708578,167.6047,-68.7937,15.0,D
2,2361.1485594038745,168.6047,-67.7937,15.0,D
2,2361.2735594038745,168.6047,-66.7937,15.0,D
2,2361.450336099171,169.6047,-65.7937,15.0,D
2,2361.575336099171,169.6047,-64.7937,15.0,D
2,2361.752112794468,170.6047,-63.7937,15.0,D
2,2362.002112794468,170.6047,-61.7937,15.0,D
2,2362.1788894897645,171.6047,-60.7937,15.0,D
2,2362.3038894897645,171.6047,-59.7937,15.0,D
2,2362.480666185061,172.6047,-58.7937,15.0,D
2,2362.730666185061,172.6047,-56.7937,15.0,D
2,2362.907442880358,173.6047,-55.7937,15.0,D
2,2363.157442880358,173.6047,-53.7937,15.0,D
2,2363.3342195756545,174.6047,-52.7937,15.0,D
2,2363.5842195756545,174.6047,-50.7937,15.0,D
2,2363.760996270951,175.6047,-49.7937,15.0,D
2,2364.010996270951,175.6047,-47.7937,15.0,D
2,2364.187772966248,176.6047,-46.7937,15.0,D
2,2364.437772966248,176.6047,-44.7937,15.0,D
2,2364.6145496615445,177.6047,-43.7937,15.0,D
2,2364.8645496615445,177.6047,-41.7937,15.0,D
2,2365.041326356841,178.6047,-40.7937,15.0,D
2,2365.416326356841,178.6047,-37.7937,15.0,D
2,2365.593103052138,179.6047,-36.7937,15.0,D
2,2365.843103052138,179.6047,-34.7937,15.0,D
2,2366.0198797474345,180.6047,-33.7937,15.0,D
2,2366.5198797474345,180.6047,-29.7937,15.0,D
2,2366.696656442731,181.6047,-28.7937,15.0,D
2,2367.196656442731,181.6047,-24.7937,15.0,D
2,2367.373433138028,182.6047,-23.7937,15.0,D
2,2367.998433138028,182.6047,-18.7937,15.0,D
2,2368.1752098333245,183.6047,-17.7937,15.0,D
2,2369.1752098333245,183.6047,-9.793700000000001,15.0,D
2,2369.351986528621,184.6047,-8.793700000000001,15.0,D
2,2370.226986528621,184.6047,-1.7937000000000012,15.0,T
2,2379.2277499345882,500.0,866.025404,1000.0,W
3,0.0,500.0,-866.025404,1000.0,W
3,2379.2277499345882,500.0,-866.025404,1000.0,W
