robot_id,time_s,x_mm,y_mm,z_mm,mode
1,0.0,-1000.0,0.0,1000.0,T
1,8.921778810677411,-109.5192,1.0152,1.0,D
1,9.02177881067741,-108.7192,1.0152,1.0,T
1,9.047112144010745,-108.7192,4.8152,1.0,D
1,9.147112144010745,-109.5192,4.8152,1.0,T
1,9.172445477344079,-109.5192,8.6152,1.0,D
1,9.272445477344078,-108.7192,8.6152,1.0,T
1,9.297778810677412,-108.7192,12.4152,1.0,D
1,9.397778810677412,-109.5192,12.4152,1.0,T
1,9.423112144010746,-109.5192,16.2152,1.0,D
1,9.523112144010746,-108.7192,16.2152,1.0,T
1,9.54850169644652,-108.4659,20.0152,1.0,D
1,9.680164196446519,-109.5192,20.0152,1.0,T
1,9.71930756597161,-105.0432,23.8152,1.0,D
1,9.91932006597161,-103.4431,23.8152,1.0,T
1,9.961090515329445,-98.4614,27.6152,1.0,D
1,10.161103015329445,-96.8613,27.6152,1.0,T
1,10.202873994750304,-91.8795,31.4152,1.0,D
1,10.402873994750303,-90.2795,31.4152,1.0,T
1,10.444644974171162,-85.2977,35.2152,1.0,D
1,10.644644974171163,-83.6977,35.2152,1.0,T
1,10.686415953592022,-78.7159,39.0152,1.0,D
1,10.886415953592023,-77.1159,39.0152,1.0,T
1,10.921499326266584,-73.4753,42.8152,1.0,D
1,11.103799326266584,-72.0169,42.8152,1.0,T
1,11.12922754562138,-72.3461,46.6152,1.0,D
1,11.229227545621379,-73.1461,46.6152,1.0,T
1,11.254560878954713,-73.1461,50.4152,1.0,D
1,11.354560878954713,-72.3461,50.4152,1.0,T
1,11.379894212288047,-72.3461,54.2152,1.0,D
1,11.479894212288047,-73.1461,54.2152,1.0,T
1,11.50522754562138,-73.1461,58.0152,1.0,D
1,11.60522754562138,-72.3461,58.0152,1.0,T
1,11.630560878954714,-72.3461,61.8152,1.0,D
1,11.730560878954714,-73.1461,61.8152,1.0,T
1,11.755894212288048,-73.1461,65.6152,1.0,D
1,11.855894212288048,-72.3461,65.6152,1.0,T
1,11.881227545621382,-72.3461,69.4152,1.0,D
1,11.981227545621381,-73.1461,69.4152,1.0,T
1,12.006560878954716,-73.1461,73.2152,1.0,D
1,12.106560878954715,-72.3461,73.2152,1.0,T
1,12.13189421228805,-72.3461,77.0152,1.0,D
1,12.231894212288049,-73.1461,77.0152,1.0,T
1,12.257227545621383,-73.1461,80.8152,1.0,D
1,12.357227545621383,-72.3461,80.8152,1.0,T
1,12.382576742628169,-72.4806,84.6152,1.0,D
1,12.587114242628168,-70.8443,84.6152,1.0,T
1,12.628693596137119,-65.8987,88.4152,1.0,D
1,12.82868109613712,-64.2988,88.4152,1.0,T
1,12.870452605624914,-59.3169,92.2152,1.0,D
1,13.070440105624913,-57.717,92.2152,1.0,T
1,13.112211085045772,-52.7352,96.0152,1.0,D
1,13.31221108504577,-51.1352,96.0152,1.0,T
1,13.35398206446663,-46.1534,99.8152,1.0,D
1,13.553969564466628,-44.5535,99.8152,1.0,T
1,13.595741073954423,-39.5716,103.6152,1.0,D
1,13.798766073954422,-37.9474,103.6152,1.0,T
1,13.819757407287755,-34.7987,103.6152,1.0,D
1,14.022769907287755,-33.1746,103.6152,1.0,T
1,14.064540886708613,-28.1928,99.8152,1.0,D
1,14.264540886708613,-26.5928,99.8152,1.0,T
1,14.306311866129471,-21.611,96.0152,1.0,D
1,14.50631186612947,-20.011,96.0152,1.0,T
1,14.54808284555033,-15.0292,92.2152,1.0,D
1,14.748082845550329,-13.4292,92.2152,1.0,T
1,14.789853294908164,-8.4475,88.4152,1.0,D
1,14.989865794908164,-6.8474,88.4152,1.0,T
1,15.031444619780661,-1.9019,84.6152,1.0,D
1,15.506907119780662,1.9018,84.6152,1.0,T
1,15.534147125687008,0.4,80.8152,1.0,D
1,15.634147125687008,-0.4,80.8152,1.0,T
1,15.659480459020342,-0.4,77.0152,1.0,D
1,15.759480459020342,0.4,77.0152,1.0,T
1,15.784813792353676,0.4,73.2152,1.0,D
1,15.884813792353675,-0.4,73.2152,1.0,T
1,15.91014712568701,-0.4,69.4152,1.0,D
1,16.01014712568701,0.4,69.4152,1.0,T
1,16.03548045902034,0.4,65.6152,1.0,D
1,16.135480459020343,-0.4,65.6152,1.0,T
1,16.160813792353675,-0.4,61.8152,1.0,D
1,16.260813792353677,0.4,61.8152,1.0,T
1,16.28614712568701,0.4,58.0152,1.0,D
1,16.38614712568701,-0.4,58.0152,1.0,T
1,16.411480459020343,-0.4,54.2152,1.0,D
1,16.511480459020344,0.4,54.2152,1.0,T
1,16.536813792353676,0.4,50.4152,1.0,D
1,16.636813792353678,-0.4,50.4152,1.0,T
1,16.66214712568701,-0.4,46.6152,1.0,D
1,16.76214712568701,0.4,46.6152,1.0,T
1,16.787575345041805,0.7292,42.8152,1.0,D
1,16.969875345041807,-0.7292,42.8152,1.0,T
1,17.00495871771637,-4.3698,39.0152,1.0,D
1,17.20495871771637,-5.9698,39.0152,1.0,T
1,17.246729697137226,-10.9516,35.2152,1.0,D
1,17.44672969713723,-12.5516,35.2152,1.0,T
1,17.488500676558086,-17.5334,31.4152,1.0,D
1,17.68850067655809,-19.1334,31.4152,1.0,T
1,17.730271655978946,-24.1152,27.6152,1.0,D
1,17.93027165597895,-25.7152,27.6152,1.0,T
1,17.972042635399806,-30.697,23.8152,1.0,D
1,18.17204263539981,-32.297,23.8152,1.0,T
1,18.206137639817204,-35.7198,20.0152,1.0,D
1,18.369462639817204,-37.0264,20.0152,1.0,T
1,18.394852192252976,-36.7731,16.2152,1.0,D
1,18.494852192252978,-35.9731,16.2152,1.0,T
1,18.52018552558631,-35.9731,12.4152,1.0,D
1,18.62018552558631,-36.7731,12.4152,1.0,T
1,18.645518858919644,-36.7731,8.6152,1.0,D
1,18.745518858919645,-35.9731,8.6152,1.0,T
1,18.770852192252978,-35.9731,4.8152,1.0,D
1,18.87085219225298,-36.7731,4.8152,1.0,T
1,18.89618552558631,-36.7731,1.0152,1.0,D
1,18.996185525586313,-35.9731,1.0152,1.0,T
1,19.021518858919645,-35.9731,-2.7848,1.0,D
1,19.121518858919647,-36.7731,-2.7848,1.0,T
1,19.14685219225298,-36.7731,-6.5848,1.0,D
1,19.24685219225298,-35.9731,-6.5848,1.0,T
1,19.272185525586313,-35.9731,-10.3848,1.0,D
1,19.372185525586314,-36.7731,-10.3848,1.0,T
1,19.397518858919646,-36.7731,-14.1848,1.0,D
1,19.497518858919648,-35.9731,-14.1848,1.0,T
1,19.52285219225298,-35.9731,-17.9848,1.0,D
1,19.62285219225298,-36.7731,-17.9848,1.0,T
1,19.650780337801475,-38.5365,-21.7848,1.0,D
1,20.191642837801474,-34.2096,-21.7848,1.0,T
1,20.23339155794686,-29.232,-25.5848,1.0,D
1,20.43340405794686,-27.6319,-25.5848,1.0,T
1,20.475174507304697,-22.6502,-29.3848,1.0,D
1,20.675187007304697,-21.0501,-29.3848,1.0,T
1,20.716957986725554,-16.0683,-33.1848,1.0,D
1,20.916945486725556,-14.4684,-33.1848,1.0,T
1,20.95871699621335,-9.4865,-36.9848,1.0,D
1,21.15870449621335,-7.8866,-36.9848,1.0,T
1,21.200475475634207,-2.9048,-40.7848,1.0,D
1,21.417075475634206,-1.172,-40.7848,1.0,T
1,21.432702142300872,1.172,-40.7848,1.0,D
1,21.649302142300872,2.9048,-40.7848,1.0,T
1,21.6796439162474,0.4,-44.5848,1.0,D
1,21.7796439162474,-0.4,-44.5848,1.0,T
1,21.804977249580734,-0.4,-48.3848,1.0,D
1,21.904977249580735,0.4,-48.3848,1.0,T
1,21.930310582914068,0.4,-52.1848,1.0,D
1,22.03031058291407,-0.4,-52.1848,1.0,T
1,22.0556439162474,-0.4,-55.9848,1.0,D
1,22.155643916247403,0.4,-55.9848,1.0,T
1,22.180977249580735,0.4,-59.7848,1.0,D
1,22.280977249580737,-0.4,-59.7848,1.0,T
1,22.30631058291407,-0.4,-63.5848,1.0,D
1,22.40631058291407,0.4,-63.5848,1.0,T
1,22.431643916247403,0.4,-67.3848,1.0,D
1,22.531643916247404,-0.4,-67.3848,1.0,T
1,22.556977249580736,-0.4,-71.1848,1.0,D
1,22.656977249580738,0.4,-71.1848,1.0,T
1,22.68231058291407,0.4,-74.9848,1.0,D
1,22.78231058291407,-0.4,-74.9848,1.0,T
1,22.807643916247404,-0.4,-78.7848,1.0,D
1,22.907643916247405,0.4,-78.7848,1.0,T
1,22.932989193160033,0.5167,-82.5848,1.0,D
1,23.062164193160033,-0.5167,-82.5848,1.0,T
1,23.09368704780375,-3.3306,-86.3848,1.0,D
1,23.29368704780375,-4.9306,-86.3848,1.0,T
1,23.33545749716159,-9.9123,-90.1848,1.0,D
1,23.535469997161588,-11.5124,-90.1848,1.0,T
1,23.577240446519426,-16.4941,-93.9848,1.0,D
1,23.777252946519425,-18.0942,-93.9848,1.0,T
1,23.819023395877263,-23.0759,-97.7848,1.0,D
1,24.019035895877263,-24.676,-97.7848,1.0,T
1,24.0608063452351,-29.6577,-101.5848,1.0,D
1,24.2608188452351,-31.2578,-101.5848,1.0,T
1,24.30309833370042,-36.3352,-105.3848,1.0,D
1,24.312560833700417,-36.4109,-105.3848,1.0,T
1,24.354840855906865,-41.4884,-101.5848,1.0,D
1,24.554840855906864,-43.0884,-101.5848,1.0,T
1,24.59661183532772,-48.0702,-97.7848,1.0,D
1,24.796611835327724,-49.6702,-97.7848,1.0,T
1,24.83838228468556,-54.6519,-93.9848,1.0,D
1,25.03839478468556,-56.252,-93.9848,1.0,T
1,25.0801652340434,-61.2337,-90.1848,1.0,D
1,25.2801777340434,-62.8338,-90.1848,1.0,T
1,25.321948183401236,-67.8155,-86.3848,1.0,D
1,25.521960683401236,-69.4156,-86.3848,1.0,T
1,25.553483141314427,-72.2294,-82.5848,1.0,D
1,25.66807064131443,-73.1461,-82.5848,1.0,T
1,25.69340397464776,-73.1461,-78.7848,1.0,D
1,25.793403974647763,-72.3461,-78.7848,1.0,T
1,25.818737307981095,-72.3461,-74.9848,1.0,D
1,25.918737307981097,-73.1461,-74.9848,1.0,T
1,25.94407064131443,-73.1461,-71.1848,1.0,D
1,26.04407064131443,-72.3461,-71.1848,1.0,T
1,26.069403974647763,-72.3461,-67.3848,1.0,D
1,26.169403974647764,-73.1461,-67.3848,1.0,T
1,26.194737307981097,-73.1461,-63.5848,1.0,D
1,26.294737307981098,-72.3461,-63.5848,1.0,T
1,26.32007064131443,-72.3461,-59.7848,1.0,D
1,26.42007064131443,-73.1461,-59.7848,1.0,T
1,26.445403974647764,-73.1461,-55.9848,1.0,D
1,26.545403974647765,-72.3461,-55.9848,1.0,T
1,26.570737307981098,-72.3461,-52.1848,1.0,D
1,26.6707373079811,-73.1461,-52.1848,1.0,T
1,26.69607064131443,-73.1461,-48.3848,1.0,D
1,26.796070641314433,-72.3461,-48.3848,1.0,T
1,26.821403974647765,-72.3461,-44.5848,1.0,D
1,26.921403974647767,-73.1461,-44.5848,1.0,T
1,26.947254815167092,-73.9181,-40.7848,1.0,D
1,27.16385481516709,-75.6509,-40.7848,1.0,T
1,27.191034148500425,-71.574,-40.7848,1.0,D
1,27.407621648500424,-69.8413,-40.7848,1.0,T
1,27.44939209785826,-64.8596,-36.9848,1.0,D
1,27.64939209785826,-63.2596,-36.9848,1.0,T
1,27.691163077279118,-58.2778,-33.1848,1.0,D
1,27.89116307727912,-56.6778,-33.1848,1.0,T
1,27.932934056699978,-51.696,-29.3848,1.0,D
1,28.13293405669998,-50.096,-29.3848,1.0,T
1,28.174705036120837,-45.1142,-25.5848,1.0,D
1,28.374705036120837,-43.5142,-25.5848,1.0,T
1,28.633569483038094,-80.6327,-36.9848,1.0,D
1,28.833556983038093,-82.2326,-36.9848,1.0,T
1,28.875328492525888,-87.2145,-33.1848,1.0,D
1,29.075315992525887,-88.8144,-33.1848,1.0,T
1,29.117086971946744,-93.7962,-29.3848,1.0,D
1,29.317099471946744,-95.3963,-29.3848,1.0,T
1,29.35886992130458,-100.378,-25.5848,1.0,D
1,29.55888242130458,-101.9781,-25.5848,1.0,T
1,29.600631141449966,-106.9557,-21.7848,1.0,D
1,29.80115614144997,-108.5599,-21.7848,1.0,T
1,29.82651172509101,-108.7192,-17.9848,1.0,D
1,29.926511725091007,-109.5192,-17.9848,1.0,T
1,29.95184505842434,-109.5192,-14.1848,1.0,D
1,30.05184505842434,-108.7192,-14.1848,1.0,T
1,30.077178391757673,-108.7192,-10.3848,1.0,D
1,30.177178391757675,-109.5192,-10.3848,1.0,T
1,30.202511725091007,-109.5192,-6.5848,1.0,D
1,30.30251172509101,-108.7192,-6.5848,1.0,T
1,30.32784505842434,-108.7192,-2.7848,1.0,D
1,30.427845058424342,-109.5192,-2.7848,1.0,T
1,30.81885390858903,-68.3763,39.0152,1.0,D
1,31.01882890858903,-66.7765,39.0152,1.0,T
1,31.060600948147673,-61.7945,35.2152,1.0,D
1,31.26057594814767,-60.1947,35.2152,1.0,T
1,31.302347457635467,-55.2128,31.4152,1.0,D
1,31.502334957635465,-53.6129,31.4152,1.0,T
1,31.54410646712326,-48.631,27.6152,1.0,D
1,31.74410646712326,-47.031,27.6152,1.0,T
1,31.785876916481097,-42.0493,23.8152,1.0,D
1,31.985889416481097,-40.4492,23.8152,1.0,T
1,32.30139837117001,4.3698,39.0152,1.0,D
1,32.501398371170005,5.9698,39.0152,1.0,T
1,32.543169350590865,10.9516,35.2152,1.0,D
1,32.74316935059086,12.5516,35.2152,1.0,T
1,32.78494033001172,17.5334,31.4152,1.0,D
1,32.98494033001172,19.1334,31.4152,1.0,T
1,33.02671077936955,24.1151,27.6152,1.0,D
1,33.22672327936955,25.7152,27.6152,1.0,T
1,33.268493728727385,30.6969,23.8152,1.0,D
1,33.468506228727385,32.297,23.8152,1.0,T
1,33.50260123314478,35.7198,20.0152,1.0,D
1,33.66592623314478,37.0264,20.0152,1.0,T
1,33.69131578558056,36.7731,16.2152,1.0,D
1,33.79131578558055,35.9731,16.2152,1.0,T
1,33.81664911891389,35.9731,12.4152,1.0,D
1,33.91664911891388,36.7731,12.4152,1.0,T
1,33.94198245224722,36.7731,8.6152,1.0,D
1,34.04198245224721,35.9731,8.6152,1.0,T
1,34.06731578558055,35.9731,4.8152,1.0,D
1,34.16731578558054,36.7731,4.8152,1.0,T
1,34.19264911891388,36.7731,1.0152,1.0,D
1,34.29264911891387,35.9731,1.0152,1.0,T
1,34.31798245224721,35.9731,-2.7848,1.0,D
1,34.4179824522472,36.7731,-2.7848,1.0,T
1,34.44331578558054,36.7731,-6.5848,1.0,D
1,34.54331578558053,35.9731,-6.5848,1.0,T
1,34.56864911891387,35.9731,-10.3848,1.0,D
1,34.66864911891386,36.7731,-10.3848,1.0,T
1,34.6939824522472,36.7731,-14.1848,1.0,D
1,34.79398245224719,35.9731,-14.1848,1.0,T
1,34.81931578558053,35.9731,-17.9848,1.0,D
1,34.91931578558052,36.7731,-17.9848,1.0,T
1,34.94724421176047,38.5366,-21.7848,1.0,D
1,35.48810671176047,34.2097,-21.7848,1.0,T
1,35.52985649171465,29.2319,-25.5848,1.0,D
1,35.72984399171465,27.632,-25.5848,1.0,T
1,35.77161497113551,22.6502,-29.3848,1.0,D
1,35.97161497113551,21.0502,-29.3848,1.0,T
1,36.01338595055637,16.0684,-33.1848,1.0,D
1,36.213385950556365,14.4684,-33.1848,1.0,T
1,36.255156929977225,9.4866,-36.9848,1.0,D
1,36.45515692997722,7.8866,-36.9848,1.0,T
1,36.70453776389194,43.5143,-25.5848,1.0,D
1,36.90453776389194,45.1143,-25.5848,1.0,T
1,36.9463087433128,50.0961,-29.3848,1.0,D
1,37.1462962433128,51.696,-29.3848,1.0,T
1,37.18806775280059,56.6779,-33.1848,1.0,D
1,37.38805525280059,58.2778,-33.1848,1.0,T
1,37.429827292359235,63.2598,-36.9848,1.0,D
1,37.62978979235923,64.8595,-36.9848,1.0,T
1,37.67156183191788,69.8415,-40.7848,1.0,D
1,37.888136831917876,71.5741,-40.7848,1.0,T
1,37.903763498584546,73.9181,-40.7848,1.0,D
1,38.120363498584545,75.6509,-40.7848,1.0,T
1,38.15070527253108,73.1461,-44.5848,1.0,D
1,38.25070527253107,72.3461,-44.5848,1.0,T
1,38.27603860586441,72.3461,-48.3848,1.0,D
1,38.3760386058644,73.1461,-48.3848,1.0,T
1,38.40137193919774,73.1461,-52.1848,1.0,D
1,38.50137193919773,72.3461,-52.1848,1.0,T
1,38.52670527253107,72.3461,-55.9848,1.0,D
1,38.62670527253106,73.1461,-55.9848,1.0,T
1,38.6520386058644,73.1461,-59.7848,1.0,D
1,38.75203860586439,72.3461,-59.7848,1.0,T
1,38.77737193919773,72.3461,-63.5848,1.0,D
1,38.87737193919772,73.1461,-63.5848,1.0,T
1,38.90270527253106,73.1461,-67.3848,1.0,D
1,39.00270527253105,72.3461,-67.3848,1.0,T
1,39.02803860586439,72.3461,-71.1848,1.0,D
1,39.12803860586438,73.1461,-71.1848,1.0,T
1,39.15337193919772,73.1461,-74.9848,1.0,D
1,39.25337193919771,72.3461,-74.9848,1.0,T
1,39.27870527253105,72.3461,-78.7848,1.0,D
1,39.37870527253104,73.1461,-78.7848,1.0,T
1,39.40403860586438,73.1461,-82.5848,1.0,D
1,39.51862610586438,72.2294,-82.5848,1.0,T
1,39.550148960508096,69.4155,-86.3848,1.0,D
1,39.75014896050809,67.8155,-86.3848,1.0,T
1,39.79191993992895,62.8337,-90.1848,1.0,D
1,39.99190743992895,61.2338,-90.1848,1.0,T
1,40.033678949416746,56.2519,-93.9848,1.0,D
1,40.233666449416745,54.652,-93.9848,1.0,T
1,40.27543795890454,49.6701,-97.7848,1.0,D
1,40.47542545890454,48.0702,-97.7848,1.0,T
1,40.517196968392334,43.0883,-101.5848,1.0,D
1,40.71718446839233,41.4884,-101.5848,1.0,T
1,40.759465558092366,36.4107,-105.3848,1.0,D
1,40.76887805809236,36.3354,-105.3848,1.0,T
1,40.81115861404371,31.2578,-101.5848,1.0,D
1,41.01114611404372,29.6579,-101.5848,1.0,T
1,41.05291762353151,24.676,-97.7848,1.0,D
1,41.25290512353151,23.0761,-97.7848,1.0,T
1,41.29467610295237,18.0943,-93.9848,1.0,D
1,41.49468860295237,16.4942,-93.9848,1.0,T
1,41.53645905231021,11.5125,-90.1848,1.0,D
1,41.736471552310206,9.9124,-90.1848,1.0,T
1,41.77824200166804,4.9307,-86.3848,1.0,D
1,41.97825450166804,3.3306,-86.3848,1.0,T
1,42.589845311293416,80.6327,-36.9848,1.0,D
1,42.78984531129341,82.2327,-36.9848,1.0,T
1,42.83161629071427,87.2145,-33.1848,1.0,D
1,43.03161629071427,88.8145,-33.1848,1.0,T
1,43.07338727013513,93.7963,-29.3848,1.0,D
1,43.273387270135125,95.3963,-29.3848,1.0,T
1,43.65351274252023,96.8612,27.6152,1.0,D
1,43.85352524252023,98.4613,27.6152,1.0,T
1,43.904191949204424,91.8795,31.4152,1.0,D
1,44.10419194920442,90.2795,31.4152,1.0,T
1,44.14596292862528,85.2977,35.2152,1.0,D
1,44.345962928625276,83.6977,35.2152,1.0,T
1,44.38773443811307,78.7158,39.0152,1.0,D
1,44.58772193811307,77.1159,39.0152,1.0,T
1,44.62280531078763,73.4753,42.8152,1.0,D
1,44.80510531078763,72.0169,42.8152,1.0,T
1,44.830533530142425,72.3461,46.6152,1.0,D
1,44.93053353014243,73.1461,46.6152,1.0,T
1,44.95586686347576,73.1461,50.4152,1.0,D
1,45.05586686347576,72.3461,50.4152,1.0,T
1,45.08120019680909,72.3461,54.2152,1.0,D
1,45.18120019680909,73.1461,54.2152,1.0,T
1,45.20653353014242,73.1461,58.0152,1.0,D
1,45.30653353014242,72.3461,58.0152,1.0,T
1,45.33186686347575,72.3461,61.8152,1.0,D
1,45.43186686347575,73.1461,61.8152,1.0,T
1,45.45720019680908,73.1461,65.6152,1.0,D
1,45.55720019680908,72.3461,65.6152,1.0,T
1,45.58253353014241,72.3461,69.4152,1.0,D
1,45.68253353014241,73.1461,69.4152,1.0,T
1,45.70786686347574,73.1461,73.2152,1.0,D
1,45.80786686347574,72.3461,73.2152,1.0,T
1,45.833200196809074,72.3461,77.0152,1.0,D
1,45.93320019680907,73.1461,77.0152,1.0,T
1,45.958533530142404,73.1461,80.8152,1.0,D
1,46.0585335301424,72.3461,80.8152,1.0,T
1,46.08388275073966,72.4807,84.6152,1.0,D
1,46.288432750739666,70.8443,84.6152,1.0,T
1,46.33001104697968,65.8989,88.4152,1.0,D
1,46.53003604697968,64.2987,88.4152,1.0,T
1,46.571806496337516,59.317,92.2152,1.0,D
1,46.77180649633752,57.717,92.2152,1.0,T
1,46.81357747575838,52.7352,96.0152,1.0,D
1,47.013577475758375,51.1352,96.0152,1.0,T
1,47.055348455179235,46.1534,99.8152,1.0,D
1,47.25534845517923,44.5534,99.8152,1.0,T
1,47.29711943460009,39.5716,103.6152,1.0,D
1,47.50013193460009,37.9475,103.6152,1.0,T
1,47.521123267933426,34.7988,103.6152,1.0,D
1,47.72416076793343,33.1745,103.6152,1.0,T
1,47.76593174735429,28.1927,99.8152,1.0,D
1,47.96593174735428,26.5927,99.8152,1.0,T
1,48.00770272677514,21.6109,96.0152,1.0,D
1,48.20770272677514,20.0109,96.0152,1.0,T
1,48.249473706196,15.0291,92.2152,1.0,D
1,48.449473706195995,13.4291,92.2152,1.0,T
1,48.491244685616856,8.4473,88.4152,1.0,D
1,48.69124468561685,6.8473,88.4152,1.0,T
1,49.17668824835601,40.4492,23.8152,1.0,D
1,49.37668824835601,42.0492,23.8152,1.0,T
1,49.41845922777687,47.031,27.6152,1.0,D
1,49.61845922777687,48.631,27.6152,1.0,T
1,49.66023020719773,53.6128,31.4152,1.0,D
1,49.86023020719772,55.2128,31.4152,1.0,T
1,49.90200065655556,60.1945,35.2152,1.0,D
1,50.10201315655556,61.7946,35.2152,1.0,T
1,50.14378360591339,66.7763,39.0152,1.0,D
1,50.34379610591339,68.3764,39.0152,1.0,T
1,60.09845611572523,-1000.0,0.0,1000.0,W
1,80.6099217776054,-1000.0,0.0,1000.0,T
1,89.5245221759098,-109.1192,-19.9914,3.0,D
1,90.0548522617997,-106.1192,-22.9914,3.0,D
1,90.1798522617997,-105.1192,-22.9914,3.0,D
1,90.53340565239297,-103.1192,-24.9914,3.0,D
1,90.65840565239297,-102.1192,-24.9914,3.0,D
1,90.83518234768961,-101.1192,-25.9914,3.0,D
1,90.96018234768961,-100.1192,-25.9914,3.0,D
1,91.13695904298625,-99.1192,-26.9914,3.0,D
1,91.26195904298625,-98.1192,-26.9914,3.0,D
1,91.61551243357953,-96.1192,-28.9914,3.0,D
1,91.74051243357953,-95.1192,-28.9914,3.0,D
1,91.91728912887616,-94.1192,-29.9914,3.0,D
1,92.04228912887616,-93.1192,-29.9914,3.0,D
1,92.2190658241728,-92.1192,-30.9914,3.0,D
1,92.3440658241728,-91.1192,-30.9914,3.0,D
1,92.69761921476608,-89.1192,-32.9914,3.0,D
1,92.82261921476608,-88.1192,-32.9914,3.0,D
1,92.99939591006272,-87.1192,-33.9914,3.0,D
1,93.12439591006272,-86.1192,-33.9914,3.0,D
1,93.30117260535935,-85.1192,-34.9914,3.0,D
1,93.42617260535935,-84.1192,-34.9914,3.0,D
1,93.77972599595263,-82.1192,-36.9914,3.0,D
1,93.90472599595263,-81.1192,-36.9914,3.0,D
1,94.08150269124927,-80.1192,-37.9914,3.0,D
1,94.20650269124927,-79.1192,-37.9914,3.0,D
1,94.56005608184255,-77.1192,-39.9914,3.0,D
1,94.68505608184255,-76.1192,-39.9914,3.0,D
1,94.86183277713918,-75.1192,-40.9914,3.0,D
1,95.11183277713918,-73.1192,-40.9914,3.0,D
1,95.48683277713918,-70.1192,-40.9914,3.0,D
1,95.84038616773246,-68.1192,-38.9914,3.0,D
1,95.96538616773246,-67.1192,-38.9914,3.0,D
1,96.1421628630291,-66.1192,-37.9914,3.0,D
1,96.2671628630291,-65.1192,-37.9914,3.0,D
1,96.62071625362238,-63.119200000000006,-35.9914,3.0,D
1,96.74571625362238,-62.119200000000006,-35.9914,3.0,D
1,96.92249294891901,-61.119200000000006,-34.9914,3.0,D
1,97.04749294891901,-60.119200000000006,-34.9914,3.0,D
1,97.22426964421565,-59.119200000000006,-33.9914,3.0,D
1,97.34926964421565,-58.119200000000006,-33.9914,3.0,D
1,97.70282303480893,-56.119200000000006,-31.9914,3.0,D
1,97.82782303480893,-55.119200000000006,-31.9914,3.0,D
1,98.00459973010557,-54.119200000000006,-30.9914,3.0,D
1,98.12959973010557,-53.119200000000006,-30.9914,3.0,D
1,98.3063764254022,-52.119200000000006,-29.9914,3.0,D
1,98.4313764254022,-51.119200000000006,-29.9914,3.0,D
1,98.78492981599548,-49.119200000000006,-27.9914,3.0,D
1,98.90992981599548,-48.119200000000006,-27.9914,3.0,D
1,99.08670651129212,-47.119200000000006,-26.9914,3.0,D
1,99.21170651129212,-46.119200000000006,-26.9914,3.0,D
1,99.38848320658876,-45.119200000000006,-25.9914,3.0,D
1,99.51348320658876,-44.119200000000006,-25.9914,3.0,D
1,99.86703659718204,-42.119200000000006,-23.9914,3.0,D
1,99.99203659718204,-41.119200000000006,-23.9914,3.0,D
1,100.16881329247867,-40.119200000000006,-22.9914,3.0,D
1,100.41881329247867,-38.119200000000006,-22.9914,3.0,D
1,100.59558998777531,-37.119200000000006,-21.9914,3.0,D
1,100.84558998777531,-35.119200000000006,-21.9914,3.0,D
1,101.02236668307195,-34.119200000000006,-22.9914,3.0,D
1,101.14736668307195,-33.119200000000006,-22.9914,3.0,D
1,101.32414337836859,-32.119200000000006,-23.9914,3.0,D
1,101.44914337836859,-31.119200000000006,-23.9914,3.0,D
1,101.62592007366523,-30.119200000000006,-24.9914,3.0,D
1,101.75092007366523,-29.119200000000006,-24.9914,3.0,D
1,101.92769676896187,-28.119200000000006,-25.9914,3.0,D
1,102.05269676896187,-27.119200000000006,-25.9914,3.0,D
1,102.40625015955514,-25.119200000000006,-27.9914,3.0,D
1,102.53125015955514,-24.119200000000006,-27.9914,3.0,D
1,102.70802685485178,-23.119200000000006,-28.9914,3.0,D
1,102.83302685485178,-22.119200000000006,-28.9914,3.0,D
1,103.00980355014842,-21.119200000000006,-29.9914,3.0,D
1,103.13480355014842,-20.119200000000006,-29.9914,3.0,D
1,103.4883569407417,-18.119200000000006,-31.9914,3.0,D
1,103.6133569407417,-17.119200000000006,-31.9914,3.0,D
1,103.79013363603833,-16.119200000000006,-32.9914,3.0,D
1,103.91513363603833,-15.119200000000006,-32.9914,3.0,D
1,104.09191033133497,-14.119200000000006,-33.9914,3.0,D
1,104.21691033133497,-13.119200000000006,-33.9914,3.0,D
1,104.57046372192825,-11.119200000000006,-35.9914,3.0,D
1,104.69546372192825,-10.119200000000006,-35.9914,3.0,D
1,104.87224041722489,-9.119200000000006,-36.9914,3.0,D
1,104.99724041722489,-8.119200000000006,-36.9914,3.0,D
1,105.35079380781816,-6.119200000000006,-38.9914,3.0,D
1,105.47579380781816,-5.119200000000006,-38.9914,3.0,D
1,105.6525705031148,-4.119200000000006,-39.9914,3.0,D
1,106.0275705031148,-1.1192000000000064,-39.9914,3.0,D
1,106.20434719841144,-0.11920000000000641,-40.9914,3.0,D
1,111.70434719841144,-0.11920000000000641,-84.9914,3.0,D
1,111.82934719841144,-1.1192000000000064,-84.9914,3.0,D
1,112.00612389370808,-2.1192000000000064,-85.9914,3.0,D
1,112.25612389370808,-4.119200000000006,-85.9914,3.0,D
1,112.60967728430136,-6.119200000000006,-87.9914,3.0,D
1,112.73467728430136,-7.119200000000006,-87.9914,3.0,D
1,112.911453979598,-8.119200000000006,-88.9914,3.0,D
1,113.036453979598,-9.119200000000006,-88.9914,3.0,D
1,113.21323067489463,-10.119200000000006,-89.9914,3.0,D
1,113.33823067489463,-11.119200000000006,-89.9914,3.0,D
1,113.69178406548791,-13.119200000000006,-91.9914,3.0,D
1,113.81678406548791,-14.119200000000006,-91.9914,3.0,D
1,113.99356076078455,-15.119200000000006,-92.9914,3.0,D
1,114.11856076078455,-16.119200000000006,-92.9914,3.0,D
1,114.47211415137782,-18.119200000000006,-94.9914,3.0,D
1,114.59711415137782,-19.119200000000006,-94.9914,3.0,D
1,114.77389084667446,-20.119200000000006,-95.9914,3.0,D
1,114.89889084667446,-21.119200000000006,-95.9914,3.0,D
1,115.0756675419711,-22.119200000000006,-96.9914,3.0,D
1,115.2006675419711,-23.119200000000006,-96.9914,3.0,D
1,115.55422093256438,-25.119200000000006,-98.9914,3.0,D
1,115.67922093256438,-26.119200000000006,-98.9914,3.0,D
1,115.85599762786102,-27.119200000000006,-99.9914,3.0,D
1,115.98099762786102,-28.119200000000006,-99.9914,3.0,D
1,116.15777432315765,-29.119200000000006,-100.9914,3.0,D
1,116.28277432315765,-30.119200000000006,-100.9914,3.0,D
1,116.63632771375093,-32.119200000000006,-102.9914,3.0,D
1,117.01132771375093,-35.119200000000006,-102.9914,3.0,D
1,117.18810440904757,-36.119200000000006,-103.9914,3.0,D
1,117.3648811043442,-37.119200000000006,-102.9914,3.0,D
1,117.7398811043442,-40.119200000000006,-102.9914,3.0,D
1,117.91665779964084,-41.119200000000006,-101.9914,3.0,D
1,118.04165779964084,-42.119200000000006,-101.9914,3.0,D
1,118.21843449493748,-43.119200000000006,-100.9914,3.0,D
1,118.34343449493748,-44.119200000000006,-100.9914,3.0,D
1,118.69698788553076,-46.119200000000006,-98.9914,3.0,D
1,118.82198788553076,-47.119200000000006,-98.9914,3.0,D
1,118.9987645808274,-48.119200000000006,-97.9914,3.0,D
1,119.1237645808274,-49.119200000000006,-97.9914,3.0,D
1,119.30054127612404,-50.119200000000006,-96.9914,3.0,D
1,119.42554127612404,-51.119200000000006,-96.9914,3.0,D
1,119.77909466671731,-53.119200000000006,-94.9914,3.0,D
1,119.90409466671731,-54.119200000000006,-94.9914,3.0,D
1,120.08087136201395,-55.119200000000006,-93.9914,3.0,D
1,120.20587136201395,-56.119200000000006,-93.9914,3.0,D
1,120.55942475260723,-58.119200000000006,-91.9914,3.0,D
1,120.68442475260723,-59.119200000000006,-91.9914,3.0,D
1,120.86120144790387,-60.119200000000006,-90.9914,3.0,D
1,120.98620144790387,-61.119200000000006,-90.9914,3.0,D
1,121.1629781432005,-62.119200000000006,-89.9914,3.0,D
1,121.2879781432005,-63.119200000000006,-89.9914,3.0,D
1,121.64153153379378,-65.1192,-87.9914,3.0,D
1,121.76653153379378,-66.1192,-87.9914,3.0,D
1,121.94330822909042,-67.1192,-86.9914,3.0,D
1,122.06830822909042,-68.1192,-86.9914,3.0,D
1,122.24508492438706,-69.1192,-85.9914,3.0,D
1,122.37008492438706,-70.1192,-85.9914,3.0,D
1,122.72363831498033,-72.1192,-83.9914,3.0,D
1,122.84863831498033,-72.1192,-82.9914,3.0,D
1,123.02541501027697,-73.1192,-81.9914,3.0,D
1,128.15041501027696,-73.1192,-40.9914,3.0,T
1,128.42179010943758,-37.119200000000006,-21.9914,3.0,D
1,133.92179010943758,-37.119200000000006,22.0086,3.0,D
1,134.09856680473422,-38.119200000000006,23.0086,3.0,D
1,134.34856680473422,-40.119200000000006,23.0086,3.0,D
1,134.52534350003086,-41.119200000000006,24.0086,3.0,D
1,134.65034350003086,-42.119200000000006,24.0086,3.0,D
1,134.8271201953275,-43.119200000000006,25.0086,3.0,D
1,134.9521201953275,-44.119200000000006,25.0086,3.0,D
1,135.30567358592077,-46.119200000000006,27.0086,3.0,D
1,135.43067358592077,-47.119200000000006,27.0086,3.0,D
1,135.6074502812174,-48.119200000000006,28.0086,3.0,D
1,135.7324502812174,-49.119200000000006,28.0086,3.0,D
1,135.90922697651405,-50.119200000000006,29.0086,3.0,D
1,136.03422697651405,-51.119200000000006,29.0086,3.0,D
1,136.38778036710733,-53.119200000000006,31.0086,3.0,D
1,136.51278036710733,-54.119200000000006,31.0086,3.0,D
1,136.68955706240396,-55.119200000000006,32.0086,3.0,D
1,136.81455706240396,-56.119200000000006,32.0086,3.0,D
1,137.16811045299724,-58.119200000000006,34.0086,3.0,D
1,137.29311045299724,-59.119200000000006,34.0086,3.0,D
1,137.46988714829388,-60.119200000000006,35.0086,3.0,D
1,137.59488714829388,-61.119200000000006,35.0086,3.0,D
1,137.77166384359052,-62.119200000000006,36.0086,3.0,D
1,137.89666384359052,-63.119200000000006,36.0086,3.0,D
1,138.2502172341838,-65.1192,38.0086,3.0,D
1,138.3752172341838,-66.1192,38.0086,3.0,D
1,138.55199392948043,-67.1192,39.0086,3.0,D
1,138.67699392948043,-68.1192,39.0086,3.0,D
1,138.85377062477707,-69.1192,40.0086,3.0,D
1,139.10377062477707,-71.1192,40.0086,3.0,D
1,139.2805473200737,-72.1192,41.0086,3.0,D
1,139.4055473200737,-73.1192,41.0086,3.0,D
1,139.5305473200737,-74.1192,41.0086,3.0,D
1,139.70732401537035,-75.1192,40.0086,3.0,D
1,139.83232401537035,-76.1192,40.0086,3.0,D
1,140.00910071066698,-77.1192,39.0086,3.0,D
1,140.13410071066698,-78.1192,39.0086,3.0,D
1,140.31087740596362,-79.1192,38.0086,3.0,D
1,140.43587740596362,-80.1192,38.0086,3.0,D
1,140.61265410126026,-81.1192,37.0086,3.0,D
1,140.73765410126026,-82.1192,37.0086,3.0,D
1,141.09120749185354,-84.1192,35.0086,3.0,D
1,141.21620749185354,-85.1192,35.0086,3.0,D
1,141.39298418715018,-86.1192,34.0086,3.0,D
1,141.51798418715018,-87.1192,34.0086,3.0,D
1,141.69476088244681,-88.1192,33.0086,3.0,D
1,141.81976088244681,-89.1192,33.0086,3.0,D
1,142.1733142730401,-91.1192,31.0086,3.0,D
1,142.2983142730401,-92.1192,31.0086,3.0,D
1,142.47509096833673,-93.1192,30.0086,3.0,D
1,142.60009096833673,-94.1192,30.0086,3.0,D
1,142.95364435893,-96.1192,28.0086,3.0,D
1,143.07864435893,-97.1192,28.0086,3.0,D
1,143.25542105422664,-98.1192,27.0086,3.0,D
1,143.38042105422664,-99.1192,27.0086,3.0,D
1,143.55719774952328,-100.1192,26.0086,3.0,D
1,143.68219774952328,-101.1192,26.0086,3.0,D
1,144.03575114011656,-103.1192,24.0086,3.0,D
1,144.16075114011656,-104.1192,24.0086,3.0,D
1,144.3375278354132,-105.1192,23.0086,3.0,D
1,144.4625278354132,-106.1192,23.0086,3.0,D
1,144.9928579213031,-109.1192,20.0086,3.0,D
1,149.9928579213031,-109.1192,-19.9914,3.0,T
1,150.4650631497555,-73.1192,41.0086,3.0,D
1,155.5900631497555,-73.1192,82.0086,3.0,D
1,155.76683984505215,-72.1192,83.0086,3.0,D
1,155.89183984505215,-72.1192,84.0086,3.0,D
1,156.06861654034878,-71.1192,85.0086,3.0,D
1,156.19361654034878,-70.1192,85.0086,3.0,D
1,156.54716993094206,-68.1192,87.0086,3.0,D
1,156.67216993094206,-67.1192,87.0086,3.0,D
1,156.8489466262387,-66.1192,88.0086,3.0,D
1,156.9739466262387,-65.1192,88.0086,3.0,D
1,157.32750001683198,-63.119200000000006,90.0086,3.0,D
1,157.45250001683198,-62.119200000000006,90.0086,3.0,D
1,157.62927671212861,-61.119200000000006,91.0086,3.0,D
1,157.75427671212861,-60.119200000000006,91.0086,3.0,D
1,157.93105340742525,-59.119200000000006,92.0086,3.0,D
1,158.05605340742525,-58.119200000000006,92.0086,3.0,D
1,158.40960679801853,-56.119200000000006,94.0086,3.0,D
1,158.53460679801853,-55.119200000000006,94.0086,3.0,D
1,158.71138349331517,-54.119200000000006,95.0086,3.0,D
1,158.83638349331517,-53.119200000000006,95.0086,3.0,D
1,159.0131601886118,-52.119200000000006,96.0086,3.0,D
1,159.1381601886118,-51.119200000000006,96.0086,3.0,D
1,159.49171357920508,-49.119200000000006,98.0086,3.0,D
1,159.61671357920508,-48.119200000000006,98.0086,3.0,D
1,159.79349027450172,-47.119200000000006,99.0086,3.0,D
1,159.91849027450172,-46.119200000000006,99.0086,3.0,D
1,160.09526696979836,-45.119200000000006,100.0086,3.0,D
1,160.22026696979836,-44.119200000000006,100.0086,3.0,D
1,160.57382036039164,-42.119200000000006,102.0086,3.0,D
1,160.69882036039164,-41.119200000000006,102.0086,3.0,D
1,160.87559705568827,-40.119200000000006,103.0086,3.0,D
1,161.12559705568827,-38.119200000000006,103.0086,3.0,D
1,161.3023737509849,-37.119200000000006,104.0086,3.0,D
1,161.5523737509849,-35.119200000000006,104.0086,3.0,D
1,161.72915044628155,-34.119200000000006,103.0086,3.0,D
1,161.85415044628155,-33.119200000000006,103.0086,3.0,D
1,162.0309271415782,-32.119200000000006,102.0086,3.0,D
1,162.1559271415782,-31.119200000000006,102.0086,3.0,D
1,162.33270383687483,-30.119200000000006,101.0086,3.0,D
1,162.45770383687483,-29.119200000000006,101.0086,3.0,D
1,162.63448053217147,-28.119200000000006,100.0086,3.0,D
1,162.75948053217147,-27.119200000000006,100.0086,3.0,D
1,163.11303392276474,-25.119200000000006,98.0086,3.0,D
1,163.23803392276474,-24.119200000000006,98.0086,3.0,D
1,163.41481061806138,-23.119200000000006,97.0086,3.0,D
1,163.53981061806138,-22.119200000000006,97.0086,3.0,D
1,163.71658731335802,-21.119200000000006,96.0086,3.0,D
1,163.84158731335802,-20.119200000000006,96.0086,3.0,D
1,164.1951407039513,-18.119200000000006,94.0086,3.0,D
1,164.3201407039513,-17.119200000000006,94.0086,3.0,D
1,164.49691739924793,-16.119200000000006,93.0086,3.0,D
1,164.62191739924793,-15.119200000000006,93.0086,3.0,D
1,164.79869409454457,-14.119200000000006,92.0086,3.0,D
1,164.92369409454457,-13.119200000000006,92.0086,3.0,D
1,165.27724748513785,-11.119200000000006,90.0086,3.0,D
1,165.40224748513785,-10.119200000000006,90.0086,3.0,D
1,165.5790241804345,-9.119200000000006,89.0086,3.0,D
1,165.7040241804345,-8.119200000000006,89.0086,3.0,D
1,166.05757757102776,-6.119200000000006,87.0086,3.0,D
1,166.18257757102776,-5.119200000000006,87.0086,3.0,D
1,166.3593542663244,-4.119200000000006,86.0086,3.0,D
1,166.7343542663244,-1.1192000000000064,86.0086,3.0,D
1,166.91113096162104,-0.11920000000000641,85.0086,3.0,D
1,172.41113096162104,-0.11920000000000641,41.0086,3.0,D
1,172.53613096162104,-1.1192000000000064,41.0086,3.0,D
1,172.71290765691768,-2.1192000000000064,40.0086,3.0,D
1,172.96290765691768,-4.119200000000006,40.0086,3.0,D
1,173.31646104751096,-6.119200000000006,38.0086,3.0,D
1,173.44146104751096,-7.119200000000006,38.0086,3.0,D
1,173.6182377428076,-8.119200000000006,37.0086,3.0,D
1,173.7432377428076,-9.119200000000006,37.0086,3.0,D
1,173.92001443810423,-10.119200000000006,36.0086,3.0,D
1,174.04501443810423,-11.119200000000006,36.0086,3.0,D
1,174.3985678286975,-13.119200000000006,34.0086,3.0,D
1,174.5235678286975,-14.119200000000006,34.0086,3.0,D
1,174.70034452399415,-15.119200000000006,33.0086,3.0,D
1,174.82534452399415,-16.119200000000006,33.0086,3.0,D
1,175.17889791458742,-18.119200000000006,31.0086,3.0,D
1,175.30389791458742,-19.119200000000006,31.0086,3.0,D
1,175.48067460988406,-20.119200000000006,30.0086,3.0,D
1,175.60567460988406,-21.119200000000006,30.0086,3.0,D
1,175.7824513051807,-22.119200000000006,29.0086,3.0,D
1,175.9074513051807,-23.119200000000006,29.0086,3.0,D
1,176.26100469577398,-25.119200000000006,27.0086,3.0,D
1,176.38600469577398,-26.119200000000006,27.0086,3.0,D
1,176.56278139107062,-27.119200000000006,26.0086,3.0,D
1,176.68778139107062,-28.119200000000006,26.0086,3.0,D
1,176.86455808636725,-29.119200000000006,25.0086,3.0,D
1,176.98955808636725,-30.119200000000006,25.0086,3.0,D
1,177.34311147696053,-32.119200000000006,23.0086,3.0,D
1,177.71811147696053,-35.119200000000006,23.0086,3.0,D
1,177.89488817225717,-36.119200000000006,22.0086,3.0,D
1,178.01988817225717,-37.119200000000006,22.0086,3.0,T
1,178.29717663016498,-0.11920000000000641,41.0086,3.0,D
1,178.42217663016498,0.8807999999999936,41.0086,3.0,D
1,178.59895332546162,1.8807999999999936,40.0086,3.0,D
1,178.84895332546162,3.8807999999999936,40.0086,3.0,D
1,179.02573002075826,4.880799999999994,39.0086,3.0,D
1,179.15073002075826,5.880799999999994,39.0086,3.0,D
1,179.50428341135154,7.880799999999994,37.0086,3.0,D
1,179.62928341135154,8.880799999999994,37.0086,3.0,D
1,179.80606010664818,9.880799999999994,36.0086,3.0,D
1,179.93106010664818,10.880799999999994,36.0086,3.0,D
1,180.1078368019448,11.880799999999994,35.0086,3.0,D
1,180.2328368019448,12.880799999999994,35.0086,3.0,D
1,180.5863901925381,14.880799999999994,33.0086,3.0,D
1,180.7113901925381,15.880799999999994,33.0086,3.0,D
1,180.88816688783473,16.880799999999994,32.0086,3.0,D
1,181.01316688783473,17.880799999999994,32.0086,3.0,D
1,181.366720278428,19.880799999999994,30.0086,3.0,D
1,181.491720278428,20.880799999999994,30.0086,3.0,D
1,181.66849697372464,21.880799999999994,29.0086,3.0,D
1,181.79349697372464,22.880799999999994,29.0086,3.0,D
1,181.97027366902128,23.880799999999994,28.0086,3.0,D
1,182.09527366902128,24.880799999999994,28.0086,3.0,D
1,182.44882705961456,26.880799999999994,26.0086,3.0,D
1,182.57382705961456,27.880799999999994,26.0086,3.0,D
1,182.7506037549112,28.880799999999994,25.0086,3.0,D
1,182.8756037549112,29.880799999999994,25.0086,3.0,D
1,183.05238045020783,30.880799999999994,24.0086,3.0,D
1,183.17738045020783,31.880799999999994,24.0086,3.0,D
1,183.5309338408011,33.880799999999994,22.0086,3.0,D
1,183.7809338408011,35.880799999999994,22.0086,3.0,D
1,189.2809338408011,35.880799999999994,-21.9914,3.0,D
1,189.4059338408011,34.880799999999994,-21.9914,3.0,D
1,189.58271053609775,33.880799999999994,-22.9914,3.0,D
1,189.70771053609775,32.880799999999994,-22.9914,3.0,D
1,189.8844872313944,31.880799999999994,-23.9914,3.0,D
1,190.0094872313944,30.880799999999994,-23.9914,3.0,D
1,190.18626392669103,29.880799999999994,-24.9914,3.0,D
1,190.31126392669103,28.880799999999994,-24.9914,3.0,D
1,190.6648173172843,26.880799999999994,-26.9914,3.0,D
1,190.7898173172843,25.880799999999994,-26.9914,3.0,D
1,190.96659401258094,24.880799999999994,-27.9914,3.0,D
1,191.09159401258094,23.880799999999994,-27.9914,3.0,D
1,191.26837070787758,22.880799999999994,-28.9914,3.0,D
1,191.39337070787758,21.880799999999994,-28.9914,3.0,D
1,191.74692409847086,19.880799999999994,-30.9914,3.0,D
1,191.87192409847086,18.880799999999994,-30.9914,3.0,D
1,192.0487007937675,17.880799999999994,-31.9914,3.0,D
1,192.1737007937675,16.880799999999994,-31.9914,3.0,D
1,192.35047748906413,15.880799999999994,-32.9914,3.0,D
1,192.47547748906413,14.880799999999994,-32.9914,3.0,D
1,192.8290308796574,12.880799999999994,-34.9914,3.0,D
1,192.9540308796574,11.880799999999994,-34.9914,3.0,D
1,193.13080757495405,10.880799999999994,-35.9914,3.0,D
1,193.25580757495405,9.880799999999994,-35.9914,3.0,D
1,193.4325842702507,8.880799999999994,-36.9914,3.0,D
1,193.5575842702507,7.880799999999994,-36.9914,3.0,D
1,193.91113766084396,5.880799999999994,-38.9914,3.0,D
1,194.03613766084396,4.880799999999994,-38.9914,3.0,D
1,194.2129143561406,3.8807999999999936,-39.9914,3.0,D
1,194.5879143561406,0.8807999999999936,-39.9914,3.0,D
1,194.76469105143724,-0.11920000000000641,-40.9914,3.0,T
1,195.03606615059786,35.880799999999994,-21.9914,3.0,D
1,195.28606615059786,37.880799999999994,-21.9914,3.0,D
1,195.4628428458945,38.880799999999994,-22.9914,3.0,D
1,195.5878428458945,39.880799999999994,-22.9914,3.0,D
1,195.76461954119114,40.880799999999994,-23.9914,3.0,D
1,195.88961954119114,41.880799999999994,-23.9914,3.0,D
1,196.06639623648778,42.880799999999994,-24.9914,3.0,D
1,196.19139623648778,43.880799999999994,-24.9914,3.0,D
1,196.54494962708105,45.880799999999994,-26.9914,3.0,D
1,196.66994962708105,46.880799999999994,-26.9914,3.0,D
1,196.8467263223777,47.880799999999994,-27.9914,3.0,D
1,196.9717263223777,48.880799999999994,-27.9914,3.0,D
1,197.14850301767433,49.880799999999994,-28.9914,3.0,D
1,197.27350301767433,50.880799999999994,-28.9914,3.0,D
1,197.6270564082676,52.880799999999994,-30.9914,3.0,D
1,197.7520564082676,53.880799999999994,-30.9914,3.0,D
1,197.92883310356424,54.880799999999994,-31.9914,3.0,D
1,198.05383310356424,55.880799999999994,-31.9914,3.0,D
1,198.23060979886088,56.880799999999994,-32.9914,3.0,D
1,198.35560979886088,57.880799999999994,-32.9914,3.0,D
1,198.70916318945416,59.880799999999994,-34.9914,3.0,D
1,198.83416318945416,60.880799999999994,-34.9914,3.0,D
1,199.0109398847508,61.880799999999994,-35.9914,3.0,D
1,199.1359398847508,62.880799999999994,-35.9914,3.0,D
1,199.48949327534407,64.8808,-37.9914,3.0,D
1,199.61449327534407,65.8808,-37.9914,3.0,D
1,199.7912699706407,66.8808,-38.9914,3.0,D
1,199.9162699706407,67.8808,-38.9914,3.0,D
1,200.09304666593735,68.8808,-39.9914,3.0,D
1,200.34304666593735,70.8808,-39.9914,3.0,D
1,200.519823361234,71.8808,-40.9914,3.0,D
1,205.894823361234,71.8808,-83.9914,3.0,D
1,206.24837675182727,69.8808,-85.9914,3.0,D
1,206.37337675182727,68.8808,-85.9914,3.0,D
1,206.5501534471239,67.8808,-86.9914,3.0,D
1,206.6751534471239,66.8808,-86.9914,3.0,D
1,207.02870683771718,64.8808,-88.9914,3.0,D
1,207.15370683771718,63.880799999999994,-88.9914,3.0,D
1,207.33048353301382,62.880799999999994,-89.9914,3.0,D
1,207.45548353301382,61.880799999999994,-89.9914,3.0,D
1,207.63226022831046,60.880799999999994,-90.9914,3.0,D
1,207.75726022831046,59.880799999999994,-90.9914,3.0,D
1,208.11081361890373,57.880799999999994,-92.9914,3.0,D
1,208.23581361890373,56.880799999999994,-92.9914,3.0,D
1,208.41259031420037,55.880799999999994,-93.9914,3.0,D
1,208.53759031420037,54.880799999999994,-93.9914,3.0,D
1,208.89114370479365,52.880799999999994,-95.9914,3.0,D
1,209.01614370479365,51.880799999999994,-95.9914,3.0,D
1,209.1929204000903,50.880799999999994,-96.9914,3.0,D
1,209.3179204000903,49.880799999999994,-96.9914,3.0,D
1,209.49469709538693,48.880799999999994,-97.9914,3.0,D
1,209.61969709538693,47.880799999999994,-97.9914,3.0,D
1,209.9732504859802,45.880799999999994,-99.9914,3.0,D
1,210.0982504859802,44.880799999999994,-99.9914,3.0,D
1,210.27502718127684,43.880799999999994,-100.9914,3.0,D
1,210.40002718127684,42.880799999999994,-100.9914,3.0,D
1,210.57680387657348,41.880799999999994,-101.9914,3.0,D
1,210.70180387657348,40.880799999999994,-101.9914,3.0,D
1,211.05535726716676,38.880799999999994,-103.9914,3.0,D
1,211.68035726716676,33.880799999999994,-103.9914,3.0,D
1,212.03391065776003,31.880799999999994,-101.9914,3.0,D
1,212.15891065776003,30.880799999999994,-101.9914,3.0,D
1,212.33568735305667,29.880799999999994,-100.9914,3.0,D
1,212.46068735305667,28.880799999999994,-100.9914,3.0,D
1,212.6374640483533,27.880799999999994,-99.9914,3.0,D
1,212.7624640483533,26.880799999999994,-99.9914,3.0,D
1,213.11601743894659,24.880799999999994,-97.9914,3.0,D
1,213.24101743894659,23.880799999999994,-97.9914,3.0,D
1,213.41779413424322,22.880799999999994,-96.9914,3.0,D
1,213.54279413424322,21.880799999999994,-96.9914,3.0,D
1,213.71957082953986,20.880799999999994,-95.9914,3.0,D
1,213.84457082953986,19.880799999999994,-95.9914,3.0,D
1,214.19812422013314,17.880799999999994,-93.9914,3.0,D
1,214.32312422013314,16.880799999999994,-93.9914,3.0,D
1,214.49990091542978,15.880799999999994,-92.9914,3.0,D
1,214.62490091542978,14.880799999999994,-92.9914,3.0,D
1,214.97845430602305,12.880799999999994,-90.9914,3.0,D
1,215.10345430602305,11.880799999999994,-90.9914,3.0,D
1,215.2802310013197,10.880799999999994,-89.9914,3.0,D
1,215.4052310013197,9.880799999999994,-89.9914,3.0,D
1,215.58200769661633,8.880799999999994,-88.9914,3.0,D
1,215.70700769661633,7.880799999999994,-88.9914,3.0,D
1,216.0605610872096,5.880799999999994,-86.9914,3.0,D
1,216.1855610872096,4.880799999999994,-86.9914,3.0,D
1,216.36233778250624,3.8807999999999936,-85.9914,3.0,D
1,216.61233778250624,1.8807999999999936,-85.9914,3.0,D
1,216.78911447780288,0.8807999999999936,-84.9914,3.0,D
1,216.91411447780288,-0.11920000000000641,-84.9914,3.0,T
1,217.47664842739565,71.8808,-40.9914,3.0,D
1,217.60164842739565,72.8808,-40.9914,3.0,D
1,217.77842512269228,73.8808,-39.9914,3.0,D
1,218.15342512269228,76.8808,-39.9914,3.0,D
1,218.33020181798892,77.8808,-38.9914,3.0,D
1,218.45520181798892,78.8808,-38.9914,3.0,D
1,218.8087552085822,80.8808,-36.9914,3.0,D
1,218.9337552085822,81.8808,-36.9914,3.0,D
1,219.11053190387884,82.8808,-35.9914,3.0,D
1,219.23553190387884,83.8808,-35.9914,3.0,D
1,219.5890852944721,85.8808,-33.9914,3.0,D
1,219.7140852944721,86.8808,-33.9914,3.0,D
1,219.89086198976875,87.8808,-32.9914,3.0,D
1,220.01586198976875,88.8808,-32.9914,3.0,D
1,220.1926386850654,89.8808,-31.9914,3.0,D
1,220.3176386850654,90.8808,-31.9914,3.0,D
1,220.67119207565867,92.8808,-29.9914,3.0,D
1,220.79619207565867,93.8808,-29.9914,3.0,D
1,220.9729687709553,94.8808,-28.9914,3.0,D
1,221.0979687709553,95.8808,-28.9914,3.0,D
1,221.27474546625194,96.8808,-27.9914,3.0,D
1,221.39974546625194,97.8808,-27.9914,3.0,T
1,221.76641213291862,97.8808,27.0086,3.0,D
1,222.1199655235119,95.8808,29.0086,3.0,D
1,222.2449655235119,94.8808,29.0086,3.0,D
1,222.42174221880853,93.8808,30.0086,3.0,D
1,222.54674221880853,92.8808,30.0086,3.0,D
1,222.72351891410517,91.8808,31.0086,3.0,D
1,222.84851891410517,90.8808,31.0086,3.0,D
1,223.20207230469845,88.8808,33.0086,3.0,D
1,223.32707230469845,87.8808,33.0086,3.0,D
1,223.50384899999509,86.8808,34.0086,3.0,D
1,223.62884899999509,85.8808,34.0086,3.0,D
1,223.98240239058836,83.8808,36.0086,3.0,D
1,224.10740239058836,82.8808,36.0086,3.0,D
1,224.284179085885,81.8808,37.0086,3.0,D
1,224.409179085885,80.8808,37.0086,3.0,D
1,224.58595578118164,79.8808,38.0086,3.0,D
1,224.71095578118164,78.8808,38.0086,3.0,D
1,225.06450917177492,76.8808,40.0086,3.0,D
1,225.31450917177492,74.8808,40.0086,3.0,D
1,225.49128586707155,73.8808,41.0086,3.0,D
1,225.74128586707155,71.8808,41.0086,3.0,D
1,230.99128586707155,71.8808,83.0086,3.0,D
1,231.1680625623682,70.8808,84.0086,3.0,D
1,231.2930625623682,70.8808,85.0086,3.0,D
1,231.46983925766483,69.8808,86.0086,3.0,D
1,231.59483925766483,68.8808,86.0086,3.0,D
1,231.77161595296147,67.8808,87.0086,3.0,D
1,231.89661595296147,66.8808,87.0086,3.0,D
1,232.0733926482581,65.8808,88.0086,3.0,D
1,232.1983926482581,64.8808,88.0086,3.0,D
1,232.55194603885138,62.880799999999994,90.0086,3.0,D
1,232.67694603885138,61.880799999999994,90.0086,3.0,D
1,232.85372273414802,60.880799999999994,91.0086,3.0,D
1,232.97872273414802,59.880799999999994,91.0086,3.0,D
1,233.3322761247413,57.880799999999994,93.0086,3.0,D
1,233.4572761247413,56.880799999999994,93.0086,3.0,D
1,233.63405282003794,55.880799999999994,94.0086,3.0,D
1,233.75905282003794,54.880799999999994,94.0086,3.0,D
1,233.93582951533458,53.880799999999994,95.0086,3.0,D
1,234.06082951533458,52.880799999999994,95.0086,3.0,D
1,234.41438290592785,50.880799999999994,97.0086,3.0,D
1,234.53938290592785,49.880799999999994,97.0086,3.0,D
1,234.7161596012245,48.880799999999994,98.0086,3.0,D
1,234.8411596012245,47.880799999999994,98.0086,3.0,D
1,235.01793629652113,46.880799999999994,99.0086,3.0,D
1,235.14293629652113,45.880799999999994,99.0086,3.0,D
1,235.4964896871144,43.880799999999994,101.0086,3.0,D
1,235.6214896871144,42.880799999999994,101.0086,3.0,D
1,235.79826638241104,41.880799999999994,102.0086,3.0,D
1,235.92326638241104,40.880799999999994,102.0086,3.0,D
1,236.10004307770768,39.880799999999994,103.0086,3.0,D
1,236.22504307770768,38.880799999999994,103.0086,3.0,D
1,236.40181977300432,37.880799999999994,104.0086,3.0,D
1,236.77681977300432,34.880799999999994,104.0086,3.0,D
1,236.95359646830096,33.880799999999994,103.0086,3.0,D
1,237.07859646830096,32.880799999999994,103.0086,3.0,D
1,237.2553731635976,31.880799999999994,102.0086,3.0,D
1,237.3803731635976,30.880799999999994,102.0086,3.0,D
1,237.55714985889423,29.880799999999994,101.0086,3.0,D
1,237.68214985889423,28.880799999999994,101.0086,3.0,D
1,238.0357032494875,26.880799999999994,99.0086,3.0,D
1,238.1607032494875,25.880799999999994,99.0086,3.0,D
1,238.33747994478415,24.880799999999994,98.0086,3.0,D
1,238.46247994478415,23.880799999999994,98.0086,3.0,D
1,238.6392566400808,22.880799999999994,97.0086,3.0,D
1,238.7642566400808,21.880799999999994,97.0086,3.0,D
1,239.11781003067406,19.880799999999994,95.0086,3.0,D
1,239.24281003067406,18.880799999999994,95.0086,3.0,D
1,239.4195867259707,17.880799999999994,94.0086,3.0,D
1,239.5445867259707,16.880799999999994,94.0086,3.0,D
1,239.72136342126734,15.880799999999994,93.0086,3.0,D
1,239.84636342126734,14.880799999999994,93.0086,3.0,D
1,240.19991681186062,12.880799999999994,91.0086,3.0,D
1,240.32491681186062,11.880799999999994,91.0086,3.0,D
1,240.50169350715726,10.880799999999994,90.0086,3.0,D
1,240.62669350715726,9.880799999999994,90.0086,3.0,D
1,240.8034702024539,8.880799999999994,89.0086,3.0,D
1,240.9284702024539,7.880799999999994,89.0086,3.0,D
1,241.28202359304717,5.880799999999994,87.0086,3.0,D
1,241.40702359304717,4.880799999999994,87.0086,3.0,D
1,241.5838002883438,3.8807999999999936,86.0086,3.0,D
1,241.9588002883438,0.8807999999999936,86.0086,3.0,D
1,242.13557698364045,-0.11920000000000641,85.0086,3.0,T
1,242.61931244853835,35.880799999999994,22.0086,3.0,D
1,242.99431244853835,38.880799999999994,22.0086,3.0,D
1,243.34786583913163,40.880799999999994,24.0086,3.0,D
1,243.47286583913163,41.880799999999994,24.0086,3.0,D
1,243.64964253442827,42.880799999999994,25.0086,3.0,D
1,243.77464253442827,43.880799999999994,25.0086,3.0,D
1,243.9514192297249,44.880799999999994,26.0086,3.0,D
1,244.0764192297249,45.880799999999994,26.0086,3.0,D
1,244.42997262031818,47.880799999999994,28.0086,3.0,D
1,244.55497262031818,48.880799999999994,28.0086,3.0,D
1,244.73174931561482,49.880799999999994,29.0086,3.0,D
1,244.85674931561482,50.880799999999994,29.0086,3.0,D
1,245.03352601091146,51.880799999999994,30.0086,3.0,D
1,245.15852601091146,52.880799999999994,30.0086,3.0,D
1,245.51207940150474,54.880799999999994,32.0086,3.0,D
1,245.63707940150474,55.880799999999994,32.0086,3.0,D
1,245.81385609680137,56.880799999999994,33.0086,3.0,D
1,245.93885609680137,57.880799999999994,33.0086,3.0,D
1,246.29240948739465,59.880799999999994,35.0086,3.0,D
1,246.41740948739465,60.880799999999994,35.0086,3.0,D
1,246.5941861826913,61.880799999999994,36.0086,3.0,D
1,246.7191861826913,62.880799999999994,36.0086,3.0,D
1,246.89596287798793,63.880799999999994,37.0086,3.0,D
1,247.02096287798793,64.8808,37.0086,3.0,D
1,247.3745162685812,66.8808,39.0086,3.0,D
1,247.4995162685812,67.8808,39.0086,3.0,D
1,247.67629296387784,68.8808,40.0086,3.0,D
1,247.92629296387784,70.8808,40.0086,3.0,D
1,248.10306965917448,71.8808,41.0086,3.0,T
1,257.8660818416304,-1000.0,0.0,1000.0,W
1,284.938042378165,-1000.0,0.0,1000.0,T
1,293.8399325290129,-109.5192,1.0152,5.0,D
1,293.93993252901294,-108.7192,1.0152,5.0,T
1,293.96526586234626,-108.7192,4.8152,5.0,D
1,294.0652658623463,-109.5192,4.8152,5.0,T
1,294.0905991956796,-109.5192,8.6152,5.0,D
1,294.1905991956796,-108.7192,8.6152,5.0,T
1,294.21593252901295,-108.7192,12.4152,5.0,D
1,294.31593252901297,-109.5192,12.4152,5.0,T
1,294.3412658623463,-109.5192,16.2152,5.0,D
1,294.4412658623463,-108.7192,16.2152,5.0,T
1,294.4666554147821,-108.4659,20.0152,5.0,D
1,294.59831791478206,-109.5192,20.0152,5.0,T
1,294.6374617925267,-105.0431,23.8152,5.0,D
1,294.8374617925267,-103.4431,23.8152,5.0,T
1,294.87923224188455,-98.4614,27.6152,5.0,D
1,295.07924474188457,-96.8613,27.6152,5.0,T
1,295.1210151912424,-91.8796,31.4152,5.0,D
1,295.3210276912424,-90.2795,31.4152,5.0,T
1,295.36279867066327,-85.2977,35.2152,5.0,D
1,295.56279867066326,-83.6977,35.2152,5.0,T
1,295.6045696500841,-78.7159,39.0152,5.0,D
1,295.8045696500841,-77.1159,39.0152,5.0,T
1,295.8396530227586,-73.4753,42.8152,5.0,D
1,296.0219530227587,-72.0169,42.8152,5.0,T
1,296.0473812421135,-72.3461,46.6152,5.0,D
1,296.14738124211345,-73.1461,46.6152,5.0,T
1,296.1727145754468,-73.1461,50.4152,5.0,D
1,296.2727145754468,-72.3461,50.4152,5.0,T
1,296.2980479087801,-72.3461,54.2152,5.0,D
1,296.39804790878014,-73.1461,54.2152,5.0,T
1,296.42338124211346,-73.1461,58.0152,5.0,D
1,296.5233812421135,-72.3461,58.0152,5.0,T
1,296.5487145754468,-72.3461,61.8152,5.0,D
1,296.64871457544683,-73.1461,61.8152,5.0,T
1,296.67404790878015,-73.1461,65.6152,5.0,D
1,296.7740479087802,-72.3461,65.6152,5.0,T
1,296.7993812421135,-72.3461,69.4152,5.0,D
1,296.8993812421135,-73.1461,69.4152,5.0,T
1,296.92471457544684,-73.1461,73.2152,5.0,D
1,297.02471457544686,-72.3461,73.2152,5.0,T
1,297.0500479087802,-72.3461,77.0152,5.0,D
1,297.1500479087802,-73.1461,77.0152,5.0,T
1,297.17538124211353,-73.1461,80.8152,5.0,D
1,297.27538124211355,-72.3461,80.8152,5.0,T
1,297.3007304155474,-72.4805,84.6152,5.0,D
1,297.50525541554737,-70.8443,84.6152,5.0,T
1,297.54683424041986,-65.8988,88.4152,5.0,D
1,297.74683424041984,-64.2988,88.4152,5.0,T
1,297.7886052198407,-59.317,92.2152,5.0,D
1,297.9885927198407,-57.7171,92.2152,5.0,T
1,298.0303642293285,-52.7352,96.0152,5.0,D
1,298.2303392293285,-51.1354,96.0152,5.0,T
1,298.2721112688871,-46.1534,99.8152,5.0,D
1,298.4720987688871,-44.5535,99.8152,5.0,T
1,298.5138702783749,-39.5716,103.6152,5.0,D
1,298.7168827783749,-37.9475,103.6152,5.0,T
1,298.7378747783749,-34.7987,103.6152,5.0,D
1,298.9408872783749,-33.1746,103.6152,5.0,T
1,298.9826582577957,-28.1928,99.8152,5.0,D
1,299.1826582577957,-26.5928,99.8152,5.0,T
1,299.22442923721655,-21.611,96.0152,5.0,D
1,299.42442923721654,-20.011,96.0152,5.0,T
1,299.4662002166374,-15.0292,92.2152,5.0,D
1,299.6662002166374,-13.4292,92.2152,5.0,T
1,299.7079711960582,-8.4474,88.4152,5.0,D
1,299.9079711960582,-6.8474,88.4152,5.0,T
1,299.94955054956716,-1.9018,84.6152,5.0,D
1,300.4250005495672,1.9018,84.6152,5.0,T
1,300.4522405554735,0.4,80.8152,5.0,D
1,300.55224055547353,-0.4,80.8152,5.0,T
1,300.57757388880685,-0.4,77.0152,5.0,D
1,300.6775738888069,0.4,77.0152,5.0,T
1,300.7029072221402,0.4,73.2152,5.0,D
1,300.8029072221402,-0.4,73.2152,5.0,T
1,300.82824055547354,-0.4,69.4152,5.0,D
1,300.92824055547356,0.4,69.4152,5.0,T
1,300.9535738888069,0.4,65.6152,5.0,D
1,301.0535738888069,-0.4,65.6152,5.0,T
1,301.07890722214023,-0.4,61.8152,5.0,D
1,301.17890722214025,0.4,61.8152,5.0,T
1,301.2042405554736,0.4,58.0152,5.0,D
1,301.3042405554736,-0.4,58.0152,5.0,T
1,301.3295738888069,-0.4,54.2152,5.0,D
1,301.42957388880694,0.4,54.2152,5.0,T
1,301.45490722214026,0.4,50.4152,5.0,D
1,301.5549072221403,-0.4,50.4152,5.0,T
1,301.5802405554736,-0.4,46.6152,5.0,D
1,301.68024055547363,0.4,46.6152,5.0,T
1,301.70566877482844,0.7292,42.8152,5.0,D
1,301.88796877482844,-0.7292,42.8152,5.0,T
1,301.923052147503,-4.3698,39.0152,5.0,D
1,302.123052147503,-5.9698,39.0152,5.0,T
1,302.16482312692386,-10.9516,35.2152,5.0,D
1,302.36482312692385,-12.5516,35.2152,5.0,T
1,302.4065941063447,-17.5334,31.4152,5.0,D
1,302.6065816063447,-19.1333,31.4152,5.0,T
1,302.6483531158325,-24.1152,27.6152,5.0,D
1,302.8483406158325,-25.7151,27.6152,5.0,T
1,302.8901121253203,-30.697,23.8152,5.0,D
1,303.09011212532033,-32.297,23.8152,5.0,T
1,303.1242071297377,-35.7198,20.0152,5.0,D
1,303.2875321297377,-37.0264,20.0152,5.0,T
1,303.3129216821735,-36.7731,16.2152,5.0,D
1,303.4129216821735,-35.9731,16.2152,5.0,T
1,303.4382550155068,-35.9731,12.4152,5.0,D
1,303.5382550155068,-36.7731,12.4152,5.0,T
1,303.56358834884014,-36.7731,8.6152,5.0,D
1,303.66358834884016,-35.9731,8.6152,5.0,T
1,303.6889216821735,-35.9731,4.8152,5.0,D
1,303.7889216821735,-36.7731,4.8152,5.0,T
1,303.81425501550683,-36.7731,1.0152,5.0,D
1,303.91425501550685,-35.9731,1.0152,5.0,T
1,303.9395883488402,-35.9731,-2.7848,5.0,D
1,304.0395883488402,-36.7731,-2.7848,5.0,T
1,304.0649216821735,-36.7731,-6.5848,5.0,D
1,304.16492168217354,-35.9731,-6.5848,5.0,T
1,304.19025501550686,-35.9731,-10.3848,5.0,D
1,304.2902550155069,-36.7731,-10.3848,5.0,T
1,304.3155883488402,-36.7731,-14.1848,5.0,D
1,304.41558834884023,-35.9731,-14.1848,5.0,T
1,304.44092168217355,-35.9731,-17.9848,5.0,D
1,304.5409216821736,-36.7731,-17.9848,5.0,T
1,304.5688498277221,-38.5365,-21.7848,5.0,D
1,305.10969982772207,-34.2097,-21.7848,5.0,T
1,305.1514496076762,-29.2319,-25.5848,5.0,D
1,305.35143710767625,-27.632,-25.5848,5.0,T
1,305.393208617164,-22.6501,-29.3848,5.0,D
1,305.59320861716407,-21.0501,-29.3848,5.0,T
1,305.6349795965849,-16.0683,-33.1848,5.0,D
1,305.8349795965849,-14.4683,-33.1848,5.0,T
1,305.87675057600575,-9.4865,-36.9848,5.0,D
1,306.07673807600577,-7.8866,-36.9848,5.0,T
1,306.1185090554266,-2.9048,-40.7848,5.0,D
1,306.33510905542664,-1.172,-40.7848,5.0,T
1,306.3507357220933,1.172,-40.7848,5.0,D
1,306.56733572209333,2.9048,-40.7848,5.0,T
1,306.59767749603986,0.4,-44.5848,5.0,D
1,306.6976774960399,-0.4,-44.5848,5.0,T
1,306.7230108293732,-0.4,-48.3848,5.0,D
1,306.82301082937323,0.4,-48.3848,5.0,T
1,306.84834416270655,0.4,-52.1848,5.0,D
1,306.9483441627066,-0.4,-52.1848,5.0,T
1,306.9736774960399,-0.4,-55.9848,5.0,D
1,307.0736774960399,0.4,-55.9848,5.0,T
1,307.09901082937324,0.4,-59.7848,5.0,D
1,307.19901082937326,-0.4,-59.7848,5.0,T
1,307.2243441627066,-0.4,-63.5848,5.0,D
1,307.3243441627066,0.4,-63.5848,5.0,T
1,307.34967749603993,0.4,-67.3848,5.0,D
1,307.44967749603995,-0.4,-67.3848,5.0,T
1,307.4750108293733,-0.4,-71.1848,5.0,D
1,307.5750108293733,0.4,-71.1848,5.0,T
1,307.6003441627066,0.4,-74.9848,5.0,D
1,307.70034416270664,-0.4,-74.9848,5.0,T
1,307.72567749603996,-0.4,-78.7848,5.0,D
1,307.82567749604,0.4,-78.7848,5.0,T
1,307.8510227729526,0.5167,-82.5848,5.0,D
1,307.98019777295264,-0.5167,-82.5848,5.0,T
1,308.01172062759633,-3.3306,-86.3848,5.0,D
1,308.2117206275964,-4.9306,-86.3848,5.0,T
1,308.2534916070172,-9.9124,-90.1848,5.0,D
1,308.45347910701724,-11.5123,-90.1848,5.0,T
1,308.4952500864381,-16.4941,-93.9848,5.0,D
1,308.6952500864381,-18.0941,-93.9848,5.0,T
1,308.73702159592585,-23.076,-97.7848,5.0,D
1,308.9370090959259,-24.6759,-97.7848,5.0,T
1,308.97878060541365,-29.6578,-101.5848,5.0,D
1,309.1787806054137,-31.2578,-101.5848,5.0,T
1,309.22106116136507,-36.3354,-105.3848,5.0,D
1,309.23049866136506,-36.4109,-105.3848,5.0,T
1,309.2727786835715,-41.4884,-101.5848,5.0,D
1,309.4727786835715,-43.0884,-101.5848,5.0,T
1,309.51454966299235,-48.0702,-97.7848,5.0,D
1,309.71453716299237,-49.6701,-97.7848,5.0,T
1,309.7563081424132,-54.6519,-93.9848,5.0,D
1,309.9563081424132,-56.2519,-93.9848,5.0,T
1,309.99807912183405,-61.2337,-90.1848,5.0,D
1,310.19807912183404,-62.8337,-90.1848,5.0,T
1,310.2398501012549,-67.8155,-86.3848,5.0,D
1,310.4398501012549,-69.4155,-86.3848,5.0,T
1,310.4713729558986,-72.2294,-82.5848,5.0,D
1,310.5859604558986,-73.1461,-82.5848,5.0,T
1,310.6112937892319,-73.1461,-78.7848,5.0,D
1,310.71129378923195,-72.3461,-78.7848,5.0,T
1,310.73662712256527,-72.3461,-74.9848,5.0,D
1,310.8366271225653,-73.1461,-74.9848,5.0,T
1,310.8619604558986,-73.1461,-71.1848,5.0,D
1,310.96196045589863,-72.3461,-71.1848,5.0,T
1,310.98729378923196,-72.3461,-67.3848,5.0,D
1,311.087293789232,-73.1461,-67.3848,5.0,T
1,311.1126271225653,-73.1461,-63.5848,5.0,D
1,311.2126271225653,-72.3461,-63.5848,5.0,T
1,311.23796045589864,-72.3461,-59.7848,5.0,D
1,311.33796045589867,-73.1461,-59.7848,5.0,T
1,311.363293789232,-73.1461,-55.9848,5.0,D
1,311.463293789232,-72.3461,-55.9848,5.0,T
1,311.48862712256533,-72.3461,-52.1848,5.0,D
1,311.58862712256536,-73.1461,-52.1848,5.0,T
1,311.6139604558987,-73.1461,-48.3848,5.0,D
1,311.7139604558987,-72.3461,-48.3848,5.0,T
1,311.739293789232,-72.3461,-44.5848,5.0,D
1,311.83929378923204,-73.1461,-44.5848,5.0,T
1,311.86514462975134,-73.9181,-40.7848,5.0,D
1,312.08174462975137,-75.6509,-40.7848,5.0,T
1,312.108923296418,-71.5741,-40.7848,5.0,D
1,312.32552329641805,-69.8413,-40.7848,5.0,T
1,312.3672937457759,-64.8596,-36.9848,5.0,D
1,312.5672937457759,-63.2596,-36.9848,5.0,T
1,312.6090641951337,-58.2779,-33.1848,5.0,D
1,312.8090641951337,-56.6779,-33.1848,5.0,T
1,312.8508357046215,-51.696,-29.3848,5.0,D
1,313.0508232046215,-50.0961,-29.3848,5.0,T
1,313.0925947141093,-45.1142,-25.5848,5.0,D
1,313.2925822141093,-43.5143,-25.5848,5.0,T
1,313.551446023739,-80.6327,-36.9848,5.0,D
1,313.751433523739,-82.2326,-36.9848,5.0,T
1,313.79320450315987,-87.2144,-33.1848,5.0,D
1,313.99320450315986,-88.8144,-33.1848,5.0,T
1,314.0349754825807,-93.7962,-29.3848,5.0,D
1,314.2349879825807,-95.3963,-29.3848,5.0,T
1,314.27675896200157,-100.3781,-25.5848,5.0,D
1,314.47675896200155,-101.9781,-25.5848,5.0,T
1,314.51850821204937,-106.9558,-21.7848,5.0,D
1,314.7190332120494,-108.56,-21.7848,5.0,T
1,314.74438876777634,-108.7192,-17.9848,5.0,D
1,314.84438876777637,-109.5192,-17.9848,5.0,T
1,314.8697221011097,-109.5192,-14.1848,5.0,D
1,314.9697221011097,-108.7192,-14.1848,5.0,T
1,314.99505543444303,-108.7192,-10.3848,5.0,D
1,315.09505543444305,-109.5192,-10.3848,5.0,T
1,315.1203887677764,-109.5192,-6.5848,5.0,D
1,315.2203887677764,-108.7192,-6.5848,5.0,T
1,315.2457221011097,-108.7192,-2.7848,5.0,D
1,315.34572210110974,-109.5192,-2.7848,5.0,T
1,315.7367309512744,-68.3763,39.0152,5.0,D
1,315.93673095127446,-66.7763,39.0152,5.0,T
1,315.9785019306953,-61.7945,35.2152,5.0,D
1,316.1784894306953,-60.1946,35.2152,5.0,T
1,316.22026041011617,-55.2128,31.4152,5.0,D
1,316.4202479101162,-53.6129,31.4152,5.0,T
1,316.46201941960396,-48.631,27.6152,5.0,D
1,316.662019419604,-47.031,27.6152,5.0,T
1,316.70379039902485,-42.0492,23.8152,5.0,D
1,316.90379039902484,-40.4492,23.8152,5.0,T
1,317.2192993537138,4.3698,39.0152,5.0,D
1,317.41929935371377,5.9698,39.0152,5.0,T
1,317.4610703331346,10.9516,35.2152,5.0,D
1,317.6610703331346,12.5516,35.2152,5.0,T
1,317.70284131255545,17.5334,31.4152,5.0,D
1,317.90282881255547,19.1333,31.4152,5.0,T
1,317.94460032204324,24.1152,27.6152,5.0,D
1,318.1446003220433,25.7152,27.6152,5.0,T
1,318.18637130146413,30.697,23.8152,5.0,D
1,318.3863713014641,32.297,23.8152,5.0,T
1,318.4204663058815,35.7198,20.0152,5.0,D
1,318.5837913058815,37.0264,20.0152,5.0,T
1,318.6091808583173,36.7731,16.2152,5.0,D
1,318.70918085831727,35.9731,16.2152,5.0,T
1,318.7345141916506,35.9731,12.4152,5.0,D
1,318.8345141916506,36.7731,12.4152,5.0,T
1,318.85984752498393,36.7731,8.6152,5.0,D
1,318.95984752498396,35.9731,8.6152,5.0,T
1,318.9851808583173,35.9731,4.8152,5.0,D
1,319.0851808583173,36.7731,4.8152,5.0,T
1,319.1105141916506,36.7731,1.0152,5.0,D
1,319.21051419165065,35.9731,1.0152,5.0,T
1,319.23584752498397,35.9731,-2.7848,5.0,D
1,319.335847524984,36.7731,-2.7848,5.0,T
1,319.3611808583173,36.7731,-6.5848,5.0,D
1,319.46118085831733,35.9731,-6.5848,5.0,T
1,319.48651419165066,35.9731,-10.3848,5.0,D
1,319.5865141916507,36.7731,-10.3848,5.0,T
1,319.611847524984,36.7731,-14.1848,5.0,D
1,319.711847524984,35.9731,-14.1848,5.0,T
1,319.73718085831734,35.9731,-17.9848,5.0,D
1,319.83718085831737,36.7731,-17.9848,5.0,T
1,319.8651090038659,38.5365,-21.7848,5.0,D
1,320.40595900386586,34.2097,-21.7848,5.0,T
1,320.44770878382,29.2319,-25.5848,5.0,D
1,320.64769628382004,27.632,-25.5848,5.0,T
1,320.6894677933078,22.6501,-29.3848,5.0,D
1,320.88945529330783,21.0502,-29.3848,5.0,T
1,320.9312268027956,16.0683,-33.1848,5.0,D
1,321.13122680279565,14.4683,-33.1848,5.0,T
1,321.1729977822165,9.4865,-36.9848,5.0,D
1,321.3729852822165,7.8866,-36.9848,5.0,T
1,321.6223661161312,43.5143,-25.5848,5.0,D
1,321.82235361613124,45.1142,-25.5848,5.0,T
1,321.864125125619,50.0961,-29.3848,5.0,D
1,322.06412512561906,51.6961,-29.3848,5.0,T
1,322.1058961050399,56.6779,-33.1848,5.0,D
1,322.3058836050399,58.2778,-33.1848,5.0,T
1,322.34765458446077,63.2596,-36.9848,5.0,D
1,322.54765458446076,64.8596,-36.9848,5.0,T
1,322.5894250338186,69.8413,-40.7848,5.0,D
1,322.80602503381857,71.5741,-40.7848,5.0,T
1,322.82165170048523,73.9181,-40.7848,5.0,D
1,323.03825170048526,75.6509,-40.7848,5.0,T
1,323.0685934744318,73.1461,-44.5848,5.0,D
1,323.1685934744318,72.3461,-44.5848,5.0,T
1,323.19392680776514,72.3461,-48.3848,5.0,D
1,323.29392680776516,73.1461,-48.3848,5.0,T
1,323.3192601410985,73.1461,-52.1848,5.0,D
1,323.4192601410985,72.3461,-52.1848,5.0,T
1,323.4445934744318,72.3461,-55.9848,5.0,D
1,323.54459347443185,73.1461,-55.9848,5.0,T
1,323.56992680776517,73.1461,-59.7848,5.0,D
1,323.6699268077652,72.3461,-59.7848,5.0,T
1,323.6952601410985,72.3461,-63.5848,5.0,D
1,323.79526014109854,73.1461,-63.5848,5.0,T
1,323.82059347443186,73.1461,-67.3848,5.0,D
1,323.9205934744319,72.3461,-67.3848,5.0,T
1,323.9459268077652,72.3461,-71.1848,5.0,D
1,324.0459268077652,73.1461,-71.1848,5.0,T
1,324.07126014109855,73.1461,-74.9848,5.0,D
1,324.17126014109857,72.3461,-74.9848,5.0,T
1,324.1965934744319,72.3461,-78.7848,5.0,D
1,324.2965934744319,73.1461,-78.7848,5.0,T
1,324.32192680776524,73.1461,-82.5848,5.0,D
1,324.43651430776526,72.2294,-82.5848,5.0,T
1,324.46803716240896,69.4155,-86.3848,5.0,D
1,324.668037162409,67.8155,-86.3848,5.0,T
1,324.70980814182985,62.8337,-90.1848,5.0,D
1,324.9097956418299,61.2338,-90.1848,5.0,T
1,324.95156715131765,56.2519,-93.9848,5.0,D
1,325.15154215131764,54.6521,-93.9848,5.0,T
1,325.1933136608054,49.6702,-97.7848,5.0,D
1,325.39330116080544,48.0703,-97.7848,5.0,T
1,325.4350726702932,43.0884,-101.5848,5.0,D
1,325.63507267029325,41.4884,-101.5848,5.0,T
1,325.67735322624463,36.4108,-105.3848,5.0,D
1,325.6868032262446,36.3352,-105.3848,5.0,T
1,325.72908271470993,31.2578,-101.5848,5.0,D
1,325.9290827147099,29.6578,-101.5848,5.0,T
1,325.97085369413077,24.676,-97.7848,5.0,D
1,326.1708411941308,23.0761,-97.7848,5.0,T
1,326.21261217355163,18.0943,-93.9848,5.0,D
1,326.4126121735516,16.4943,-93.9848,5.0,T
1,326.4543836830394,11.5124,-90.1848,5.0,D
1,326.65438368303944,9.9124,-90.1848,5.0,T
1,326.6961546624603,4.9306,-86.3848,5.0,D
1,326.8961546624603,3.3306,-86.3848,5.0,T
1,327.5077454720857,80.6327,-36.9848,5.0,D
1,327.70774547208566,82.2327,-36.9848,5.0,T
1,327.7495159214435,87.2144,-33.1848,5.0,D
1,327.9495284214435,88.8145,-33.1848,5.0,T
1,327.99129940086436,93.7963,-29.3848,5.0,D
1,328.19129940086435,95.3963,-29.3848,5.0,T
1,328.5714248903777,96.8613,27.6152,5.0,D
1,328.7714248903777,98.4613,27.6152,5.0,T
1,328.8220915970619,91.8795,31.4152,5.0,D
1,329.0220915970619,90.2795,31.4152,5.0,T
1,329.06386257648273,85.2977,35.2152,5.0,D
1,329.2638625764827,83.6977,35.2152,5.0,T
1,329.30563355590357,78.7159,39.0152,5.0,D
1,329.50563355590356,77.1159,39.0152,5.0,T
1,329.5407169285781,73.4753,42.8152,5.0,D
1,329.72301692857815,72.0169,42.8152,5.0,T
1,329.74844514793296,72.3461,46.6152,5.0,D
1,329.8484451479329,73.1461,46.6152,5.0,T
1,329.87377848126624,73.1461,50.4152,5.0,D
1,329.97377848126627,72.3461,50.4152,5.0,T
1,329.9991118145996,72.3461,54.2152,5.0,D
1,330.0991118145996,73.1461,54.2152,5.0,T
1,330.12444514793293,73.1461,58.0152,5.0,D
1,330.22444514793295,72.3461,58.0152,5.0,T
1,330.2497784812663,72.3461,61.8152,5.0,D
1,330.3497784812663,73.1461,61.8152,5.0,T
1,330.3751118145996,73.1461,65.6152,5.0,D
1,330.47511181459964,72.3461,65.6152,5.0,T
1,330.50044514793296,72.3461,69.4152,5.0,D
1,330.600445147933,73.1461,69.4152,5.0,T
1,330.6257784812663,73.1461,73.2152,5.0,D
1,330.72577848126633,72.3461,73.2152,5.0,T
1,330.75111181459965,72.3461,77.0152,5.0,D
1,330.8511118145997,73.1461,77.0152,5.0,T
1,330.876445147933,73.1461,80.8152,5.0,D
1,330.976445147933,72.3461,80.8152,5.0,T
1,331.00179432136684,72.4805,84.6152,5.0,D
1,331.20631932136683,70.8443,84.6152,5.0,T
1,331.2478986748758,65.8987,88.4152,5.0,D
1,331.4478861748758,64.2988,88.4152,5.0,T
1,331.4896576843636,59.3169,92.2152,5.0,D
1,331.6896451843636,57.717,92.2152,5.0,T
1,331.73141616378444,52.7352,96.0152,5.0,D
1,331.93141616378443,51.1352,96.0152,5.0,T
1,331.9731871432053,46.1534,99.8152,5.0,D
1,332.17318714320527,44.5534,99.8152,5.0,T
1,332.2149575925631,39.5717,103.6152,5.0,D
1,332.4179825925631,37.9475,103.6152,5.0,T
1,332.43897459256306,34.7987,103.6152,5.0,D
1,332.64198709256306,33.1746,103.6152,5.0,T
1,332.68375860205083,28.1927,99.8152,5.0,D
1,332.88374610205085,26.5928,99.8152,5.0,T
1,332.9255181416095,21.6108,96.0152,5.0,D
1,333.1255056416095,20.0109,96.0152,5.0,T
1,333.16727662103034,15.0291,92.2152,5.0,D
1,333.3672766210303,13.4291,92.2152,5.0,T
1,333.4090476004512,8.4473,88.4152,5.0,D
1,333.60904760045116,6.8473,88.4152,5.0,T
1,334.0944911631903,40.4492,23.8152,5.0,D
1,334.29449116319034,42.0492,23.8152,5.0,T
1,334.3362626726781,47.0311,27.6152,5.0,D
1,334.53625017267814,48.631,27.6152,5.0,T
1,334.5780216821659,53.6129,31.4152,5.0,D
1,334.77800918216593,55.2128,31.4152,5.0,T
1,334.8197801615868,60.1946,35.2152,5.0,D
1,335.01978016158677,61.7946,35.2152,5.0,T
1,335.0615506109446,66.7763,39.0152,5.0,D
1,335.2615506109446,68.3763,39.0152,5.0,T
1,344.9980229454944,-1000.0,0.0,1000.0,W
1,365.47093212293777,-1000.0,0.0,1000.0,T
1,374.36566778419666,-109.1192,-19.9914,7.0,D
1,374.8959978700866,-106.1192,-22.9914,7.0,D
1,375.0209978700866,-105.1192,-22.9914,7.0,D
1,375.3745512606799,-103.1192,-24.9914,7.0,D
1,375.4995512606799,-102.1192,-24.9914,7.0,D
1,375.6763279559765,-101.1192,-25.9914,7.0,D
1,375.8013279559765,-100.1192,-25.9914,7.0,D
1,375.9781046512731,-99.1192,-26.9914,7.0,D
1,376.1031046512731,-98.1192,-26.9914,7.0,D
1,376.4566580418664,-96.1192,-28.9914,7.0,D
1,376.5816580418664,-95.1192,-28.9914,7.0,D
1,376.758434737163,-94.1192,-29.9914,7.0,D
1,376.883434737163,-93.1192,-29.9914,7.0,D
1,377.0602114324596,-92.1192,-30.9914,7.0,D
1,377.1852114324596,-91.1192,-30.9914,7.0,D
1,377.5387648230529,-89.1192,-32.9914,7.0,D
1,377.6637648230529,-88.1192,-32.9914,7.0,D
1,377.8405415183495,-87.1192,-33.9914,7.0,D
1,377.9655415183495,-86.1192,-33.9914,7.0,D
1,378.1423182136461,-85.1192,-34.9914,7.0,D
1,378.2673182136461,-84.1192,-34.9914,7.0,D
1,378.62087160423937,-82.1192,-36.9914,7.0,D
1,378.74587160423937,-81.1192,-36.9914,7.0,D
1,378.922648299536,-80.1192,-37.9914,7.0,D
1,379.047648299536,-79.1192,-37.9914,7.0,D
1,379.40120169012926,-77.1192,-39.9914,7.0,D
1,379.52620169012926,-76.1192,-39.9914,7.0,D
1,379.70297838542587,-75.1192,-40.9914,7.0,D
1,379.95297838542587,-73.1192,-40.9914,7.0,D
1,380.32797838542587,-70.1192,-40.9914,7.0,D
1,380.68153177601914,-68.1192,-38.9914,7.0,D
1,380.80653177601914,-67.1192,-38.9914,7.0,D
1,380.98330847131575,-66.1192,-37.9914,7.0,D
1,381.10830847131575,-65.1192,-37.9914,7.0,D
1,381.46186186190903,-63.119200000000006,-35.9914,7.0,D
1,381.58686186190903,-62.119200000000006,-35.9914,7.0,D
1,381.76363855720564,-61.119200000000006,-34.9914,7.0,D
1,381.88863855720564,-60.119200000000006,-34.9914,7.0,D
1,382.06541525250225,-59.119200000000006,-33.9914,7.0,D
1,382.19041525250225,-58.119200000000006,-33.9914,7.0,D
1,382.5439686430955,-56.119200000000006,-31.9914,7.0,D
1,382.6689686430955,-55.119200000000006,-31.9914,7.0,D
1,382.84574533839213,-54.119200000000006,-30.9914,7.0,D
1,382.97074533839213,-53.119200000000006,-30.9914,7.0,D
1,383.14752203368874,-52.119200000000006,-29.9914,7.0,D
1,383.27252203368874,-51.119200000000006,-29.9914,7.0,D
1,383.626075424282,-49.119200000000006,-27.9914,7.0,D
1,383.751075424282,-48.119200000000006,-27.9914,7.0,D
1,383.92785211957863,-47.119200000000006,-26.9914,7.0,D
1,384.05285211957863,-46.119200000000006,-26.9914,7.0,D
1,384.22962881487524,-45.119200000000006,-25.9914,7.0,D
1,384.35462881487524,-44.119200000000006,-25.9914,7.0,D
1,384.7081822054685,-42.119200000000006,-23.9914,7.0,D
1,384.8331822054685,-41.119200000000006,-23.9914,7.0,D
1,385.0099589007651,-40.119200000000006,-22.9914,7.0,D
1,385.2599589007651,-38.119200000000006,-22.9914,7.0,D
1,385.43673559606174,-37.119200000000006,-21.9914,7.0,D
1,385.68673559606174,-35.119200000000006,-21.9914,7.0,D
1,385.86351229135835,-34.119200000000006,-22.9914,7.0,D
1,385.98851229135835,-33.119200000000006,-22.9914,7.0,D
1,386.16528898665496,-32.119200000000006,-23.9914,7.0,D
1,386.29028898665496,-31.119200000000006,-23.9914,7.0,D
1,386.46706568195157,-30.119200000000006,-24.9914,7.0,D
1,386.59206568195157,-29.119200000000006,-24.9914,7.0,D
1,386.7688423772482,-28.119200000000006,-25.9914,7.0,D
1,386.8938423772482,-27.119200000000006,-25.9914,7.0,D
1,387.24739576784145,-25.119200000000006,-27.9914,7.0,D
1,387.37239576784145,-24.119200000000006,-27.9914,7.0,D
1,387.54917246313806,-23.119200000000006,-28.9914,7.0,D
1,387.67417246313806,-22.119200000000006,-28.9914,7.0,D
1,387.8509491584347,-21.119200000000006,-29.9914,7.0,D
1,387.9759491584347,-20.119200000000006,-29.9914,7.0,D
1,388.32950254902795,-18.119200000000006,-31.9914,7.0,D
1,388.45450254902795,-17.119200000000006,-31.9914,7.0,D
1,388.63127924432456,-16.119200000000006,-32.9914,7.0,D
1,388.75627924432456,-15.119200000000006,-32.9914,7.0,D
1,388.93305593962117,-14.119200000000006,-33.9914,7.0,D
1,389.05805593962117,-13.119200000000006,-33.9914,7.0,D
1,389.41160933021445,-11.119200000000006,-35.9914,7.0,D
1,389.53660933021445,-10.119200000000006,-35.9914,7.0,D
1,389.71338602551106,-9.119200000000006,-36.9914,7.0,D
1,389.83838602551106,-8.119200000000006,-36.9914,7.0,D
1,390.19193941610433,-6.119200000000006,-38.9914,7.0,D
1,390.31693941610433,-5.119200000000006,-38.9914,7.0,D
1,390.49371611140094,-4.119200000000006,-39.9914,7.0,D
1,390.86871611140094,-1.1192000000000064,-39.9914,7.0,D
1,391.04549280669755,-0.11920000000000641,-40.9914,7.0,D
1,396.54549280669755,-0.11920000000000641,-84.9914,7.0,D
1,396.67049280669755,-1.1192000000000064,-84.9914,7.0,D
1,396.84726950199416,-2.1192000000000064,-85.9914,7.0,D
1,397.09726950199416,-4.119200000000006,-85.9914,7.0,D
1,397.45082289258744,-6.119200000000006,-87.9914,7.0,D
1,397.57582289258744,-7.119200000000006,-87.9914,7.0,D
1,397.75259958788405,-8.119200000000006,-88.9914,7.0,D
1,397.87759958788405,-9.119200000000006,-88.9914,7.0,D
1,398.05437628318066,-10.119200000000006,-89.9914,7.0,D
1,398.17937628318066,-11.119200000000006,-89.9914,7.0,D
1,398.53292967377394,-13.119200000000006,-91.9914,7.0,D
1,398.65792967377394,-14.119200000000006,-91.9914,7.0,D
1,398.83470636907055,-15.119200000000006,-92.9914,7.0,D
1,398.95970636907055,-16.119200000000006,-92.9914,7.0,D
1,399.3132597596638,-18.119200000000006,-94.9914,7.0,D
1,399.4382597596638,-19.119200000000006,-94.9914,7.0,D
1,399.61503645496043,-20.119200000000006,-95.9914,7.0,D
1,399.74003645496043,-21.119200000000006,-95.9914,7.0,D
1,399.91681315025704,-22.119200000000006,-96.9914,7.0,D
1,400.04181315025704,-23.119200000000006,-96.9914,7.0,D
1,400.3953665408503,-25.119200000000006,-98.9914,7.0,D
1,400.5203665408503,-26.119200000000006,-98.9914,7.0,D
1,400.6971432361469,-27.119200000000006,-99.9914,7.0,D
1,400.8221432361469,-28.119200000000006,-99.9914,7.0,D
1,400.99891993144354,-29.119200000000006,-100.9914,7.0,D
1,401.12391993144354,-30.119200000000006,-100.9914,7.0,D
1,401.4774733220368,-32.119200000000006,-102.9914,7.0,D
1,401.8524733220368,-35.119200000000006,-102.9914,7.0,D
1,402.0292500173334,-36.119200000000006,-103.9914,7.0,D
1,402.20602671263003,-37.119200000000006,-102.9914,7.0,D
1,402.58102671263003,-40.119200000000006,-102.9914,7.0,D
1,402.75780340792664,-41.119200000000006,-101.9914,7.0,D
1,402.88280340792664,-42.119200000000006,-101.9914,7.0,D
1,403.05958010322325,-43.119200000000006,-100.9914,7.0,D
1,403.18458010322325,-44.119200000000006,-100.9914,7.0,D
1,403.53813349381653,-46.119200000000006,-98.9914,7.0,D
1,403.66313349381653,-47.119200000000006,-98.9914,7.0,D
1,403.83991018911314,-48.119200000000006,-97.9914,7.0,D
1,403.96491018911314,-49.119200000000006,-97.9914,7.0,D
1,404.14168688440975,-50.119200000000006,-96.9914,7.0,D
1,404.26668688440975,-51.119200000000006,-96.9914,7.0,D
1,404.620240275003,-53.119200000000006,-94.9914,7.0,D
1,404.745240275003,-54.119200000000006,-94.9914,7.0,D
1,404.92201697029964,-55.119200000000006,-93.9914,7.0,D
1,405.04701697029964,-56.119200000000006,-93.9914,7.0,D
1,405.4005703608929,-58.119200000000006,-91.9914,7.0,D
1,405.5255703608929,-59.119200000000006,-91.9914,7.0,D
1,405.7023470561895,-60.119200000000006,-90.9914,7.0,D
1,405.8273470561895,-61.119200000000006,-90.9914,7.0,D
1,406.00412375148613,-62.119200000000006,-89.9914,7.0,D
1,406.12912375148613,-63.119200000000006,-89.9914,7.0,D
1,406.4826771420794,-65.1192,-87.9914,7.0,D
1,406.6076771420794,-66.1192,-87.9914,7.0,D
1,406.784453837376,-67.1192,-86.9914,7.0,D
1,406.909453837376,-68.1192,-86.9914,7.0,D
1,407.08623053267263,-69.1192,-85.9914,7.0,D
1,407.21123053267263,-70.1192,-85.9914,7.0,D
1,407.5647839232659,-72.1192,-83.9914,7.0,D
1,407.6897839232659,-72.1192,-82.9914,7.0,D
1,407.8665606185625,-73.1192,-81.9914,7.0,D
1,412.9915606185625,-73.1192,-40.9914,7.0,T
1,413.26293571772317,-37.119200000000006,-21.9914,7.0,D
1,418.76293571772317,-37.119200000000006,22.0086,7.0,D
1,418.9397124130198,-38.119200000000006,23.0086,7.0,D
1,419.1897124130198,-40.119200000000006,23.0086,7.0,D
1,419.3664891083164,-41.119200000000006,24.0086,7.0,D
1,419.4914891083164,-42.119200000000006,24.0086,7.0,D
1,419.668265803613,-43.119200000000006,25.0086,7.0,D
1,419.793265803613,-44.119200000000006,25.0086,7.0,D
1,420.1468191942063,-46.119200000000006,27.0086,7.0,D
1,420.2718191942063,-47.119200000000006,27.0086,7.0,D
1,420.4485958895029,-48.119200000000006,28.0086,7.0,D
1,420.5735958895029,-49.119200000000006,28.0086,7.0,D
1,420.7503725847995,-50.119200000000006,29.0086,7.0,D
1,420.8753725847995,-51.119200000000006,29.0086,7.0,D
1,421.22892597539277,-53.119200000000006,31.0086,7.0,D
1,421.35392597539277,-54.119200000000006,31.0086,7.0,D
1,421.5307026706894,-55.119200000000006,32.0086,7.0,D
1,421.6557026706894,-56.119200000000006,32.0086,7.0,D
1,422.00925606128266,-58.119200000000006,34.0086,7.0,D
1,422.13425606128266,-59.119200000000006,34.0086,7.0,D
1,422.31103275657927,-60.119200000000006,35.0086,7.0,D
1,422.43603275657927,-61.119200000000006,35.0086,7.0,D
1,422.6128094518759,-62.119200000000006,36.0086,7.0,D
1,422.7378094518759,-63.119200000000006,36.0086,7.0,D
1,423.09136284246915,-65.1192,38.0086,7.0,D
1,423.21636284246915,-66.1192,38.0086,7.0,D
1,423.39313953776576,-67.1192,39.0086,7.0,D
1,423.51813953776576,-68.1192,39.0086,7.0,D
1,423.6949162330624,-69.1192,40.0086,7.0,D
1,423.9449162330624,-71.1192,40.0086,7.0,D
1,424.121692928359,-72.1192,41.0086,7.0,D
1,424.246692928359,-73.1192,41.0086,7.0,D
1,424.371692928359,-74.1192,41.0086,7.0,D
1,424.5484696236556,-75.1192,40.0086,7.0,D
1,424.6734696236556,-76.1192,40.0086,7.0,D
1,424.8502463189522,-77.1192,39.0086,7.0,D
1,424.9752463189522,-78.1192,39.0086,7.0,D
1,425.1520230142488,-79.1192,38.0086,7.0,D
1,425.2770230142488,-80.1192,38.0086,7.0,D
1,425.4537997095454,-81.1192,37.0086,7.0,D
1,425.5787997095454,-82.1192,37.0086,7.0,D
1,425.9323531001387,-84.1192,35.0086,7.0,D
1,426.0573531001387,-85.1192,35.0086,7.0,D
1,426.2341297954353,-86.1192,34.0086,7.0,D
1,426.3591297954353,-87.1192,34.0086,7.0,D
1,426.5359064907319,-88.1192,33.0086,7.0,D
1,426.6609064907319,-89.1192,33.0086,7.0,D
1,427.0144598813252,-91.1192,31.0086,7.0,D
1,427.1394598813252,-92.1192,31.0086,7.0,D
1,427.3162365766218,-93.1192,30.0086,7.0,D
1,427.4412365766218,-94.1192,30.0086,7.0,D
1,427.7947899672151,-96.1192,28.0086,7.0,D
1,427.9197899672151,-97.1192,28.0086,7.0,D
1,428.0965666625117,-98.1192,27.0086,7.0,D
1,428.2215666625117,-99.1192,27.0086,7.0,D
1,428.3983433578083,-100.1192,26.0086,7.0,D
1,428.5233433578083,-101.1192,26.0086,7.0,D
1,428.8768967484016,-103.1192,24.0086,7.0,D
1,429.0018967484016,-104.1192,24.0086,7.0,D
1,429.1786734436982,-105.1192,23.0086,7.0,D
1,429.3036734436982,-106.1192,23.0086,7.0,D
1,429.8340035295881,-109.1192,20.0086,7.0,D
1,434.8340035295881,-109.1192,-19.9914,7.0,T
1,435.30620875804044,-73.1192,41.0086,7.0,D
1,440.43120875804044,-73.1192,82.0086,7.0,D
1,440.60798545333705,-72.1192,83.0086,7.0,D
1,440.73298545333705,-72.1192,84.0086,7.0,D
1,440.90976214863366,-71.1192,85.0086,7.0,D
1,441.03476214863366,-70.1192,85.0086,7.0,D
1,441.38831553922694,-68.1192,87.0086,7.0,D
1,441.51331553922694,-67.1192,87.0086,7.0,D
1,441.69009223452355,-66.1192,88.0086,7.0,D
1,441.81509223452355,-65.1192,88.0086,7.0,D
1,442.1686456251168,-63.119200000000006,90.0086,7.0,D
1,442.2936456251168,-62.119200000000006,90.0086,7.0,D
1,442.47042232041343,-61.119200000000006,91.0086,7.0,D
1,442.59542232041343,-60.119200000000006,91.0086,7.0,D
1,442.77219901571004,-59.119200000000006,92.0086,7.0,D
1,442.89719901571004,-58.119200000000006,92.0086,7.0,D
1,443.2507524063033,-56.119200000000006,94.0086,7.0,D
1,443.3757524063033,-55.119200000000006,94.0086,7.0,D
1,443.55252910159993,-54.119200000000006,95.0086,7.0,D
1,443.67752910159993,-53.119200000000006,95.0086,7.0,D
1,443.85430579689654,-52.119200000000006,96.0086,7.0,D
1,443.97930579689654,-51.119200000000006,96.0086,7.0,D
1,444.3328591874898,-49.119200000000006,98.0086,7.0,D
1,444.4578591874898,-48.119200000000006,98.0086,7.0,D
1,444.6346358827864,-47.119200000000006,99.0086,7.0,D
1,444.7596358827864,-46.119200000000006,99.0086,7.0,D
1,444.93641257808304,-45.119200000000006,100.0086,7.0,D
1,445.06141257808304,-44.119200000000006,100.0086,7.0,D
1,445.4149659686763,-42.119200000000006,102.0086,7.0,D
1,445.5399659686763,-41.119200000000006,102.0086,7.0,D
1,445.7167426639729,-40.119200000000006,103.0086,7.0,D
1,445.9667426639729,-38.119200000000006,103.0086,7.0,D
1,446.14351935926953,-37.119200000000006,104.0086,7.0,D
1,446.39351935926953,-35.119200000000006,104.0086,7.0,D
1,446.57029605456614,-34.119200000000006,103.0086,7.0,D
1,446.69529605456614,-33.119200000000006,103.0086,7.0,D
1,446.87207274986275,-32.119200000000006,102.0086,7.0,D
1,446.99707274986275,-31.119200000000006,102.0086,7.0,D
1,447.17384944515936,-30.119200000000006,101.0086,7.0,D
1,447.29884944515936,-29.119200000000006,101.0086,7.0,D
1,447.475626140456,-28.119200000000006,100.0086,7.0,D
1,447.600626140456,-27.119200000000006,100.0086,7.0,D
1,447.95417953104925,-25.119200000000006,98.0086,7.0,D
1,448.07917953104925,-24.119200000000006,98.0086,7.0,D
1,448.25595622634586,-23.119200000000006,97.0086,7.0,D
1,448.38095622634586,-22.119200000000006,97.0086,7.0,D
1,448.55773292164247,-21.119200000000006,96.0086,7.0,D
1,448.68273292164247,-20.119200000000006,96.0086,7.0,D
1,449.03628631223575,-18.119200000000006,94.0086,7.0,D
1,449.16128631223575,-17.119200000000006,94.0086,7.0,D
1,449.33806300753236,-16.119200000000006,93.0086,7.0,D
1,449.46306300753236,-15.119200000000006,93.0086,7.0,D
1,449.63983970282897,-14.119200000000006,92.0086,7.0,D
1,449.76483970282897,-13.119200000000006,92.0086,7.0,D
1,450.11839309342224,-11.119200000000006,90.0086,7.0,D
1,450.24339309342224,-10.119200000000006,90.0086,7.0,D
1,450.42016978871885,-9.119200000000006,89.0086,7.0,D
1,450.54516978871885,-8.119200000000006,89.0086,7.0,D
1,450.8987231793121,-6.119200000000006,87.0086,7.0,D
1,451.0237231793121,-5.119200000000006,87.0086,7.0,D
1,451.20049987460874,-4.119200000000006,86.0086,7.0,D
1,451.57549987460874,-1.1192000000000064,86.0086,7.0,D
1,451.75227656990535,-0.11920000000000641,85.0086,7.0,D
1,457.25227656990535,-0.11920000000000641,41.0086,7.0,D
1,457.37727656990535,-1.1192000000000064,41.0086,7.0,D
1,457.55405326520196,-2.1192000000000064,40.0086,7.0,D
1,457.80405326520196,-4.119200000000006,40.0086,7.0,D
1,458.15760665579523,-6.119200000000006,38.0086,7.0,D
1,458.28260665579523,-7.119200000000006,38.0086,7.0,D
1,458.45938335109184,-8.119200000000006,37.0086,7.0,D
1,458.58438335109184,-9.119200000000006,37.0086,7.0,D
1,458.76116004638845,-10.119200000000006,36.0086,7.0,D
1,458.88616004638845,-11.119200000000006,36.0086,7.0,D
1,459.23971343698173,-13.119200000000006,34.0086,7.0,D
1,459.36471343698173,-14.119200000000006,34.0086,7.0,D
1,459.54149013227834,-15.119200000000006,33.0086,7.0,D
1,459.66649013227834,-16.119200000000006,33.0086,7.0,D
1,460.0200435228716,-18.119200000000006,31.0086,7.0,D
1,460.1450435228716,-19.119200000000006,31.0086,7.0,D
1,460.3218202181682,-20.119200000000006,30.0086,7.0,D
1,460.4468202181682,-21.119200000000006,30.0086,7.0,D
1,460.62359691346484,-22.119200000000006,29.0086,7.0,D
1,460.74859691346484,-23.119200000000006,29.0086,7.0,D
1,461.1021503040581,-25.119200000000006,27.0086,7.0,D
1,461.2271503040581,-26.119200000000006,27.0086,7.0,D
1,461.4039269993547,-27.119200000000006,26.0086,7.0,D
1,461.5289269993547,-28.119200000000006,26.0086,7.0,D
1,461.70570369465133,-29.119200000000006,25.0086,7.0,D
1,461.83070369465133,-30.119200000000006,25.0086,7.0,D
1,462.1842570852446,-32.119200000000006,23.0086,7.0,D
1,462.5592570852446,-35.119200000000006,23.0086,7.0,D
1,462.7360337805412,-36.119200000000006,22.0086,7.0,D
1,462.8610337805412,-37.119200000000006,22.0086,7.0,T
1,463.138322238449,-0.11920000000000641,41.0086,7.0,D
1,463.263322238449,0.8807999999999936,41.0086,7.0,D
1,463.4400989337456,1.8807999999999936,40.0086,7.0,D
1,463.6900989337456,3.8807999999999936,40.0086,7.0,D
1,463.8668756290422,4.880799999999994,39.0086,7.0,D
1,463.9918756290422,5.880799999999994,39.0086,7.0,D
1,464.3454290196355,7.880799999999994,37.0086,7.0,D
1,464.4704290196355,8.880799999999994,37.0086,7.0,D
1,464.6472057149321,9.880799999999994,36.0086,7.0,D
1,464.7722057149321,10.880799999999994,36.0086,7.0,D
1,464.9489824102287,11.880799999999994,35.0086,7.0,D
1,465.0739824102287,12.880799999999994,35.0086,7.0,D
1,465.427535800822,14.880799999999994,33.0086,7.0,D
1,465.552535800822,15.880799999999994,33.0086,7.0,D
1,465.7293124961186,16.880799999999994,32.0086,7.0,D
1,465.8543124961186,17.880799999999994,32.0086,7.0,D
1,466.2078658867119,19.880799999999994,30.0086,7.0,D
1,466.3328658867119,20.880799999999994,30.0086,7.0,D
1,466.5096425820085,21.880799999999994,29.0086,7.0,D
1,466.6346425820085,22.880799999999994,29.0086,7.0,D
1,466.8114192773051,23.880799999999994,28.0086,7.0,D
1,466.9364192773051,24.880799999999994,28.0086,7.0,D
1,467.2899726678984,26.880799999999994,26.0086,7.0,D
1,467.4149726678984,27.880799999999994,26.0086,7.0,D
1,467.591749363195,28.880799999999994,25.0086,7.0,D
1,467.716749363195,29.880799999999994,25.0086,7.0,D
1,467.8935260584916,30.880799999999994,24.0086,7.0,D
1,468.0185260584916,31.880799999999994,24.0086,7.0,D
1,468.3720794490849,33.880799999999994,22.0086,7.0,D
1,468.6220794490849,35.880799999999994,22.0086,7.0,D
1,474.1220794490849,35.880799999999994,-21.9914,7.0,D
1,474.2470794490849,34.880799999999994,-21.9914,7.0,D
1,474.4238561443815,33.880799999999994,-22.9914,7.0,D
1,474.5488561443815,32.880799999999994,-22.9914,7.0,D
1,474.7256328396781,31.880799999999994,-23.9914,7.0,D
1,474.8506328396781,30.880799999999994,-23.9914,7.0,D
1,475.0274095349747,29.880799999999994,-24.9914,7.0,D
1,475.1524095349747,28.880799999999994,-24.9914,7.0,D
1,475.505962925568,26.880799999999994,-26.9914,7.0,D
1,475.630962925568,25.880799999999994,-26.9914,7.0,D
1,475.8077396208646,24.880799999999994,-27.9914,7.0,D
1,475.9327396208646,23.880799999999994,-27.9914,7.0,D
1,476.1095163161612,22.880799999999994,-28.9914,7.0,D
1,476.2345163161612,21.880799999999994,-28.9914,7.0,D
1,476.5880697067545,19.880799999999994,-30.9914,7.0,D
1,476.7130697067545,18.880799999999994,-30.9914,7.0,D
1,476.8898464020511,17.880799999999994,-31.9914,7.0,D
1,477.0148464020511,16.880799999999994,-31.9914,7.0,D
1,477.1916230973477,15.880799999999994,-32.9914,7.0,D
1,477.3166230973477,14.880799999999994,-32.9914,7.0,D
1,477.670176487941,12.880799999999994,-34.9914,7.0,D
1,477.795176487941,11.880799999999994,-34.9914,7.0,D
1,477.9719531832376,10.880799999999994,-35.9914,7.0,D
1,478.0969531832376,9.880799999999994,-35.9914,7.0,D
1,478.2737298785342,8.880799999999994,-36.9914,7.0,D
1,478.3987298785342,7.880799999999994,-36.9914,7.0,D
1,478.7522832691275,5.880799999999994,-38.9914,7.0,D
1,478.8772832691275,4.880799999999994,-38.9914,7.0,D
1,479.0540599644241,3.8807999999999936,-39.9914,7.0,D
1,479.4290599644241,0.8807999999999936,-39.9914,7.0,D
1,479.6058366597207,-0.11920000000000641,-40.9914,7.0,T
1,479.87721175888134,35.880799999999994,-21.9914,7.0,D
1,480.12721175888134,37.880799999999994,-21.9914,7.0,D
1,480.30398845417795,38.880799999999994,-22.9914,7.0,D
1,480.42898845417795,39.880799999999994,-22.9914,7.0,D
1,480.60576514947456,40.880799999999994,-23.9914,7.0,D
1,480.73076514947456,41.880799999999994,-23.9914,7.0,D
1,480.9075418447712,42.880799999999994,-24.9914,7.0,D
1,481.0325418447712,43.880799999999994,-24.9914,7.0,D
1,481.38609523536445,45.880799999999994,-26.9914,7.0,D
1,481.51109523536445,46.880799999999994,-26.9914,7.0,D
1,481.68787193066106,47.880799999999994,-27.9914,7.0,D
1,481.81287193066106,48.880799999999994,-27.9914,7.0,D
1,481.98964862595767,49.880799999999994,-28.9914,7.0,D
1,482.11464862595767,50.880799999999994,-28.9914,7.0,D
1,482.46820201655095,52.880799999999994,-30.9914,7.0,D
1,482.59320201655095,53.880799999999994,-30.9914,7.0,D
1,482.76997871184756,54.880799999999994,-31.9914,7.0,D
1,482.89497871184756,55.880799999999994,-31.9914,7.0,D
1,483.07175540714417,56.880799999999994,-32.9914,7.0,D
1,483.19675540714417,57.880799999999994,-32.9914,7.0,D
1,483.55030879773744,59.880799999999994,-34.9914,7.0,D
1,483.67530879773744,60.880799999999994,-34.9914,7.0,D
1,483.85208549303405,61.880799999999994,-35.9914,7.0,D
1,483.97708549303405,62.880799999999994,-35.9914,7.0,D
1,484.33063888362733,64.8808,-37.9914,7.0,D
1,484.45563888362733,65.8808,-37.9914,7.0,D
1,484.63241557892394,66.8808,-38.9914,7.0,D
1,484.75741557892394,67.8808,-38.9914,7.0,D
1,484.93419227422055,68.8808,-39.9914,7.0,D
1,485.18419227422055,70.8808,-39.9914,7.0,D
1,485.36096896951716,71.8808,-40.9914,7.0,D
1,490.73596896951716,71.8808,-83.9914,7.0,D
1,491.08952236011044,69.8808,-85.9914,7.0,D
1,491.21452236011044,68.8808,-85.9914,7.0,D
1,491.39129905540705,67.8808,-86.9914,7.0,D
1,491.51629905540705,66.8808,-86.9914,7.0,D
1,491.8698524460003,64.8808,-88.9914,7.0,D
1,491.9948524460003,63.880799999999994,-88.9914,7.0,D
1,492.17162914129693,62.880799999999994,-89.9914,7.0,D
1,492.29662914129693,61.880799999999994,-89.9914,7.0,D
1,492.47340583659354,60.880799999999994,-90.9914,7.0,D
1,492.59840583659354,59.880799999999994,-90.9914,7.0,D
1,492.9519592271868,57.880799999999994,-92.9914,7.0,D
1,493.0769592271868,56.880799999999994,-92.9914,7.0,D
1,493.25373592248343,55.880799999999994,-93.9914,7.0,D
1,493.37873592248343,54.880799999999994,-93.9914,7.0,D
1,493.7322893130767,52.880799999999994,-95.9914,7.0,D
1,493.8572893130767,51.880799999999994,-95.9914,7.0,D
1,494.0340660083733,50.880799999999994,-96.9914,7.0,D
1,494.1590660083733,49.880799999999994,-96.9914,7.0,D
1,494.3358427036699,48.880799999999994,-97.9914,7.0,D
1,494.4608427036699,47.880799999999994,-97.9914,7.0,D
1,494.8143960942632,45.880799999999994,-99.9914,7.0,D
1,494.9393960942632,44.880799999999994,-99.9914,7.0,D
1,495.1161727895598,43.880799999999994,-100.9914,7.0,D
1,495.2411727895598,42.880799999999994,-100.9914,7.0,D
1,495.4179494848564,41.880799999999994,-101.9914,7.0,D
1,495.5429494848564,40.880799999999994,-101.9914,7.0,D
1,495.8965028754497,38.880799999999994,-103.9914,7.0,D
1,496.5215028754497,33.880799999999994,-103.9914,7.0,D
1,496.875056266043,31.880799999999994,-101.9914,7.0,D
1,497.000056266043,30.880799999999994,-101.9914,7.0,D
1,497.1768329613396,29.880799999999994,-100.9914,7.0,D
1,497.3018329613396,28.880799999999994,-100.9914,7.0,D
1,497.4786096566362,27.880799999999994,-99.9914,7.0,D
1,497.6036096566362,26.880799999999994,-99.9914,7.0,D
1,497.95716304722947,24.880799999999994,-97.9914,7.0,D
1,498.08216304722947,23.880799999999994,-97.9914,7.0,D
1,498.2589397425261,22.880799999999994,-96.9914,7.0,D
1,498.3839397425261,21.880799999999994,-96.9914,7.0,D
1,498.5607164378227,20.880799999999994,-95.9914,7.0,D
1,498.6857164378227,19.880799999999994,-95.9914,7.0,D
1,499.03926982841597,17.880799999999994,-93.9914,7.0,D
1,499.16426982841597,16.880799999999994,-93.9914,7.0,D
1,499.3410465237126,15.880799999999994,-92.9914,7.0,D
1,499.4660465237126,14.880799999999994,-92.9914,7.0,D
1,499.81959991430585,12.880799999999994,-90.9914,7.0,D
1,499.94459991430585,11.880799999999994,-90.9914,7.0,D
1,500.12137660960246,10.880799999999994,-89.9914,7.0,D
1,500.24637660960246,9.880799999999994,-89.9914,7.0,D
1,500.4231533048991,8.880799999999994,-88.9914,7.0,D
1,500.5481533048991,7.880799999999994,-88.9914,7.0,D
1,500.90170669549235,5.880799999999994,-86.9914,7.0,D
1,501.02670669549235,4.880799999999994,-86.9914,7.0,D
1,501.20348339078896,3.8807999999999936,-85.9914,7.0,D
1,501.45348339078896,1.8807999999999936,-85.9914,7.0,D
1,501.63026008608557,0.8807999999999936,-84.9914,7.0,D
1,501.75526008608557,-0.11920000000000641,-84.9914,7.0,T
1,502.31779403567833,71.8808,-40.9914,7.0,D
1,502.44279403567833,72.8808,-40.9914,7.0,D
1,502.61957073097494,73.8808,-39.9914,7.0,D
1,502.99457073097494,76.8808,-39.9914,7.0,D
1,503.17134742627155,77.8808,-38.9914,7.0,D
1,503.29634742627155,78.8808,-38.9914,7.0,D
1,503.64990081686483,80.8808,-36.9914,7.0,D
1,503.77490081686483,81.8808,-36.9914,7.0,D
1,503.95167751216144,82.8808,-35.9914,7.0,D
1,504.07667751216144,83.8808,-35.9914,7.0,D
1,504.4302309027547,85.8808,-33.9914,7.0,D
1,504.5552309027547,86.8808,-33.9914,7.0,D
1,504.7320075980513,87.8808,-32.9914,7.0,D
1,504.8570075980513,88.8808,-32.9914,7.0,D
1,505.03378429334794,89.8808,-31.9914,7.0,D
1,505.15878429334794,90.8808,-31.9914,7.0,D
1,505.5123376839412,92.8808,-29.9914,7.0,D
1,505.6373376839412,93.8808,-29.9914,7.0,D
1,505.8141143792378,94.8808,-28.9914,7.0,D
1,505.9391143792378,95.8808,-28.9914,7.0,D
1,506.11589107453443,96.8808,-27.9914,7.0,D
1,506.24089107453443,97.8808,-27.9914,7.0,T
1,506.6075577412011,97.8808,27.0086,7.0,D
1,506.9611111317944,95.8808,29.0086,7.0,D
1,507.0861111317944,94.8808,29.0086,7.0,D
1,507.262887827091,93.8808,30.0086,7.0,D
1,507.387887827091,92.8808,30.0086,7.0,D
1,507.5646645223876,91.8808,31.0086,7.0,D
1,507.6896645223876,90.8808,31.0086,7.0,D
1,508.0432179129809,88.8808,33.0086,7.0,D
1,508.1682179129809,87.8808,33.0086,7.0,D
1,508.3449946082775,86.8808,34.0086,7.0,D
1,508.4699946082775,85.8808,34.0086,7.0,D
1,508.82354799887077,83.8808,36.0086,7.0,D
1,508.94854799887077,82.8808,36.0086,7.0,D
1,509.1253246941674,81.8808,37.0086,7.0,D
1,509.2503246941674,80.8808,37.0086,7.0,D
1,509.427101389464,79.8808,38.0086,7.0,D
1,509.552101389464,78.8808,38.0086,7.0,D
1,509.90565478005726,76.8808,40.0086,7.0,D
1,510.15565478005726,74.8808,40.0086,7.0,D
1,510.33243147535387,73.8808,41.0086,7.0,D
1,510.58243147535387,71.8808,41.0086,7.0,D
1,515.8324314753538,71.8808,83.0086,7.0,D
1,516.0092081706505,70.8808,84.0086,7.0,D
1,516.1342081706505,70.8808,85.0086,7.0,D
1,516.3109848659471,69.8808,86.0086,7.0,D
1,516.4359848659471,68.8808,86.0086,7.0,D
1,516.6127615612438,67.8808,87.0086,7.0,D
1,516.7377615612438,66.8808,87.0086,7.0,D
1,516.9145382565405,65.8808,88.0086,7.0,D
1,517.0395382565405,64.8808,88.0086,7.0,D
1,517.3930916471337,62.880799999999994,90.0086,7.0,D
1,517.5180916471337,61.880799999999994,90.0086,7.0,D
1,517.6948683424304,60.880799999999994,91.0086,7.0,D
1,517.8198683424304,59.880799999999994,91.0086,7.0,D
1,518.1734217330236,57.880799999999994,93.0086,7.0,D
1,518.2984217330236,56.880799999999994,93.0086,7.0,D
1,518.4751984283203,55.880799999999994,94.0086,7.0,D
1,518.6001984283203,54.880799999999994,94.0086,7.0,D
1,518.7769751236169,53.880799999999994,95.0086,7.0,D
1,518.9019751236169,52.880799999999994,95.0086,7.0,D
1,519.2555285142101,50.880799999999994,97.0086,7.0,D
1,519.3805285142101,49.880799999999994,97.0086,7.0,D
1,519.5573052095068,48.880799999999994,98.0086,7.0,D
1,519.6823052095068,47.880799999999994,98.0086,7.0,D
1,519.8590819048035,46.880799999999994,99.0086,7.0,D
1,519.9840819048035,45.880799999999994,99.0086,7.0,D
1,520.3376352953967,43.880799999999994,101.0086,7.0,D
1,520.4626352953967,42.880799999999994,101.0086,7.0,D
1,520.6394119906934,41.880799999999994,102.0086,7.0,D
1,520.7644119906934,40.880799999999994,102.0086,7.0,D
1,520.94118868599,39.880799999999994,103.0086,7.0,D
1,521.06618868599,38.880799999999994,103.0086,7.0,D
1,521.2429653812867,37.880799999999994,104.0086,7.0,D
1,521.6179653812867,34.880799999999994,104.0086,7.0,D
1,521.7947420765834,33.880799999999994,103.0086,7.0,D
1,521.9197420765834,32.880799999999994,103.0086,7.0,D
1,522.09651877188,31.880799999999994,102.0086,7.0,D
1,522.22151877188,30.880799999999994,102.0086,7.0,D
1,522.3982954671767,29.880799999999994,101.0086,7.0,D
1,522.5232954671767,28.880799999999994,101.0086,7.0,D
1,522.8768488577699,26.880799999999994,99.0086,7.0,D
1,523.0018488577699,25.880799999999994,99.0086,7.0,D
1,523.1786255530666,24.880799999999994,98.0086,7.0,D
1,523.3036255530666,23.880799999999994,98.0086,7.0,D
1,523.4804022483632,22.880799999999994,97.0086,7.0,D
1,523.6054022483632,21.880799999999994,97.0086,7.0,D
1,523.9589556389565,19.880799999999994,95.0086,7.0,D
1,524.0839556389565,18.880799999999994,95.0086,7.0,D
1,524.2607323342531,17.880799999999994,94.0086,7.0,D
1,524.3857323342531,16.880799999999994,94.0086,7.0,D
1,524.5625090295498,15.880799999999994,93.0086,7.0,D
1,524.6875090295498,14.880799999999994,93.0086,7.0,D
1,525.041062420143,12.880799999999994,91.0086,7.0,D
1,525.166062420143,11.880799999999994,91.0086,7.0,D
1,525.3428391154397,10.880799999999994,90.0086,7.0,D
1,525.4678391154397,9.880799999999994,90.0086,7.0,D
1,525.6446158107364,8.880799999999994,89.0086,7.0,D
1,525.7696158107364,7.880799999999994,89.0086,7.0,D
1,526.1231692013296,5.880799999999994,87.0086,7.0,D
1,526.2481692013296,4.880799999999994,87.0086,7.0,D
1,526.4249458966262,3.8807999999999936,86.0086,7.0,D
1,526.7999458966262,0.8807999999999936,86.0086,7.0,D
1,526.9767225919229,-0.11920000000000641,85.0086,7.0,T
1,527.4604580568208,35.880799999999994,22.0086,7.0,D
1,527.8354580568208,38.880799999999994,22.0086,7.0,D
1,528.189011447414,40.880799999999994,24.0086,7.0,D
1,528.314011447414,41.880799999999994,24.0086,7.0,D
1,528.4907881427107,42.880799999999994,25.0086,7.0,D
1,528.6157881427107,43.880799999999994,25.0086,7.0,D
1,528.7925648380074,44.880799999999994,26.0086,7.0,D
1,528.9175648380074,45.880799999999994,26.0086,7.0,D
1,529.2711182286006,47.880799999999994,28.0086,7.0,D
1,529.3961182286006,48.880799999999994,28.0086,7.0,D
1,529.5728949238973,49.880799999999994,29.0086,7.0,D
1,529.6978949238973,50.880799999999994,29.0086,7.0,D
1,529.8746716191939,51.880799999999994,30.0086,7.0,D
1,529.9996716191939,52.880799999999994,30.0086,7.0,D
1,530.3532250097871,54.880799999999994,32.0086,7.0,D
1,530.4782250097871,55.880799999999994,32.0086,7.0,D
1,530.6550017050838,56.880799999999994,33.0086,7.0,D
1,530.7800017050838,57.880799999999994,33.0086,7.0,D
1,531.133555095677,59.880799999999994,35.0086,7.0,D
1,531.258555095677,60.880799999999994,35.0086,7.0,D
1,531.4353317909737,61.880799999999994,36.0086,7.0,D
1,531.5603317909737,62.880799999999994,36.0086,7.0,D
1,531.7371084862704,63.880799999999994,37.0086,7.0,D
1,531.8621084862704,64.8808,37.0086,7.0,D
1,532.2156618768636,66.8808,39.0086,7.0,D
1,532.3406618768636,67.8808,39.0086,7.0,D
1,532.5174385721602,68.8808,40.0086,7.0,D
1,532.7674385721602,70.8808,40.0086,7.0,D
1,532.9442152674569,71.8808,41.0086,7.0,T
1,542.6890923368203,-1000.0,0.0,1000.0,W
1,569.7220887636952,-1000.0,0.0,1000.0,T
1,578.6041302376465,-109.5182,1.0152,9.0,D
1,578.7040052376465,-108.7192,1.0152,9.0,T
1,578.7293385709798,-108.7192,4.8152,9.0,D
1,578.8292635709798,-109.5186,4.8152,9.0,T
1,578.8545969044535,-109.519,8.6152,9.0,D
1,578.9545719044535,-108.7192,8.6152,9.0,T
1,578.9799052377869,-108.7192,12.4152,9.0,D
1,579.0799052377868,-109.5192,12.4152,9.0,T
1,579.1052385711201,-109.5192,16.2152,9.0,D
1,579.20523857112,-108.7192,16.2152,9.0,T
1,579.2306281235558,-108.4659,20.0152,9.0,D
1,579.3622906235559,-109.5192,20.0152,9.0,T
1,579.4014609352671,-105.0379,23.8152,9.0,D
1,579.6008109352671,-103.4431,23.8152,9.0,T
1,579.6426009995621,-98.4577,27.6152,9.0,D
1,579.842163499562,-96.8612,27.6152,9.0,T
1,579.8839445509237,-91.8775,31.4152,9.0,D
1,580.0836945509237,-90.2795,31.4152,9.0,T
1,580.1254676506358,-85.2973,35.2152,9.0,D
1,580.3254176506358,-83.6977,35.2152,9.0,T
1,580.3671886300567,-78.7159,39.0152,9.0,D
1,580.5671886300566,-77.1159,39.0152,9.0,T
1,580.6022720027312,-73.4753,42.8152,9.0,D
1,580.7845720027312,-72.0169,42.8152,9.0,T
1,580.810000222086,-72.3461,46.6152,9.0,D
1,580.9100002220861,-73.1461,46.6152,9.0,T
1,580.9353335554194,-73.1461,50.4152,9.0,D
1,581.0353335554194,-72.3461,50.4152,9.0,T
1,581.0606668887527,-72.3461,54.2152,9.0,D
1,581.1606668887526,-73.1461,54.2152,9.0,T
1,581.186000222086,-73.1461,58.0152,9.0,D
1,581.2860002220859,-72.3461,58.0152,9.0,T
1,581.3113335554193,-72.3461,61.8152,9.0,D
1,581.4113335554192,-73.1461,61.8152,9.0,T
1,581.4366668887526,-73.1461,65.6152,9.0,D
1,581.5366668887525,-72.3461,65.6152,9.0,T
1,581.5620002220859,-72.3461,69.4152,9.0,D
1,581.6620002220858,-73.1461,69.4152,9.0,T
1,581.6873335554192,-73.1461,73.2152,9.0,D
1,581.7873335554191,-72.3461,73.2152,9.0,T
1,581.8126668887525,-72.3461,77.0152,9.0,D
1,581.9126668887524,-73.1461,77.0152,9.0,T
1,581.9380002220857,-73.1461,80.8152,9.0,D
1,582.0380002220857,-72.3461,80.8152,9.0,T
1,582.0633479906835,-72.4744,84.6152,9.0,D
1,582.2671104906835,-70.8443,84.6152,9.0,T
1,582.3087141657562,-65.8941,88.4152,9.0,D
1,582.5081266657562,-64.2988,88.4152,9.0,T
1,582.5499146092593,-59.3138,92.2152,9.0,D
1,582.7495146092593,-57.717,92.2152,9.0,T
1,582.7912940702207,-52.7336,96.0152,9.0,D
1,582.9910940702207,-51.1352,96.0152,9.0,T
1,583.0328655797085,-46.1533,99.8152,9.0,D
1,583.2328530797085,-44.5534,99.8152,9.0,T
1,583.2746240591295,-39.5716,103.6152,9.0,D
1,583.4776365591295,-37.9475,103.6152,9.0,T
1,583.4986285591294,-34.7987,103.6152,9.0,D
1,583.7009285591295,-33.1803,103.6152,9.0,T
1,583.742730288897,-28.1927,99.8152,9.0,D
1,583.942205288897,-26.5969,99.8152,9.0,T
1,583.9839990647281,-21.6108,96.0152,9.0,D
1,584.183674064728,-20.0134,96.0152,9.0,T
1,584.225458296996,-15.0291,92.2152,9.0,D
1,584.425345796996,-13.43,92.2152,9.0,T
1,584.4671215471601,-8.4473,88.4152,9.0,D
1,584.6671090471601,-6.8474,88.4152,9.0,T
1,584.7086884006691,-1.9018,84.6152,9.0,D
1,585.1841384006691,1.9018,84.6152,9.0,T
1,585.2113784065755,0.4,80.8152,9.0,D
1,585.3113784065755,-0.4,80.8152,9.0,T
1,585.3367117399089,-0.4,77.0152,9.0,D
1,585.4367117399088,0.4,77.0152,9.0,T
1,585.4620450732422,0.4,73.2152,9.0,D
1,585.5620450732421,-0.4,73.2152,9.0,T
1,585.5873784065755,-0.4,69.4152,9.0,D
1,585.6873784065754,0.4,69.4152,9.0,T
1,585.7127117399087,0.4,65.6152,9.0,D
1,585.8127117399087,-0.4,65.6152,9.0,T
1,585.838045073242,-0.4,61.8152,9.0,D
1,585.9380450732419,0.4,61.8152,9.0,T
1,585.9633784065753,0.4,58.0152,9.0,D
1,586.0633784065752,-0.4,58.0152,9.0,T
1,586.0887117399086,-0.4,54.2152,9.0,D
1,586.1887117399085,0.4,54.2152,9.0,T
1,586.2140450732419,0.4,50.4152,9.0,D
1,586.3140450732418,-0.4,50.4152,9.0,T
1,586.3393784065752,-0.4,46.6152,9.0,D
1,586.4393784065751,0.4,46.6152,9.0,T
1,586.4648066259299,0.7292,42.8152,9.0,D
1,586.6471066259298,-0.7292,42.8152,9.0,T
1,586.6821899986044,-4.3698,39.0152,9.0,D
1,586.8821899986044,-5.9698,39.0152,9.0,T
1,586.9239609780253,-10.9516,35.2152,9.0,D
1,587.1239609780253,-12.5516,35.2152,9.0,T
1,587.1657319574462,-17.5334,31.4152,9.0,D
1,587.3657319574461,-19.1334,31.4152,9.0,T
1,587.4075024068039,-24.1151,27.6152,9.0,D
1,587.6075149068039,-25.7152,27.6152,9.0,T
1,587.6492858862248,-30.697,23.8152,9.0,D
1,587.8492858862247,-32.297,23.8152,9.0,T
1,587.8833808906421,-35.7198,20.0152,9.0,D
1,588.0467058906421,-37.0264,20.0152,9.0,T
1,588.0720954430778,-36.7731,16.2152,9.0,D
1,588.1720954430779,-35.9731,16.2152,9.0,T
1,588.1974287764112,-35.9731,12.4152,9.0,D
1,588.2974287764112,-36.7731,12.4152,9.0,T
1,588.3227621097445,-36.7731,8.6152,9.0,D
1,588.4227621097444,-35.9731,8.6152,9.0,T
1,588.4480954430778,-35.9731,4.8152,9.0,D
1,588.5480954430777,-36.7731,4.8152,9.0,T
1,588.5734287764111,-36.7731,1.0152,9.0,D
1,588.673428776411,-35.9731,1.0152,9.0,T
1,588.6987621097444,-35.9731,-2.7848,9.0,D
1,588.7987621097443,-36.7731,-2.7848,9.0,T
1,588.8240954430777,-36.7731,-6.5848,9.0,D
1,588.9240954430776,-35.9731,-6.5848,9.0,T
1,588.949428776411,-35.9731,-10.3848,9.0,D
1,589.0494287764109,-36.7731,-10.3848,9.0,T
1,589.0747621097443,-36.7731,-14.1848,9.0,D
1,589.1747621097442,-35.9731,-14.1848,9.0,T
1,589.2000954430775,-35.9731,-17.9848,9.0,D
1,589.3000954430775,-36.7731,-17.9848,9.0,T
1,589.3280235886259,-38.5365,-21.7848,9.0,D
1,589.8688735886259,-34.2097,-21.7848,9.0,T
1,589.9106233685801,-29.2319,-25.5848,9.0,D
1,590.11061086858,-27.632,-25.5848,9.0,T
1,590.1523823780678,-22.6501,-29.3848,9.0,D
1,590.3523698780679,-21.0502,-29.3848,9.0,T
1,590.3941413875557,-16.0683,-33.1848,9.0,D
1,590.5941288875557,-14.4684,-33.1848,9.0,T
1,590.6359003970435,-9.4865,-36.9848,9.0,D
1,590.8358878970436,-7.8866,-36.9848,9.0,T
1,590.8776588764645,-2.9048,-40.7848,9.0,D
1,591.0942588764644,-1.172,-40.7848,9.0,T
1,591.1098855431311,1.172,-40.7848,9.0,D
1,591.3264855431311,2.9048,-40.7848,9.0,T
1,591.3568273170775,0.4,-44.5848,9.0,D
1,591.4568273170776,-0.4,-44.5848,9.0,T
1,591.482160650411,-0.4,-48.3848,9.0,D
1,591.5821606504109,0.4,-48.3848,9.0,T
1,591.6074939837442,0.4,-52.1848,9.0,D
1,591.7074939837441,-0.4,-52.1848,9.0,T
1,591.7328273170775,-0.4,-55.9848,9.0,D
1,591.8328273170774,0.4,-55.9848,9.0,T
1,591.8581606504108,0.4,-59.7848,9.0,D
1,591.9581606504107,-0.4,-59.7848,9.0,T
1,591.9834939837441,-0.4,-63.5848,9.0,D
1,592.083493983744,0.4,-63.5848,9.0,T
1,592.1088273170774,0.4,-67.3848,9.0,D
1,592.2088273170773,-0.4,-67.3848,9.0,T
1,592.2341606504107,-0.4,-71.1848,9.0,D
1,592.3341606504106,0.4,-71.1848,9.0,T
1,592.359493983744,0.4,-74.9848,9.0,D
1,592.4594939837439,-0.4,-74.9848,9.0,T
1,592.4848273170772,-0.4,-78.7848,9.0,D
1,592.5848273170772,0.4,-78.7848,9.0,T
1,592.6101725939898,0.5167,-82.5848,9.0,D
1,592.7393475939898,-0.5167,-82.5848,9.0,T
1,592.7708704486336,-3.3306,-86.3848,9.0,D
1,592.9708704486335,-4.9306,-86.3848,9.0,T
1,593.0126414280544,-9.9124,-90.1848,9.0,D
1,593.2126539280544,-11.5125,-90.1848,9.0,T
1,593.2544243774122,-16.4942,-93.9848,9.0,D
1,593.4544368774121,-18.0943,-93.9848,9.0,T
1,593.49620732677,-23.076,-97.7848,9.0,D
1,593.69620732677,-24.676,-97.7848,9.0,T
1,593.7379783061909,-29.6578,-101.5848,9.0,D
1,593.9379783061909,-31.2578,-101.5848,9.0,T
1,593.9802577946562,-36.3352,-105.3848,9.0,D
1,593.9897452946561,-36.4111,-105.3848,9.0,T
1,594.0320247831214,-41.4885,-101.5848,9.0,D
1,594.2313747831214,-43.0833,-101.5848,9.0,T
1,594.2731733312089,-48.0703,-97.7848,9.0,D
1,594.4727233312088,-49.6667,-97.7848,9.0,T
1,594.5145133955039,-54.6521,-93.9848,9.0,D
1,594.7142633955038,-56.2501,-93.9848,9.0,T
1,594.7560444468655,-61.2338,-90.1848,9.0,D
1,594.9560069468655,-62.8335,-90.1848,9.0,T
1,594.9977789864241,-67.8155,-86.3848,9.0,D
1,595.1977789864242,-69.4155,-86.3848,9.0,T
1,595.2293018410679,-72.2294,-82.5848,9.0,D
1,595.3435018410679,-73.143,-82.5848,9.0,T
1,595.3688351746206,-73.1435,-78.7848,9.0,D
1,595.4685101746205,-72.3461,-78.7848,9.0,T
1,595.4938435079539,-72.3461,-74.9848,9.0,D
1,595.5935685079538,-73.1439,-74.9848,9.0,T
1,595.6189018414275,-73.1443,-71.1848,9.0,D
1,595.7186768414275,-72.3461,-71.1848,9.0,T
1,595.7440101747609,-72.3461,-67.3848,9.0,D
1,595.8438351747609,-73.1447,-67.3848,9.0,T
1,595.8691685082346,-73.1451,-63.5848,9.0,D
1,595.9690435082346,-72.3461,-63.5848,9.0,T
1,595.9943768415679,-72.3461,-59.7848,9.0,D
1,596.0943018415679,-73.1455,-59.7848,9.0,T
1,596.1196351750416,-73.1459,-55.9848,9.0,D
1,596.2196101750416,-72.3461,-55.9848,9.0,T
1,596.244943508375,-72.3461,-52.1848,9.0,D
1,596.3449435083749,-73.1461,-52.1848,9.0,T
1,596.3702768417082,-73.1461,-48.3848,9.0,D
1,596.4702768417081,-72.3461,-48.3848,9.0,T
1,596.4956101750415,-72.3461,-44.5848,9.0,D
1,596.5956101750414,-73.1461,-44.5848,9.0,T
1,596.6214610155607,-73.9181,-40.7848,9.0,D
1,596.8380610155607,-75.6509,-40.7848,9.0,T
1,596.8652396822274,-71.5741,-40.7848,9.0,D
1,597.0818396822274,-69.8413,-40.7848,9.0,T
1,597.1236106616483,-64.8595,-36.9848,9.0,D
1,597.3235856616483,-63.2597,-36.9848,9.0,T
1,597.3653571711361,-58.2778,-33.1848,9.0,D
1,597.5653446711361,-56.6779,-33.1848,9.0,T
1,597.607115650557,-51.6961,-29.3848,9.0,D
1,597.807115650557,-50.0961,-29.3848,9.0,T
1,597.8488866299779,-45.1143,-25.5848,9.0,D
1,598.0488991299778,-43.5142,-25.5848,9.0,T
1,598.3077635768951,-80.6327,-36.9848,9.0,D
1,598.5077635768951,-82.2327,-36.9848,9.0,T
1,598.549534556316,-87.2145,-33.1848,9.0,D
1,598.7495220563159,-88.8144,-33.1848,9.0,T
1,598.7912935658037,-93.7963,-29.3848,9.0,D
1,598.9912810658036,-95.3962,-29.3848,9.0,T
1,599.0330525752914,-100.3781,-25.5848,9.0,D
1,599.2330400752913,-101.978,-25.5848,9.0,T
1,599.2747898552456,-106.9558,-21.7848,9.0,D
1,599.4753023552455,-108.5599,-21.7848,9.0,T
1,599.5006579388865,-108.7192,-17.9848,9.0,D
1,599.6002954388865,-109.5163,-17.9848,9.0,T
1,599.6256287723602,-109.5167,-14.1848,9.0,D
1,599.7253162723603,-108.7192,-14.1848,9.0,T
1,599.7506496056936,-108.7192,-10.3848,9.0,D
1,599.8503871056936,-109.5171,-10.3848,9.0,T
1,599.8757204391673,-109.5175,-6.5848,9.0,D
1,599.9755079391673,-108.7192,-6.5848,9.0,T
1,600.0008412725007,-108.7192,-2.7848,9.0,D
1,600.1006662725007,-109.5178,-2.7848,9.0,T
1,600.4916685755487,-68.3763,39.0152,9.0,D
1,600.6916685755488,-66.7763,39.0152,9.0,T
1,600.7334390249066,-61.7946,35.2152,9.0,D
1,600.9334390249066,-60.1946,35.2152,9.0,T
1,600.9752100043276,-55.2128,31.4152,9.0,D
1,601.1752100043275,-53.6128,31.4152,9.0,T
1,601.2169809837484,-48.631,27.6152,9.0,D
1,601.4169684837483,-47.0311,27.6152,9.0,T
1,601.4587399932361,-42.0492,23.8152,9.0,D
1,601.658739993236,-40.4492,23.8152,9.0,T
1,601.9742489479249,4.3698,39.0152,9.0,D
1,602.174248947925,5.9698,39.0152,9.0,T
1,602.2160199273459,10.9516,35.2152,9.0,D
1,602.4160199273458,12.5516,35.2152,9.0,T
1,602.4577909067667,17.5334,31.4152,9.0,D
1,602.6577784067666,19.1333,31.4152,9.0,T
1,602.6995499162545,24.1152,27.6152,9.0,D
1,602.8995374162545,25.7151,27.6152,9.0,T
1,602.9413089257423,30.697,23.8152,9.0,D
1,603.1413089257422,32.297,23.8152,9.0,T
1,603.1754039301596,35.7198,20.0152,9.0,D
1,603.3387289301596,37.0264,20.0152,9.0,T
1,603.3641184825954,36.7731,16.2152,9.0,D
1,603.4641184825954,35.9731,16.2152,9.0,T
1,603.4894518159288,35.9731,12.4152,9.0,D
1,603.5894518159287,36.7731,12.4152,9.0,T
1,603.614785149262,36.7731,8.6152,9.0,D
1,603.714785149262,35.9731,8.6152,9.0,T
1,603.7401184825953,35.9731,4.8152,9.0,D
1,603.8401184825952,36.7731,4.8152,9.0,T
1,603.8654518159286,36.7731,1.0152,9.0,D
1,603.9654518159285,35.9731,1.0152,9.0,T
1,603.9907851492619,35.9731,-2.7848,9.0,D
1,604.0907851492618,36.7731,-2.7848,9.0,T
1,604.1161184825952,36.7731,-6.5848,9.0,D
1,604.2161184825951,35.9731,-6.5848,9.0,T
1,604.2414518159285,35.9731,-10.3848,9.0,D
1,604.3414518159284,36.7731,-10.3848,9.0,T
1,604.3667851492618,36.7731,-14.1848,9.0,D
1,604.4667851492617,35.9731,-14.1848,9.0,T
1,604.4921184825951,35.9731,-17.9848,9.0,D
1,604.592118482595,36.7731,-17.9848,9.0,T
1,604.6200466281434,38.5365,-21.7848,9.0,D
1,605.1608966281434,34.2097,-21.7848,9.0,T
1,605.2026458781912,29.232,-25.5848,9.0,D
1,605.4026583781912,27.6319,-25.5848,9.0,T
1,605.4444293576121,22.6501,-29.3848,9.0,D
1,605.644429357612,21.0501,-29.3848,9.0,T
1,605.6862003370329,16.0683,-33.1848,9.0,D
1,605.8862003370328,14.4683,-33.1848,9.0,T
1,605.9279713164537,9.4865,-36.9848,9.0,D
1,606.1279588164537,7.8866,-36.9848,9.0,T
1,606.3773396503684,43.5143,-25.5848,9.0,D
1,606.5773271503683,45.1142,-25.5848,9.0,T
1,606.6190986598561,50.0961,-29.3848,9.0,D
1,606.8190861598562,51.696,-29.3848,9.0,T
1,606.8608571392771,56.6778,-33.1848,9.0,D
1,607.060857139277,58.2778,-33.1848,9.0,T
1,607.1026281186979,63.2596,-36.9848,9.0,D
1,607.3026281186978,64.8596,-36.9848,9.0,T
1,607.3443985680557,69.8413,-40.7848,9.0,D
1,607.5609860680556,71.574,-40.7848,9.0,T
1,607.576613401389,73.9181,-40.7848,9.0,D
1,607.7932134013889,75.6509,-40.7848,9.0,T
1,607.8235551753354,73.1461,-44.5848,9.0,D
1,607.9235551753354,72.3461,-44.5848,9.0,T
1,607.9488885086688,72.3461,-48.3848,9.0,D
1,608.0488885086687,73.1461,-48.3848,9.0,T
1,608.0742218420021,73.1461,-52.1848,9.0,D
1,608.174221842002,72.3461,-52.1848,9.0,T
1,608.1995551753354,72.3461,-55.9848,9.0,D
1,608.2995551753353,73.1461,-55.9848,9.0,T
1,608.3248885086687,73.1461,-59.7848,9.0,D
1,608.4248885086686,72.3461,-59.7848,9.0,T
1,608.450221842002,72.3461,-63.5848,9.0,D
1,608.5502218420019,73.1461,-63.5848,9.0,T
1,608.5755551753352,73.1461,-67.3848,9.0,D
1,608.6755551753351,72.3461,-67.3848,9.0,T
1,608.7008885086685,72.3461,-71.1848,9.0,D
1,608.8008885086684,73.1461,-71.1848,9.0,T
1,608.8262218420018,73.1461,-74.9848,9.0,D
1,608.9262218420017,72.3461,-74.9848,9.0,T
1,608.9515551753351,72.3461,-78.7848,9.0,D
1,609.051555175335,73.1461,-78.7848,9.0,T
1,609.0768885086684,73.1461,-82.5848,9.0,D
1,609.1914760086684,72.2294,-82.5848,9.0,T
1,609.2230203002738,69.4101,-86.3848,9.0,D
1,609.4223453002738,67.8155,-86.3848,9.0,T
1,609.4641369552037,62.8298,-90.1848,9.0,D
1,609.6636494552037,61.2337,-90.1848,9.0,T
1,609.7054331573108,56.2495,-93.9848,9.0,D
1,609.9051331573108,54.6519,-93.9848,9.0,T
1,609.9469083773768,49.6693,-97.7848,9.0,D
1,610.1467958773768,48.0702,-97.7848,9.0,T
1,610.1885668567977,43.0884,-101.5848,9.0,D
1,610.3885668567976,41.4884,-101.5848,9.0,T
1,610.4308468790041,36.4109,-105.3848,9.0,D
1,610.4402968790041,36.3353,-105.3848,9.0,T
1,610.4825774349555,31.2577,-101.5848,9.0,D
1,610.6819524349554,29.6627,-101.5848,9.0,T
1,610.7237499225141,24.6759,-97.7848,9.0,D
1,610.9233374225141,23.0792,-97.7848,9.0,T
1,610.9651258962093,18.0941,-93.9848,9.0,D
1,611.1649133962094,16.4958,-93.9848,9.0,T
1,611.2066933873003,11.5123,-90.1848,9.0,D
1,611.4066683873003,9.9125,-90.1848,9.0,T
1,611.4484398967882,4.9306,-86.3848,9.0,D
1,611.6484398967881,3.3306,-86.3848,9.0,T
1,612.2600307064134,80.6327,-36.9848,9.0,D
1,612.4600307064135,82.2327,-36.9848,9.0,T
1,612.5018011557713,87.2144,-33.1848,9.0,D
1,612.7016511557713,88.8132,-33.1848,9.0,T
1,612.7434284962536,93.7962,-29.3848,9.0,D
1,612.9430784962536,95.3934,-29.3848,9.0,T
1,613.3232044829949,96.8613,27.6152,9.0,D
1,613.5231919829948,98.4612,27.6152,9.0,T
1,613.5738581123297,91.8795,31.4152,9.0,D
1,613.7738581123297,90.2795,31.4152,9.0,T
1,613.8156290917506,85.2977,35.2152,9.0,D
1,614.0156290917505,83.6977,35.2152,9.0,T
1,614.0574000711714,78.7159,39.0152,9.0,D
1,614.2574000711713,77.1159,39.0152,9.0,T
1,614.2924834438459,73.4753,42.8152,9.0,D
1,614.4747834438459,72.0169,42.8152,9.0,T
1,614.5002116632007,72.3461,46.6152,9.0,D
1,614.6002116632008,73.1461,46.6152,9.0,T
1,614.6255449965341,73.1461,50.4152,9.0,D
1,614.725544996534,72.3461,50.4152,9.0,T
1,614.7508783298674,72.3461,54.2152,9.0,D
1,614.8508783298673,73.1461,54.2152,9.0,T
1,614.876211663341,73.1457,58.0152,9.0,D
1,614.976161663341,72.3461,58.0152,9.0,T
1,615.0014949966744,72.3461,61.8152,9.0,D
1,615.1013949966743,73.1453,61.8152,9.0,T
1,615.126728330148,73.1449,65.6152,9.0,D
1,615.2265783301481,72.3461,65.6152,9.0,T
1,615.2519116634815,72.3461,69.4152,9.0,D
1,615.3517116634814,73.1445,69.4152,9.0,T
1,615.3770449969551,73.1441,73.2152,9.0,D
1,615.476794996955,72.3461,73.2152,9.0,T
1,615.5021283302884,72.3461,77.0152,9.0,D
1,615.6018158302884,73.1436,77.0152,9.0,T
1,615.627149163762,73.1432,80.8152,9.0,D
1,615.726786663762,72.3461,80.8152,9.0,T
1,615.7521358371959,72.4805,84.6152,9.0,D
1,615.9566608371958,70.8443,84.6152,9.0,T
1,615.9982396620684,65.8988,88.4152,9.0,D
1,616.1982396620683,64.2988,88.4152,9.0,T
1,616.2400164724407,59.3159,92.2152,9.0,D
1,616.4398664724407,57.7171,92.2152,9.0,T
1,616.4816522952145,52.7325,96.0152,9.0,D
1,616.6813022952146,51.1353,96.0152,9.0,T
1,616.7230966012808,46.1491,99.8152,9.0,D
1,616.9225466012807,44.5535,99.8152,9.0,T
1,616.9643493916394,39.5657,103.6152,9.0,D
1,617.1666243916395,37.9475,103.6152,9.0,T
1,617.1876163916395,34.7987,103.6152,9.0,D
1,617.3906413916395,33.1745,103.6152,9.0,T
1,617.4324118409974,28.1928,99.8152,9.0,D
1,617.6324243409973,26.5927,99.8152,9.0,T
1,617.6741947903552,21.611,96.0152,9.0,D
1,617.8742072903551,20.0109,96.0152,9.0,T
1,617.915977739713,15.0292,92.2152,9.0,D
1,618.1159902397129,13.4291,92.2152,9.0,T
1,618.1577606890708,8.4474,88.4152,9.0,D
1,618.3577606890708,6.8474,88.4152,9.0,T
1,618.8432039441705,40.4492,23.8152,9.0,D
1,619.0432039441705,42.0492,23.8152,9.0,T
1,619.0849749235914,47.031,27.6152,9.0,D
1,619.2849874235914,48.6311,27.6152,9.0,T
1,619.3267578729492,53.6128,31.4152,9.0,D
1,619.5267578729492,55.2128,31.4152,9.0,T
1,619.5685288523702,60.1946,35.2152,9.0,D
1,619.76851635237,61.7945,35.2152,9.0,T
1,619.8102878618579,66.7764,39.0152,9.0,D
1,620.0102753618579,68.3763,39.0152,9.0,T
1,629.7285996440985,-1000.0,0.0,1000.0,W
1,650.1599986903132,-1000.0,0.0,1000.0,T
1,659.0349052773211,-109.1192,-19.9914,11.0,D
1,659.565235363211,-106.1192,-22.9914,11.0,D
1,659.690235363211,-105.1192,-22.9914,11.0,D
1,660.0437887538042,-103.1192,-24.9914,11.0,D
1,660.1687887538042,-102.1192,-24.9914,11.0,D
1,660.3455654491008,-101.1192,-25.9914,11.0,D
1,660.4705654491008,-100.1192,-25.9914,11.0,D
1,660.6473421443975,-99.1192,-26.9914,11.0,D
1,660.7723421443975,-98.1192,-26.9914,11.0,D
1,661.1258955349907,-96.1192,-28.9914,11.0,D
1,661.2508955349907,-95.1192,-28.9914,11.0,D
1,661.4276722302874,-94.1192,-29.9914,11.0,D
1,661.5526722302874,-93.1192,-29.9914,11.0,D
1,661.729448925584,-92.1192,-30.9914,11.0,D
1,661.854448925584,-91.1192,-30.9914,11.0,D
1,662.2080023161773,-89.1192,-32.9914,11.0,D
1,662.3330023161773,-88.1192,-32.9914,11.0,D
1,662.5097790114739,-87.1192,-33.9914,11.0,D
1,662.6347790114739,-86.1192,-33.9914,11.0,D
1,662.8115557067706,-85.1192,-34.9914,11.0,D
1,662.9365557067706,-84.1192,-34.9914,11.0,D
1,663.2901090973638,-82.1192,-36.9914,11.0,D
1,663.4151090973638,-81.1192,-36.9914,11.0,D
1,663.5918857926605,-80.1192,-37.9914,11.0,D
1,663.7168857926605,-79.1192,-37.9914,11.0,D
1,664.0704391832537,-77.1192,-39.9914,11.0,D
1,664.1954391832537,-76.1192,-39.9914,11.0,D
1,664.3722158785504,-75.1192,-40.9914,11.0,D
1,664.6222158785504,-73.1192,-40.9914,11.0,D
1,664.9972158785504,-70.1192,-40.9914,11.0,D
1,665.3507692691436,-68.1192,-38.9914,11.0,D
1,665.4757692691436,-67.1192,-38.9914,11.0,D
1,665.6525459644403,-66.1192,-37.9914,11.0,D
1,665.7775459644403,-65.1192,-37.9914,11.0,D
1,666.1310993550335,-63.119200000000006,-35.9914,11.0,D
1,666.2560993550335,-62.119200000000006,-35.9914,11.0,D
1,666.4328760503302,-61.119200000000006,-34.9914,11.0,D
1,666.5578760503302,-60.119200000000006,-34.9914,11.0,D
1,666.7346527456268,-59.119200000000006,-33.9914,11.0,D
1,666.8596527456268,-58.119200000000006,-33.9914,11.0,D
1,667.21320613622,-56.119200000000006,-31.9914,11.0,D
1,667.33820613622,-55.119200000000006,-31.9914,11.0,D
1,667.5149828315167,-54.119200000000006,-30.9914,11.0,D
1,667.6399828315167,-53.119200000000006,-30.9914,11.0,D
1,667.8167595268134,-52.119200000000006,-29.9914,11.0,D
1,667.9417595268134,-51.119200000000006,-29.9914,11.0,D
1,668.2953129174066,-49.119200000000006,-27.9914,11.0,D
1,668.4203129174066,-48.119200000000006,-27.9914,11.0,D
1,668.5970896127033,-47.119200000000006,-26.9914,11.0,D
1,668.7220896127033,-46.119200000000006,-26.9914,11.0,D
1,668.8988663079999,-45.119200000000006,-25.9914,11.0,D
1,669.0238663079999,-44.119200000000006,-25.9914,11.0,D
1,669.3774196985931,-42.119200000000006,-23.9914,11.0,D
1,669.5024196985931,-41.119200000000006,-23.9914,11.0,D
1,669.6791963938898,-40.119200000000006,-22.9914,11.0,D
1,669.9291963938898,-38.119200000000006,-22.9914,11.0,D
1,670.1059730891865,-37.119200000000006,-21.9914,11.0,D
1,670.3559730891865,-35.119200000000006,-21.9914,11.0,D
1,670.5327497844831,-34.119200000000006,-22.9914,11.0,D
1,670.6577497844831,-33.119200000000006,-22.9914,11.0,D
1,670.8345264797798,-32.119200000000006,-23.9914,11.0,D
1,670.9595264797798,-31.119200000000006,-23.9914,11.0,D
1,671.1363031750765,-30.119200000000006,-24.9914,11.0,D
1,671.2613031750765,-29.119200000000006,-24.9914,11.0,D
1,671.4380798703731,-28.119200000000006,-25.9914,11.0,D
1,671.5630798703731,-27.119200000000006,-25.9914,11.0,D
1,671.9166332609664,-25.119200000000006,-27.9914,11.0,D
1,672.0416332609664,-24.119200000000006,-27.9914,11.0,D
1,672.218409956263,-23.119200000000006,-28.9914,11.0,D
1,672.343409956263,-22.119200000000006,-28.9914,11.0,D
1,672.5201866515597,-21.119200000000006,-29.9914,11.0,D
1,672.6451866515597,-20.119200000000006,-29.9914,11.0,D
1,672.9987400421529,-18.119200000000006,-31.9914,11.0,D
1,673.1237400421529,-17.119200000000006,-31.9914,11.0,D
1,673.3005167374496,-16.119200000000006,-32.9914,11.0,D
1,673.4255167374496,-15.119200000000006,-32.9914,11.0,D
1,673.6022934327463,-14.119200000000006,-33.9914,11.0,D
1,673.7272934327463,-13.119200000000006,-33.9914,11.0,D
1,674.0808468233395,-11.119200000000006,-35.9914,11.0,D
1,674.2058468233395,-10.119200000000006,-35.9914,11.0,D
1,674.3826235186361,-9.119200000000006,-36.9914,11.0,D
1,674.5076235186361,-8.119200000000006,-36.9914,11.0,D
1,674.8611769092294,-6.119200000000006,-38.9914,11.0,D
1,674.9861769092294,-5.119200000000006,-38.9914,11.0,D
1,675.162953604526,-4.119200000000006,-39.9914,11.0,D
1,675.537953604526,-1.1192000000000064,-39.9914,11.0,D
1,675.7147302998227,-0.11920000000000641,-40.9914,11.0,D
1,681.2147302998227,-0.11920000000000641,-84.9914,11.0,D
1,681.3397302998227,-1.1192000000000064,-84.9914,11.0,D
1,681.5165069951194,-2.1192000000000064,-85.9914,11.0,D
1,681.7665069951194,-4.119200000000006,-85.9914,11.0,D
1,682.1200603857126,-6.119200000000006,-87.9914,11.0,D
1,682.2450603857126,-7.119200000000006,-87.9914,11.0,D
1,682.4218370810092,-8.119200000000006,-88.9914,11.0,D
1,682.5468370810092,-9.119200000000006,-88.9914,11.0,D
1,682.7236137763059,-10.119200000000006,-89.9914,11.0,D
1,682.8486137763059,-11.119200000000006,-89.9914,11.0,D
1,683.2021671668991,-13.119200000000006,-91.9914,11.0,D
1,683.3271671668991,-14.119200000000006,-91.9914,11.0,D
1,683.5039438621958,-15.119200000000006,-92.9914,11.0,D
1,683.6289438621958,-16.119200000000006,-92.9914,11.0,D
1,683.982497252789,-18.119200000000006,-94.9914,11.0,D
1,684.107497252789,-19.119200000000006,-94.9914,11.0,D
1,684.2842739480857,-20.119200000000006,-95.9914,11.0,D
1,684.4092739480857,-21.119200000000006,-95.9914,11.0,D
1,684.5860506433824,-22.119200000000006,-96.9914,11.0,D
1,684.7110506433824,-23.119200000000006,-96.9914,11.0,D
1,685.0646040339756,-25.119200000000006,-98.9914,11.0,D
1,685.1896040339756,-26.119200000000006,-98.9914,11.0,D
1,685.3663807292722,-27.119200000000006,-99.9914,11.0,D
1,685.4913807292722,-28.119200000000006,-99.9914,11.0,D
1,685.6681574245689,-29.119200000000006,-100.9914,11.0,D
1,685.7931574245689,-30.119200000000006,-100.9914,11.0,D
1,686.1467108151621,-32.119200000000006,-102.9914,11.0,D
1,686.5217108151621,-35.119200000000006,-102.9914,11.0,D
1,686.6984875104588,-36.119200000000006,-103.9914,11.0,D
1,686.8752642057555,-37.119200000000006,-102.9914,11.0,D
1,687.2502642057555,-40.119200000000006,-102.9914,11.0,D
1,687.4270409010521,-41.119200000000006,-101.9914,11.0,D
1,687.5520409010521,-42.119200000000006,-101.9914,11.0,D
1,687.7288175963488,-43.119200000000006,-100.9914,11.0,D
1,687.8538175963488,-44.119200000000006,-100.9914,11.0,D
1,688.207370986942,-46.119200000000006,-98.9914,11.0,D
1,688.332370986942,-47.119200000000006,-98.9914,11.0,D
1,688.5091476822387,-48.119200000000006,-97.9914,11.0,D
1,688.6341476822387,-49.119200000000006,-97.9914,11.0,D
1,688.8109243775353,-50.119200000000006,-96.9914,11.0,D
1,688.9359243775353,-51.119200000000006,-96.9914,11.0,D
1,689.2894777681286,-53.119200000000006,-94.9914,11.0,D
1,689.4144777681286,-54.119200000000006,-94.9914,11.0,D
1,689.5912544634252,-55.119200000000006,-93.9914,11.0,D
1,689.7162544634252,-56.119200000000006,-93.9914,11.0,D
1,690.0698078540184,-58.119200000000006,-91.9914,11.0,D
1,690.1948078540184,-59.119200000000006,-91.9914,11.0,D
1,690.3715845493151,-60.119200000000006,-90.9914,11.0,D
1,690.4965845493151,-61.119200000000006,-90.9914,11.0,D
1,690.6733612446118,-62.119200000000006,-89.9914,11.0,D
1,690.7983612446118,-63.119200000000006,-89.9914,11.0,D
1,691.151914635205,-65.1192,-87.9914,11.0,D
1,691.276914635205,-66.1192,-87.9914,11.0,D
1,691.4536913305017,-67.1192,-86.9914,11.0,D
1,691.5786913305017,-68.1192,-86.9914,11.0,D
1,691.7554680257983,-69.1192,-85.9914,11.0,D
1,691.8804680257983,-70.1192,-85.9914,11.0,D
1,692.2340214163916,-72.1192,-83.9914,11.0,D
1,692.3590214163916,-72.1192,-82.9914,11.0,D
1,692.5357981116882,-73.1192,-81.9914,11.0,D
1,697.6607981116882,-73.1192,-40.9914,11.0,T
1,697.9321732108489,-37.119200000000006,-21.9914,11.0,D
1,703.4321732108489,-37.119200000000006,22.0086,11.0,D
1,703.6089499061455,-38.119200000000006,23.0086,11.0,D
1,703.8589499061455,-40.119200000000006,23.0086,11.0,D
1,704.0357266014422,-41.119200000000006,24.0086,11.0,D
1,704.1607266014422,-42.119200000000006,24.0086,11.0,D
1,704.3375032967389,-43.119200000000006,25.0086,11.0,D
1,704.4625032967389,-44.119200000000006,25.0086,11.0,D
1,704.8160566873321,-46.119200000000006,27.0086,11.0,D
1,704.9410566873321,-47.119200000000006,27.0086,11.0,D
1,705.1178333826288,-48.119200000000006,28.0086,11.0,D
1,705.2428333826288,-49.119200000000006,28.0086,11.0,D
1,705.4196100779254,-50.119200000000006,29.0086,11.0,D
1,705.5446100779254,-51.119200000000006,29.0086,11.0,D
1,705.8981634685186,-53.119200000000006,31.0086,11.0,D
1,706.0231634685186,-54.119200000000006,31.0086,11.0,D
1,706.1999401638153,-55.119200000000006,32.0086,11.0,D
1,706.3249401638153,-56.119200000000006,32.0086,11.0,D
1,706.6784935544085,-58.119200000000006,34.0086,11.0,D
1,706.8034935544085,-59.119200000000006,34.0086,11.0,D
1,706.9802702497052,-60.119200000000006,35.0086,11.0,D
1,707.1052702497052,-61.119200000000006,35.0086,11.0,D
1,707.2820469450019,-62.119200000000006,36.0086,11.0,D
1,707.4070469450019,-63.119200000000006,36.0086,11.0,D
1,707.7606003355951,-65.1192,38.0086,11.0,D
1,707.8856003355951,-66.1192,38.0086,11.0,D
1,708.0623770308918,-67.1192,39.0086,11.0,D
1,708.1873770308918,-68.1192,39.0086,11.0,D
1,708.3641537261884,-69.1192,40.0086,11.0,D
1,708.6141537261884,-71.1192,40.0086,11.0,D
1,708.7909304214851,-72.1192,41.0086,11.0,D
1,708.9159304214851,-73.1192,41.0086,11.0,D
1,709.0409304214851,-74.1192,41.0086,11.0,D
1,709.2177071167818,-75.1192,40.0086,11.0,D
1,709.3427071167818,-76.1192,40.0086,11.0,D
1,709.5194838120784,-77.1192,39.0086,11.0,D
1,709.6444838120784,-78.1192,39.0086,11.0,D
1,709.8212605073751,-79.1192,38.0086,11.0,D
1,709.9462605073751,-80.1192,38.0086,11.0,D
1,710.1230372026718,-81.1192,37.0086,11.0,D
1,710.2480372026718,-82.1192,37.0086,11.0,D
1,710.601590593265,-84.1192,35.0086,11.0,D
1,710.726590593265,-85.1192,35.0086,11.0,D
1,710.9033672885616,-86.1192,34.0086,11.0,D
1,711.0283672885616,-87.1192,34.0086,11.0,D
1,711.2051439838583,-88.1192,33.0086,11.0,D
1,711.3301439838583,-89.1192,33.0086,11.0,D
1,711.6836973744515,-91.1192,31.0086,11.0,D
1,711.8086973744515,-92.1192,31.0086,11.0,D
1,711.9854740697482,-93.1192,30.0086,11.0,D
1,712.1104740697482,-94.1192,30.0086,11.0,D
1,712.4640274603414,-96.1192,28.0086,11.0,D
1,712.5890274603414,-97.1192,28.0086,11.0,D
1,712.7658041556381,-98.1192,27.0086,11.0,D
1,712.8908041556381,-99.1192,27.0086,11.0,D
1,713.0675808509347,-100.1192,26.0086,11.0,D
1,713.1925808509347,-101.1192,26.0086,11.0,D
1,713.546134241528,-103.1192,24.0086,11.0,D
1,713.671134241528,-104.1192,24.0086,11.0,D
1,713.8479109368246,-105.1192,23.0086,11.0,D
1,713.9729109368246,-106.1192,23.0086,11.0,D
1,714.5032410227145,-109.1192,20.0086,11.0,D
1,719.5032410227145,-109.1192,-19.9914,11.0,T
1,719.9754462511669,-73.1192,41.0086,11.0,D
1,725.1004462511669,-73.1192,82.0086,11.0,D
1,725.2772229464636,-72.1192,83.0086,11.0,D
1,725.4022229464636,-72.1192,84.0086,11.0,D
1,725.5789996417602,-71.1192,85.0086,11.0,D
1,725.7039996417602,-70.1192,85.0086,11.0,D
1,726.0575530323534,-68.1192,87.0086,11.0,D
1,726.1825530323534,-67.1192,87.0086,11.0,D
1,726.3593297276501,-66.1192,88.0086,11.0,D
1,726.4843297276501,-65.1192,88.0086,11.0,D
1,726.8378831182433,-63.119200000000006,90.0086,11.0,D
1,726.9628831182433,-62.119200000000006,90.0086,11.0,D
1,727.13965981354,-61.119200000000006,91.0086,11.0,D
1,727.26465981354,-60.119200000000006,91.0086,11.0,D
1,727.4414365088367,-59.119200000000006,92.0086,11.0,D
1,727.5664365088367,-58.119200000000006,92.0086,11.0,D
1,727.9199898994299,-56.119200000000006,94.0086,11.0,D
1,728.0449898994299,-55.119200000000006,94.0086,11.0,D
1,728.2217665947265,-54.119200000000006,95.0086,11.0,D
1,728.3467665947265,-53.119200000000006,95.0086,11.0,D
1,728.5235432900232,-52.119200000000006,96.0086,11.0,D
1,728.6485432900232,-51.119200000000006,96.0086,11.0,D
1,729.0020966806164,-49.119200000000006,98.0086,11.0,D
1,729.1270966806164,-48.119200000000006,98.0086,11.0,D
1,729.3038733759131,-47.119200000000006,99.0086,11.0,D
1,729.4288733759131,-46.119200000000006,99.0086,11.0,D
1,729.6056500712098,-45.119200000000006,100.0086,11.0,D
1,729.7306500712098,-44.119200000000006,100.0086,11.0,D
1,730.084203461803,-42.119200000000006,102.0086,11.0,D
1,730.209203461803,-41.119200000000006,102.0086,11.0,D
1,730.3859801570997,-40.119200000000006,103.0086,11.0,D
1,730.6359801570997,-38.119200000000006,103.0086,11.0,D
1,730.8127568523963,-37.119200000000006,104.0086,11.0,D
1,731.0627568523963,-35.119200000000006,104.0086,11.0,D
1,731.239533547693,-34.119200000000006,103.0086,11.0,D
1,731.364533547693,-33.119200000000006,103.0086,11.0,D
1,731.5413102429897,-32.119200000000006,102.0086,11.0,D
1,731.6663102429897,-31.119200000000006,102.0086,11.0,D
1,731.8430869382863,-30.119200000000006,101.0086,11.0,D
1,731.9680869382863,-29.119200000000006,101.0086,11.0,D
1,732.144863633583,-28.119200000000006,100.0086,11.0,D
1,732.269863633583,-27.119200000000006,100.0086,11.0,D
1,732.6234170241762,-25.119200000000006,98.0086,11.0,D
1,732.7484170241762,-24.119200000000006,98.0086,11.0,D
1,732.9251937194729,-23.119200000000006,97.0086,11.0,D
1,733.0501937194729,-22.119200000000006,97.0086,11.0,D
1,733.2269704147695,-21.119200000000006,96.0086,11.0,D
1,733.3519704147695,-20.119200000000006,96.0086,11.0,D
1,733.7055238053628,-18.119200000000006,94.0086,11.0,D
1,733.8305238053628,-17.119200000000006,94.0086,11.0,D
1,734.0073005006594,-16.119200000000006,93.0086,11.0,D
1,734.1323005006594,-15.119200000000006,93.0086,11.0,D
1,734.3090771959561,-14.119200000000006,92.0086,11.0,D
1,734.4340771959561,-13.119200000000006,92.0086,11.0,D
1,734.7876305865493,-11.119200000000006,90.0086,11.0,D
1,734.9126305865493,-10.119200000000006,90.0086,11.0,D
1,735.089407281846,-9.119200000000006,89.0086,11.0,D
1,735.214407281846,-8.119200000000006,89.0086,11.0,D
1,735.5679606724392,-6.119200000000006,87.0086,11.0,D
1,735.6929606724392,-5.119200000000006,87.0086,11.0,D
1,735.8697373677359,-4.119200000000006,86.0086,11.0,D
1,736.2447373677359,-1.1192000000000064,86.0086,11.0,D
1,736.4215140630325,-0.11920000000000641,85.0086,11.0,D
1,741.9215140630325,-0.11920000000000641,41.0086,11.0,D
1,742.0465140630325,-1.1192000000000064,41.0086,11.0,D
1,742.2232907583292,-2.1192000000000064,40.0086,11.0,D
1,742.4732907583292,-4.119200000000006,40.0086,11.0,D
1,742.8268441489224,-6.119200000000006,38.0086,11.0,D
1,742.9518441489224,-7.119200000000006,38.0086,11.0,D
1,743.1286208442191,-8.119200000000006,37.0086,11.0,D
1,743.2536208442191,-9.119200000000006,37.0086,11.0,D
1,743.4303975395158,-10.119200000000006,36.0086,11.0,D
1,743.5553975395158,-11.119200000000006,36.0086,11.0,D
1,743.908950930109,-13.119200000000006,34.0086,11.0,D
1,744.033950930109,-14.119200000000006,34.0086,11.0,D
1,744.2107276254056,-15.119200000000006,33.0086,11.0,D
1,744.3357276254056,-16.119200000000006,33.0086,11.0,D
1,744.6892810159989,-18.119200000000006,31.0086,11.0,D
1,744.8142810159989,-19.119200000000006,31.0086,11.0,D
1,744.9910577112955,-20.119200000000006,30.0086,11.0,D
1,745.1160577112955,-21.119200000000006,30.0086,11.0,D
1,745.2928344065922,-22.119200000000006,29.0086,11.0,D
1,745.4178344065922,-23.119200000000006,29.0086,11.0,D
1,745.7713877971854,-25.119200000000006,27.0086,11.0,D
1,745.8963877971854,-26.119200000000006,27.0086,11.0,D
1,746.0731644924821,-27.119200000000006,26.0086,11.0,D
1,746.1981644924821,-28.119200000000006,26.0086,11.0,D
1,746.3749411877787,-29.119200000000006,25.0086,11.0,D
1,746.4999411877787,-30.119200000000006,25.0086,11.0,D
1,746.853494578372,-32.119200000000006,23.0086,11.0,D
1,747.228494578372,-35.119200000000006,23.0086,11.0,D
1,747.4052712736686,-36.119200000000006,22.0086,11.0,D
1,747.5302712736686,-37.119200000000006,22.0086,11.0,T
1,747.8075597315765,-0.11920000000000641,41.0086,11.0,D
1,747.9325597315765,0.8807999999999936,41.0086,11.0,D
1,748.1093364268731,1.8807999999999936,40.0086,11.0,D
1,748.3593364268731,3.8807999999999936,40.0086,11.0,D
1,748.5361131221698,4.880799999999994,39.0086,11.0,D
1,748.6611131221698,5.880799999999994,39.0086,11.0,D
1,749.014666512763,7.880799999999994,37.0086,11.0,D
1,749.139666512763,8.880799999999994,37.0086,11.0,D
1,749.3164432080597,9.880799999999994,36.0086,11.0,D
1,749.4414432080597,10.880799999999994,36.0086,11.0,D
1,749.6182199033564,11.880799999999994,35.0086,11.0,D
1,749.7432199033564,12.880799999999994,35.0086,11.0,D
1,750.0967732939496,14.880799999999994,33.0086,11.0,D
1,750.2217732939496,15.880799999999994,33.0086,11.0,D
1,750.3985499892462,16.880799999999994,32.0086,11.0,D
1,750.5235499892462,17.880799999999994,32.0086,11.0,D
1,750.8771033798395,19.880799999999994,30.0086,11.0,D
1,751.0021033798395,20.880799999999994,30.0086,11.0,D
1,751.1788800751361,21.880799999999994,29.0086,11.0,D
1,751.3038800751361,22.880799999999994,29.0086,11.0,D
1,751.4806567704328,23.880799999999994,28.0086,11.0,D
1,751.6056567704328,24.880799999999994,28.0086,11.0,D
1,751.959210161026,26.880799999999994,26.0086,11.0,D
1,752.084210161026,27.880799999999994,26.0086,11.0,D
1,752.2609868563227,28.880799999999994,25.0086,11.0,D
1,752.3859868563227,29.880799999999994,25.0086,11.0,D
1,752.5627635516194,30.880799999999994,24.0086,11.0,D
1,752.6877635516194,31.880799999999994,24.0086,11.0,D
1,753.0413169422126,33.880799999999994,22.0086,11.0,D
1,753.2913169422126,35.880799999999994,22.0086,11.0,D
1,758.7913169422126,35.880799999999994,-21.9914,11.0,D
1,758.9163169422126,34.880799999999994,-21.9914,11.0,D
1,759.0930936375092,33.880799999999994,-22.9914,11.0,D
1,759.2180936375092,32.880799999999994,-22.9914,11.0,D
1,759.3948703328059,31.880799999999994,-23.9914,11.0,D
1,759.5198703328059,30.880799999999994,-23.9914,11.0,D
1,759.6966470281026,29.880799999999994,-24.9914,11.0,D
1,759.8216470281026,28.880799999999994,-24.9914,11.0,D
1,760.1752004186958,26.880799999999994,-26.9914,11.0,D
1,760.3002004186958,25.880799999999994,-26.9914,11.0,D
1,760.4769771139925,24.880799999999994,-27.9914,11.0,D
1,760.6019771139925,23.880799999999994,-27.9914,11.0,D
1,760.7787538092891,22.880799999999994,-28.9914,11.0,D
1,760.9037538092891,21.880799999999994,-28.9914,11.0,D
1,761.2573071998823,19.880799999999994,-30.9914,11.0,D
1,761.3823071998823,18.880799999999994,-30.9914,11.0,D
1,761.559083895179,17.880799999999994,-31.9914,11.0,D
1,761.684083895179,16.880799999999994,-31.9914,11.0,D
1,761.8608605904757,15.880799999999994,-32.9914,11.0,D
1,761.9858605904757,14.880799999999994,-32.9914,11.0,D
1,762.3394139810689,12.880799999999994,-34.9914,11.0,D
1,762.4644139810689,11.880799999999994,-34.9914,11.0,D
1,762.6411906763656,10.880799999999994,-35.9914,11.0,D
1,762.7661906763656,9.880799999999994,-35.9914,11.0,D
1,762.9429673716622,8.880799999999994,-36.9914,11.0,D
1,763.0679673716622,7.880799999999994,-36.9914,11.0,D
1,763.4215207622555,5.880799999999994,-38.9914,11.0,D
1,763.5465207622555,4.880799999999994,-38.9914,11.0,D
1,763.7232974575521,3.8807999999999936,-39.9914,11.0,D
1,764.0982974575521,0.8807999999999936,-39.9914,11.0,D
1,764.2750741528488,-0.11920000000000641,-40.9914,11.0,T
1,764.5464492520094,35.880799999999994,-21.9914,11.0,D
1,764.7964492520094,37.880799999999994,-21.9914,11.0,D
1,764.9732259473061,38.880799999999994,-22.9914,11.0,D
1,765.0982259473061,39.880799999999994,-22.9914,11.0,D
1,765.2750026426028,40.880799999999994,-23.9914,11.0,D
1,765.4000026426028,41.880799999999994,-23.9914,11.0,D
1,765.5767793378994,42.880799999999994,-24.9914,11.0,D
1,765.7017793378994,43.880799999999994,-24.9914,11.0,D
1,766.0553327284927,45.880799999999994,-26.9914,11.0,D
1,766.1803327284927,46.880799999999994,-26.9914,11.0,D
1,766.3571094237893,47.880799999999994,-27.9914,11.0,D
1,766.4821094237893,48.880799999999994,-27.9914,11.0,D
1,766.658886119086,49.880799999999994,-28.9914,11.0,D
1,766.783886119086,50.880799999999994,-28.9914,11.0,D
1,767.1374395096792,52.880799999999994,-30.9914,11.0,D
1,767.2624395096792,53.880799999999994,-30.9914,11.0,D
1,767.4392162049759,54.880799999999994,-31.9914,11.0,D
1,767.5642162049759,55.880799999999994,-31.9914,11.0,D
1,767.7409929002725,56.880799999999994,-32.9914,11.0,D
1,767.8659929002725,57.880799999999994,-32.9914,11.0,D
1,768.2195462908658,59.880799999999994,-34.9914,11.0,D
1,768.3445462908658,60.880799999999994,-34.9914,11.0,D
1,768.5213229861624,61.880799999999994,-35.9914,11.0,D
1,768.6463229861624,62.880799999999994,-35.9914,11.0,D
1,768.9998763767557,64.8808,-37.9914,11.0,D
1,769.1248763767557,65.8808,-37.9914,11.0,D
1,769.3016530720523,66.8808,-38.9914,11.0,D
1,769.4266530720523,67.8808,-38.9914,11.0,D
1,769.603429767349,68.8808,-39.9914,11.0,D
1,769.853429767349,70.8808,-39.9914,11.0,D
1,770.0302064626457,71.8808,-40.9914,11.0,D
1,775.4052064626457,71.8808,-83.9914,11.0,D
1,775.7587598532389,69.8808,-85.9914,11.0,D
1,775.8837598532389,68.8808,-85.9914,11.0,D
1,776.0605365485355,67.8808,-86.9914,11.0,D
1,776.1855365485355,66.8808,-86.9914,11.0,D
1,776.5390899391288,64.8808,-88.9914,11.0,D
1,776.6640899391288,63.880799999999994,-88.9914,11.0,D
1,776.8408666344254,62.880799999999994,-89.9914,11.0,D
1,776.9658666344254,61.880799999999994,-89.9914,11.0,D
1,777.1426433297221,60.880799999999994,-90.9914,11.0,D
1,777.2676433297221,59.880799999999994,-90.9914,11.0,D
1,777.6211967203153,57.880799999999994,-92.9914,11.0,D
1,777.7461967203153,56.880799999999994,-92.9914,11.0,D
1,777.922973415612,55.880799999999994,-93.9914,11.0,D
1,778.047973415612,54.880799999999994,-93.9914,11.0,D
1,778.4015268062052,52.880799999999994,-95.9914,11.0,D
1,778.5265268062052,51.880799999999994,-95.9914,11.0,D
1,778.7033035015019,50.880799999999994,-96.9914,11.0,D
1,778.8283035015019,49.880799999999994,-96.9914,11.0,D
1,779.0050801967985,48.880799999999994,-97.9914,11.0,D
1,779.1300801967985,47.880799999999994,-97.9914,11.0,D
1,779.4836335873918,45.880799999999994,-99.9914,11.0,D
1,779.6086335873918,44.880799999999994,-99.9914,11.0,D
1,779.7854102826884,43.880799999999994,-100.9914,11.0,D
1,779.9104102826884,42.880799999999994,-100.9914,11.0,D
1,780.0871869779851,41.880799999999994,-101.9914,11.0,D
1,780.2121869779851,40.880799999999994,-101.9914,11.0,D
1,780.5657403685783,38.880799999999994,-103.9914,11.0,D
1,781.1907403685783,33.880799999999994,-103.9914,11.0,D
1,781.5442937591715,31.880799999999994,-101.9914,11.0,D
1,781.6692937591715,30.880799999999994,-101.9914,11.0,D
1,781.8460704544682,29.880799999999994,-100.9914,11.0,D
1,781.9710704544682,28.880799999999994,-100.9914,11.0,D
1,782.1478471497649,27.880799999999994,-99.9914,11.0,D
1,782.2728471497649,26.880799999999994,-99.9914,11.0,D
1,782.6264005403581,24.880799999999994,-97.9914,11.0,D
1,782.7514005403581,23.880799999999994,-97.9914,11.0,D
1,782.9281772356547,22.880799999999994,-96.9914,11.0,D
1,783.0531772356547,21.880799999999994,-96.9914,11.0,D
1,783.2299539309514,20.880799999999994,-95.9914,11.0,D
1,783.3549539309514,19.880799999999994,-95.9914,11.0,D
1,783.7085073215446,17.880799999999994,-93.9914,11.0,D
1,783.8335073215446,16.880799999999994,-93.9914,11.0,D
1,784.0102840168413,15.880799999999994,-92.9914,11.0,D
1,784.1352840168413,14.880799999999994,-92.9914,11.0,D
1,784.4888374074345,12.880799999999994,-90.9914,11.0,D
1,784.6138374074345,11.880799999999994,-90.9914,11.0,D
1,784.7906141027312,10.880799999999994,-89.9914,11.0,D
1,784.9156141027312,9.880799999999994,-89.9914,11.0,D
1,785.0923907980278,8.880799999999994,-88.9914,11.0,D
1,785.2173907980278,7.880799999999994,-88.9914,11.0,D
1,785.5709441886211,5.880799999999994,-86.9914,11.0,D
1,785.6959441886211,4.880799999999994,-86.9914,11.0,D
1,785.8727208839177,3.8807999999999936,-85.9914,11.0,D
1,786.1227208839177,1.8807999999999936,-85.9914,11.0,D
1,786.2994975792144,0.8807999999999936,-84.9914,11.0,D
1,786.4244975792144,-0.11920000000000641,-84.9914,11.0,T
1,786.9870315288072,71.8808,-40.9914,11.0,D
1,787.1120315288072,72.8808,-40.9914,11.0,D
1,787.2888082241038,73.8808,-39.9914,11.0,D
1,787.6638082241038,76.8808,-39.9914,11.0,D
1,787.8405849194005,77.8808,-38.9914,11.0,D
1,787.9655849194005,78.8808,-38.9914,11.0,D
1,788.3191383099937,80.8808,-36.9914,11.0,D
1,788.4441383099937,81.8808,-36.9914,11.0,D
1,788.6209150052904,82.8808,-35.9914,11.0,D
1,788.7459150052904,83.8808,-35.9914,11.0,D
1,789.0994683958836,85.8808,-33.9914,11.0,D
1,789.2244683958836,86.8808,-33.9914,11.0,D
1,789.4012450911803,87.8808,-32.9914,11.0,D
1,789.5262450911803,88.8808,-32.9914,11.0,D
1,789.7030217864769,89.8808,-31.9914,11.0,D
1,789.8280217864769,90.8808,-31.9914,11.0,D
1,790.1815751770702,92.8808,-29.9914,11.0,D
1,790.3065751770702,93.8808,-29.9914,11.0,D
1,790.4833518723668,94.8808,-28.9914,11.0,D
1,790.6083518723668,95.8808,-28.9914,11.0,D
1,790.7851285676635,96.8808,-27.9914,11.0,D
1,790.9101285676635,97.8808,-27.9914,11.0,T
1,791.2767952343302,97.8808,27.0086,11.0,D
1,791.6303486249234,95.8808,29.0086,11.0,D
1,791.7553486249234,94.8808,29.0086,11.0,D
1,791.93212532022,93.8808,30.0086,11.0,D
1,792.05712532022,92.8808,30.0086,11.0,D
1,792.2339020155167,91.8808,31.0086,11.0,D
1,792.3589020155167,90.8808,31.0086,11.0,D
1,792.7124554061099,88.8808,33.0086,11.0,D
1,792.8374554061099,87.8808,33.0086,11.0,D
1,793.0142321014066,86.8808,34.0086,11.0,D
1,793.1392321014066,85.8808,34.0086,11.0,D
1,793.4927854919998,83.8808,36.0086,11.0,D
1,793.6177854919998,82.8808,36.0086,11.0,D
1,793.7945621872965,81.8808,37.0086,11.0,D
1,793.9195621872965,80.8808,37.0086,11.0,D
1,794.0963388825932,79.8808,38.0086,11.0,D
1,794.2213388825932,78.8808,38.0086,11.0,D
1,794.5748922731864,76.8808,40.0086,11.0,D
1,794.8248922731864,74.8808,40.0086,11.0,D
1,795.001668968483,73.8808,41.0086,11.0,D
1,795.251668968483,71.8808,41.0086,11.0,D
1,800.501668968483,71.8808,83.0086,11.0,D
1,800.6784456637797,70.8808,84.0086,11.0,D
1,800.8034456637797,70.8808,85.0086,11.0,D
1,800.9802223590764,69.8808,86.0086,11.0,D
1,801.1052223590764,68.8808,86.0086,11.0,D
1,801.281999054373,67.8808,87.0086,11.0,D
1,801.406999054373,66.8808,87.0086,11.0,D
1,801.5837757496697,65.8808,88.0086,11.0,D
1,801.7087757496697,64.8808,88.0086,11.0,D
1,802.0623291402629,62.880799999999994,90.0086,11.0,D
1,802.1873291402629,61.880799999999994,90.0086,11.0,D
1,802.3641058355596,60.880799999999994,91.0086,11.0,D
1,802.4891058355596,59.880799999999994,91.0086,11.0,D
1,802.8426592261528,57.880799999999994,93.0086,11.0,D
1,802.9676592261528,56.880799999999994,93.0086,11.0,D
1,803.1444359214495,55.880799999999994,94.0086,11.0,D
1,803.2694359214495,54.880799999999994,94.0086,11.0,D
1,803.4462126167462,53.880799999999994,95.0086,11.0,D
1,803.5712126167462,52.880799999999994,95.0086,11.0,D
1,803.9247660073394,50.880799999999994,97.0086,11.0,D
1,804.0497660073394,49.880799999999994,97.0086,11.0,D
1,804.226542702636,48.880799999999994,98.0086,11.0,D
1,804.351542702636,47.880799999999994,98.0086,11.0,D
1,804.5283193979327,46.880799999999994,99.0086,11.0,D
1,804.6533193979327,45.880799999999994,99.0086,11.0,D
1,805.0068727885259,43.880799999999994,101.0086,11.0,D
1,805.1318727885259,42.880799999999994,101.0086,11.0,D
1,805.3086494838226,41.880799999999994,102.0086,11.0,D
1,805.4336494838226,40.880799999999994,102.0086,11.0,D
1,805.6104261791193,39.880799999999994,103.0086,11.0,D
1,805.7354261791193,38.880799999999994,103.0086,11.0,D
1,805.9122028744159,37.880799999999994,104.0086,11.0,D
1,806.2872028744159,34.880799999999994,104.0086,11.0,D
1,806.4639795697126,33.880799999999994,103.0086,11.0,D
1,806.5889795697126,32.880799999999994,103.0086,11.0,D
1,806.7657562650093,31.880799999999994,102.0086,11.0,D
1,806.8907562650093,30.880799999999994,102.0086,11.0,D
1,807.0675329603059,29.880799999999994,101.0086,11.0,D
1,807.1925329603059,28.880799999999994,101.0086,11.0,D
1,807.5460863508991,26.880799999999994,99.0086,11.0,D
1,807.6710863508991,25.880799999999994,99.0086,11.0,D
1,807.8478630461958,24.880799999999994,98.0086,11.0,D
1,807.9728630461958,23.880799999999994,98.0086,11.0,D
1,808.1496397414925,22.880799999999994,97.0086,11.0,D
1,808.2746397414925,21.880799999999994,97.0086,11.0,D
1,808.6281931320857,19.880799999999994,95.0086,11.0,D
1,808.7531931320857,18.880799999999994,95.0086,11.0,D
1,808.9299698273824,17.880799999999994,94.0086,11.0,D
1,809.0549698273824,16.880799999999994,94.0086,11.0,D
1,809.231746522679,15.880799999999994,93.0086,11.0,D
1,809.356746522679,14.880799999999994,93.0086,11.0,D
1,809.7102999132723,12.880799999999994,91.0086,11.0,D
1,809.8352999132723,11.880799999999994,91.0086,11.0,D
1,810.0120766085689,10.880799999999994,90.0086,11.0,D
1,810.1370766085689,9.880799999999994,90.0086,11.0,D
1,810.3138533038656,8.880799999999994,89.0086,11.0,D
1,810.4388533038656,7.880799999999994,89.0086,11.0,D
1,810.7924066944588,5.880799999999994,87.0086,11.0,D
1,810.9174066944588,4.880799999999994,87.0086,11.0,D
1,811.0941833897555,3.8807999999999936,86.0086,11.0,D
1,811.4691833897555,0.8807999999999936,86.0086,11.0,D
1,811.6459600850521,-0.11920000000000641,85.0086,11.0,T
1,812.12969554995,35.880799999999994,22.0086,11.0,D
1,812.50469554995,38.880799999999994,22.0086,11.0,D
1,812.8582489405433,40.880799999999994,24.0086,11.0,D
1,812.9832489405433,41.880799999999994,24.0086,11.0,D
1,813.1600256358399,42.880799999999994,25.0086,11.0,D
1,813.2850256358399,43.880799999999994,25.0086,11.0,D
1,813.4618023311366,44.880799999999994,26.0086,11.0,D
1,813.5868023311366,45.880799999999994,26.0086,11.0,D
1,813.9403557217298,47.880799999999994,28.0086,11.0,D
1,814.0653557217298,48.880799999999994,28.0086,11.0,D
1,814.2421324170265,49.880799999999994,29.0086,11.0,D
1,814.3671324170265,50.880799999999994,29.0086,11.0,D
1,814.5439091123231,51.880799999999994,30.0086,11.0,D
1,814.6689091123231,52.880799999999994,30.0086,11.0,D
1,815.0224625029164,54.880799999999994,32.0086,11.0,D
1,815.1474625029164,55.880799999999994,32.0086,11.0,D
1,815.324239198213,56.880799999999994,33.0086,11.0,D
1,815.449239198213,57.880799999999994,33.0086,11.0,D
1,815.8027925888063,59.880799999999994,35.0086,11.0,D
1,815.9277925888063,60.880799999999994,35.0086,11.0,D
1,816.1045692841029,61.880799999999994,36.0086,11.0,D
1,816.2295692841029,62.880799999999994,36.0086,11.0,D
1,816.4063459793996,63.880799999999994,37.0086,11.0,D
1,816.5313459793996,64.8808,37.0086,11.0,D
1,816.8848993699928,66.8808,39.0086,11.0,D
1,817.0098993699928,67.8808,39.0086,11.0,D
1,817.1866760652895,68.8808,40.0086,11.0,D
1,817.4366760652895,70.8808,40.0086,11.0,D
1,817.6134527605861,71.8808,41.0086,11.0,T
1,827.3402340134699,-1000.0,0.0,1000.0,W
2,0.0,500.0,866.025404,1000.0,W
2,60.09845611572523,500.0,866.025404,1000.0,T
2,69.19866363614128,105.0431,23.8152,1.0,D
2,69.39867613614129,103.443,23.8152,1.0,T
2,69.44066530109819,108.4659,20.0152,1.0,D
2,69.57232780109818,109.5192,20.0152,1.0,T
2,69.59766113443152,109.5192,16.2152,1.0,D
2,69.69766113443151,108.7192,16.2152,1.0,T
2,69.72299446776485,108.7192,12.4152,1.0,D
2,69.82299446776484,109.5192,12.4152,1.0,T
2,69.84832780109818,109.5192,8.6152,1.0,D
2,69.94832780109817,108.7192,8.6152,1.0,T
2,69.97366113443151,108.7192,4.8152,1.0,D
2,70.0736611344315,109.5192,4.8152,1.0,T
2,70.09899446776484,109.5192,1.0152,1.0,D
2,70.19899446776483,108.7192,1.0152,1.0,T
2,70.22432780109817,108.7192,-2.7848,1.0,D
2,70.32432780109816,109.5192,-2.7848,1.0,T
2,70.3496611344315,109.5192,-6.5848,1.0,D
2,70.4496611344315,108.7192,-6.5848,1.0,T
2,70.47499446776483,108.7192,-10.3848,1.0,D
2,70.57499446776482,109.5192,-10.3848,1.0,T
2,70.60032780109816,109.5192,-14.1848,1.0,D
2,70.70032780109815,108.7192,-14.1848,1.0,T
2,70.72566113443149,108.7192,-17.9848,1.0,D
2,70.82566113443148,109.5192,-17.9848,1.0,T
2,70.85178907999855,108.56,-21.7848,1.0,D
2,71.05231407999855,106.9558,-21.7848,1.0,T
2,71.09406333004638,101.9781,-25.5848,1.0,D
2,71.29406333004637,100.3781,-25.5848,1.0,T
2,80.6099217776054,500.0,866.025404,1000.0,W
2,257.8660818416304,500.0,866.025404,1000.0,T
2,266.9554035618396,98.8808,27.0086,3.0,D
2,267.13218025713627,99.8808,26.0086,3.0,D
2,267.25718025713627,100.8808,26.0086,3.0,D
2,267.4339569524329,101.8808,25.0086,3.0,D
2,267.5589569524329,102.8808,25.0086,3.0,D
2,267.91251034302616,104.8808,23.0086,3.0,D
2,268.03751034302616,105.8808,23.0086,3.0,D
2,268.56784042891604,108.8808,20.0086,3.0,D
2,273.56784042891604,108.8808,-19.9914,3.0,D
2,274.09817051480593,105.8808,-22.9914,3.0,D
2,274.22317051480593,104.8808,-22.9914,3.0,D
2,274.5767239053992,102.8808,-24.9914,3.0,D
2,274.7017239053992,101.8808,-24.9914,3.0,D
2,274.8785006006958,100.8808,-25.9914,3.0,D
2,275.0035006006958,99.8808,-25.9914,3.0,D
2,275.3570539912891,97.8808,-27.9914,3.0,T
2,275.72372065795577,97.8808,27.0086,3.0,D
2,275.84872065795577,98.8808,27.0086,3.0,T
2,284.938042378165,500.0,866.025404,1000.0,W
2,344.9980229454944,500.0,866.025404,1000.0,T
2,354.0787324175027,105.0432,23.8152,5.0,D
2,354.2787449175027,103.4431,23.8152,5.0,T
2,354.3207335508006,108.4659,20.0152,5.0,D
2,354.4523960508006,109.5192,20.0152,5.0,T
2,354.4777293841339,109.5192,16.2152,5.0,D
2,354.57772938413393,108.7192,16.2152,5.0,T
2,354.60306271746725,108.7192,12.4152,5.0,D
2,354.7030627174673,109.5192,12.4152,5.0,T
2,354.7283960508006,109.5192,8.6152,5.0,D
2,354.8283960508006,108.7192,8.6152,5.0,T
2,354.85372938413394,108.7192,4.8152,5.0,D
2,354.95372938413396,109.5192,4.8152,5.0,T
2,354.9790627174673,109.5192,1.0152,5.0,D
2,355.0790627174673,108.7192,1.0152,5.0,T
2,355.10439605080063,108.7192,-2.7848,5.0,D
2,355.20439605080065,109.5192,-2.7848,5.0,T
2,355.229729384134,109.5192,-6.5848,5.0,D
2,355.329729384134,108.7192,-6.5848,5.0,T
2,355.3550627174673,108.7192,-10.3848,5.0,D
2,355.45506271746734,109.5192,-10.3848,5.0,T
2,355.48039605080066,109.5192,-14.1848,5.0,D
2,355.5803960508007,108.7192,-14.1848,5.0,T
2,355.605729384134,108.7192,-17.9848,5.0,D
2,355.70572938413403,109.5192,-17.9848,5.0,T
2,355.731857492872,108.5599,-21.7848,5.0,D
2,355.932369992872,106.9558,-21.7848,5.0,T
2,355.9741192429198,101.9781,-25.5848,5.0,D
2,356.1741192429198,100.3781,-25.5848,5.0,T
2,365.47093212293777,500.0,866.025404,1000.0,W
2,542.6890923368203,500.0,866.025404,1000.0,T
2,551.7589320021997,98.8808,27.0086,7.0,D
2,551.9357086974964,99.8808,26.0086,7.0,D
2,552.0607086974964,100.8808,26.0086,7.0,D
2,552.237485392793,101.8808,25.0086,7.0,D
2,552.362485392793,102.8808,25.0086,7.0,D
2,552.7160387833862,104.8808,23.0086,7.0,D
2,552.8410387833862,105.8808,23.0086,7.0,D
2,553.3713688692761,108.8808,20.0086,7.0,D
2,558.3713688692761,108.8808,-19.9914,7.0,D
2,558.901698955166,105.8808,-22.9914,7.0,D
2,559.026698955166,104.8808,-22.9914,7.0,D
2,559.3802523457592,102.8808,-24.9914,7.0,D
2,559.5052523457592,101.8808,-24.9914,7.0,D
2,559.6820290410559,100.8808,-25.9914,7.0,D
2,559.8070290410559,99.8808,-25.9914,7.0,D
2,560.1605824316491,97.8808,-27.9914,7.0,T
2,560.5272490983158,97.8808,27.0086,7.0,D
2,560.6522490983158,98.8808,27.0086,7.0,T
2,569.7220887636952,500.0,866.025404,1000.0,W
2,629.7285996440985,500.0,866.025404,1000.0,T
2,638.789847977473,105.0431,23.8152,9.0,D
2,638.989847977473,103.4431,23.8152,9.0,T
2,639.0318366107708,108.4659,20.0152,9.0,D
2,639.1631116107709,109.5161,20.0152,9.0,T
2,639.1884449442446,109.5165,16.2152,9.0,D
2,639.2881074442446,108.7192,16.2152,9.0,T
2,639.313440777578,108.7192,12.4152,9.0,D
2,639.413153277578,109.5169,12.4152,9.0,T
2,639.4384866110516,109.5173,8.6152,9.0,D
2,639.5382491110516,108.7192,8.6152,9.0,T
2,639.563582444385,108.7192,4.8152,9.0,D
2,639.663382444385,109.5176,4.8152,9.0,T
2,639.6887157778586,109.518,1.0152,9.0,D
2,639.7885657778587,108.7192,1.0152,9.0,T
2,639.8138991111921,108.7192,-2.7848,9.0,D
2,639.913799111192,109.5184,-2.7848,9.0,T
2,639.9391324446657,109.5188,-6.5848,9.0,D
2,640.0390824446657,108.7192,-6.5848,9.0,T
2,640.0644157779991,108.7192,-10.3848,9.0,D
2,640.164415777999,109.5192,-10.3848,9.0,T
2,640.1897491113324,109.5192,-14.1848,9.0,D
2,640.2897491113323,108.7192,-14.1848,9.0,T
2,640.3150824446657,108.7192,-17.9848,9.0,D
2,640.4150824446656,109.5192,-17.9848,9.0,T
2,640.4412205370554,108.5538,-21.7848,9.0,D
2,640.6409705370554,106.9558,-21.7848,9.0,T
2,640.6827436367674,101.9736,-25.5848,9.0,D
2,640.8821936367675,100.378,-25.5848,9.0,T
2,650.1599986903132,500.0,866.025404,1000.0,W
2,827.3402340134699,500.0,866.025404,1000.0,T
2,836.3906282590336,98.8808,27.0086,11.0,D
2,836.5674049543303,99.8808,26.0086,11.0,D
2,836.6924049543303,100.8808,26.0086,11.0,D
2,836.869181649627,101.8808,25.0086,11.0,D
2,836.994181649627,102.8808,25.0086,11.0,D
2,837.3477350402202,104.8808,23.0086,11.0,D
2,837.4727350402202,105.8808,23.0086,11.0,D
2,838.0030651261101,108.8808,20.0086,11.0,D
2,843.0030651261101,108.8808,-19.9914,11.0,D
2,843.533395212,105.8808,-22.9914,11.0,D
2,843.658395212,104.8808,-22.9914,11.0,D
2,844.0119486025932,102.8808,-24.9914,11.0,D
2,844.1369486025932,101.8808,-24.9914,11.0,D
2,844.3137252978898,100.8808,-25.9914,11.0,D
2,844.4387252978898,99.8808,-25.9914,11.0,D
2,844.7922786884831,97.8808,-27.9914,11.0,T
2,845.1589453551497,97.8808,27.0086,11.0,D
2,845.2839453551497,98.8808,27.0086,11.0,T
2,854.3343396007135,500.0,866.025404,1000.0,W
3,0.0,500.0,-866.025404,1000.0,W
3,854.3343396007135,500.0,-866.025404,1000.0,W
