robot_id,time_s,x_mm,y_mm,z_mm,mode
1,0.0,-1000.0,0.0,1000.0,T
1,8.429446359761897,-224.9204,-0.9204,1.0,D
1,23.545396359761895,-103.9928,-0.9204,1.0,T
1,23.59875451432352,-103.7487,7.0796,1.0,D
1,38.69406701432352,-224.5112,7.0796,1.0,T
1,38.74827669711585,-223.055,15.0796,1.0,D
1,53.770739197115844,-102.8753,15.0796,1.0,T
1,53.82500907156649,-101.3695,23.0796,1.0,D
1,68.69103407156649,-220.2977,23.0796,1.0,T
1,68.75064467315902,-216.3037,31.0796,1.0,D
1,83.38815717315902,-99.2036,31.0796,1.0,T
1,83.44481847722292,-96.3337,39.0796,1.0,D
1,97.70668097722292,-210.4286,39.0796,1.0,T
1,97.78382094467314,-202.0687,47.0796,1.0,D
1,111.45522094467314,-92.6975,47.0796,1.0,T
1,111.51638048031923,-88.2074,55.0796,1.0,D
1,124.11544298031923,-188.9999,55.0796,1.0,T
1,124.17369595744869,-185.4854,63.0796,1.0,D
1,137.02863345744868,-82.6459,63.0796,1.0,T
1,137.0987647398046,-75.8148,71.0796,1.0,D
1,150.44460223980462,-182.5815,71.0796,1.0,T
1,150.50221490760916,-179.3131,79.0796,1.0,D
1,164.48591490760916,-67.4435,79.0796,1.0,T
1,164.5750313374424,-56.7342,87.0796,1.0,D
1,179.4266688374424,-175.5473,87.0796,1.0,T
1,179.48702607964432,-171.3085,95.0796,1.0,D
1,195.65346357964432,-41.977,95.0796,1.0,T
1,195.85133920527372,-13.3941,103.0796,1.0,D
1,215.00305170527372,-166.6078,103.0796,1.0,T
1,215.71334739031045,-88.0731,175.0796,1.0,D
1,237.73162239031043,88.0731,175.0796,1.0,T
1,237.86435595307768,69.841,183.0796,1.0,D
1,255.32461845307768,-69.8411,183.0796,1.0,T
1,255.44313599998483,-53.9652,191.0796,1.0,D
1,268.93452349998483,53.9659,191.0796,1.0,T
1,268.99618834644446,49.3229,199.0796,1.0,D
1,281.32675084644444,-49.3216,199.0796,1.0,T
1,281.39615025618895,-42.6608,207.0796,1.0,D
1,292.06158775618894,42.6627,207.0796,1.0,T
1,292.14562858165425,32.9203,215.0796,1.0,D
1,300.3754660816542,-32.9184,215.0796,1.0,T
1,300.5062641266889,-15.0038,223.0796,1.0,D
1,304.2574141266889,15.0054,223.0796,1.0,T
1,305.9944672906474,-103.5967,-8.9204,1.0,D
1,321.0857422906474,-224.3269,-8.9204,1.0,T
1,321.14046781345183,-222.4871,-16.9204,1.0,D
1,336.12883031345183,-102.5802,-16.9204,1.0,T
1,336.18329173580645,-100.9261,-24.9204,1.0,D
1,351.00770423580644,-219.5214,-24.9204,1.0,T
1,351.06871426223563,-215.0773,-32.9204,1.0,D
1,365.62803926223563,-98.6027,-32.9204,1.0,T
1,365.6850939401196,-95.5625,-40.9204,1.0,D
1,379.8478064401196,-208.8642,-40.9204,1.0,T
1,379.9289001401736,-199.701,-48.9204,1.0,D
1,393.42430014017356,-91.7378,-48.9204,1.0,T
1,393.4861707929331,-87.0336,-56.9204,1.0,D
1,406.05293329293306,-187.5677,-56.9204,1.0,T
1,406.1092269218759,-184.8655,-64.9204,1.0,D
1,419.06747692187594,-81.1995,-64.9204,1.0,T
1,419.13904879976724,-74.0401,-72.9204,1.0,D
1,432.61417379976723,-181.8411,-72.9204,1.0,T
1,432.67210963793707,-178.4466,-80.9204,1.0,D
1,446.82178463793707,-65.2492,-80.9204,1.0,T
1,446.9150253950816,-53.777,-88.9204,1.0,D
1,462.0246003950816,-174.6536,-88.9204,1.0,T
1,462.08529170401096,-170.3088,-96.9204,1.0,D
1,478.68701670401094,-37.495,-96.9204,1.0,T
1,479.30119123589327,-64.7573,-184.9204,1.0,D
1,495.49051623589327,64.7573,-184.9204,1.0,T
1,495.5851993858667,53.0223,-192.9204,1.0,D
1,508.84077438586667,-53.0223,-192.9204,1.0,T
1,508.90376495173876,-47.9948,-200.9204,1.0,D
1,520.9024649517388,47.9948,-200.9204,1.0,T
1,520.9739027234597,40.8656,-208.9204,1.0,D
1,531.1903152234597,-40.8657,-208.9204,1.0,T
1,531.2805506950783,-29.9476,-216.9204,1.0,D
1,538.7674506950783,29.9476,-216.9204,1.0,T
1,538.9549045040258,2.9916,-224.9204,1.0,D
1,539.7027920040257,-2.9915,-224.9204,1.0,T
1,540.3314677719064,-84.1626,-176.9204,1.0,D
1,561.3721177719065,84.1626,-176.9204,1.0,T
1,571.270962533179,-1000.0,0.0,1000.0,W
1,1567.075928609998,-1000.0,0.0,1000.0,T
1,1575.4948658213887,-224.9204,-2.9914,3.0,D
1,1576.2427158213889,-224.9204,2.9914,3.0,T
1,1576.4301709085655,-216.9204,29.9476,3.0,D
1,1583.9170584085657,-216.9204,-29.9475,3.0,T
1,1584.0072938801843,-208.9204,-40.8656,3.0,D
1,1594.2236938801843,-208.9204,40.8656,3.0,T
1,1594.2951316519052,-200.9204,47.9948,3.0,D
1,1606.2938316519053,-200.9204,-47.9948,3.0,T
1,1606.3568222177773,-192.9204,-53.0223,3.0,D
1,1619.6123972177775,-192.9204,53.0223,3.0,T
1,1619.707080367751,-184.9204,64.7573,3.0,D
1,1635.8964303677508,-184.9204,-64.7575,3.0,T
1,1636.036360176506,-176.9204,-84.1626,3.0,D
1,1657.076997676506,-176.9204,84.1625,3.0,T
1,1657.1914390019108,-168.9204,99.3506,3.0,D
1,1682.0290765019108,-168.9204,-99.3505,3.0,T
1,1682.1274852707727,-160.9204,-111.756,3.0,D
1,1710.0664727707726,-160.9204,111.7559,3.0,T
1,1710.1556356738708,-152.9204,122.4739,3.0,D
1,1740.7741106738708,-152.9204,-122.4739,3.0,T
1,1740.856304729736,-144.9204,-131.8551,3.0,D
1,1773.8200797297359,-144.9204,131.8551,3.0,T
1,1773.8968990462417,-136.9204,140.1483,3.0,D
1,1808.9339615462418,-136.9204,-140.1482,3.0,T
1,1809.0065545506216,-128.9204,-147.5353,3.0,D
1,1845.8903670506215,-128.9204,147.5352,3.0,T
1,1845.9595782878466,-120.9204,154.1518,3.0,D
1,1884.4975282878465,-120.9204,-154.1518,3.0,T
1,1884.563995489449,-112.9204,-160.1018,3.0,D
1,1924.589457989449,-112.9204,160.1019,3.0,T
1,1924.6536714233118,-104.9204,165.4662,3.0,D
1,1966.0202214233118,-104.9204,-165.4662,3.0,T
1,1966.0825648359585,-96.9204,-170.3088,3.0,D
1,1982.6842773359585,-96.9204,-37.4951,3.0,T
1,1982.8052187403198,-88.9204,-53.7771,3.0,D
1,1997.91479374032,-88.9204,-174.6537,3.0,T
1,1997.9738176866506,-80.9204,-178.4466,3.0,D
1,2012.1235051866506,-80.9204,-65.2491,3.0,T
1,2012.2027465005103,-72.9204,-74.0401,3.0,D
1,2025.6778715005105,-72.9204,-181.8411,3.0,T
1,2025.7348888449906,-64.9204,-184.8655,3.0,D
1,2038.6931513449906,-64.9204,-81.1994,3.0,T
1,2038.7591607347738,-56.9204,-87.0336,3.0,D
1,2051.3259232347737,-56.9204,-187.5677,3.0,T
1,2051.422811381564,-48.9204,-199.7009,3.0,D
1,2064.918211381564,-48.9204,-91.7377,3.0,T
1,2064.977327034693,-40.9204,-95.5626,3.0,D
1,2079.1400270346935,-40.9204,-208.8642,3.0,T
1,2079.20755607511,-32.9204,-215.0774,3.0,D
1,2093.76689357511,-32.9204,-98.6027,3.0,T
1,2093.822430438899,-24.9204,-100.926,3.0,D
1,2108.6468554388994,-24.9204,-219.5214,3.0,T
1,2108.703735576612,-16.9204,-222.4871,3.0,D
1,2123.692098076612,-16.9204,-102.5802,3.0,T
1,2123.7458602162233,-8.9204,-103.5967,3.0,D
1,2138.837135216223,-8.9204,-224.3269,3.0,T
1,2138.89061511577,-0.9204,-224.9204,3.0,D
1,2154.00657761577,-0.9204,-103.9927,3.0,T
1,2154.0599357500037,7.0796,-103.7487,3.0,D
1,2169.1552482500033,7.0796,-224.5112,3.0,T
1,2169.2094578134115,15.0796,-223.0551,3.0,D
1,2184.2319453134114,15.0796,-102.8752,3.0,T
1,2184.286214941242,23.0796,-101.3696,3.0,D
1,2199.1522274412423,23.0796,-220.2977,3.0,T
1,2199.2118383406223,31.0796,-216.3036,3.0,D
1,2213.849338340622,31.0796,-99.2036,3.0,T
1,2213.905999644686,39.0796,-96.3337,3.0,D
1,2228.167862144686,39.0796,-210.4286,3.0,T
1,2228.2450021121363,47.0796,-202.0687,3.0,D
1,2241.916402112136,47.0796,-92.6975,3.0,T
1,2241.977561974079,55.0796,-88.2073,3.0,D
1,2254.576636974079,55.0796,-188.9999,3.0,T
1,2254.6348899512086,63.0796,-185.4854,3.0,D
1,2267.4898149512087,63.0796,-82.646,3.0,T
1,2267.5599462335645,71.0796,-75.8149,3.0,D
1,2280.905771233565,71.0796,-182.5815,3.0,T
1,2280.9633836492367,79.0796,-179.3132,3.0,D
1,2294.9470961492366,79.0796,-67.4435,3.0,T
1,2295.0362131131683,87.0796,-56.7341,3.0,D
1,2309.8878506131687,87.0796,-175.5472,3.0,T
1,2311.4362326131686,87.0796,56.7101,3.0,D
1,2326.2908701131687,87.0796,175.5472,3.0,T
1,2326.3498171714537,79.0796,179.3131,3.0,D
1,2340.322467171454,79.0796,67.5319,3.0,T
1,2340.3992150272734,71.0796,75.8102,3.0,D
1,2353.7456150272733,71.0796,182.5814,3.0,T
1,2353.8023534978593,63.0796,185.4854,3.0,D
1,2366.6644409978594,63.0796,82.5887,3.0,T
1,2366.7293992045124,55.0796,88.1511,3.0,D
1,2379.3355242045122,55.0796,189.0001,3.0,T
1,2379.437720012578,47.0796,202.0764,3.0,D
1,2393.110757512578,47.0796,92.6921,3.0,T
1,2393.1693990409044,39.0796,96.3491,3.0,D
1,2407.4302240409042,39.0796,210.4357,3.0,T
1,2407.496389725602,31.0796,216.3096,3.0,D
1,2422.132639725602,31.0796,99.2196,3.0,T
1,2422.1878715852686,23.0796,101.3731,3.0,D
1,2437.0541215852686,23.0796,220.3031,3.0,T
1,2437.1105331873064,15.0796,223.0601,3.0,D
1,2452.135858187306,15.0796,102.8575,3.0,T
1,2452.1894896080303,7.0796,103.7045,3.0,D
1,2467.2908521080303,7.0796,224.5154,3.0,T
1,2467.3442550962945,-0.9204,224.9244,3.0,D
1,2482.4683550962945,-0.9204,103.9316,3.0,T
1,2482.5217509258277,-8.9204,103.5442,3.0,D
1,2497.619738425828,-8.9204,224.3281,3.0,T
1,2497.6744608125896,-16.9204,222.4904,3.0,D
1,2512.6687858125897,-16.9204,102.5358,3.0,T
1,2512.723239418894,-24.9204,100.8875,3.0,D
1,2527.5528519188942,-24.9204,219.5244,3.0,T
1,2527.6138629165766,-32.9204,215.08,3.0,D
1,2542.1780504165768,-32.9204,98.5665,3.0,T
1,2542.235111491229,-40.9204,95.5236,3.0,D
1,2556.402773991229,-40.9204,208.8649,3.0,T
1,2556.483867189083,-48.9204,199.7018,3.0,D
1,2569.985567189083,-48.9204,91.6882,3.0,T
1,2570.0475102795813,-56.9204,86.9626,3.0,D
1,2582.6231477795814,-56.9204,187.5677,3.0,T
1,2582.679441195186,-64.9204,184.8656,3.0,D
1,2595.636466195186,-64.9204,81.2094,3.0,T
1,2595.7078396904503,-72.9204,74.0947,3.0,D
1,2609.1761396904503,-72.9204,181.8411,3.0,T
1,2609.2340752682203,-80.9204,178.4467,3.0,D
1,2623.3900752682202,-80.9204,65.1987,3.0,T
1,2623.4827247206285,-88.9204,53.8348,3.0,D
1,2638.5850872206283,-88.9204,174.6537,3.0,T
1,2638.6457791659113,-96.9204,170.3087,3.0,D
1,2655.2460291659113,-96.9204,37.5067,3.0,T
1,2664.217511185142,-1000.0,0.0,1000.0,W
1,3130.0444114164497,-1000.0,0.0,1000.0,T
1,3138.452804666246,-224.9204,-0.9204,5.0,D
1,3153.5687546662457,-103.9928,-0.9204,5.0,T
1,3153.622112820807,-103.7487,7.0796,5.0,D
1,3168.7174253208073,-224.5112,7.0796,5.0,T
1,3168.7716350035994,-223.055,15.0796,5.0,D
1,3183.7940975035995,-102.8753,15.0796,5.0,T
1,3183.84836737805,-101.3695,23.0796,5.0,D
1,3198.71439237805,-220.2977,23.0796,5.0,T
1,3198.7740029796423,-216.3037,31.0796,5.0,D
1,3213.4115154796423,-99.2036,31.0796,5.0,T
1,3213.468176783706,-96.3337,39.0796,5.0,D
1,3227.730039283706,-210.4286,39.0796,5.0,T
1,3227.8071792511564,-202.0687,47.0796,5.0,D
1,3241.478579251156,-92.6975,47.0796,5.0,T
1,3241.539738786802,-88.2074,55.0796,5.0,D
1,3254.1388012868024,-188.9999,55.0796,5.0,T
1,3254.197054263932,-185.4854,63.0796,5.0,D
1,3267.0519917639317,-82.6459,63.0796,5.0,T
1,3267.1221230462875,-75.8148,71.0796,5.0,D
1,3280.4679605462875,-182.5815,71.0796,5.0,T
1,3280.525573214092,-179.3131,79.0796,5.0,D
1,3294.509273214092,-67.4435,79.0796,5.0,T
1,3294.598389643925,-56.7342,87.0796,5.0,D
1,3309.450027143925,-175.5473,87.0796,5.0,T
1,3309.510384386127,-171.3085,95.0796,5.0,D
1,3325.676821886127,-41.977,95.0796,5.0,T
1,3325.8746975117565,-13.3941,103.0796,5.0,D
1,3345.0264100117565,-166.6078,103.0796,5.0,T
1,3345.7367056967933,-88.0731,175.0796,5.0,D
1,3367.754980696793,88.0731,175.0796,5.0,T
1,3367.88771425956,69.841,183.0796,5.0,D
1,3385.3479767595604,-69.8411,183.0796,5.0,T
1,3385.4664943064677,-53.9652,191.0796,5.0,D
1,3398.9578818064674,53.9659,191.0796,5.0,T
1,3399.019546652927,49.3229,199.0796,5.0,D
1,3411.350109152927,-49.3216,199.0796,5.0,T
1,3411.4195085626716,-42.6608,207.0796,5.0,D
1,3422.0849460626714,42.6627,207.0796,5.0,T
1,3422.1689868881367,32.9203,215.0796,5.0,D
1,3430.3988243881367,-32.9184,215.0796,5.0,T
1,3430.5296224331714,-15.0038,223.0796,5.0,D
1,3434.2807724331715,15.0054,223.0796,5.0,T
1,3436.01782559713,-103.5967,-8.9204,5.0,D
1,3451.10910059713,-224.3269,-8.9204,5.0,T
1,3451.163826119934,-222.4871,-16.9204,5.0,D
1,3466.1521886199343,-102.5802,-16.9204,5.0,T
1,3466.206650042289,-100.9261,-24.9204,5.0,D
1,3481.031062542289,-219.5214,-24.9204,5.0,T
1,3481.0920725687183,-215.0773,-32.9204,5.0,D
1,3495.651397568718,-98.6027,-32.9204,5.0,T
1,3495.708452246602,-95.5625,-40.9204,5.0,D
1,3509.871164746602,-208.8642,-40.9204,5.0,T
1,3509.952258446656,-199.701,-48.9204,5.0,D
1,3523.447658446656,-91.7378,-48.9204,5.0,T
1,3523.5095290994154,-87.0336,-56.9204,5.0,D
1,3536.0762915994155,-187.5677,-56.9204,5.0,T
1,3536.1325852283585,-184.8655,-64.9204,5.0,D
1,3549.090835228358,-81.1995,-64.9204,5.0,T
1,3549.1624071062497,-74.0401,-72.9204,5.0,D
1,3562.6375321062496,-181.8411,-72.9204,5.0,T
1,3562.6954679444193,-178.4466,-80.9204,5.0,D
1,3576.8451429444194,-65.2492,-80.9204,5.0,T
1,3576.938383701564,-53.777,-88.9204,5.0,D
1,3592.047958701564,-174.6536,-88.9204,5.0,T
1,3592.108650010493,-170.3088,-96.9204,5.0,D
1,3608.7103750104934,-37.495,-96.9204,5.0,T
1,3609.3245495423757,-64.7573,-184.9204,5.0,D
1,3625.5138745423756,64.7573,-184.9204,5.0,T
1,3625.6085576923488,53.0223,-192.9204,5.0,D
1,3638.864132692349,-53.0223,-192.9204,5.0,T
1,3638.927123258221,-47.9948,-200.9204,5.0,D
1,3650.925823258221,47.9948,-200.9204,5.0,T
1,3650.997261029942,40.8656,-208.9204,5.0,D
1,3661.213673529942,-40.8657,-208.9204,5.0,T
1,3661.3039090015604,-29.9476,-216.9204,5.0,D
1,3668.7908090015603,29.9476,-216.9204,5.0,T
1,3668.9782628105077,2.9916,-224.9204,5.0,D
1,3669.726150310508,-2.9915,-224.9204,5.0,T
1,3670.3548260783887,-84.1626,-176.9204,5.0,D
1,3691.3954760783886,84.1626,-176.9204,5.0,T
1,3701.276399047367,-1000.0,0.0,1000.0,W
1,4697.002466607205,-1000.0,0.0,1000.0,T
1,4705.400366701369,-224.9204,-2.9914,7.0,D
1,4706.148216701369,-224.9204,2.9914,7.0,T
1,4706.335671788546,-216.9204,29.9476,7.0,D
1,4713.822571788546,-216.9204,-29.9476,7.0,T
1,4713.912806722407,-208.9204,-40.8656,7.0,D
1,4724.129206722407,-208.9204,40.8656,7.0,T
1,4724.200644494128,-200.9204,47.9948,7.0,D
1,4736.199344494127,-200.9204,-47.9948,7.0,T
1,4736.26233506,-192.9204,-53.0223,7.0,D
1,4749.517910059999,-192.9204,53.0223,7.0,T
1,4749.612593209972,-184.9204,64.7573,7.0,D
1,4765.801943209973,-184.9204,-64.7575,7.0,T
1,4765.941873018728,-176.9204,-84.1626,7.0,D
1,4786.982523018728,-176.9204,84.1626,7.0,T
1,4787.0969637542885,-168.9204,99.3506,7.0,D
1,4811.934601254288,-168.9204,-99.3505,7.0,T
1,4812.03300946288,-160.9204,-111.7559,7.0,D
1,4839.9719969628795,-160.9204,111.756,7.0,T
1,4840.061159331725,-152.9204,122.4739,7.0,D
1,4870.679621831726,-152.9204,-122.4738,7.0,T
1,4870.761816394857,-144.9204,-131.8551,7.0,D
1,4903.725603894858,-144.9204,131.8552,7.0,T
1,4903.802422731555,-136.9204,140.1483,7.0,D
1,4938.839497731556,-136.9204,-140.1483,7.0,T
1,4938.9120902836685,-128.9204,-147.5353,7.0,D
1,4975.795915283668,-128.9204,147.5353,7.0,T
1,4975.865126096006,-120.9204,154.1518,7.0,D
1,5014.403076096006,-120.9204,-154.1518,7.0,T
1,5014.469543695468,-112.9204,-160.1019,7.0,D
1,5054.4950186954675,-112.9204,160.1019,7.0,T
1,5054.559232129331,-104.9204,165.4662,7.0,D
1,5095.92578212933,-104.9204,-165.4662,7.0,T
1,5095.988125196752,-96.9204,-170.3087,7.0,D
1,5112.589825196752,-96.9204,-37.4951,7.0,T
1,5112.710766601113,-88.9204,-53.7771,7.0,D
1,5127.820341601113,-88.9204,-174.6537,7.0,T
1,5127.879365547444,-80.9204,-178.4466,7.0,D
1,5142.029053047444,-80.9204,-65.2491,7.0,T
1,5142.108294361304,-72.9204,-74.0401,7.0,D
1,5155.583419361304,-72.9204,-181.8411,7.0,T
1,5155.640436705784,-64.9204,-184.8655,7.0,D
1,5168.598699205783,-64.9204,-81.1994,7.0,T
1,5168.6647085955665,-56.9204,-87.0336,7.0,D
1,5181.231471095566,-56.9204,-187.5677,7.0,T
1,5181.328359242357,-48.9204,-199.7009,7.0,D
1,5194.823746742356,-48.9204,-91.7378,7.0,T
1,5194.882861820369,-40.9204,-95.5625,7.0,D
1,5209.045574320368,-40.9204,-208.8642,7.0,T
1,5209.113103360784,-32.9204,-215.0774,7.0,D
1,5223.672440860785,-32.9204,-98.6027,7.0,T
1,5223.727977910505,-24.9204,-100.9261,7.0,D
1,5238.552390410505,-24.9204,-219.5214,7.0,T
1,5238.609270548218,-16.9204,-222.4871,7.0,D
1,5253.597633048217,-16.9204,-102.5802,7.0,T
1,5253.651395187828,-8.9204,-103.5967,7.0,D
1,5268.7426701878285,-8.9204,-224.3269,7.0,T
1,5268.796150087375,-0.9204,-224.9204,7.0,D
1,5283.912112587375,-0.9204,-103.9927,7.0,T
1,5283.965470721609,7.0796,-103.7487,7.0,D
1,5299.060783221609,7.0796,-224.5112,7.0,T
1,5299.114992904401,15.0796,-223.055,7.0,D
1,5314.137467904401,15.0796,-102.8752,7.0,T
1,5314.191737532232,23.0796,-101.3696,7.0,D
1,5329.0577500322315,23.0796,-220.2977,7.0,T
1,5329.117360633824,31.0796,-216.3037,7.0,D
1,5343.754873133824,31.0796,-99.2036,7.0,T
1,5343.8115344378875,39.0796,-96.3337,7.0,D
1,5358.073396937888,39.0796,-210.4286,7.0,T
1,5358.150536905338,47.0796,-202.0687,7.0,D
1,5371.821936905339,47.0796,-92.6975,7.0,T
1,5371.883096767282,55.0796,-88.2073,7.0,D
1,5384.482171767281,55.0796,-188.9999,7.0,T
1,5384.54042474441,63.0796,-185.4854,7.0,D
1,5397.39533724441,63.0796,-82.6461,7.0,T
1,5397.465468959676,71.0796,-75.8149,7.0,D
1,5410.811293959677,71.0796,-182.5815,7.0,T
1,5410.868906375349,79.0796,-179.3132,7.0,D
1,5424.8526188753485,79.0796,-67.4435,7.0,T
1,5424.94173583928,87.0796,-56.7341,7.0,D
1,5439.79337333928,87.0796,-175.5472,7.0,T
1,5441.34175533928,87.0796,56.7101,7.0,D
1,5456.19639283928,87.0796,175.5472,7.0,T
1,5456.255340181506,79.0796,179.3132,7.0,D
1,5470.228002681506,79.0796,67.5319,7.0,T
1,5470.304750537325,71.0796,75.8102,7.0,D
1,5483.6511505373255,71.0796,182.5814,7.0,T
1,5483.707889007912,63.0796,185.4854,7.0,D
1,5496.569976507912,63.0796,82.5887,7.0,T
1,5496.634934714564,55.0796,88.1511,7.0,D
1,5509.2410597145645,55.0796,189.0001,7.0,T
1,5509.343314103127,47.0796,202.0867,7.0,D
1,5523.017626603128,47.0796,92.6922,7.0,T
1,5523.076268131454,39.0796,96.3492,7.0,D
1,5537.338268131454,39.0796,210.4452,7.0,T
1,5537.404370348879,31.0796,216.303,7.0,D
1,5552.039795348879,31.0796,99.2196,7.0,T
1,5552.095027208546,23.0796,101.3731,7.0,D
1,5566.962164708546,23.0796,220.3102,7.0,T
1,5567.018575224606,15.0796,223.0667,7.0,D
1,5582.044725224607,15.0796,102.8575,7.0,T
1,5582.098356645331,7.0796,103.7045,7.0,D
1,5597.200456645331,7.0796,224.5213,7.0,T
1,5597.253859463504,-0.9204,224.9298,7.0,D
1,5612.378634463505,-0.9204,103.9316,7.0,T
1,5612.432030293038,-8.9204,103.5442,7.0,D
1,5627.529367793038,-8.9204,224.3229,7.0,T
1,5627.584075886938,-16.9204,222.4948,7.0,D
1,5642.578950886938,-16.9204,102.5358,7.0,T
1,5642.633404493243,-24.9204,100.8875,7.0,D
1,5657.463541993243,-24.9204,219.5286,7.0,T
1,5657.524555904986,-32.9204,215.0833,7.0,D
1,5672.089155904986,-32.9204,98.5665,7.0,T
1,5672.14621721665,-40.9204,95.5235,7.0,D
1,5686.31347971665,-40.9204,208.8616,7.0,T
1,5686.394565381793,-48.9204,199.7,7.0,D
1,5699.896027881792,-48.9204,91.6883,7.0,T
1,5699.957971650429,-56.9204,86.9625,7.0,D
1,5712.533621650428,-56.9204,187.5677,7.0,T
1,5712.589915279371,-64.9204,184.8655,7.0,D
1,5725.546927779371,-64.9204,81.2094,7.0,T
1,5725.618301717671,-72.9204,74.0946,7.0,D
1,5739.086614217671,-72.9204,181.8411,7.0,T
1,5739.144549795441,-80.9204,178.4467,7.0,D
1,5753.300549795441,-80.9204,65.1987,7.0,T
1,5753.393199247849,-88.9204,53.8348,7.0,D
1,5768.495549247849,-88.9204,174.6536,7.0,T
1,5768.556240556779,-96.9204,170.3088,7.0,D
1,5785.156515556779,-96.9204,37.5066,7.0,T
1,5794.108259046748,-1000.0,0.0,1000.0,W
1,6259.858067787294,-1000.0,0.0,1000.0,T
1,6268.245439865397,-224.9204,-0.9204,9.0,D
1,6283.361402365397,-103.9927,-0.9204,9.0,T
1,6283.414760499631,-103.7487,7.0796,9.0,D
1,6298.510072999631,-224.5112,7.0796,9.0,T
1,6298.564282563039,-223.0551,15.0796,9.0,D
1,6313.586770063039,-102.8752,15.0796,9.0,T
1,6313.641039814175,-101.3695,23.0796,9.0,D
1,6328.5070648141755,-220.2977,23.0796,9.0,T
1,6328.566675415768,-216.3037,31.0796,9.0,D
1,6343.204187915768,-99.2036,31.0796,9.0,T
1,6343.260848994723,-96.3338,39.0796,9.0,D
1,6357.522698994723,-210.4286,39.0796,9.0,T
1,6357.599838962174,-202.0687,47.0796,9.0,D
1,6371.271238962174,-92.6975,47.0796,9.0,T
1,6371.332398824117,-88.2073,55.0796,9.0,D
1,6383.931486324117,-189.0,55.0796,9.0,T
1,6383.989739569391,-185.4854,63.0796,9.0,D
1,6396.84466456939,-82.646,63.0796,9.0,T
1,6396.914795851746,-75.8149,71.0796,9.0,D
1,6410.260608351746,-182.5814,71.0796,9.0,T
1,6410.318220515292,-179.3132,79.0796,9.0,D
1,6424.301933015292,-67.4435,79.0796,9.0,T
1,6424.391049979224,-56.7341,87.0796,9.0,D
1,6439.242699979224,-175.5473,87.0796,9.0,T
1,6439.303057221427,-171.3085,95.0796,9.0,D
1,6455.469519721426,-41.9768,95.0796,9.0,T
1,6455.667393421072,-13.3942,103.0796,9.0,D
1,6474.819093421072,-166.6078,103.0796,9.0,T
1,6475.529389597514,-88.073,175.0796,9.0,D
1,6497.5476520975135,88.0731,175.0796,9.0,T
1,6497.680386270764,69.8409,183.0796,9.0,D
1,6515.140623770764,-69.841,183.0796,9.0,T
1,6515.259140722321,-53.9652,191.0796,9.0,D
1,6528.751290722321,53.972,191.0796,9.0,T
1,6528.812937840408,49.3343,199.0796,9.0,D
1,6541.145062840408,-49.3227,199.0796,9.0,T
1,6541.214446043306,-42.6657,207.0796,9.0,D
1,6551.883096043307,42.6835,207.0796,9.0,T
1,6551.967114716261,32.9454,215.0796,9.0,D
1,6560.201339716261,-32.9284,215.0796,9.0,T
1,6560.332321014008,-14.9837,223.0796,9.0,D
1,6564.082458514008,15.0174,223.0796,9.0,T
1,6565.819548094232,-103.5967,-8.9204,9.0,D
1,6580.910823094233,-224.3269,-8.9204,9.0,T
1,6580.965548766458,-222.487,-16.9204,9.0,D
1,6595.953898766457,-102.5802,-16.9204,9.0,T
1,6596.008360323803,-100.926,-24.9204,9.0,D
1,6610.832785323802,-219.5214,-24.9204,9.0,T
1,6610.893795026492,-215.0774,-32.9204,9.0,D
1,6625.453132526492,-98.6027,-32.9204,9.0,T
1,6625.510186967554,-95.5626,-40.9204,9.0,D
1,6639.6728869675535,-208.8642,-40.9204,9.0,T
1,6639.753980667608,-199.701,-48.9204,9.0,D
1,6653.249393167607,-91.7377,-48.9204,9.0,T
1,6653.311263482446,-87.0336,-56.9204,9.0,D
1,6665.878025982446,-187.5677,-56.9204,9.0,T
1,6665.934319611389,-184.8655,-64.9204,9.0,D
1,6678.892569611389,-81.1995,-64.9204,9.0,T
1,6678.964141933864,-74.04,-72.9204,9.0,D
1,6692.439279433864,-181.8411,-72.9204,9.0,T
1,6692.497215272034,-178.4466,-80.9204,9.0,D
1,6706.646902772033,-65.2491,-80.9204,9.0,T
1,6706.740142435506,-53.7771,-88.9204,9.0,D
1,6721.849717435505,-174.6537,-88.9204,9.0,T
1,6721.910409380788,-170.3087,-96.9204,9.0,D
1,6738.512121880788,-37.495,-96.9204,9.0,T
1,6739.126296609953,-64.7574,-184.9204,9.0,D
1,6755.315659109953,64.7575,-184.9204,9.0,T
1,6755.410343361616,53.0223,-192.9204,9.0,D
1,6768.665918361616,-53.0223,-192.9204,9.0,T
1,6768.728908927488,-47.9948,-200.9204,9.0,D
1,6780.727583927488,47.9946,-200.9204,9.0,T
1,6780.799020812141,40.8656,-208.9204,9.0,D
1,6791.015420812141,-40.8656,-208.9204,9.0,T
1,6791.105655746002,-29.9476,-216.9204,9.0,D
1,6798.592555746002,29.9476,-216.9204,9.0,T
1,6798.780010194064,2.9915,-224.9204,9.0,D
1,6799.527885194064,-2.9915,-224.9204,9.0,T
1,6800.156560961945,-84.1626,-176.9204,9.0,D
1,6821.197198461945,84.1625,-176.9204,9.0,T
1,6831.060238683663,-1000.0,0.0,1000.0,W
1,7826.718266437459,-1000.0,0.0,1000.0,T
1,7835.095161472972,-224.9204,-2.9914,11.0,D
1,7835.843011472972,-224.9204,2.9914,11.0,T
1,7836.030466560149,-216.9204,29.9476,11.0,D
1,7843.517366560149,-216.9204,-29.9476,11.0,T
1,7843.60760149401,-208.9204,-40.8656,11.0,D
1,7853.824001494009,-208.9204,40.8656,11.0,T
1,7853.895439265731,-200.9204,47.9948,11.0,D
1,7865.89413926573,-200.9204,-47.9948,11.0,T
1,7865.957129831602,-192.9204,-53.0223,11.0,D
1,7879.2127048316015,-192.9204,53.0223,11.0,T
1,7879.307387981575,-184.9204,64.7573,11.0,D
1,7895.496737981575,-184.9204,-64.7575,11.0,T
1,7895.636667790331,-176.9204,-84.1626,11.0,D
1,7916.677317790331,-176.9204,84.1626,11.0,T
1,7916.791758525891,-168.9204,99.3506,11.0,D
1,7941.629396025891,-168.9204,-99.3505,11.0,T
1,7941.727804234482,-160.9204,-111.7559,11.0,D
1,7969.666791734482,-160.9204,111.756,11.0,T
1,7969.755954103328,-152.9204,122.4739,11.0,D
1,8000.374416603328,-152.9204,-122.4738,11.0,T
1,8000.45661116646,-144.9204,-131.8551,11.0,D
1,8033.420398666461,-144.9204,131.8552,11.0,T
1,8033.497217503158,-136.9204,140.1483,11.0,D
1,8068.534292503158,-136.9204,-140.1483,11.0,T
1,8068.606885055271,-128.9204,-147.5353,11.0,D
1,8105.490710055271,-128.9204,147.5353,11.0,T
1,8105.5599208676085,-120.9204,154.1518,11.0,D
1,8144.097870867608,-120.9204,-154.1518,11.0,T
1,8144.164338467071,-112.9204,-160.1019,11.0,D
1,8184.18981346707,-112.9204,160.1019,11.0,T
1,8184.254026900933,-104.9204,165.4662,11.0,D
1,8225.620576900932,-104.9204,-165.4662,11.0,T
1,8225.682919968354,-96.9204,-170.3087,11.0,D
1,8242.284619968354,-96.9204,-37.4951,11.0,T
1,8242.405561372714,-88.9204,-53.7771,11.0,D
1,8257.515136372715,-88.9204,-174.6537,11.0,T
1,8257.574160319045,-80.9204,-178.4466,11.0,D
1,8271.723847819045,-80.9204,-65.2491,11.0,T
1,8271.803089132905,-72.9204,-74.0401,11.0,D
1,8285.278214132904,-72.9204,-181.8411,11.0,T
1,8285.335231477384,-64.9204,-184.8655,11.0,D
1,8298.293493977384,-64.9204,-81.1994,11.0,T
1,8298.359503367168,-56.9204,-87.0336,11.0,D
1,8310.926265867167,-56.9204,-187.5677,11.0,T
1,8311.023154013958,-48.9204,-199.7009,11.0,D
1,8324.518541513957,-48.9204,-91.7378,11.0,T
1,8324.57765659197,-40.9204,-95.5625,11.0,D
1,8338.74036909197,-40.9204,-208.8642,11.0,T
1,8338.807898132385,-32.9204,-215.0774,11.0,D
1,8353.367235632386,-32.9204,-98.6027,11.0,T
1,8353.422772682106,-24.9204,-100.9261,11.0,D
1,8368.247185182105,-24.9204,-219.5214,11.0,T
1,8368.304065319817,-16.9204,-222.4871,11.0,D
1,8383.292427819817,-16.9204,-102.5802,11.0,T
1,8383.346189959428,-8.9204,-103.5967,11.0,D
1,8398.437464959428,-8.9204,-224.3269,11.0,T
1,8398.490944858975,-0.9204,-224.9204,11.0,D
1,8413.606907358975,-0.9204,-103.9927,11.0,T
1,8413.660265493208,7.0796,-103.7487,11.0,D
1,8428.755577993208,7.0796,-224.5112,11.0,T
1,8428.809787676,15.0796,-223.055,11.0,D
1,8443.832262676,15.0796,-102.8752,11.0,T
1,8443.88653230383,23.0796,-101.3696,11.0,D
1,8458.75254480383,23.0796,-220.2977,11.0,T
1,8458.812155405423,31.0796,-216.3037,11.0,D
1,8473.449667905423,31.0796,-99.2036,11.0,T
1,8473.506329209487,39.0796,-96.3337,11.0,D
1,8487.768191709487,39.0796,-210.4286,11.0,T
1,8487.845331676937,47.0796,-202.0687,11.0,D
1,8501.516731676937,47.0796,-92.6975,11.0,T
1,8501.57789153888,55.0796,-88.2073,11.0,D
1,8514.17696653888,55.0796,-188.9999,11.0,T
1,8514.23521951601,63.0796,-185.4854,11.0,D
1,8527.09013201601,63.0796,-82.6461,11.0,T
1,8527.160263731277,71.0796,-75.8149,11.0,D
1,8540.506088731277,71.0796,-182.5815,11.0,T
1,8540.56370114695,79.0796,-179.3132,11.0,D
1,8554.54741364695,79.0796,-67.4435,11.0,T
1,8554.636530610882,87.0796,-56.7341,11.0,D
1,8569.488168110882,87.0796,-175.5472,11.0,T
1,8571.036550110883,87.0796,56.7101,11.0,D
1,8585.891187610881,87.0796,175.5472,11.0,T
1,8585.950134953107,79.0796,179.3132,11.0,D
1,8599.922797453108,79.0796,67.5319,11.0,T
1,8599.999545308927,71.0796,75.8102,11.0,D
1,8613.345945308927,71.0796,182.5814,11.0,T
1,8613.402683779514,63.0796,185.4854,11.0,D
1,8626.264771279513,63.0796,82.5887,11.0,T
1,8626.329729486166,55.0796,88.1511,11.0,D
1,8638.935854486166,55.0796,189.0001,11.0,T
1,8639.038108874729,47.0796,202.0867,11.0,D
1,8652.71242137473,47.0796,92.6922,11.0,T
1,8652.771062903057,39.0796,96.3492,11.0,D
1,8667.033062903056,39.0796,210.4452,11.0,T
1,8667.09916512048,31.0796,216.303,11.0,D
1,8681.73459012048,31.0796,99.2196,11.0,T
1,8681.789821980148,23.0796,101.3731,11.0,D
1,8696.656959480148,23.0796,220.3102,11.0,T
1,8696.713369996209,15.0796,223.0667,11.0,D
1,8711.739519996208,15.0796,102.8575,11.0,T
1,8711.793151416932,7.0796,103.7045,11.0,D
1,8726.895251416932,7.0796,224.5213,11.0,T
1,8726.948654235106,-0.9204,224.9298,11.0,D
1,8742.073429235106,-0.9204,103.9316,11.0,T
1,8742.126825064639,-8.9204,103.5442,11.0,D
1,8757.22416256464,-8.9204,224.3229,11.0,T
1,8757.278870658542,-16.9204,222.4948,11.0,D
1,8772.27374565854,-16.9204,102.5358,11.0,T
1,8772.328199264844,-24.9204,100.8875,11.0,D
1,8787.158336764844,-24.9204,219.5286,11.0,T
1,8787.219350676587,-32.9204,215.0833,11.0,D
1,8801.783950676587,-32.9204,98.5665,11.0,T
1,8801.841011988252,-40.9204,95.5235,11.0,D
1,8816.008274488251,-40.9204,208.8616,11.0,T
1,8816.089360153393,-48.9204,199.7,11.0,D
1,8829.590822653394,-48.9204,91.6883,11.0,T
1,8829.65276642203,-56.9204,86.9625,11.0,D
1,8842.228416422031,-56.9204,187.5677,11.0,T
1,8842.284710050973,-64.9204,184.8655,11.0,D
1,8855.241722550974,-64.9204,81.2094,11.0,T
1,8855.313096489273,-72.9204,74.0946,11.0,D
1,8868.781408989274,-72.9204,181.8411,11.0,T
1,8868.839344567044,-80.9204,178.4467,11.0,D
1,8882.995344567045,-80.9204,65.1987,11.0,T
1,8883.087994019454,-88.9204,53.8348,11.0,D
1,8898.190344019453,-88.9204,174.6536,11.0,T
1,8898.251035328381,-96.9204,170.3088,11.0,D
1,8914.851310328382,-96.9204,37.5066,11.0,T
1,8923.783351302014,-1000.0,0.0,1000.0,W
1,9389.451530041524,-1000.0,0.0,1000.0,T
1,9397.81791312695,-224.9204,-0.9204,13.0,D
1,9412.93387562695,-103.9927,-0.9204,13.0,T
1,9412.987233761183,-103.7487,7.0796,13.0,D
1,9428.082546261183,-224.5112,7.0796,13.0,T
1,9428.136755824591,-223.0551,15.0796,13.0,D
1,9443.159243324591,-102.8752,15.0796,13.0,T
1,9443.213513075729,-101.3695,23.0796,13.0,D
1,9458.079538075728,-220.2977,23.0796,13.0,T
1,9458.139148677321,-216.3037,31.0796,13.0,D
1,9472.77666117732,-99.2036,31.0796,13.0,T
1,9472.833322256276,-96.3338,39.0796,13.0,D
1,9487.095172256277,-210.4286,39.0796,13.0,T
1,9487.172312223727,-202.0687,47.0796,13.0,D
1,9500.843712223726,-92.6975,47.0796,13.0,T
1,9500.90487208567,-88.2073,55.0796,13.0,D
1,9513.503959585669,-189.0,55.0796,13.0,T
1,9513.562212830942,-185.4854,63.0796,13.0,D
1,9526.417137830942,-82.646,63.0796,13.0,T
1,9526.487269113299,-75.8149,71.0796,13.0,D
1,9539.833081613298,-182.5814,71.0796,13.0,T
1,9539.890693776844,-179.3132,79.0796,13.0,D
1,9553.874406276844,-67.4435,79.0796,13.0,T
1,9553.963523240776,-56.7341,87.0796,13.0,D
1,9568.815173240775,-175.5473,87.0796,13.0,T
1,9568.875530482977,-171.3085,95.0796,13.0,D
1,9585.041992982977,-41.9768,95.0796,13.0,T
1,9585.239866682623,-13.3942,103.0796,13.0,D
1,9604.391566682623,-166.6078,103.0796,13.0,T
1,9605.101862859066,-88.073,175.0796,13.0,D
1,9627.120125359066,88.0731,175.0796,13.0,T
1,9627.252859532317,69.8409,183.0796,13.0,D
1,9644.713097032316,-69.841,183.0796,13.0,T
1,9644.831613983872,-53.9652,191.0796,13.0,D
1,9658.323763983872,53.972,191.0796,13.0,T
1,9658.38541110196,49.3343,199.0796,13.0,D
1,9670.717536101958,-49.3227,199.0796,13.0,T
1,9670.786919304857,-42.6657,207.0796,13.0,D
1,9681.455569304857,42.6835,207.0796,13.0,T
1,9681.53958797781,32.9454,215.0796,13.0,D
1,9689.77381297781,-32.9284,215.0796,13.0,T
1,9689.904794275557,-14.9837,223.0796,13.0,D
1,9693.654931775558,15.0174,223.0796,13.0,T
1,9695.392021355783,-103.5967,-8.9204,13.0,D
1,9710.483296355782,-224.3269,-8.9204,13.0,T
1,9710.538022028006,-222.487,-16.9204,13.0,D
1,9725.526372028007,-102.5802,-16.9204,13.0,T
1,9725.580833585353,-100.926,-24.9204,13.0,D
1,9740.405258585351,-219.5214,-24.9204,13.0,T
1,9740.46626828804,-215.0774,-32.9204,13.0,D
1,9755.025605788042,-98.6027,-32.9204,13.0,T
1,9755.082660229104,-95.5626,-40.9204,13.0,D
1,9769.245360229104,-208.8642,-40.9204,13.0,T
1,9769.326453929158,-199.701,-48.9204,13.0,D
1,9782.821866429158,-91.7377,-48.9204,13.0,T
1,9782.883736743997,-87.0336,-56.9204,13.0,D
1,9795.450499243996,-187.5677,-56.9204,13.0,T
1,9795.506792872939,-184.8655,-64.9204,13.0,D
1,9808.465042872938,-81.1995,-64.9204,13.0,T
1,9808.536615195413,-74.04,-72.9204,13.0,D
1,9822.011752695413,-181.8411,-72.9204,13.0,T
1,9822.069688533582,-178.4466,-80.9204,13.0,D
1,9836.219376033583,-65.2491,-80.9204,13.0,T
1,9836.312615697056,-53.7771,-88.9204,13.0,D
1,9851.422190697056,-174.6537,-88.9204,13.0,T
1,9851.482882642338,-170.3087,-96.9204,13.0,D
1,9868.08459514234,-37.495,-96.9204,13.0,T
1,9868.698769871506,-64.7574,-184.9204,13.0,D
1,9884.888132371505,64.7575,-184.9204,13.0,T
1,9884.982816623167,53.0223,-192.9204,13.0,D
1,9898.238391623168,-53.0223,-192.9204,13.0,T
1,9898.30138218904,-47.9948,-200.9204,13.0,D
1,9910.30005718904,47.9946,-200.9204,13.0,T
1,9910.371494073694,40.8656,-208.9204,13.0,D
1,9920.587894073693,-40.8656,-208.9204,13.0,T
1,9920.678129007554,-29.9476,-216.9204,13.0,D
1,9928.165029007554,29.9476,-216.9204,13.0,T
1,9928.352483455616,2.9915,-224.9204,13.0,D
1,9929.100358455617,-2.9915,-224.9204,13.0,T
1,9929.729034223497,-84.1626,-176.9204,13.0,D
1,9950.769671723498,84.1625,-176.9204,13.0,T
1,9960.614869434605,-1000.0,0.0,1000.0,W
1,10956.194284407162,-1000.0,0.0,1000.0,T
1,10964.550206684366,-224.9204,-2.9914,15.0,D
1,10965.298056684365,-224.9204,2.9914,15.0,T
1,10965.485511771541,-216.9204,29.9476,15.0,D
1,10972.972411771541,-216.9204,-29.9476,15.0,T
1,10973.062646705403,-208.9204,-40.8656,15.0,D
1,10983.279046705402,-208.9204,40.8656,15.0,T
1,10983.350484477123,-200.9204,47.9948,15.0,D
1,10995.349184477123,-200.9204,-47.9948,15.0,T
1,10995.412175042995,-192.9204,-53.0223,15.0,D
1,11008.667750042996,-192.9204,53.0223,15.0,T
1,11008.76243319297,-184.9204,64.7573,15.0,D
1,11024.95178319297,-184.9204,-64.7575,15.0,T
1,11025.091713001724,-176.9204,-84.1626,15.0,D
1,11046.132363001725,-176.9204,84.1626,15.0,T
1,11046.246803737286,-168.9204,99.3506,15.0,D
1,11071.084441237284,-168.9204,-99.3505,15.0,T
1,11071.182849445877,-160.9204,-111.7559,15.0,D
1,11099.121836945877,-160.9204,111.756,15.0,T
1,11099.210999314722,-152.9204,122.4739,15.0,D
1,11129.829461814723,-152.9204,-122.4738,15.0,T
1,11129.911656377855,-144.9204,-131.8551,15.0,D
1,11162.875443877854,-144.9204,131.8552,15.0,T
1,11162.952262714552,-136.9204,140.1483,15.0,D
1,11197.98933771455,-136.9204,-140.1483,15.0,T
1,11198.061930266664,-128.9204,-147.5353,15.0,D
1,11234.945755266663,-128.9204,147.5353,15.0,T
1,11235.014966079001,-120.9204,154.1518,15.0,D
1,11273.552916079001,-120.9204,-154.1518,15.0,T
1,11273.619383678462,-112.9204,-160.1019,15.0,D
1,11313.644858678463,-112.9204,160.1019,15.0,T
1,11313.709072112326,-104.9204,165.4662,15.0,D
1,11355.075622112325,-104.9204,-165.4662,15.0,T
1,11355.137965179747,-96.9204,-170.3087,15.0,D
1,11371.739665179746,-96.9204,-37.4951,15.0,T
1,11371.860606584107,-88.9204,-53.7771,15.0,D
1,11386.970181584107,-88.9204,-174.6537,15.0,T
1,11387.029205530438,-80.9204,-178.4466,15.0,D
1,11401.178893030437,-80.9204,-65.2491,15.0,T
1,11401.258134344298,-72.9204,-74.0401,15.0,D
1,11414.733259344297,-72.9204,-181.8411,15.0,T
1,11414.790276688776,-64.9204,-184.8655,15.0,D
1,11427.748539188777,-64.9204,-81.1994,15.0,T
1,11427.81454857856,-56.9204,-87.0336,15.0,D
1,11440.38131107856,-56.9204,-187.5677,15.0,T
1,11440.47819922535,-48.9204,-199.7009,15.0,D
1,11453.97358672535,-48.9204,-91.7378,15.0,T
1,11454.032701803362,-40.9204,-95.5625,15.0,D
1,11468.195414303362,-40.9204,-208.8642,15.0,T
1,11468.262943343778,-32.9204,-215.0774,15.0,D
1,11482.822280843779,-32.9204,-98.6027,15.0,T
1,11482.877817893499,-24.9204,-100.9261,15.0,D
1,11497.702230393497,-24.9204,-219.5214,15.0,T
1,11497.75911053121,-16.9204,-222.4871,15.0,D
1,11512.74747303121,-16.9204,-102.5802,15.0,T
1,11512.80123517082,-8.9204,-103.5967,15.0,D
1,11527.892510170821,-8.9204,-224.3269,15.0,T
1,11527.945990070368,-0.9204,-224.9204,15.0,D
1,11543.061952570368,-0.9204,-103.9927,15.0,T
1,11543.115310704601,7.0796,-103.7487,15.0,D
1,11558.2106232046,7.0796,-224.5112,15.0,T
1,11558.264832887393,15.0796,-223.055,15.0,D
1,11573.287307887393,15.0796,-102.8752,15.0,T
1,11573.341577515223,23.0796,-101.3696,15.0,D
1,11588.207590015223,23.0796,-220.2977,15.0,T
1,11588.267200616816,31.0796,-216.3037,15.0,D
1,11602.904713116815,31.0796,-99.2036,15.0,T
1,11602.96137442088,39.0796,-96.3337,15.0,D
1,11617.22323692088,39.0796,-210.4286,15.0,T
1,11617.30037688833,47.0796,-202.0687,15.0,D
1,11630.97177688833,47.0796,-92.6975,15.0,T
1,11631.032936750273,55.0796,-88.2073,15.0,D
1,11643.632011750273,55.0796,-188.9999,15.0,T
1,11643.690264727402,63.0796,-185.4854,15.0,D
1,11656.545177227403,63.0796,-82.6461,15.0,T
1,11656.61530894267,71.0796,-75.8149,15.0,D
1,11669.96113394267,71.0796,-182.5815,15.0,T
1,11670.018746358342,79.0796,-179.3132,15.0,D
1,11684.002458858342,79.0796,-67.4435,15.0,T
1,11684.091575822275,87.0796,-56.7341,15.0,D
1,11698.943213322274,87.0796,-175.5472,15.0,T
1,11700.491595322275,87.0796,56.7101,15.0,D
1,11715.346232822274,87.0796,175.5472,15.0,T
1,11715.4051801645,79.0796,179.3132,15.0,D
1,11729.3778426645,79.0796,67.5319,15.0,T
1,11729.45459052032,71.0796,75.8102,15.0,D
1,11742.80099052032,71.0796,182.5814,15.0,T
1,11742.857728990906,63.0796,185.4854,15.0,D
1,11755.719816490906,63.0796,82.5887,15.0,T
1,11755.784774697559,55.0796,88.1511,15.0,D
1,11768.390899697559,55.0796,189.0001,15.0,T
1,11768.493154086122,47.0796,202.0867,15.0,D
1,11782.167466586123,47.0796,92.6922,15.0,T
1,11782.22610811445,39.0796,96.3492,15.0,D
1,11796.488108114449,39.0796,210.4452,15.0,T
1,11796.554210331873,31.0796,216.303,15.0,D
1,11811.189635331873,31.0796,99.2196,15.0,T
1,11811.24486719154,23.0796,101.3731,15.0,D
1,11826.11200469154,23.0796,220.3102,15.0,T
1,11826.168415207601,15.0796,223.0667,15.0,D
1,11841.194565207601,15.0796,102.8575,15.0,T
1,11841.248196628325,7.0796,103.7045,15.0,D
1,11856.350296628325,7.0796,224.5213,15.0,T
1,11856.403699446499,-0.9204,224.9298,15.0,D
1,11871.528474446499,-0.9204,103.9316,15.0,T
1,11871.581870276032,-8.9204,103.5442,15.0,D
1,11886.679207776033,-8.9204,224.3229,15.0,T
1,11886.733915869934,-16.9204,222.4948,15.0,D
1,11901.728790869933,-16.9204,102.5358,15.0,T
1,11901.783244476237,-24.9204,100.8875,15.0,D
1,11916.613381976236,-24.9204,219.5286,15.0,T
1,11916.67439588798,-32.9204,215.0833,15.0,D
1,11931.23899588798,-32.9204,98.5665,15.0,T
1,11931.296057199645,-40.9204,95.5235,15.0,D
1,11945.463319699644,-40.9204,208.8616,15.0,T
1,11945.544405364786,-48.9204,199.7,15.0,D
1,11959.045867864786,-48.9204,91.6883,15.0,T
1,11959.107811633423,-56.9204,86.9625,15.0,D
1,11971.683461633424,-56.9204,187.5677,15.0,T
1,11971.739755262366,-64.9204,184.8655,15.0,D
1,11984.696767762367,-64.9204,81.2094,15.0,T
1,11984.768141700666,-72.9204,74.0946,15.0,D
1,11998.236454200667,-72.9204,181.8411,15.0,T
1,11998.294389778437,-80.9204,178.4467,15.0,D
1,12012.450389778438,-80.9204,65.1987,15.0,T
1,12012.543039230846,-88.9204,53.8348,15.0,D
1,12027.645389230845,-88.9204,174.6536,15.0,T
1,12027.706080539774,-96.9204,170.3088,15.0,D
1,12044.306355539775,-96.9204,37.5066,15.0,T
1,12053.218730230132,-1000.0,0.0,1000.0,W
1,12518.805415601944,-1000.0,0.0,1000.0,T
1,12527.150842116502,-224.9204,-0.9204,17.0,D
1,12542.266804616502,-103.9927,-0.9204,17.0,T
1,12542.320162750735,-103.7487,7.0796,17.0,D
1,12557.415475250735,-224.5112,7.0796,17.0,T
1,12557.469684814143,-223.0551,15.0796,17.0,D
1,12572.492172314143,-102.8752,15.0796,17.0,T
1,12572.54644206528,-101.3695,23.0796,17.0,D
1,12587.41246706528,-220.2977,23.0796,17.0,T
1,12587.472077666873,-216.3037,31.0796,17.0,D
1,12602.109590166872,-99.2036,31.0796,17.0,T
1,12602.166251245828,-96.3338,39.0796,17.0,D
1,12616.428101245829,-210.4286,39.0796,17.0,T
1,12616.505241213279,-202.0687,47.0796,17.0,D
1,12630.176641213278,-92.6975,47.0796,17.0,T
1,12630.237801075222,-88.2073,55.0796,17.0,D
1,12642.83688857522,-189.0,55.0796,17.0,T
1,12642.895141820494,-185.4854,63.0796,17.0,D
1,12655.750066820494,-82.646,63.0796,17.0,T
1,12655.82019810285,-75.8149,71.0796,17.0,D
1,12669.16601060285,-182.5814,71.0796,17.0,T
1,12669.223622766396,-179.3132,79.0796,17.0,D
1,12683.207335266396,-67.4435,79.0796,17.0,T
1,12683.296452230328,-56.7341,87.0796,17.0,D
1,12698.148102230327,-175.5473,87.0796,17.0,T
1,12698.20845947253,-171.3085,95.0796,17.0,D
1,12714.374921972529,-41.9768,95.0796,17.0,T
1,12714.572795672175,-13.3942,103.0796,17.0,D
1,12733.724495672175,-166.6078,103.0796,17.0,T
1,12734.434791848618,-88.073,175.0796,17.0,D
1,12756.453054348618,88.0731,175.0796,17.0,T
1,12756.585788521868,69.8409,183.0796,17.0,D
1,12774.046026021868,-69.841,183.0796,17.0,T
1,12774.164542973424,-53.9652,191.0796,17.0,D
1,12787.656692973424,53.972,191.0796,17.0,T
1,12787.718340091511,49.3343,199.0796,17.0,D
1,12800.05046509151,-49.3227,199.0796,17.0,T
1,12800.11984829441,-42.6657,207.0796,17.0,D
1,12810.788498294409,42.6835,207.0796,17.0,T
1,12810.872516967362,32.9454,215.0796,17.0,D
1,12819.106741967362,-32.9284,215.0796,17.0,T
1,12819.237723265109,-14.9837,223.0796,17.0,D
1,12822.98786076511,15.0174,223.0796,17.0,T
1,12824.724950345335,-103.5967,-8.9204,17.0,D
1,12839.816225345334,-224.3269,-8.9204,17.0,T
1,12839.870951017558,-222.487,-16.9204,17.0,D
1,12854.85930101756,-102.5802,-16.9204,17.0,T
1,12854.913762574904,-100.926,-24.9204,17.0,D
1,12869.738187574903,-219.5214,-24.9204,17.0,T
1,12869.799197277593,-215.0774,-32.9204,17.0,D
1,12884.358534777593,-98.6027,-32.9204,17.0,T
1,12884.415589218655,-95.5626,-40.9204,17.0,D
1,12898.578289218656,-208.8642,-40.9204,17.0,T
1,12898.65938291871,-199.701,-48.9204,17.0,D
1,12912.15479541871,-91.7377,-48.9204,17.0,T
1,12912.21666573355,-87.0336,-56.9204,17.0,D
1,12924.783428233548,-187.5677,-56.9204,17.0,T
1,12924.83972186249,-184.8655,-64.9204,17.0,D
1,12937.79797186249,-81.1995,-64.9204,17.0,T
1,12937.869544184965,-74.04,-72.9204,17.0,D
1,12951.344681684965,-181.8411,-72.9204,17.0,T
1,12951.402617523134,-178.4466,-80.9204,17.0,D
1,12965.552305023135,-65.2491,-80.9204,17.0,T
1,12965.645544686608,-53.7771,-88.9204,17.0,D
1,12980.755119686608,-174.6537,-88.9204,17.0,T
1,12980.81581163189,-170.3087,-96.9204,17.0,D
1,12997.417524131892,-37.495,-96.9204,17.0,T
1,12998.031698861058,-64.7574,-184.9204,17.0,D
1,13014.221061361057,64.7575,-184.9204,17.0,T
1,13014.31574561272,53.0223,-192.9204,17.0,D
1,13027.57132061272,-53.0223,-192.9204,17.0,T
1,13027.634311178592,-47.9948,-200.9204,17.0,D
1,13039.632986178593,47.9946,-200.9204,17.0,T
1,13039.704423063245,40.8656,-208.9204,17.0,D
1,13049.920823063245,-40.8656,-208.9204,17.0,T
1,13050.011057997106,-29.9476,-216.9204,17.0,D
1,13057.497957997106,29.9476,-216.9204,17.0,T
1,13057.685412445167,2.9915,-224.9204,17.0,D
1,13058.433287445168,-2.9915,-224.9204,17.0,T
1,13059.06196321305,-84.1626,-176.9204,17.0,D
1,13080.10260071305,84.1625,-176.9204,17.0,T
1,13089.929995879042,-1000.0,0.0,1000.0,W
1,14085.430942349352,-1000.0,0.0,1000.0,T
1,14093.765924412413,-224.9204,-2.9914,19.0,D
1,14094.513774412415,-224.9204,2.9914,19.0,T
1,14094.701229499591,-216.9204,29.9476,19.0,D
1,14102.188129499591,-216.9204,-29.9476,19.0,T
1,14102.278364433452,-208.9204,-40.8656,19.0,D
1,14112.494764433452,-208.9204,40.8656,19.0,T
1,14112.566202205173,-200.9204,47.9948,19.0,D
1,14124.564902205173,-200.9204,-47.9948,19.0,T
1,14124.627892771045,-192.9204,-53.0223,19.0,D
1,14137.883467771046,-192.9204,53.0223,19.0,T
1,14137.978150921019,-184.9204,64.7573,19.0,D
1,14154.16750092102,-184.9204,-64.7575,19.0,T
1,14154.307430729774,-176.9204,-84.1626,19.0,D
1,14175.348080729775,-176.9204,84.1626,19.0,T
1,14175.462521465335,-168.9204,99.3506,19.0,D
1,14200.300158965334,-168.9204,-99.3505,19.0,T
1,14200.398567173926,-160.9204,-111.7559,19.0,D
1,14228.337554673926,-160.9204,111.756,19.0,T
1,14228.426717042772,-152.9204,122.4739,19.0,D
1,14259.045179542773,-152.9204,-122.4738,19.0,T
1,14259.127374105905,-144.9204,-131.8551,19.0,D
1,14292.091161605904,-144.9204,131.8552,19.0,T
1,14292.167980442602,-136.9204,140.1483,19.0,D
1,14327.2050554426,-136.9204,-140.1483,19.0,T
1,14327.277647994713,-128.9204,-147.5353,19.0,D
1,14364.161472994712,-128.9204,147.5353,19.0,T
1,14364.23068380705,-120.9204,154.1518,19.0,D
1,14402.76863380705,-120.9204,-154.1518,19.0,T
1,14402.835101406512,-112.9204,-160.1019,19.0,D
1,14442.860576406512,-112.9204,160.1019,19.0,T
1,14442.924789840376,-104.9204,165.4662,19.0,D
1,14484.291339840374,-104.9204,-165.4662,19.0,T
1,14484.353682907797,-96.9204,-170.3087,19.0,D
1,14500.955382907796,-96.9204,-37.4951,19.0,T
1,14501.076324312156,-88.9204,-53.7771,19.0,D
1,14516.185899312157,-88.9204,-174.6537,19.0,T
1,14516.244923258488,-80.9204,-178.4466,19.0,D
1,14530.394610758487,-80.9204,-65.2491,19.0,T
1,14530.473852072348,-72.9204,-74.0401,19.0,D
1,14543.948977072347,-72.9204,-181.8411,19.0,T
1,14544.005994416826,-64.9204,-184.8655,19.0,D
1,14556.964256916826,-64.9204,-81.1994,19.0,T
1,14557.03026630661,-56.9204,-87.0336,19.0,D
1,14569.59702880661,-56.9204,-187.5677,19.0,T
1,14569.6939169534,-48.9204,-199.7009,19.0,D
1,14583.189304453399,-48.9204,-91.7378,19.0,T
1,14583.248419531412,-40.9204,-95.5625,19.0,D
1,14597.411132031411,-40.9204,-208.8642,19.0,T
1,14597.478661071827,-32.9204,-215.0774,19.0,D
1,14612.037998571828,-32.9204,-98.6027,19.0,T
1,14612.093535621549,-24.9204,-100.9261,19.0,D
1,14626.917948121547,-24.9204,-219.5214,19.0,T
1,14626.974828259259,-16.9204,-222.4871,19.0,D
1,14641.96319075926,-16.9204,-102.5802,19.0,T
1,14642.01695289887,-8.9204,-103.5967,19.0,D
1,14657.10822789887,-8.9204,-224.3269,19.0,T
1,14657.161707798417,-0.9204,-224.9204,19.0,D
1,14672.277670298417,-0.9204,-103.9927,19.0,T
1,14672.33102843265,7.0796,-103.7487,19.0,D
1,14687.42634093265,7.0796,-224.5112,19.0,T
1,14687.480550615443,15.0796,-223.055,19.0,D
1,14702.503025615442,15.0796,-102.8752,19.0,T
1,14702.557295243272,23.0796,-101.3696,19.0,D
1,14717.423307743273,23.0796,-220.2977,19.0,T
1,14717.482918344866,31.0796,-216.3037,19.0,D
1,14732.120430844865,31.0796,-99.2036,19.0,T
1,14732.17709214893,39.0796,-96.3337,19.0,D
1,14746.43895464893,39.0796,-210.4286,19.0,T
1,14746.51609461638,47.0796,-202.0687,19.0,D
1,14760.187494616379,47.0796,-92.6975,19.0,T
1,14760.248654478322,55.0796,-88.2073,19.0,D
1,14772.847729478322,55.0796,-188.9999,19.0,T
1,14772.905982455452,63.0796,-185.4854,19.0,D
1,14785.760894955452,63.0796,-82.6461,19.0,T
1,14785.83102667072,71.0796,-75.8149,19.0,D
1,14799.17685167072,71.0796,-182.5815,19.0,T
1,14799.234464086392,79.0796,-179.3132,19.0,D
1,14813.218176586392,79.0796,-67.4435,19.0,T
1,14813.307293550324,87.0796,-56.7341,19.0,D
1,14828.158931050324,87.0796,-175.5472,19.0,T
1,14829.707313050325,87.0796,56.7101,19.0,D
1,14844.561950550324,87.0796,175.5472,19.0,T
1,14844.62089789255,79.0796,179.3132,19.0,D
1,14858.59356039255,79.0796,67.5319,19.0,T
1,14858.67030824837,71.0796,75.8102,19.0,D
1,14872.01670824837,71.0796,182.5814,19.0,T
1,14872.073446718956,63.0796,185.4854,19.0,D
1,14884.935534218956,63.0796,82.5887,19.0,T
1,14885.000492425608,55.0796,88.1511,19.0,D
1,14897.606617425608,55.0796,189.0001,19.0,T
1,14897.708871814171,47.0796,202.0867,19.0,D
1,14911.383184314172,47.0796,92.6922,19.0,T
1,14911.4418258425,39.0796,96.3492,19.0,D
1,14925.703825842498,39.0796,210.4452,19.0,T
1,14925.769928059923,31.0796,216.303,19.0,D
1,14940.405353059923,31.0796,99.2196,19.0,T
1,14940.46058491959,23.0796,101.3731,19.0,D
1,14955.32772241959,23.0796,220.3102,19.0,T
1,14955.384132935651,15.0796,223.0667,19.0,D
1,14970.41028293565,15.0796,102.8575,19.0,T
1,14970.463914356375,7.0796,103.7045,19.0,D
1,14985.566014356375,7.0796,224.5213,19.0,T
1,14985.619417174548,-0.9204,224.9298,19.0,D
1,15000.744192174549,-0.9204,103.9316,19.0,T
1,15000.797588004081,-8.9204,103.5442,19.0,D
1,15015.894925504082,-8.9204,224.3229,19.0,T
1,15015.949633597984,-16.9204,222.4948,19.0,D
1,15030.944508597982,-16.9204,102.5358,19.0,T
1,15030.998962204287,-24.9204,100.8875,19.0,D
1,15045.829099704286,-24.9204,219.5286,19.0,T
1,15045.89011361603,-32.9204,215.0833,19.0,D
1,15060.454713616029,-32.9204,98.5665,19.0,T
1,15060.511774927694,-40.9204,95.5235,19.0,D
1,15074.679037427693,-40.9204,208.8616,19.0,T
1,15074.760123092836,-48.9204,199.7,19.0,D
1,15088.261585592836,-48.9204,91.6883,19.0,T
1,15088.323529361473,-56.9204,86.9625,19.0,D
1,15100.899179361473,-56.9204,187.5677,19.0,T
1,15100.955472990416,-64.9204,184.8655,19.0,D
1,15113.912485490417,-64.9204,81.2094,19.0,T
1,15113.983859428716,-72.9204,74.0946,19.0,D
1,15127.452171928717,-72.9204,181.8411,19.0,T
1,15127.510107506487,-80.9204,178.4467,19.0,D
1,15141.666107506488,-80.9204,65.1987,19.0,T
1,15141.758756958896,-88.9204,53.8348,19.0,D
1,15156.861106958895,-88.9204,174.6536,19.0,T
1,15156.921798267824,-96.9204,170.3088,19.0,D
1,15173.522073267824,-96.9204,37.5066,19.0,T
1,15182.414818148356,-1000.0,0.0,1000.0,W
1,15647.920147757419,-1000.0,0.0,1000.0,T
1,15656.244650367778,-224.9204,-0.9204,21.0,D
1,15671.360612867778,-103.9927,-0.9204,21.0,T
1,15671.413971002012,-103.7487,7.0796,21.0,D
1,15686.509283502011,-224.5112,7.0796,21.0,T
1,15686.56349306542,-223.0551,15.0796,21.0,D
1,15701.58598056542,-102.8752,15.0796,21.0,T
1,15701.640250316557,-101.3695,23.0796,21.0,D
1,15716.506275316557,-220.2977,23.0796,21.0,T
1,15716.56588591815,-216.3037,31.0796,21.0,D
1,15731.203398418149,-99.2036,31.0796,21.0,T
1,15731.260059497105,-96.3338,39.0796,21.0,D
1,15745.521909497105,-210.4286,39.0796,21.0,T
1,15745.599049464556,-202.0687,47.0796,21.0,D
1,15759.270449464555,-92.6975,47.0796,21.0,T
1,15759.331609326498,-88.2073,55.0796,21.0,D
1,15771.930696826497,-189.0,55.0796,21.0,T
1,15771.98895007177,-185.4854,63.0796,21.0,D
1,15784.84387507177,-82.646,63.0796,21.0,T
1,15784.914006354127,-75.8149,71.0796,21.0,D
1,15798.259818854127,-182.5814,71.0796,21.0,T
1,15798.317431017673,-179.3132,79.0796,21.0,D
1,15812.301143517672,-67.4435,79.0796,21.0,T
1,15812.390260481605,-56.7341,87.0796,21.0,D
1,15827.241910481604,-175.5473,87.0796,21.0,T
1,15827.302267723806,-171.3085,95.0796,21.0,D
1,15843.468730223805,-41.9768,95.0796,21.0,T
1,15843.666603923451,-13.3942,103.0796,21.0,D
1,15862.818303923452,-166.6078,103.0796,21.0,T
1,15863.528600099895,-88.073,175.0796,21.0,D
1,15885.546862599895,88.0731,175.0796,21.0,T
1,15885.679596773145,69.8409,183.0796,21.0,D
1,15903.139834273145,-69.841,183.0796,21.0,T
1,15903.2583512247,-53.9652,191.0796,21.0,D
1,15916.7505012247,53.972,191.0796,21.0,T
1,15916.812148342788,49.3343,199.0796,21.0,D
1,15929.144273342787,-49.3227,199.0796,21.0,T
1,15929.213656545686,-42.6657,207.0796,21.0,D
1,15939.882306545685,42.6835,207.0796,21.0,T
1,15939.966325218638,32.9454,215.0796,21.0,D
1,15948.200550218638,-32.9284,215.0796,21.0,T
1,15948.331531516385,-14.9837,223.0796,21.0,D
1,15952.081669016387,15.0174,223.0796,21.0,T
1,15953.818758596612,-103.5967,-8.9204,21.0,D
1,15968.91003359661,-224.3269,-8.9204,21.0,T
1,15968.964759268834,-222.487,-16.9204,21.0,D
1,15983.953109268836,-102.5802,-16.9204,21.0,T
1,15984.007570826181,-100.926,-24.9204,21.0,D
1,15998.83199582618,-219.5214,-24.9204,21.0,T
1,15998.89300552887,-215.0774,-32.9204,21.0,D
1,16013.45234302887,-98.6027,-32.9204,21.0,T
1,16013.509397469932,-95.5626,-40.9204,21.0,D
1,16027.672097469933,-208.8642,-40.9204,21.0,T
1,16027.753191169986,-199.701,-48.9204,21.0,D
1,16041.248603669987,-91.7377,-48.9204,21.0,T
1,16041.310473984826,-87.0336,-56.9204,21.0,D
1,16053.877236484825,-187.5677,-56.9204,21.0,T
1,16053.933530113767,-184.8655,-64.9204,21.0,D
1,16066.891780113767,-81.1995,-64.9204,21.0,T
1,16066.963352436242,-74.04,-72.9204,21.0,D
1,16080.438489936241,-181.8411,-72.9204,21.0,T
1,16080.49642577441,-178.4466,-80.9204,21.0,D
1,16094.646113274412,-65.2491,-80.9204,21.0,T
1,16094.739352937884,-53.7771,-88.9204,21.0,D
1,16109.848927937885,-174.6537,-88.9204,21.0,T
1,16109.909619883167,-170.3087,-96.9204,21.0,D
1,16126.511332383168,-37.495,-96.9204,21.0,T
1,16127.125507112334,-64.7574,-184.9204,21.0,D
1,16143.314869612333,64.7575,-184.9204,21.0,T
1,16143.409553863996,53.0223,-192.9204,21.0,D
1,16156.665128863997,-53.0223,-192.9204,21.0,T
1,16156.728119429868,-47.9948,-200.9204,21.0,D
1,16168.72679442987,47.9946,-200.9204,21.0,T
1,16168.798231314522,40.8656,-208.9204,21.0,D
1,16179.014631314521,-40.8656,-208.9204,21.0,T
1,16179.104866248383,-29.9476,-216.9204,21.0,D
1,16186.591766248383,29.9476,-216.9204,21.0,T
1,16186.779220696444,2.9915,-224.9204,21.0,D
1,16187.527095696445,-2.9915,-224.9204,21.0,T
1,16188.155771464326,-84.1626,-176.9204,21.0,D
1,16209.196408964326,84.1625,-176.9204,21.0,T
1,16219.006041768287,-1000.0,0.0,1000.0,W
1,17214.428664965,-1000.0,0.0,1000.0,T
1,17222.742739605586,-224.9204,-2.9915,23.0,D
1,17223.490614605587,-224.9204,2.9915,23.0,T
1,17223.67806905365,-216.9204,29.9476,23.0,D
1,17231.16496905365,-216.9204,-29.9476,23.0,T
1,17231.25520398751,-208.9204,-40.8656,23.0,D
1,17241.471603987513,-208.9204,40.8656,23.0,T
1,17241.543041759232,-200.9204,47.9948,23.0,D
1,17253.541741759233,-200.9204,-47.9948,23.0,T
1,17253.604732325104,-192.9204,-53.0223,23.0,D
1,17266.860307325103,-192.9204,53.0223,23.0,T
1,17266.95499047508,-184.9204,64.7573,23.0,D
1,17283.14432797508,-184.9204,-64.7574,23.0,T
1,17283.284257783835,-176.9204,-84.1625,23.0,D
1,17304.324870283832,-176.9204,84.1624,23.0,T
1,17304.439311609236,-168.9204,99.3505,23.0,D
1,17329.276936609236,-168.9204,-99.3505,23.0,T
1,17329.37534481783,-160.9204,-111.7559,23.0,D
1,17357.31431981783,-160.9204,111.7559,23.0,T
1,17357.40348272093,-152.9204,122.4739,23.0,D
1,17388.02195772093,-152.9204,-122.4739,23.0,T
1,17388.10415177679,-144.9204,-131.8551,23.0,D
1,17421.067926776792,-144.9204,131.8551,23.0,T
1,17421.14474561349,-136.9204,140.1482,23.0,D
1,17456.18179561349,-136.9204,-140.1482,23.0,T
1,17456.254388165602,-128.9204,-147.5352,23.0,D
1,17493.138188165605,-128.9204,147.5352,23.0,T
1,17493.207399827723,-120.9204,154.1519,23.0,D
1,17531.745374827722,-120.9204,-154.1519,23.0,T
1,17531.81184163147,-112.9204,-160.1018,23.0,D
1,17571.83730413147,-112.9204,160.1019,23.0,T
1,17571.901517565333,-104.9204,165.4662,23.0,D
1,17613.268067565332,-104.9204,-165.4662,23.0,T
1,17613.330410632752,-96.9204,-170.3087,23.0,D
1,17629.932135632753,-96.9204,-37.4949,23.0,T
1,17630.053078233803,-88.9204,-53.7771,23.0,D
1,17645.1626532338,-88.9204,-174.6537,23.0,T
1,17645.221677180132,-80.9204,-178.4466,23.0,D
1,17659.371364680133,-80.9204,-65.2491,23.0,T
1,17659.45060648706,-72.9204,-74.0402,23.0,D
1,17672.925706487058,-72.9204,-181.841,23.0,T
1,17672.98272406729,-64.9204,-184.8655,23.0,D
1,17685.94097406729,-64.9204,-81.1995,23.0,T
1,17686.006983064253,-56.9204,-87.0336,23.0,D
1,17698.573745564256,-56.9204,-187.5677,23.0,T
1,17698.670633711045,-48.9204,-199.7009,23.0,D
1,17712.166021211047,-48.9204,-91.7378,23.0,T
1,17712.22513628906,-40.9204,-95.5625,23.0,D
1,17726.38784878906,-40.9204,-208.8642,23.0,T
1,17726.45537782948,-32.9204,-215.0774,23.0,D
1,17741.01471532948,-32.9204,-98.6027,23.0,T
1,17741.07025219327,-24.9204,-100.926,23.0,D
1,17755.894677193268,-24.9204,-219.5214,23.0,T
1,17755.95155733098,-16.9204,-222.4871,23.0,D
1,17770.93991983098,-16.9204,-102.5802,23.0,T
1,17770.99368197059,-8.9204,-103.5967,23.0,D
1,17786.08495697059,-8.9204,-224.3269,23.0,T
1,17786.138436870137,-0.9204,-224.9204,23.0,D
1,17801.254399370137,-0.9204,-103.9927,23.0,T
1,17801.30775750437,7.0796,-103.7487,23.0,D
1,17816.40307000437,7.0796,-224.5112,23.0,T
1,17816.45727968716,15.0796,-223.055,23.0,D
1,17831.479754687163,15.0796,-102.8752,23.0,T
1,17831.5340244383,23.0796,-101.3695,23.0,D
1,17846.4000369383,23.0796,-220.2976,23.0,T
1,17846.45964724211,31.0796,-216.3037,23.0,D
1,17861.097159742112,31.0796,-99.2036,23.0,T
1,17861.153821046177,39.0796,-96.3337,23.0,D
1,17875.415683546176,39.0796,-210.4286,23.0,T
1,17875.492823513625,47.0796,-202.0687,23.0,D
1,17889.164236013625,47.0796,-92.6974,23.0,T
1,17889.22539554927,55.0796,-88.2073,23.0,D
1,17901.824470549273,55.0796,-188.9999,23.0,T
1,17901.882723526403,63.0796,-185.4854,23.0,D
1,17914.737648526403,63.0796,-82.646,23.0,T
1,17914.80778024167,71.0796,-75.8148,23.0,D
1,17928.15360524167,71.0796,-182.5814,23.0,T
1,17928.211217405216,79.0796,-179.3132,23.0,D
1,17942.194929905218,79.0796,-67.4435,23.0,T
1,17942.28404686915,87.0796,-56.7341,23.0,D
1,17957.13568436915,87.0796,-175.5472,23.0,T
1,17958.68406636915,87.0796,56.7101,23.0,D
1,17973.53870386915,87.0796,175.5472,23.0,T
1,17973.597651211378,79.0796,179.3132,23.0,D
1,17987.570301211377,79.0796,67.532,23.0,T
1,17987.647048587805,71.0796,75.8102,23.0,D
1,18000.993448587804,71.0796,182.5814,23.0,T
1,18001.05018705839,63.0796,185.4854,23.0,D
1,18013.91226205839,63.0796,82.5888,23.0,T
1,18013.977219884466,55.0796,88.1511,23.0,D
1,18026.583344884468,55.0796,189.0001,23.0,T
1,18026.68583315096,47.0796,202.1278,23.0,D
1,18040.36528315096,47.0796,92.6922,23.0,T
1,18040.423924402126,39.0796,96.3491,23.0,D
1,18054.690686902126,39.0796,210.4832,23.0,T
1,18054.756507855633,31.0796,216.2693,23.0,D
1,18069.387707855632,31.0796,99.2197,23.0,T
1,18069.4429397153,23.0796,101.3732,23.0,D
1,18084.3136522153,23.0796,220.3389,23.0,T
1,18084.369947764604,15.0796,223.042,23.0,D
1,18099.393010264605,15.0796,102.8575,23.0,T
1,18099.44664168533,7.0796,103.7045,23.0,D
1,18114.54922918533,7.0796,224.5252,23.0,T
1,18114.602638151053,-0.9204,224.9514,23.0,D
1,18129.730113151054,-0.9204,103.9316,23.0,T
1,18129.78350898059,-8.9204,103.5442,23.0,D
1,18144.878233980588,-8.9204,224.302,23.0,T
1,18144.932903722132,-16.9204,222.4999,23.0,D
1,18159.92840372213,-16.9204,102.5359,23.0,T
1,18159.982857462972,-24.9204,100.8875,23.0,D
1,18174.81503246297,-24.9204,219.5449,23.0,T
1,18174.87610410091,-32.9204,215.0818,23.0,D
1,18189.44051660091,-32.9204,98.5665,23.0,T
1,18189.497577912574,-40.9204,95.5235,23.0,D
1,18203.663165412574,-40.9204,208.8482,23.0,T
1,18203.74422898484,-48.9204,199.691,23.0,D
1,18217.24456648484,-48.9204,91.6883,23.0,T
1,18217.306509914404,-56.9204,86.9626,23.0,D
1,18229.882147414402,-56.9204,187.5677,23.0,T
1,18229.938441043345,-64.9204,184.8655,23.0,D
1,18242.895466043345,-64.9204,81.2093,23.0,T
1,18242.966839095578,-72.9204,74.0947,23.0,D
1,18256.435139095578,-72.9204,181.8411,23.0,T
1,18256.493074933747,-80.9204,178.4466,23.0,D
1,18270.64904993375,-80.9204,65.1988,23.0,T
1,18270.74169993129,-88.9204,53.8348,23.0,D
1,18285.84406243129,-88.9204,174.6537,23.0,T
1,18285.904754376574,-96.9204,170.3087,23.0,D
1,18302.504991876573,-96.9204,37.5068,23.0,T
1,18311.378143700367,-1000.0,0.0,1000.0,W
1,18776.794348417206,-1000.0,0.0,1000.0,T
1,18785.097960036983,-224.9204,-0.9204,25.0,D
1,18800.213922536983,-103.9927,-0.9204,25.0,T
1,18800.267280671218,-103.7487,7.0796,25.0,D
1,18815.362593171216,-224.5112,7.0796,25.0,T
1,18815.416802854008,-223.055,15.0796,25.0,D
1,18830.43927785401,-102.8752,15.0796,25.0,T
1,18830.493547605147,-101.3695,23.0796,25.0,D
1,18845.359572605146,-220.2977,23.0796,25.0,T
1,18845.419183206737,-216.3037,31.0796,25.0,D
1,18860.05669570674,-99.2036,31.0796,25.0,T
1,18860.113357010803,-96.3337,39.0796,25.0,D
1,18874.375219510803,-210.4286,39.0796,25.0,T
1,18874.45235947825,-202.0687,47.0796,25.0,D
1,18888.123759478254,-92.6975,47.0796,25.0,T
1,18888.184919340198,-88.2073,55.0796,25.0,D
1,18900.783994340196,-188.9999,55.0796,25.0,T
1,18900.842247317327,-185.4854,63.0796,25.0,D
1,18913.697172317326,-82.646,63.0796,25.0,T
1,18913.76730359968,-75.8149,71.0796,25.0,D
1,18927.11311609968,-182.5814,71.0796,25.0,T
1,18927.170728263227,-179.3132,79.0796,25.0,D
1,18941.15444076323,-67.4435,79.0796,25.0,T
1,18941.24355772716,-56.7341,87.0796,25.0,D
1,18956.09519522716,-175.5472,87.0796,25.0,T
1,18956.155552157237,-171.3085,95.0796,25.0,D
1,18972.322002157238,-41.9769,95.0796,25.0,T
1,18972.519875856884,-13.3943,103.0796,25.0,D
1,18991.671550856885,-166.6077,103.0796,25.0,T
1,18992.381846050517,-88.0731,175.0796,25.0,D
1,19014.400108550515,88.073,175.0796,25.0,T
1,19014.532842113284,69.8409,183.0796,25.0,D
1,19031.993079613283,-69.841,183.0796,25.0,T
1,19032.11159656484,-53.9652,191.0796,25.0,D
1,19045.60405906484,53.9745,191.0796,25.0,T
1,19045.665637753737,49.3573,199.0796,25.0,D
1,19057.999900253737,-49.3168,199.0796,25.0,T
1,19058.069254468555,-42.6666,207.0796,25.0,D
1,19068.743204468556,42.725,207.0796,25.0,T
1,19068.82717833337,32.9956,215.0796,25.0,D
1,19077.066715833367,-32.9207,215.0796,25.0,T
1,19077.198064398475,-14.9157,223.0796,25.0,D
1,19080.925176898472,14.9012,223.0796,25.0,T
1,19082.661913970678,-103.5967,-8.9204,25.0,D
1,19097.753188970677,-224.3269,-8.9204,25.0,T
1,19097.80791449348,-222.4871,-16.9204,25.0,D
1,19112.796276993482,-102.5802,-16.9204,25.0,T
1,19112.850738550827,-100.926,-24.9204,25.0,D
1,19127.675163550826,-219.5214,-24.9204,25.0,T
1,19127.736173253514,-215.0774,-32.9204,25.0,D
1,19142.295510753516,-98.6027,-32.9204,25.0,T
1,19142.35256519458,-95.5626,-40.9204,25.0,D
1,19156.51526519458,-208.8642,-40.9204,25.0,T
1,19156.596358894632,-199.701,-48.9204,25.0,D
1,19170.091771394633,-91.7377,-48.9204,25.0,T
1,19170.153641709472,-87.0336,-56.9204,25.0,D
1,19182.72040420947,-187.5677,-56.9204,25.0,T
1,19182.776697838413,-184.8655,-64.9204,25.0,D
1,19195.734960338414,-81.1994,-64.9204,25.0,T
1,19195.806531327147,-74.0402,-72.9204,25.0,D
1,19209.281643827147,-181.8411,-72.9204,25.0,T
1,19209.339579665317,-178.4466,-80.9204,25.0,D
1,19223.489267165318,-65.2491,-80.9204,25.0,T
1,19223.58250682879,-53.7771,-88.9204,25.0,D
1,19238.69208182879,-174.6537,-88.9204,25.0,T
1,19238.752773774075,-170.3087,-96.9204,25.0,D
1,19255.354498774075,-37.4949,-96.9204,25.0,T
1,19255.968673700525,-64.7574,-184.9204,25.0,D
1,19272.158023700522,64.7574,-184.9204,25.0,T
1,19272.252707401338,53.0223,-192.9204,25.0,D
1,19285.50828240134,-53.0223,-192.9204,25.0,T
1,19285.571272967212,-47.9948,-200.9204,25.0,D
1,19297.569972967212,47.9948,-200.9204,25.0,T
1,19297.641410738932,40.8656,-208.9204,25.0,D
1,19307.857810738933,-40.8656,-208.9204,25.0,T
1,19307.948046210553,-29.9475,-216.9204,25.0,D
1,19315.434933710552,29.9476,-216.9204,25.0,T
1,19315.622388158616,2.9915,-224.9204,25.0,D
1,19316.370263158613,-2.9915,-224.9204,25.0,T
1,19316.99893835265,-84.1625,-176.9204,25.0,D
1,19338.039563352653,84.1625,-176.9204,25.0,T
1,19347.831474196344,-1000.0,0.0,1000.0,W
1,20343.179375076226,-1000.0,0.0,1000.0,T
1,20351.47257533081,-224.9204,-2.9915,27.0,D
1,20352.22045033081,-224.9204,2.9915,27.0,T
1,20352.407904778873,-216.9204,29.9476,27.0,D
1,20359.894804778873,-216.9204,-29.9476,27.0,T
1,20359.985039712734,-208.9204,-40.8656,27.0,D
1,20370.201439712735,-208.9204,40.8656,27.0,T
1,20370.272877484455,-200.9204,47.9948,27.0,D
1,20382.271577484455,-200.9204,-47.9948,27.0,T
1,20382.334568050326,-192.9204,-53.0223,27.0,D
1,20395.590143050325,-192.9204,53.0223,27.0,T
1,20395.6848262003,-184.9204,64.7573,27.0,D
1,20411.8741637003,-184.9204,-64.7574,27.0,T
1,20412.014093509057,-176.9204,-84.1625,27.0,D
1,20433.054706009054,-176.9204,84.1624,27.0,T
1,20433.169147334458,-168.9204,99.3505,27.0,D
1,20458.00677233446,-168.9204,-99.3505,27.0,T
1,20458.10518054305,-160.9204,-111.7559,27.0,D
1,20486.04415554305,-160.9204,111.7559,27.0,T
1,20486.13331844615,-152.9204,122.4739,27.0,D
1,20516.75179344615,-152.9204,-122.4739,27.0,T
1,20516.833987502014,-144.9204,-131.8551,27.0,D
1,20549.797762502014,-144.9204,131.8551,27.0,T
1,20549.87458133871,-136.9204,140.1482,27.0,D
1,20584.911631338713,-136.9204,-140.1482,27.0,T
1,20584.984223890824,-128.9204,-147.5352,27.0,D
1,20621.868023890827,-128.9204,147.5352,27.0,T
1,20621.937235552945,-120.9204,154.1519,27.0,D
1,20660.475210552944,-120.9204,-154.1519,27.0,T
1,20660.54167735669,-112.9204,-160.1018,27.0,D
1,20700.567139856692,-112.9204,160.1019,27.0,T
1,20700.631353290555,-104.9204,165.4662,27.0,D
1,20741.997903290554,-104.9204,-165.4662,27.0,T
1,20742.060246357974,-96.9204,-170.3087,27.0,D
1,20758.661971357975,-96.9204,-37.4949,27.0,T
1,20758.782913959025,-88.9204,-53.7771,27.0,D
1,20773.892488959023,-88.9204,-174.6537,27.0,T
1,20773.951512905354,-80.9204,-178.4466,27.0,D
1,20788.101200405355,-80.9204,-65.2491,27.0,T
1,20788.18044221228,-72.9204,-74.0402,27.0,D
1,20801.65554221228,-72.9204,-181.841,27.0,T
1,20801.71255979251,-64.9204,-184.8655,27.0,D
1,20814.67080979251,-64.9204,-81.1995,27.0,T
1,20814.736818789475,-56.9204,-87.0336,27.0,D
1,20827.303581289478,-56.9204,-187.5677,27.0,T
1,20827.400469436267,-48.9204,-199.7009,27.0,D
1,20840.89585693627,-48.9204,-91.7378,27.0,T
1,20840.954972014282,-40.9204,-95.5625,27.0,D
1,20855.117684514284,-40.9204,-208.8642,27.0,T
1,20855.1852135547,-32.9204,-215.0774,27.0,D
1,20869.7445510547,-32.9204,-98.6027,27.0,T
1,20869.80008791849,-24.9204,-100.926,27.0,D
1,20884.62451291849,-24.9204,-219.5214,27.0,T
1,20884.681393056202,-16.9204,-222.4871,27.0,D
1,20899.669755556202,-16.9204,-102.5802,27.0,T
1,20899.723517695813,-8.9204,-103.5967,27.0,D
1,20914.81479269581,-8.9204,-224.3269,27.0,T
1,20914.86827259536,-0.9204,-224.9204,27.0,D
1,20929.98423509536,-0.9204,-103.9927,27.0,T
1,20930.037593229594,7.0796,-103.7487,27.0,D
1,20945.13290572959,7.0796,-224.5112,27.0,T
1,20945.187115412384,15.0796,-223.055,27.0,D
1,20960.209590412385,15.0796,-102.8752,27.0,T
1,20960.263860163523,23.0796,-101.3695,27.0,D
1,20975.12987266352,23.0796,-220.2976,27.0,T
1,20975.189482967333,31.0796,-216.3037,27.0,D
1,20989.826995467334,31.0796,-99.2036,27.0,T
1,20989.8836567714,39.0796,-96.3337,27.0,D
1,21004.1455192714,39.0796,-210.4286,27.0,T
1,21004.222659238847,47.0796,-202.0687,27.0,D
1,21017.894071738847,47.0796,-92.6974,27.0,T
1,21017.955231274493,55.0796,-88.2073,27.0,D
1,21030.554306274495,55.0796,-188.9999,27.0,T
1,21030.612559251625,63.0796,-185.4854,27.0,D
1,21043.467484251625,63.0796,-82.646,27.0,T
1,21043.537615966892,71.0796,-75.8148,27.0,D
1,21056.883440966893,71.0796,-182.5814,27.0,T
1,21056.94105313044,79.0796,-179.3132,27.0,D
1,21070.92476563044,79.0796,-67.4435,27.0,T
1,21071.013882594372,87.0796,-56.7341,27.0,D
1,21085.865520094372,87.0796,-175.5472,27.0,T
1,21087.413902094373,87.0796,56.7101,27.0,D
1,21102.268539594374,87.0796,175.5472,27.0,T
1,21102.3274869366,79.0796,179.3132,27.0,D
1,21116.3001369366,79.0796,67.532,27.0,T
1,21116.376884313027,71.0796,75.8102,27.0,D
1,21129.723284313026,71.0796,182.5814,27.0,T
1,21129.780022783612,63.0796,185.4854,27.0,D
1,21142.642097783613,63.0796,82.5888,27.0,T
1,21142.707055609688,55.0796,88.1511,27.0,D
1,21155.31318060969,55.0796,189.0001,27.0,T
1,21155.415668876183,47.0796,202.1278,27.0,D
1,21169.095118876183,47.0796,92.6922,27.0,T
1,21169.15376012735,39.0796,96.3491,27.0,D
1,21183.420522627348,39.0796,210.4832,27.0,T
1,21183.486343580855,31.0796,216.2693,27.0,D
1,21198.117543580855,31.0796,99.2197,27.0,T
1,21198.172775440522,23.0796,101.3732,27.0,D
1,21213.043487940522,23.0796,220.3389,27.0,T
1,21213.099783489826,15.0796,223.042,27.0,D
1,21228.122845989827,15.0796,102.8575,27.0,T
1,21228.17647741055,7.0796,103.7045,27.0,D
1,21243.279064910552,7.0796,224.5252,27.0,T
1,21243.332473876275,-0.9204,224.9514,27.0,D
1,21258.459948876276,-0.9204,103.9316,27.0,T
1,21258.51334470581,-8.9204,103.5442,27.0,D
1,21273.60806970581,-8.9204,224.302,27.0,T
1,21273.662739447354,-16.9204,222.4999,27.0,D
1,21288.65823944735,-16.9204,102.5359,27.0,T
1,21288.712693188194,-24.9204,100.8875,27.0,D
1,21303.544868188194,-24.9204,219.5449,27.0,T
1,21303.60593982613,-32.9204,215.0818,27.0,D
1,21318.17035232613,-32.9204,98.5665,27.0,T
1,21318.227413637796,-40.9204,95.5235,27.0,D
1,21332.393001137796,-40.9204,208.8482,27.0,T
1,21332.474064710063,-48.9204,199.691,27.0,D
1,21345.97440221006,-48.9204,91.6883,27.0,T
1,21346.036345639626,-56.9204,86.9626,27.0,D
1,21358.611983139624,-56.9204,187.5677,27.0,T
1,21358.668276768567,-64.9204,184.8655,27.0,D
1,21371.625301768567,-64.9204,81.2093,27.0,T
1,21371.6966748208,-72.9204,74.0947,27.0,D
1,21385.1649748208,-72.9204,181.8411,27.0,T
1,21385.22291065897,-80.9204,178.4466,27.0,D
1,21399.37888565897,-80.9204,65.1988,27.0,T
1,21399.471535656514,-88.9204,53.8348,27.0,D
1,21414.573898156512,-88.9204,174.6537,27.0,T
1,21414.634590101796,-96.9204,170.3087,27.0,D
1,21431.234827601795,-96.9204,37.5068,27.0,T
1,21440.088423290636,-1000.0,0.0,1000.0,W
1,21905.423549754876,-1000.0,0.0,1000.0,T
1,21913.706303546736,-224.9204,-0.9204,29.0,D
1,21928.822266046736,-103.9927,-0.9204,29.0,T
1,21928.87562418097,-103.7487,7.0796,29.0,D
1,21943.97093668097,-224.5112,7.0796,29.0,T
1,21944.02514636376,-223.055,15.0796,29.0,D
1,21959.047621363763,-102.8752,15.0796,29.0,T
1,21959.1018911149,-101.3695,23.0796,29.0,D
1,21973.9679161149,-220.2977,23.0796,29.0,T
1,21974.02752671649,-216.3037,31.0796,29.0,D
1,21988.665039216492,-99.2036,31.0796,29.0,T
1,21988.721700520557,-96.3337,39.0796,29.0,D
1,22002.983563020556,-210.4286,39.0796,29.0,T
1,22003.060702988005,-202.0687,47.0796,29.0,D
1,22016.732102988008,-92.6975,47.0796,29.0,T
1,22016.79326284995,-88.2073,55.0796,29.0,D
1,22029.39233784995,-188.9999,55.0796,29.0,T
1,22029.45059082708,-185.4854,63.0796,29.0,D
1,22042.30551582708,-82.646,63.0796,29.0,T
1,22042.375647109435,-75.8149,71.0796,29.0,D
1,22055.721459609435,-182.5814,71.0796,29.0,T
1,22055.77907177298,-179.3132,79.0796,29.0,D
1,22069.76278427298,-67.4435,79.0796,29.0,T
1,22069.851901236914,-56.7341,87.0796,29.0,D
1,22084.703538736914,-175.5472,87.0796,29.0,T
1,22084.76389566699,-171.3085,95.0796,29.0,D
1,22100.93034566699,-41.9769,95.0796,29.0,T
1,22101.128219366637,-13.3943,103.0796,29.0,D
1,22120.27989436664,-166.6077,103.0796,29.0,T
1,22120.99018956027,-88.0731,175.0796,29.0,D
1,22143.00845206027,88.073,175.0796,29.0,T
1,22143.141185623037,69.8409,183.0796,29.0,D
1,22160.601423123037,-69.841,183.0796,29.0,T
1,22160.719940074592,-53.9652,191.0796,29.0,D
1,22174.212402574594,53.9745,191.0796,29.0,T
1,22174.27398126349,49.3573,199.0796,29.0,D
1,22186.60824376349,-49.3168,199.0796,29.0,T
1,22186.67759797831,-42.6666,207.0796,29.0,D
1,22197.35154797831,42.725,207.0796,29.0,T
1,22197.435521843123,32.9956,215.0796,29.0,D
1,22205.67505934312,-32.9207,215.0796,29.0,T
1,22205.80640790823,-14.9157,223.0796,29.0,D
1,22209.533520408226,14.9012,223.0796,29.0,T
1,22211.27025748043,-103.5967,-8.9204,29.0,D
1,22226.36153248043,-224.3269,-8.9204,29.0,T
1,22226.416258003235,-222.4871,-16.9204,29.0,D
1,22241.404620503235,-102.5802,-16.9204,29.0,T
1,22241.45908206058,-100.926,-24.9204,29.0,D
1,22256.28350706058,-219.5214,-24.9204,29.0,T
1,22256.344516763267,-215.0774,-32.9204,29.0,D
1,22270.90385426327,-98.6027,-32.9204,29.0,T
1,22270.96090870433,-95.5626,-40.9204,29.0,D
1,22285.123608704333,-208.8642,-40.9204,29.0,T
1,22285.204702404386,-199.701,-48.9204,29.0,D
1,22298.700114904386,-91.7377,-48.9204,29.0,T
1,22298.761985219226,-87.0336,-56.9204,29.0,D
1,22311.328747719224,-187.5677,-56.9204,29.0,T
1,22311.385041348167,-184.8655,-64.9204,29.0,D
1,22324.343303848167,-81.1994,-64.9204,29.0,T
1,22324.4148748369,-74.0402,-72.9204,29.0,D
1,22337.8899873369,-181.8411,-72.9204,29.0,T
1,22337.94792317507,-178.4466,-80.9204,29.0,D
1,22352.09761067507,-65.2491,-80.9204,29.0,T
1,22352.190850338542,-53.7771,-88.9204,29.0,D
1,22367.300425338544,-174.6537,-88.9204,29.0,T
1,22367.36111728383,-170.3087,-96.9204,29.0,D
1,22383.96284228383,-37.4949,-96.9204,29.0,T
1,22384.57701721028,-64.7574,-184.9204,29.0,D
1,22400.766367210275,64.7574,-184.9204,29.0,T
1,22400.86105091109,53.0223,-192.9204,29.0,D
1,22414.116625911094,-53.0223,-192.9204,29.0,T
1,22414.179616476966,-47.9948,-200.9204,29.0,D
1,22426.178316476966,47.9948,-200.9204,29.0,T
1,22426.249754248685,40.8656,-208.9204,29.0,D
1,22436.466154248687,-40.8656,-208.9204,29.0,T
1,22436.556389720306,-29.9475,-216.9204,29.0,D
1,22444.043277220306,29.9476,-216.9204,29.0,T
1,22444.23073166837,2.9915,-224.9204,29.0,D
1,22444.978606668366,-2.9915,-224.9204,29.0,T
1,22445.607281862405,-84.1625,-176.9204,29.0,D
1,22466.647906862407,84.1625,-176.9204,29.0,T
1,22476.422136367346,-1000.0,0.0,1000.0,W
1,23471.692007308196,-1000.0,0.0,1000.0,T
1,23479.96436646494,-224.9204,-2.9915,31.0,D
1,23480.71224146494,-224.9204,2.9915,31.0,T
1,23480.899695913,-216.9204,29.9476,31.0,D
1,23488.386595913,-216.9204,-29.9476,31.0,T
1,23488.476830846863,-208.9204,-40.8656,31.0,D
1,23498.693230846864,-208.9204,40.8656,31.0,T
1,23498.764668618584,-200.9204,47.9948,31.0,D
1,23510.763368618584,-200.9204,-47.9948,31.0,T
1,23510.826359184455,-192.9204,-53.0223,31.0,D
1,23524.081934184454,-192.9204,53.0223,31.0,T
1,23524.17661733443,-184.9204,64.7573,31.0,D
1,23540.36595483443,-184.9204,-64.7574,31.0,T
1,23540.505884643186,-176.9204,-84.1625,31.0,D
1,23561.546497143183,-176.9204,84.1624,31.0,T
1,23561.660938468587,-168.9204,99.3505,31.0,D
1,23586.498563468587,-168.9204,-99.3505,31.0,T
1,23586.59697167718,-160.9204,-111.7559,31.0,D
1,23614.53594667718,-160.9204,111.7559,31.0,T
1,23614.62510958028,-152.9204,122.4739,31.0,D
1,23645.24358458028,-152.9204,-122.4739,31.0,T
1,23645.325778636143,-144.9204,-131.8551,31.0,D
1,23678.289553636143,-144.9204,131.8551,31.0,T
1,23678.36637247284,-136.9204,140.1482,31.0,D
1,23713.403422472842,-136.9204,-140.1482,31.0,T
1,23713.476015024953,-128.9204,-147.5352,31.0,D
1,23750.359815024956,-128.9204,147.5352,31.0,T
1,23750.429026687074,-120.9204,154.1519,31.0,D
1,23788.967001687073,-120.9204,-154.1519,31.0,T
1,23789.03346849082,-112.9204,-160.1018,31.0,D
1,23829.05893099082,-112.9204,160.1019,31.0,T
1,23829.123144424684,-104.9204,165.4662,31.0,D
1,23870.489694424683,-104.9204,-165.4662,31.0,T
1,23870.552037492103,-96.9204,-170.3087,31.0,D
1,23887.153762492104,-96.9204,-37.4949,31.0,T
1,23887.274705093154,-88.9204,-53.7771,31.0,D
1,23902.384280093152,-88.9204,-174.6537,31.0,T
1,23902.443304039483,-80.9204,-178.4466,31.0,D
1,23916.592991539485,-80.9204,-65.2491,31.0,T
1,23916.67223334641,-72.9204,-74.0402,31.0,D
1,23930.14733334641,-72.9204,-181.841,31.0,T
1,23930.20435092664,-64.9204,-184.8655,31.0,D
1,23943.16260092664,-64.9204,-81.1995,31.0,T
1,23943.228609923604,-56.9204,-87.0336,31.0,D
1,23955.795372423607,-56.9204,-187.5677,31.0,T
1,23955.892260570396,-48.9204,-199.7009,31.0,D
1,23969.3876480704,-48.9204,-91.7378,31.0,T
1,23969.44676314841,-40.9204,-95.5625,31.0,D
1,23983.609475648413,-40.9204,-208.8642,31.0,T
1,23983.67700468883,-32.9204,-215.0774,31.0,D
1,23998.23634218883,-32.9204,-98.6027,31.0,T
1,23998.29187905262,-24.9204,-100.926,31.0,D
1,24013.11630405262,-24.9204,-219.5214,31.0,T
1,24013.17318419033,-16.9204,-222.4871,31.0,D
1,24028.16154669033,-16.9204,-102.5802,31.0,T
1,24028.215308829942,-8.9204,-103.5967,31.0,D
1,24043.30658382994,-8.9204,-224.3269,31.0,T
1,24043.360063729488,-0.9204,-224.9204,31.0,D
1,24058.476026229488,-0.9204,-103.9927,31.0,T
1,24058.529384363723,7.0796,-103.7487,31.0,D
1,24073.62469686372,7.0796,-224.5112,31.0,T
1,24073.678906546513,15.0796,-223.055,31.0,D
1,24088.701381546514,15.0796,-102.8752,31.0,T
1,24088.75565129765,23.0796,-101.3695,31.0,D
1,24103.62166379765,23.0796,-220.2976,31.0,T
1,24103.681274101462,31.0796,-216.3037,31.0,D
1,24118.318786601463,31.0796,-99.2036,31.0,T
1,24118.375447905528,39.0796,-96.3337,31.0,D
1,24132.637310405527,39.0796,-210.4286,31.0,T
1,24132.714450372976,47.0796,-202.0687,31.0,D
1,24146.385862872976,47.0796,-92.6974,31.0,T
1,24146.44702240862,55.0796,-88.2073,31.0,D
1,24159.046097408624,55.0796,-188.9999,31.0,T
1,24159.104350385755,63.0796,-185.4854,31.0,D
1,24171.959275385754,63.0796,-82.646,31.0,T
1,24172.02940710102,71.0796,-75.8148,31.0,D
1,24185.37523210102,71.0796,-182.5814,31.0,T
1,24185.432844264567,79.0796,-179.3132,31.0,D
1,24199.41655676457,79.0796,-67.4435,31.0,T
1,24199.5056737285,87.0796,-56.7341,31.0,D
1,24214.3573112285,87.0796,-175.5472,31.0,T
1,24215.905693228502,87.0796,56.7101,31.0,D
1,24230.760330728503,87.0796,175.5472,31.0,T
1,24230.81927807073,79.0796,179.3132,31.0,D
1,24244.79192807073,79.0796,67.532,31.0,T
1,24244.868675447156,71.0796,75.8102,31.0,D
1,24258.215075447155,71.0796,182.5814,31.0,T
1,24258.27181391774,63.0796,185.4854,31.0,D
1,24271.133888917742,63.0796,82.5888,31.0,T
1,24271.198846743817,55.0796,88.1511,31.0,D
1,24283.80497174382,55.0796,189.0001,31.0,T
1,24283.907460010312,47.0796,202.1278,31.0,D
1,24297.586910010312,47.0796,92.6922,31.0,T
1,24297.645551261478,39.0796,96.3491,31.0,D
1,24311.912313761477,39.0796,210.4832,31.0,T
1,24311.978134714984,31.0796,216.2693,31.0,D
1,24326.609334714984,31.0796,99.2197,31.0,T
1,24326.66456657465,23.0796,101.3732,31.0,D
1,24341.53527907465,23.0796,220.3389,31.0,T
1,24341.591574623955,15.0796,223.042,31.0,D
1,24356.614637123956,15.0796,102.8575,31.0,T
1,24356.66826854468,7.0796,103.7045,31.0,D
1,24371.77085604468,7.0796,224.5252,31.0,T
1,24371.824265010404,-0.9204,224.9514,31.0,D
1,24386.951740010405,-0.9204,103.9316,31.0,T
1,24387.00513583994,-8.9204,103.5442,31.0,D
1,24402.09986083994,-8.9204,224.302,31.0,T
1,24402.154530581483,-16.9204,222.4999,31.0,D
1,24417.15003058148,-16.9204,102.5359,31.0,T
1,24417.204484322323,-24.9204,100.8875,31.0,D
1,24432.036659322323,-24.9204,219.5449,31.0,T
1,24432.09773096026,-32.9204,215.0818,31.0,D
1,24446.66214346026,-32.9204,98.5665,31.0,T
1,24446.719204771925,-40.9204,95.5235,31.0,D
1,24460.884792271925,-40.9204,208.8482,31.0,T
1,24460.96585584419,-48.9204,199.691,31.0,D
1,24474.46619334419,-48.9204,91.6883,31.0,T
1,24474.528136773755,-56.9204,86.9626,31.0,D
1,24487.103774273754,-56.9204,187.5677,31.0,T
1,24487.160067902696,-64.9204,184.8655,31.0,D
1,24500.117092902696,-64.9204,81.2093,31.0,T
1,24500.18846595493,-72.9204,74.0947,31.0,D
1,24513.65676595493,-72.9204,181.8411,31.0,T
1,24513.7147017931,-80.9204,178.4466,31.0,D
1,24527.8706767931,-80.9204,65.1988,31.0,T
1,24527.963326790643,-88.9204,53.8348,31.0,D
1,24543.06568929064,-88.9204,174.6537,31.0,T
1,24543.126381235925,-96.9204,170.3087,31.0,D
1,24559.726618735924,-96.9204,37.5068,31.0,T
1,24568.560695494532,-1000.0,0.0,1000.0,W
1,25033.814884270156,-1000.0,0.0,1000.0,T
1,25042.076813647924,-224.9204,-0.9204,33.0,D
1,25057.192776147924,-103.9927,-0.9204,33.0,T
1,25057.24613428216,-103.7487,7.0796,33.0,D
1,25072.341446782157,-224.5112,7.0796,33.0,T
1,25072.39565646495,-223.055,15.0796,33.0,D
1,25087.41813146495,-102.8752,15.0796,33.0,T
1,25087.472401216088,-101.3695,23.0796,33.0,D
1,25102.338426216087,-220.2977,23.0796,33.0,T
1,25102.398036817678,-216.3037,31.0796,33.0,D
1,25117.03554931768,-99.2036,31.0796,33.0,T
1,25117.092210621744,-96.3337,39.0796,33.0,D
1,25131.354073121744,-210.4286,39.0796,33.0,T
1,25131.431213089192,-202.0687,47.0796,33.0,D
1,25145.102613089195,-92.6975,47.0796,33.0,T
1,25145.16377295114,-88.2073,55.0796,33.0,D
1,25157.762847951137,-188.9999,55.0796,33.0,T
1,25157.821100928268,-185.4854,63.0796,33.0,D
1,25170.676025928267,-82.646,63.0796,33.0,T
1,25170.746157210622,-75.8149,71.0796,33.0,D
1,25184.091969710622,-182.5814,71.0796,33.0,T
1,25184.149581874168,-179.3132,79.0796,33.0,D
1,25198.13329437417,-67.4435,79.0796,33.0,T
1,25198.2224113381,-56.7341,87.0796,33.0,D
1,25213.0740488381,-175.5472,87.0796,33.0,T
1,25213.134405768178,-171.3085,95.0796,33.0,D
1,25229.30085576818,-41.9769,95.0796,33.0,T
1,25229.498729467825,-13.3943,103.0796,33.0,D
1,25248.650404467826,-166.6077,103.0796,33.0,T
1,25249.360699661458,-88.0731,175.0796,33.0,D
1,25271.378962161456,88.073,175.0796,33.0,T
1,25271.511695724224,69.8409,183.0796,33.0,D
1,25288.971933224224,-69.841,183.0796,33.0,T
1,25289.09045017578,-53.9652,191.0796,33.0,D
1,25302.58291267578,53.9745,191.0796,33.0,T
1,25302.644491364677,49.3573,199.0796,33.0,D
1,25314.978753864678,-49.3168,199.0796,33.0,T
1,25315.048108079496,-42.6666,207.0796,33.0,D
1,25325.722058079496,42.725,207.0796,33.0,T
1,25325.80603194431,32.9956,215.0796,33.0,D
1,25334.045569444308,-32.9207,215.0796,33.0,T
1,25334.176918009416,-14.9157,223.0796,33.0,D
1,25337.904030509413,14.9012,223.0796,33.0,T
1,25339.64076758162,-103.5967,-8.9204,33.0,D
1,25354.732042581618,-224.3269,-8.9204,33.0,T
1,25354.786768104423,-222.4871,-16.9204,33.0,D
1,25369.775130604423,-102.5802,-16.9204,33.0,T
1,25369.82959216177,-100.926,-24.9204,33.0,D
1,25384.654017161767,-219.5214,-24.9204,33.0,T
1,25384.715026864455,-215.0774,-32.9204,33.0,D
1,25399.274364364457,-98.6027,-32.9204,33.0,T
1,25399.33141880552,-95.5626,-40.9204,33.0,D
1,25413.49411880552,-208.8642,-40.9204,33.0,T
1,25413.575212505573,-199.701,-48.9204,33.0,D
1,25427.070625005574,-91.7377,-48.9204,33.0,T
1,25427.132495320413,-87.0336,-56.9204,33.0,D
1,25439.69925782041,-187.5677,-56.9204,33.0,T
1,25439.755551449354,-184.8655,-64.9204,33.0,D
1,25452.713813949355,-81.1994,-64.9204,33.0,T
1,25452.785384938088,-74.0402,-72.9204,33.0,D
1,25466.26049743809,-181.8411,-72.9204,33.0,T
1,25466.318433276258,-178.4466,-80.9204,33.0,D
1,25480.46812077626,-65.2491,-80.9204,33.0,T
1,25480.56136043973,-53.7771,-88.9204,33.0,D
1,25495.67093543973,-174.6537,-88.9204,33.0,T
1,25495.731627385016,-170.3087,-96.9204,33.0,D
1,25512.333352385016,-37.4949,-96.9204,33.0,T
1,25512.947527311466,-64.7574,-184.9204,33.0,D
1,25529.136877311463,64.7574,-184.9204,33.0,T
1,25529.23156101228,53.0223,-192.9204,33.0,D
1,25542.48713601228,-53.0223,-192.9204,33.0,T
1,25542.550126578153,-47.9948,-200.9204,33.0,D
1,25554.548826578153,47.9948,-200.9204,33.0,T
1,25554.620264349873,40.8656,-208.9204,33.0,D
1,25564.836664349874,-40.8656,-208.9204,33.0,T
1,25564.926899821494,-29.9475,-216.9204,33.0,D
1,25572.413787321493,29.9476,-216.9204,33.0,T
1,25572.601241769557,2.9915,-224.9204,33.0,D
1,25573.349116769554,-2.9915,-224.9204,33.0,T
1,25573.977791963593,-84.1625,-176.9204,33.0,D
1,25595.018416963594,84.1625,-176.9204,33.0,T
1,25604.77500597215,-1000.0,0.0,1000.0,W
1,26599.966995091683,-1000.0,0.0,1000.0,T
1,26608.218546690983,-224.9204,-2.9915,35.0,D
1,26608.966421690984,-224.9204,2.9915,35.0,T
1,26609.153876139047,-216.9204,29.9476,35.0,D
1,26616.640776139047,-216.9204,-29.9476,35.0,T
1,26616.73101107291,-208.9204,-40.8656,35.0,D
1,26626.94741107291,-208.9204,40.8656,35.0,T
1,26627.018848401094,-200.9204,47.9947,35.0,D
1,26639.017548401094,-200.9204,-47.9949,35.0,T
1,26639.08053861224,-192.9204,-53.0223,35.0,D
1,26652.33611361224,-192.9204,53.0223,35.0,T
1,26652.430797863904,-184.9204,64.7575,35.0,D
1,26668.6201478639,-184.9204,-64.7573,35.0,T
1,26668.760077672658,-176.9204,-84.1624,35.0,D
1,26689.800702672655,-176.9204,84.1626,35.0,T
1,26689.915142818372,-168.9204,99.3505,35.0,D
1,26714.752780318373,-168.9204,-99.3506,35.0,T
1,26714.851188526965,-160.9204,-111.756,35.0,D
1,26742.790176026963,-160.9204,111.7559,35.0,T
1,26742.879338930063,-152.9204,122.4739,35.0,D
1,26773.497813930062,-152.9204,-122.4739,35.0,T
1,26773.580007985925,-144.9204,-131.8551,35.0,D
1,26806.54377048593,-144.9204,131.855,35.0,T
1,26806.62059076206,-136.9204,140.1484,35.0,D
1,26841.65769076206,-136.9204,-140.1484,35.0,T
1,26841.730282409648,-128.9204,-147.5352,35.0,D
1,26878.614082409647,-128.9204,147.5352,35.0,T
1,26878.68329364687,-120.9204,154.1518,35.0,D
1,26917.221243646873,-120.9204,-154.1518,35.0,T
1,26917.287710848475,-112.9204,-160.1018,35.0,D
1,26957.313173348477,-112.9204,160.1019,35.0,T
1,26957.37738678234,-104.9204,165.4662,35.0,D
1,26998.74392428234,-104.9204,-165.4661,35.0,T
1,26998.806268040214,-96.9204,-170.3088,35.0,D
1,27015.408005540216,-96.9204,-37.4949,35.0,T
1,27015.528948141266,-88.9204,-53.7771,35.0,D
1,27030.638523141264,-88.9204,-174.6537,35.0,T
1,27030.697547373198,-80.9204,-178.4467,35.0,D
1,27044.8472348732,-80.9204,-65.2492,35.0,T
1,27044.926476187058,-72.9204,-74.0402,35.0,D
1,27058.40158868706,-72.9204,-181.8411,35.0,T
1,27058.45860626729,-64.9204,-184.8656,35.0,D
1,27071.41686876729,-64.9204,-81.1995,35.0,T
1,27071.482877764254,-56.9204,-87.0336,35.0,D
1,27084.049640264257,-56.9204,-187.5677,35.0,T
1,27084.14652896762,-48.9204,-199.701,35.0,D
1,27097.64194146762,-48.9204,-91.7377,35.0,T
1,27097.70105712075,-40.9204,-95.5626,35.0,D
1,27111.86375712075,-40.9204,-208.8642,35.0,T
1,27111.93128616117,-32.9204,-215.0774,35.0,D
1,27126.490623661168,-32.9204,-98.6027,35.0,T
1,27126.54616052496,-24.9204,-100.926,35.0,D
1,27141.370585524957,-24.9204,-219.5214,35.0,T
1,27141.42746566267,-16.9204,-222.4871,35.0,D
1,27156.41582816267,-16.9204,-102.5802,35.0,T
1,27156.46959030228,-8.9204,-103.5967,35.0,D
1,27171.56086530228,-8.9204,-224.3269,35.0,T
1,27171.614345201826,-0.9204,-224.9204,35.0,D
1,27186.730307701826,-0.9204,-103.9927,35.0,T
1,27186.78366583606,7.0796,-103.7487,35.0,D
1,27201.87897833606,7.0796,-224.5112,35.0,T
1,27201.933187899467,15.0796,-223.0551,35.0,D
1,27216.955675399466,15.0796,-102.8752,35.0,T
1,27217.009945150603,23.0796,-101.3695,35.0,D
1,27231.875970150602,23.0796,-220.2977,35.0,T
1,27231.935580752193,31.0796,-216.3037,35.0,D
1,27246.573093252195,31.0796,-99.2036,35.0,T
1,27246.629754331152,39.0796,-96.3338,35.0,D
1,27260.89161683115,39.0796,-210.4287,35.0,T
1,27260.96875728026,47.0796,-202.0687,35.0,D
1,27274.64015728026,47.0796,-92.6975,35.0,T
1,27274.701317142204,55.0796,-88.2073,35.0,D
1,27287.300392142202,55.0796,-188.9999,35.0,T
1,27287.358645119333,63.0796,-185.4854,35.0,D
1,27300.213570119333,63.0796,-82.646,35.0,T
1,27300.2837018346,71.0796,-75.8148,35.0,D
1,27313.6295268346,71.0796,-182.5814,35.0,T
1,27313.687139250273,79.0796,-179.3131,35.0,D
1,27327.670839250273,79.0796,-67.4435,35.0,T
1,27327.759956214206,87.0796,-56.7341,35.0,D
1,27342.611593714206,87.0796,-175.5472,35.0,T
1,27344.159974380873,87.0796,56.7099,35.0,D
1,27359.01463688087,87.0796,175.5472,35.0,T
1,27359.073584223097,79.0796,179.3132,35.0,D
1,27373.046234223097,79.0796,67.532,35.0,T
1,27373.122981120134,71.0796,75.8101,35.0,D
1,27386.469406120133,71.0796,182.5815,35.0,T
1,27386.526144363248,63.0796,185.4854,35.0,D
1,27399.388231863246,63.0796,82.5887,35.0,T
1,27399.4531900699,55.0796,88.1511,35.0,D
1,27412.0593150699,55.0796,189.0001,35.0,T
1,27412.161725354974,47.0796,202.1141,35.0,D
1,27425.839462854972,47.0796,92.6922,35.0,T
1,27425.898104106138,39.0796,96.3491,35.0,D
1,27440.161341606137,39.0796,210.455,35.0,T
1,27440.227173500876,31.0796,216.2439,35.0,D
1,27454.855211000875,31.0796,99.2196,35.0,T
1,27454.910443033834,23.0796,101.3732,35.0,D
1,27469.781480533835,23.0796,220.3415,35.0,T
1,27469.837728034618,15.0796,223.022,35.0,D
1,27484.85829053462,15.0796,102.8575,35.0,T
1,27484.911921955343,7.0796,103.7045,35.0,D
1,27500.012146955345,7.0796,224.5063,35.0,T
1,27500.065566139085,-0.9204,224.9604,35.0,D
1,27515.194166139085,-0.9204,103.9316,35.0,T
1,27515.24756196862,-8.9204,103.5442,35.0,D
1,27530.34031196862,-8.9204,224.2862,35.0,T
1,27530.394980391942,-16.9204,222.485,35.0,D
1,27545.388617891942,-16.9204,102.5359,35.0,T
1,27545.443071632784,-24.9204,100.8875,35.0,D
1,27560.27679663278,-24.9204,219.5573,35.0,T
1,27560.3379480128,-32.9204,215.0697,35.0,D
1,27574.9008480128,-32.9204,98.5665,35.0,T
1,27574.957909324465,-40.9204,95.5235,35.0,D
1,27589.122234324463,-40.9204,208.8381,35.0,T
1,27589.203281330087,-48.9204,199.6842,35.0,D
1,27602.702768830084,-48.9204,91.6883,35.0,T
1,27602.76471225965,-56.9204,86.9626,35.0,D
1,27615.34034975965,-56.9204,187.5677,35.0,T
1,27615.39664338859,-64.9204,184.8655,35.0,D
1,27628.35366838859,-64.9204,81.2093,35.0,T
1,27628.425040997794,-72.9204,74.0948,35.0,D
1,27641.893328497794,-72.9204,181.8411,35.0,T
1,27641.95126459637,-80.9204,178.4465,35.0,D
1,27656.10722709637,-80.9204,65.1988,35.0,T
1,27656.199877093914,-88.9204,53.8348,35.0,D
1,27671.30222709391,-88.9204,174.6536,35.0,T
1,27671.36291840284,-96.9204,170.3088,35.0,D
1,27687.96320590284,-96.9204,37.5065,35.0,T
1,27696.777801126365,-1000.0,0.0,1000.0,W
1,28161.940527927214,-1000.0,0.0,1000.0,T
1,28170.181666558015,-224.9204,-0.9204,37.0,D
1,28185.297629058015,-103.9927,-0.9204,37.0,T
1,28185.35098719225,-103.7487,7.0796,37.0,D
1,28200.44629969225,-224.5112,7.0796,37.0,T
1,28200.500509255657,-223.0551,15.0796,37.0,D
1,28215.522996755655,-102.8752,15.0796,37.0,T
1,28215.577266506793,-101.3695,23.0796,37.0,D
1,28230.443291506792,-220.2977,23.0796,37.0,T
1,28230.502902406173,-216.3036,31.0796,37.0,D
1,28245.14040240617,-99.2036,31.0796,37.0,T
1,28245.197063485128,-96.3338,39.0796,37.0,D
1,28259.458913485127,-210.4286,39.0796,37.0,T
1,28259.536053452575,-202.0687,47.0796,37.0,D
1,28273.20745345258,-92.6975,47.0796,37.0,T
1,28273.26861331452,-88.2073,55.0796,37.0,D
1,28285.86768831452,-188.9999,55.0796,37.0,T
1,28285.92594129165,-185.4854,63.0796,37.0,D
1,28298.78086629165,-82.646,63.0796,37.0,T
1,28298.850997574005,-75.8149,71.0796,37.0,D
1,28312.196822574006,-182.5815,71.0796,37.0,T
1,28312.254434989678,-179.3132,79.0796,37.0,D
1,28326.238122489678,-67.4437,79.0796,37.0,T
1,28326.327240521812,-56.7341,87.0796,37.0,D
1,28341.17886552181,-175.5471,87.0796,37.0,T
1,28341.23922213977,-171.3085,95.0796,37.0,D
1,28357.405672139772,-41.9769,95.0796,37.0,T
1,28357.603546481412,-13.3942,103.0796,37.0,D
1,28376.755233981414,-166.6077,103.0796,37.0,T
1,28377.465529175046,-88.0731,175.0796,37.0,D
1,28399.483779175047,88.0729,175.0796,37.0,T
1,28399.61651151685,69.841,183.0796,37.0,D
1,28417.076761516848,-69.841,183.0796,37.0,T
1,28417.195287398747,-53.9637,191.0796,37.0,D
1,28430.687562398747,53.9745,191.0796,37.0,T
1,28430.749083849387,49.3745,199.0796,37.0,D
1,28443.084946349387,-49.3124,199.0796,37.0,T
1,28443.154324009094,-42.6567,207.0796,37.0,D
1,28453.829324009093,42.7433,207.0796,37.0,T
1,28453.913198015132,33.0333,215.0796,37.0,D
1,28462.155160515133,-32.9024,215.0796,37.0,T
1,28462.286705282982,-14.8652,223.0796,37.0,D
1,28465.99660528298,14.814,223.0796,37.0,T
1,28467.73307800247,-103.5967,-8.9204,37.0,D
1,28482.82435300247,-224.3269,-8.9204,37.0,T
1,28482.879078674694,-222.487,-16.9204,37.0,D
1,28497.867428674694,-102.5802,-16.9204,37.0,T
1,28497.92189023204,-100.926,-24.9204,37.0,D
1,28512.74632773204,-219.5215,-24.9204,37.0,T
1,28512.807337758466,-215.0774,-32.9204,37.0,D
1,28527.36667525847,-98.6027,-32.9204,37.0,T
1,28527.423729936352,-95.5625,-40.9204,37.0,D
1,28541.586442436354,-208.8642,-40.9204,37.0,T
1,28541.667537140813,-199.7008,-48.9204,37.0,D
1,28555.162924640816,-91.7377,-48.9204,37.0,T
1,28555.224794955655,-87.0336,-56.9204,37.0,D
1,28567.791557455654,-187.5677,-56.9204,37.0,T
1,28567.847851084596,-184.8655,-64.9204,37.0,D
1,28580.806113584596,-81.1994,-64.9204,37.0,T
1,28580.87768501791,-74.0401,-72.9204,37.0,D
1,28594.352810017906,-181.8411,-72.9204,37.0,T
1,28594.410745856076,-178.4466,-80.9204,37.0,D
1,28608.560433356077,-65.2491,-80.9204,37.0,T
1,28608.653673019548,-53.7771,-88.9204,37.0,D
1,28623.76324801955,-174.6537,-88.9204,37.0,T
1,28623.823939646652,-170.3088,-96.9204,37.0,D
1,28640.425689646654,-37.4948,-96.9204,37.0,T
1,28641.03986496767,-64.7575,-184.9204,37.0,D
1,28657.229214967672,64.7573,-184.9204,37.0,T
1,28657.323898117647,53.0223,-192.9204,37.0,D
1,28670.579473117647,-53.0223,-192.9204,37.0,T
1,28670.642463683518,-47.9948,-200.9204,37.0,D
1,28682.64117618352,47.9949,-200.9204,37.0,T
1,28682.71261439878,40.8656,-208.9204,37.0,D
1,28692.92901439878,-40.8656,-208.9204,37.0,T
1,28693.0192498704,-29.9475,-216.9204,37.0,D
1,28700.506137370397,29.9476,-216.9204,37.0,T
1,28700.69359181846,2.9915,-224.9204,37.0,D
1,28701.441466818458,-2.9915,-224.9204,37.0,T
1,28702.070142012497,-84.1625,-176.9204,37.0,D
1,28723.110779512495,84.1626,-176.9204,37.0,T
1,28732.84976958374,-1000.0,0.0,1000.0,W
1,29727.94318914735,-1000.0,0.0,1000.0,T
1,29736.173966983977,-224.9204,-2.9915,39.0,D
1,29736.921841983978,-224.9204,2.9915,39.0,T
1,29737.10929643204,-216.9204,29.9476,39.0,D
1,29744.59619643204,-216.9204,-29.9476,39.0,T
1,29744.686431365903,-208.9204,-40.8656,39.0,D
1,29754.902831365904,-208.9204,40.8656,39.0,T
1,29754.974268694088,-200.9204,47.9947,39.0,D
1,29766.97296869409,-200.9204,-47.9949,39.0,T
1,29767.035958905235,-192.9204,-53.0223,39.0,D
1,29780.291533905234,-192.9204,53.0223,39.0,T
1,29780.3862181569,-184.9204,64.7575,39.0,D
1,29796.575568156895,-184.9204,-64.7573,39.0,T
1,29796.71549796565,-176.9204,-84.1624,39.0,D
1,29817.75612296565,-176.9204,84.1626,39.0,T
1,29817.870563111366,-168.9204,99.3505,39.0,D
1,29842.708200611367,-168.9204,-99.3506,39.0,T
1,29842.80660881996,-160.9204,-111.756,39.0,D
1,29870.745596319957,-160.9204,111.7559,39.0,T
1,29870.834759223057,-152.9204,122.4739,39.0,D
1,29901.453234223056,-152.9204,-122.4739,39.0,T
1,29901.53542827892,-144.9204,-131.8551,39.0,D
1,29934.499190778923,-144.9204,131.855,39.0,T
1,29934.576011055055,-136.9204,140.1484,39.0,D
1,29969.613111055052,-136.9204,-140.1484,39.0,T
1,29969.68570270264,-128.9204,-147.5352,39.0,D
1,30006.56950270264,-128.9204,147.5352,39.0,T
1,30006.638713939865,-120.9204,154.1518,39.0,D
1,30045.176663939867,-120.9204,-154.1518,39.0,T
1,30045.24313114147,-112.9204,-160.1018,39.0,D
1,30085.26859364147,-112.9204,160.1019,39.0,T
1,30085.332807075334,-104.9204,165.4662,39.0,D
1,30126.699344575332,-104.9204,-165.4661,39.0,T
1,30126.76168833321,-96.9204,-170.3088,39.0,D
1,30143.36342583321,-96.9204,-37.4949,39.0,T
1,30143.48436843426,-88.9204,-53.7771,39.0,D
1,30158.593943434258,-88.9204,-174.6537,39.0,T
1,30158.652967666192,-80.9204,-178.4467,39.0,D
1,30172.802655166193,-80.9204,-65.2492,39.0,T
1,30172.881896480052,-72.9204,-74.0402,39.0,D
1,30186.357008980052,-72.9204,-181.8411,39.0,T
1,30186.414026560284,-64.9204,-184.8656,39.0,D
1,30199.372289060284,-64.9204,-81.1995,39.0,T
1,30199.438298057248,-56.9204,-87.0336,39.0,D
1,30212.00506055725,-56.9204,-187.5677,39.0,T
1,30212.101949260614,-48.9204,-199.701,39.0,D
1,30225.597361760614,-48.9204,-91.7377,39.0,T
1,30225.656477413744,-40.9204,-95.5626,39.0,D
1,30239.819177413745,-40.9204,-208.8642,39.0,T
1,30239.886706454163,-32.9204,-215.0774,39.0,D
1,30254.44604395416,-32.9204,-98.6027,39.0,T
1,30254.501580817952,-24.9204,-100.926,39.0,D
1,30269.32600581795,-24.9204,-219.5214,39.0,T
1,30269.382885955663,-16.9204,-222.4871,39.0,D
1,30284.371248455664,-16.9204,-102.5802,39.0,T
1,30284.425010595274,-8.9204,-103.5967,39.0,D
1,30299.516285595273,-8.9204,-224.3269,39.0,T
1,30299.56976549482,-0.9204,-224.9204,39.0,D
1,30314.68572799482,-0.9204,-103.9927,39.0,T
1,30314.739086129055,7.0796,-103.7487,39.0,D
1,30329.834398629053,7.0796,-224.5112,39.0,T
1,30329.88860819246,15.0796,-223.0551,39.0,D
1,30344.91109569246,15.0796,-102.8752,39.0,T
1,30344.965365443597,23.0796,-101.3695,39.0,D
1,30359.831390443596,23.0796,-220.2977,39.0,T
1,30359.891001045187,31.0796,-216.3037,39.0,D
1,30374.52851354519,31.0796,-99.2036,39.0,T
1,30374.585174624146,39.0796,-96.3338,39.0,D
1,30388.847037124146,39.0796,-210.4287,39.0,T
1,30388.924177573255,47.0796,-202.0687,39.0,D
1,30402.595577573255,47.0796,-92.6975,39.0,T
1,30402.656737435198,55.0796,-88.2073,39.0,D
1,30415.255812435196,55.0796,-188.9999,39.0,T
1,30415.314065412327,63.0796,-185.4854,39.0,D
1,30428.168990412327,63.0796,-82.646,39.0,T
1,30428.239122127594,71.0796,-75.8148,39.0,D
1,30441.584947127594,71.0796,-182.5814,39.0,T
1,30441.642559543267,79.0796,-179.3131,39.0,D
1,30455.626259543267,79.0796,-67.4435,39.0,T
1,30455.7153765072,87.0796,-56.7341,39.0,D
1,30470.5670140072,87.0796,-175.5472,39.0,T
1,30472.115394673867,87.0796,56.7099,39.0,D
1,30486.970057173865,87.0796,175.5472,39.0,T
1,30487.02900451609,79.0796,179.3132,39.0,D
1,30501.00165451609,79.0796,67.532,39.0,T
1,30501.078401413128,71.0796,75.8101,39.0,D
1,30514.424826413127,71.0796,182.5815,39.0,T
1,30514.481564656242,63.0796,185.4854,39.0,D
1,30527.34365215624,63.0796,82.5887,39.0,T
1,30527.408610362894,55.0796,88.1511,39.0,D
1,30540.014735362893,55.0796,189.0001,39.0,T
1,30540.117145647968,47.0796,202.1141,39.0,D
1,30553.794883147966,47.0796,92.6922,39.0,T
1,30553.853524399132,39.0796,96.3491,39.0,D
1,30568.11676189913,39.0796,210.455,39.0,T
1,30568.18259379387,31.0796,216.2439,39.0,D
1,30582.81063129387,31.0796,99.2196,39.0,T
1,30582.865863326828,23.0796,101.3732,39.0,D
1,30597.73690082683,23.0796,220.3415,39.0,T
1,30597.79314832761,15.0796,223.022,39.0,D
1,30612.813710827613,15.0796,102.8575,39.0,T
1,30612.867342248337,7.0796,103.7045,39.0,D
1,30627.96756724834,7.0796,224.5063,39.0,T
1,30628.02098643208,-0.9204,224.9604,39.0,D
1,30643.14958643208,-0.9204,103.9316,39.0,T
1,30643.202982261613,-8.9204,103.5442,39.0,D
1,30658.295732261613,-8.9204,224.2862,39.0,T
1,30658.350400684936,-16.9204,222.485,39.0,D
1,30673.344038184936,-16.9204,102.5359,39.0,T
1,30673.39849192578,-24.9204,100.8875,39.0,D
1,30688.232216925775,-24.9204,219.5573,39.0,T
1,30688.293368305793,-32.9204,215.0697,39.0,D
1,30702.856268305793,-32.9204,98.5665,39.0,T
1,30702.91332961746,-40.9204,95.5235,39.0,D
1,30717.077654617457,-40.9204,208.8381,39.0,T
1,30717.15870162308,-48.9204,199.6842,39.0,D
1,30730.658189123078,-48.9204,91.6883,39.0,T
1,30730.720132552644,-56.9204,86.9626,39.0,D
1,30743.295770052642,-56.9204,187.5677,39.0,T
1,30743.352063681585,-64.9204,184.8655,39.0,D
1,30756.309088681584,-64.9204,81.2093,39.0,T
1,30756.380461290788,-72.9204,74.0948,39.0,D
1,30769.848748790788,-72.9204,181.8411,39.0,T
1,30769.906684889364,-80.9204,178.4465,39.0,D
1,30784.062647389364,-80.9204,65.1988,39.0,T
1,30784.155297386907,-88.9204,53.8348,39.0,D
1,30799.257647386905,-88.9204,174.6536,39.0,T
1,30799.318338695834,-96.9204,170.3088,39.0,D
1,30815.918626195835,-96.9204,37.5065,39.0,T
1,30824.71377764164,-1000.0,0.0,1000.0,W
1,31289.79585041166,-1000.0,0.0,1000.0,T
1,31298.014554498197,-225.3214,-1.3214000000000112,41.0,D
1,31301.617438174508,-196.49833058952586,-1.3214000000000112,41.0,T
1,31301.670928804666,-195.8834573690883,6.678599999999989,41.0,D
1,31305.304783015763,-224.9542910578694,6.678599999999989,41.0,T
1,31305.35890442117,-223.57394806871955,14.678599999999989,41.0,D
1,31309.190067738135,-192.9246415329817,14.678599999999989,41.0,T
1,31309.256613658195,-186.95487702965838,22.67859999999999,41.0,D
1,31313.49996921832,-220.90172151065474,22.67859999999999,41.0,T
1,31313.55937074533,-216.9784344003267,30.67859999999999,41.0,D
1,31319.1495893344,-172.25668568775433,30.67859999999999,41.0,T
1,31319.246267265153,-157.7549960746264,30.67859999999999,41.0,D
1,31324.83286883204,-113.06218353952913,30.67859999999999,41.0,T
1,31324.892581574804,-109.03400006685548,22.67859999999999,41.0,D
1,31329.141934095045,-143.0288202287937,22.67859999999999,41.0,T
1,31329.208629527446,-137.02163154980687,14.678599999999989,41.0,D
1,31333.02505264965,-106.49024657218388,14.678599999999989,41.0,T
1,31333.07927531349,-105.02321260477105,6.678599999999989,41.0,D
1,31336.723544048513,-134.17736248496794,6.678599999999989,41.0,T
1,31336.77706482273,-133.50605879740203,-1.3214000000000112,41.0,D
1,31340.383785340597,-104.65229465447115,-1.3214000000000112,41.0,T
1,31340.437352594243,-105.40238792736108,-9.321400000000011,41.0,D
1,31344.115011124217,-134.82365616717397,-9.321400000000011,41.0,T
1,31344.173967548377,-138.59285354456645,-17.32140000000001,41.0,D
1,31348.100359038395,-107.18172162441736,-17.32140000000001,41.0,T
1,31348.157440025465,-110.23301305751421,-25.32140000000001,41.0,D
1,31352.650629550924,-146.1785292611927,-25.32140000000001,41.0,T
1,31352.84259421491,-130.2683210615275,-49.32140000000001,41.0,D
1,31361.536495693057,-199.8195328866719,-49.32140000000001,41.0,T
1,31361.617814924095,-209.02759403317918,-41.32140000000001,41.0,D
1,31372.61461510327,-121.0531925997778,-41.32140000000001,41.0,T
1,31372.68278914596,-114.68347893467403,-33.32140000000001,41.0,D
1,31385.258545889574,-215.28953288359386,-33.32140000000001,41.0,T
1,31385.31973149467,-219.7876170423084,-25.32140000000001,41.0,D
1,31389.822194473945,-183.76791320811114,-25.32140000000001,41.0,T
1,31389.895817005905,-191.380812608161,-17.32140000000001,41.0,D
1,31393.821106169897,-222.78312592007666,-17.32140000000001,41.0,T
1,31393.87588381421,-224.65750104766775,-9.321400000000011,41.0,D
1,31397.568235506973,-195.11868750556286,-9.321400000000011,41.0,T
1,31397.896726817486,-183.98777674579816,-57.32140000000001,41.0,D
1,31402.619146863406,-146.20841637842165,-57.32140000000001,41.0,T
1,31403.284999552332,-118.64765486099414,38.67859999999999,41.0,D
1,31414.865087720893,-211.2883602094829,38.67859999999999,41.0,T
1,31414.94086139584,-203.21450605917332,46.67859999999999,41.0,D
1,31424.50662406355,-126.68840471749039,46.67859999999999,41.0,T
1,31424.607495484728,-139.53124245802994,54.67859999999999,41.0,D
1,31430.986710596902,-190.56496335543702,54.67859999999999,41.0,T
1,31432.052470691302,-52.157943940388535,134.6786,41.0,D
1,31437.48207698535,-8.721093587996293,134.6786,41.0,T
1,31437.5868675193,-22.25156882454313,142.6786,41.0,D
1,31441.814832147866,-56.07528585306647,142.6786,41.0,T
1,31441.870742699575,-58.59218281681418,150.6786,41.0,D
1,31445.685125525855,-28.077120206568726,150.6786,41.0,T
1,31445.741662663535,-30.89138362451786,158.6786,41.0,D
1,31449.382746330804,-60.02005296267097,158.6786,41.0,T
1,31449.436121355804,-60.33643739867358,166.6786,41.0,D
1,31453.034372169,-31.550430893122872,166.6786,41.0,T
1,31453.088691461468,-30.005058926824425,174.6786,41.0,D
1,31456.780132165837,-59.53658456178933,174.6786,41.0,T
1,31456.834865830766,-57.691342919620354,182.6786,41.0,D
1,31460.784664201772,-26.092955951555297,182.6786,41.0,T
1,31460.858916532714,-18.34365310366985,190.6786,41.0,D
1,31465.393352038624,-54.61913715094325,190.6786,41.0,T
1,31465.454773966067,-50.04915943266672,198.6786,41.0,D
1,31477.97339038405,50.09977191118529,198.6786,41.0,T
1,31478.034671550482,54.62703163268315,190.6786,41.0,D
1,31482.56382337418,18.393817043095797,190.6786,41.0,T
1,31482.637980632833,26.122609170126974,182.6786,41.0,D
1,31486.5841851975,57.69224568743362,182.6786,41.0,T
1,31486.638918777255,59.53743048643067,174.6786,41.0,D
1,31490.323631134615,30.059731627559934,174.6786,41.0,T
1,31490.377823869072,31.50166800875497,166.6786,41.0,D
1,31493.98227552602,60.337281264335,166.6786,41.0,T
1,31494.035650608323,60.02067940513157,158.6786,41.0,D
1,31497.678406704967,30.878630631961045,158.6786,41.0,T
1,31497.734835503314,28.113723966350573,150.6786,41.0,D
1,31501.544728106765,58.59286479395588,150.6786,41.0,T
1,31501.600638897187,56.07584851918284,142.6786,41.0,D
1,31505.824770079107,22.282799063808,142.6786,41.0,T
1,31505.93038911476,8.608148589885243,134.6786,41.0,D
1,31511.374188144502,52.15854082780398,134.6786,41.0,T
1,31511.438999983326,46.634690254189316,126.67859999999999,41.0,D
1,31523.09761436551,-46.634224803285825,126.67859999999999,41.0,T
1,31523.172952859946,-38.65252719355141,118.67859999999999,41.0,D
1,31532.836159839884,38.65312864595206,118.67859999999999,41.0,T
1,31532.934035659808,26.342860053271636,110.67859999999999,41.0,D
1,31539.519679506655,-26.342290721501453,110.67859999999999,41.0,T
1,31540.16995428052,-43.613331060961876,206.6786,41.0,D
1,31551.07731889202,43.645585831036875,206.6786,41.0,T
1,31551.159567594255,34.25361570043456,214.6786,41.0,D
1,31559.718934921868,-34.22132292046343,214.6786,41.0,T
1,31559.841503877327,-17.66774780927043,222.6786,41.0,D
1,31564.266756795972,17.734275539868715,222.6786,41.0,T
1,31566.45423578297,8.79295754456699,-105.32140000000001,41.0,D
1,31568.654870563114,-8.812120696582282,-105.32140000000001,41.0,T
1,31568.812886713586,-31.12366111232591,-113.32140000000001,41.0,D
1,31576.59256717472,31.113782576742217,-113.32140000000001,41.0,T
1,31576.680665689473,41.63187825918346,-121.32140000000001,41.0,D
1,31587.085572228505,-41.60737405306218,-121.32140000000001,41.0,T
1,31587.156613968564,-48.64696911891287,-129.3214,41.0,D
1,31599.316916542444,48.63545147213633,-129.3214,41.0,T
1,31599.379888237585,53.657629659963185,-137.3214,41.0,D
1,31604.190627735366,15.17171367770354,-137.3214,41.0,T
1,31604.27328650746,24.644339163442357,-145.3214,41.0,D
1,31608.32007821967,57.01867286111581,-145.3214,41.0,T
1,31608.37539186815,59.21889863073977,-153.3214,41.0,D
1,31612.117367899522,29.28309037978055,-153.3214,41.0,T
1,31612.172385669095,31.3095372206422,-161.3214,41.0,D
1,31615.788201849566,60.23606666440432,-161.3214,41.0,T
1,31615.841537341665,60.16408650754054,-169.3214,41.0,D
1,31619.449612336542,31.29948654851292,-169.3214,41.0,T
1,31619.505043816982,29.03352030039241,-177.3214,41.0,D
1,31623.261206247127,59.08281974154024,-177.3214,41.0,T
1,31623.316629858342,56.82118862532954,-185.3214,41.0,D
1,31627.4055047218,24.110189717692794,-185.3214,41.0,T
1,31627.49230925958,13.837014695239539,-193.3214,41.0,D
1,31632.421020273618,53.266702807529015,-193.3214,41.0,T
1,31632.484195359648,48.18737621456035,-201.3214,41.0,D
1,31644.53115581814,-48.18830745335417,-201.3214,41.0,T
1,31644.594331302058,-53.267745393325384,-193.3214,41.0,D
1,31649.52143965978,-13.850878531531468,-193.3214,41.0,T
1,31649.60855768839,-24.183588507240593,-185.3214,41.0,D
1,31653.688875709588,-56.8261326768351,-185.3214,41.0,T
1,31653.744283458844,-59.079002013336236,-177.3214,41.0,D
1,31657.492079245574,-29.09663571950417,-177.3214,41.0,T
1,31657.547292927888,-31.239622204787068,-169.3214,41.0,D
1,31661.163346885558,-60.16805386615368,-169.3214,41.0,T
1,31661.216683245977,-60.25329005468659,-161.3214,41.0,D
1,31664.83495815824,-31.307090756575736,-161.3214,41.0,T
1,31664.889881511477,-29.33911427301578,-153.3214,41.0,D
1,31668.622945882937,-59.203629244691456,-153.3214,41.0,T
1,31668.678219088964,-57.026391464692686,-145.3214,41.0,D
1,31672.716280155895,-24.72190292923776,-145.3214,41.0,T
1,31672.79977169661,-15.086352045111298,-137.3214,41.0,D
1,31677.621660058117,-53.66145893717601,-137.3214,41.0,T
1,31678.108999470067,-41.02249913486517,-209.3214,41.0,D
1,31688.36450813664,41.02157019773535,-209.3214,41.0,T
1,31688.45503638251,30.049073934081747,-217.3214,41.0,D
1,31695.967429244443,-30.05006896136472,-217.3214,41.0,T
1,31696.155412119148,-3.0112981573873814,-225.3214,41.0,D
1,31696.908218353423,3.0111517168178654,-225.3214,41.0,T
1,31706.280712634896,-1000.0,0.0,1000.0,W
1,31856.604609986054,-1000.0,0.0,1000.0,T
1,31864.812956493923,-225.32330000000002,-2.905051737004232,43.0,D
1,31865.548074574195,-225.32330000000002,2.9758929051743053,43.0,T
1,31865.736274787527,-217.32330000000002,30.048659788337666,43.0,D
1,31873.248781190516,-217.32330000000002,-30.051391435575383,43.0,T
1,31873.339310275638,-209.32330000000002,-41.02404349372838,43.0,D
1,31883.594981834372,-209.32330000000002,41.02132897615437,43.0,T
1,31883.666582147605,-201.32330000000002,48.187123366295395,43.0,D
1,31895.713725045265,-201.32330000000002,-48.19001981497019,43.0,T
1,31895.776901407935,-193.32330000000002,-53.269703663525156,43.0,D
1,31900.70471885221,-193.32330000000002,-13.847164109331555,43.0,T
1,31900.791849096455,-185.32330000000002,-24.18219134251433,43.0,D
1,31904.872592924035,-185.32330000000002,-56.828141963140006,43.0,T
1,31904.928001308384,-177.32330000000002,-59.08136271719796,43.0,D
1,31908.676182689986,-177.32330000000002,-29.095911664385525,43.0,T
1,31908.731397071864,-169.32330000000002,-31.23930365868413,43.0,D
1,31912.347805322846,-169.32330000000002,-60.17056966654515,43.0,T
1,31912.401141688602,-161.32330000000002,-60.255880969196674,43.0,D
1,31916.01970987716,-161.32330000000002,-31.307335460732773,43.0,T
1,31916.074632162065,-153.32330000000002,-29.340029935647994,43.0,D
1,31919.807965775442,-153.32330000000002,-59.20669884267592,43.0,T
1,31919.863238506685,-145.32330000000002,-57.02973227699298,43.0,D
1,31923.90150631328,-145.32330000000002,-24.723589824232988,43.0,T
1,31923.984989443485,-137.32330000000002,-15.08967872087676,43.0,D
1,31928.80694989096,-137.32330000000002,-53.66536230068414,43.0,T
1,31928.869892749393,-129.32330000000002,-48.651324295427834,43.0,D
1,31941.030925713443,-129.32330000000002,48.636939416970016,43.0,T
1,31941.093895735678,-137.32330000000002,53.65864562652359,43.0,D
1,31945.904373647965,-137.32330000000002,15.174822328232443,43.0,T
1,31945.98702466918,-145.32330000000002,24.64592598200064,43.0,D
1,31950.033726469992,-145.32330000000002,57.019540388503415,43.0,T
1,31950.089039905262,-153.32330000000002,59.21964555147779,43.0,D
1,31953.831000532886,-153.32330000000002,29.283960530483025,43.0,T
1,31953.886017218625,-161.32330000000002,31.30974518546501,43.0,D
1,31957.501868743002,-161.32330000000002,60.236557380496656,43.0,T
1,31957.55520424154,-169.32330000000002,60.16446997816061,43.0,D
1,31961.16337609356,-169.32330000000002,31.2990951620017,43.0,T
1,31961.218808168498,-177.32330000000002,29.03280171922952,43.0,D
1,31964.97508329847,-177.32330000000002,59.08300275899622,43.0,T
1,31965.03050748651,-185.32330000000002,56.82105361078465,43.0,D
1,31969.11955487849,-185.32330000000002,24.108674474929142,43.0,T
1,31969.2063726279,-193.32330000000002,13.832987816870377,43.0,D
1,31974.135564861394,-193.32330000000002,53.266525684797806,43.0,T
1,31974.62178909977,-121.32330000000002,41.63401844850284,43.0,D
1,31985.027637619194,-121.32330000000002,-41.61276970691726,43.0,T
1,31985.115545383764,-113.32330000000002,-31.130644964891104,43.0,D
1,31992.89661225529,-113.32330000000002,31.11789000732767,43.0,T
1,31993.054576267295,-105.32330000000002,8.81465807754927,43.0,D
1,31995.260709565668,-105.32330000000002,-8.834408309419269,43.0,T
1,31996.114140159283,-33.32330000000002,-114.68210553356593,43.0,D
1,32008.690264731722,-33.32330000000002,-215.29110211306894,43.0,T
1,32008.751450728632,-25.323300000000017,-219.78930618831038,43.0,D
1,32013.254455632232,-25.323300000000017,-183.76526695951623,43.0,T
1,32013.328084070643,-17.323300000000017,-191.37945149966617,43.0,D
1,32017.25375669186,-17.323300000000017,-222.78483246941806,43.0,T
1,32017.308534490545,-9.323300000000017,-224.6593091008716,43.0,D
1,32021.001193300377,-9.323300000000017,-195.11803862220847,43.0,T
1,32021.055314615005,-1.3233000000000175,-196.49830152481724,43.0,D
1,32024.658439424402,-1.3233000000000175,-225.32330000000002,43.0,T
1,32024.711828842923,6.6766999999999825,-224.95631876985897,43.0,D
1,32028.345870857374,6.6766999999999825,-195.88398265423766,43.0,T
1,32028.40273426896,14.676699999999983,-192.92550830303793,43.0,D
1,32032.234064652635,14.676699999999983,-223.57615137245162,43.0,T
1,32032.290293972834,22.676699999999983,-220.904247533349,43.0,D
1,32036.533753214982,22.676699999999983,-186.9565735961565,43.0,T
1,32036.64527272103,30.676699999999983,-172.2656408430537,43.0,D
1,32042.23471106557,30.676699999999983,-216.9811475993598,43.0,T
1,32042.30015691428,38.67669999999998,-211.29158873652275,43.0,D
1,32053.880879914555,38.67669999999998,-118.64580473430054,43.0,T
1,32053.945925389387,30.676699999999983,-113.0605061373129,43.0,D
1,32059.53179598183,30.676699999999983,-157.74747087684796,43.0,T
1,32059.643491152754,22.676699999999983,-143.02654182448362,43.0,D
1,32063.892746008733,22.676699999999983,-109.03250297665473,43.0,T
1,32063.94871043168,14.676699999999983,-106.48880993175894,43.0,D
1,32067.76518037537,14.676699999999983,-137.0205694812674,43.0,T
1,32067.821782954692,6.6766999999999825,-134.1768624483561,43.0,D
1,32071.466170409396,6.6766999999999825,-105.02176281072899,43.0,T
1,32071.519561008958,-1.3233000000000175,-104.65093571461487,43.0,D
1,32075.12647212955,-1.3233000000000175,-133.5062246793373,43.0,T
1,32075.180524589603,-9.323300000000017,-134.82438243044464,43.0,D
1,32078.858441135206,-9.323300000000017,-105.4010500656196,43.0,T
1,32078.91307776118,-17.323300000000017,-107.18040955693156,43.0,D
1,32082.83976530324,-17.323300000000017,-138.59390989341142,43.0,T
1,32082.913270884415,-25.323300000000017,-146.18133932911826,43.0,D
1,32087.406974240792,-25.323300000000017,-110.23171247811041,43.0,T
1,32087.53574185767,-41.32330000000002,-121.05182019601902,43.0,D
1,32098.53292705474,-41.32330000000002,-209.02930177257272,43.0,T
1,32098.61424552966,-49.32330000000002,-199.82139087107007,43.0,D
1,32107.308574691633,-49.32330000000002,-130.26675757527545,43.0,T
1,32107.42746954535,-57.32330000000002,-146.20600757049124,43.0,D
1,32112.15056994475,-57.32330000000002,-183.99081076569556,43.0,T
1,32112.85565315924,46.67669999999998,-203.21846365007312,43.0,D
1,32122.42218714096,46.67669999999998,-126.68619179629256,43.0,T
1,32122.523045674774,54.67669999999998,-139.5267520044957,43.0,D
1,32128.903475422067,54.67669999999998,-190.57018998284494,43.0,T
1,32130.90007930391,6.6766999999999825,105.04883659029841,43.0,D
1,32134.53347719472,6.6766999999999825,134.1160197168115,43.0,T
1,32134.586967543004,-1.3233000000000175,133.50169847518276,43.0,D
1,32138.1896173524,-1.3233000000000175,104.6805,43.0,T
1,32138.24312645189,-9.323300000000017,105.33052606101693,43.0,D
1,32141.937055866485,-9.323300000000017,134.88196137779153,43.0,T
1,32141.99592560354,-17.323300000000017,138.62054850033383,43.0,D
1,32145.921717828744,-17.323300000000017,107.21421069870486,43.0,T
1,32145.978725938923,-25.323300000000017,110.23469147004607,43.0,D
1,32150.478731135227,-25.323300000000017,146.23473304048377,43.0,T
1,32150.671116426358,-49.32330000000002,130.21061822916997,43.0,D
1,32159.36945437131,-49.32330000000002,199.7973217887696,43.0,T
1,32159.450729822638,-41.32330000000002,208.99668194279602,43.0,D
1,32170.45038363624,-41.32330000000002,120.99945143398506,43.0,T
1,32170.51830089749,-33.32330000000002,114.69175982336546,43.0,D
1,32183.091542874077,-33.32330000000002,215.27769563606427,43.0,T
1,32183.152881157406,-25.323300000000017,219.82232571335152,43.0,D
1,32187.653339287714,-25.323300000000017,183.81866067088177,43.0,T
1,32187.72684486889,-17.323300000000017,191.40609010658858,43.0,D
1,32191.648469616433,-17.323300000000017,222.77908808693297,43.0,T
1,32191.703186824394,-9.323300000000017,224.6133151865845,43.0,D
1,32195.382898893302,-9.323300000000017,195.17561863530625,43.0,T
1,32195.43695135623,-1.3233000000000175,196.49377903765887,43.0,D
1,32199.04557040806,-1.3233000000000175,225.3627314522927,43.0,T
1,32199.098973866585,6.6766999999999825,224.95235223025892,43.0,D
1,32202.74013133319,6.6766999999999825,195.82309249742272,43.0,T
1,32202.796733811916,14.676699999999983,192.9794305187326,43.0,D
1,32206.613926528746,14.676699999999983,223.51697225336866,43.0,T
1,32206.669925002825,22.676699999999983,220.9564733302875,43.0,D
1,32210.917801897172,22.676699999999983,186.97345817551638,43.0,T
1,32211.029497068095,30.676699999999983,172.25252912315204,43.0,D
1,32216.614699203084,30.676699999999983,216.93414620307905,43.0,T
1,32216.67975954659,38.67669999999998,211.34495246074022,43.0,D
1,32228.260884699193,38.67669999999998,118.6959512399345,43.0,T
1,32228.326176750303,30.676699999999983,113.04629031181335,43.0,D
1,32233.912185355945,30.676699999999983,157.7343591569463,43.0,T
1,32234.023704861993,22.676699999999983,143.0434264038435,43.0,D
1,32238.268302844357,22.676699999999983,109.08664254491372,43.0,T
1,32238.324477479146,14.676699999999983,106.4407465053299,43.0,D
1,32242.153695628098,14.676699999999983,137.07449169696207,43.0,T
1,32242.377899529718,46.67669999999998,126.7296251539681,43.0,D
1,32251.94908380148,46.67669999999998,203.29909932806555,43.0,T
1,32252.049227924417,54.67669999999998,190.5849725167794,43.0,D
1,32258.43257052057,54.67669999999998,139.5182317475567,43.0,T
1,32259.180550250556,-57.32330000000002,146.16335933267925,43.0,D
1,32263.91128954716,-57.32330000000002,184.00927370548942,43.0,T
1,32272.95033515443,-1000.0,0.0,1000.0,W
1,32422.943897222078,-1000.0,0.0,1000.0,T
1,32431.14187442352,-225.3214,-1.3214000000000112,45.0,D
1,32434.74475809983,-196.49833058952586,-1.3214000000000112,45.0,T
1,32434.79824872999,-195.8834573690883,6.678599999999989,45.0,D
1,32438.432102941086,-224.9542910578694,6.678599999999989,45.0,T
1,32438.486224346492,-223.57394806871955,14.678599999999989,45.0,D
1,32442.317387663457,-192.9246415329817,14.678599999999989,45.0,T
1,32442.38393358352,-186.95487702965838,22.67859999999999,45.0,D
1,32446.627289143642,-220.90172151065474,22.67859999999999,45.0,T
1,32446.686690670653,-216.9784344003267,30.67859999999999,45.0,D
1,32452.276909259723,-172.25668568775433,30.67859999999999,45.0,T
1,32452.373587190476,-157.7549960746264,30.67859999999999,45.0,D
1,32457.960188757363,-113.06218353952913,30.67859999999999,45.0,T
1,32458.019901500127,-109.03400006685548,22.67859999999999,45.0,D
1,32462.269254020368,-143.0288202287937,22.67859999999999,45.0,T
1,32462.33594945277,-137.02163154980687,14.678599999999989,45.0,D
1,32466.152372574972,-106.49024657218388,14.678599999999989,45.0,T
1,32466.20659523881,-105.02321260477105,6.678599999999989,45.0,D
1,32469.850863973836,-134.17736248496794,6.678599999999989,45.0,T
1,32469.904384748053,-133.50605879740203,-1.3214000000000112,45.0,D
1,32473.51110526592,-104.65229465447115,-1.3214000000000112,45.0,T
1,32473.564672519566,-105.40238792736108,-9.321400000000011,45.0,D
1,32477.24233104954,-134.82365616717397,-9.321400000000011,45.0,T
1,32477.3012874737,-138.59285354456645,-17.32140000000001,45.0,D
1,32481.227678963718,-107.18172162441736,-17.32140000000001,45.0,T
1,32481.284759950788,-110.23301305751421,-25.32140000000001,45.0,D
1,32485.777949476247,-146.1785292611927,-25.32140000000001,45.0,T
1,32485.969914140234,-130.2683210615275,-49.32140000000001,45.0,D
1,32494.66381561838,-199.8195328866719,-49.32140000000001,45.0,T
1,32494.745134849418,-209.02759403317918,-41.32140000000001,45.0,D
1,32505.741935028593,-121.0531925997778,-41.32140000000001,45.0,T
1,32505.810109071284,-114.68347893467403,-33.32140000000001,45.0,D
1,32518.385865814897,-215.28953288359386,-33.32140000000001,45.0,T
1,32518.447051419993,-219.7876170423084,-25.32140000000001,45.0,D
1,32522.949514399268,-183.76791320811114,-25.32140000000001,45.0,T
1,32523.023136931228,-191.380812608161,-17.32140000000001,45.0,D
1,32526.94842609522,-222.78312592007666,-17.32140000000001,45.0,T
1,32527.003203739532,-224.65750104766775,-9.321400000000011,45.0,D
1,32530.695555432296,-195.11868750556286,-9.321400000000011,45.0,T
1,32531.02404674281,-183.98777674579816,-57.32140000000001,45.0,D
1,32535.74646678873,-146.20841637842165,-57.32140000000001,45.0,T
1,32536.412319477655,-118.64765486099414,38.67859999999999,45.0,D
1,32547.992407646216,-211.2883602094829,38.67859999999999,45.0,T
1,32548.068181321163,-203.21450605917332,46.67859999999999,45.0,D
1,32557.633943988872,-126.68840471749039,46.67859999999999,45.0,T
1,32557.73481541005,-139.53124245802994,54.67859999999999,45.0,D
1,32564.114030522225,-190.56496335543702,54.67859999999999,45.0,T
1,32565.179790616625,-52.157943940388535,134.6786,45.0,D
1,32570.609396910673,-8.721093587996293,134.6786,45.0,T
1,32570.714187444624,-22.25156882454313,142.6786,45.0,D
1,32574.94215207319,-56.07528585306647,142.6786,45.0,T
1,32574.998062624898,-58.59218281681418,150.6786,45.0,D
1,32578.812445451178,-28.077120206568726,150.6786,45.0,T
1,32578.868982588858,-30.89138362451786,158.6786,45.0,D
1,32582.510066256127,-60.02005296267097,158.6786,45.0,T
1,32582.563441281127,-60.33643739867358,166.6786,45.0,D
1,32586.161692094323,-31.550430893122872,166.6786,45.0,T
1,32586.21601138679,-30.005058926824425,174.6786,45.0,D
1,32589.90745209116,-59.53658456178933,174.6786,45.0,T
1,32589.96218575609,-57.691342919620354,182.6786,45.0,D
1,32593.911984127095,-26.092955951555297,182.6786,45.0,T
1,32593.986236458037,-18.34365310366985,190.6786,45.0,D
1,32598.520671963946,-54.61913715094325,190.6786,45.0,T
1,32598.58209389139,-50.04915943266672,198.6786,45.0,D
1,32611.100710309373,50.09977191118529,198.6786,45.0,T
1,32611.161991475805,54.62703163268315,190.6786,45.0,D
1,32615.691143299504,18.393817043095797,190.6786,45.0,T
1,32615.765300558156,26.122609170126974,182.6786,45.0,D
1,32619.71150512282,57.69224568743362,182.6786,45.0,T
1,32619.766238702578,59.53743048643067,174.6786,45.0,D
1,32623.45095105994,30.059731627559934,174.6786,45.0,T
1,32623.505143794395,31.50166800875497,166.6786,45.0,D
1,32627.109595451344,60.337281264335,166.6786,45.0,T
1,32627.162970533645,60.02067940513157,158.6786,45.0,D
1,32630.80572663029,30.878630631961045,158.6786,45.0,T
1,32630.862155428636,28.113723966350573,150.6786,45.0,D
1,32634.672048032087,58.59286479395588,150.6786,45.0,T
1,32634.72795882251,56.07584851918284,142.6786,45.0,D
1,32638.95209000443,22.282799063808,142.6786,45.0,T
1,32639.057709040084,8.608148589885243,134.6786,45.0,D
1,32644.501508069825,52.15854082780398,134.6786,45.0,T
1,32644.56631990865,46.634690254189316,126.67859999999999,45.0,D
1,32656.224934290833,-46.634224803285825,126.67859999999999,45.0,T
1,32656.30027278527,-38.65252719355141,118.67859999999999,45.0,D
1,32665.963479765207,38.65312864595206,118.67859999999999,45.0,T
1,32666.06135558513,26.342860053271636,110.67859999999999,45.0,D
1,32672.646999431978,-26.342290721501453,110.67859999999999,45.0,T
1,32673.297274205845,-43.613331060961876,206.6786,45.0,D
1,32684.204638817344,43.645585831036875,206.6786,45.0,T
1,32684.286887519578,34.25361570043456,214.6786,45.0,D
1,32692.84625484719,-34.22132292046343,214.6786,45.0,T
1,32692.96882380265,-17.66774780927043,222.6786,45.0,D
1,32697.394076721295,17.734275539868715,222.6786,45.0,T
1,32699.581555708293,8.79295754456699,-105.32140000000001,45.0,D
1,32701.782190488437,-8.812120696582282,-105.32140000000001,45.0,T
1,32701.94020663891,-31.12366111232591,-113.32140000000001,45.0,D
1,32709.719887100044,31.113782576742217,-113.32140000000001,45.0,T
1,32709.807985614796,41.63187825918346,-121.32140000000001,45.0,D
1,32720.212892153828,-41.60737405306218,-121.32140000000001,45.0,T
1,32720.283933893887,-48.64696911891287,-129.3214,45.0,D
1,32732.444236467767,48.63545147213633,-129.3214,45.0,T
1,32732.507208162908,53.657629659963185,-137.3214,45.0,D
1,32737.31794766069,15.17171367770354,-137.3214,45.0,T
1,32737.400606432784,24.644339163442357,-145.3214,45.0,D
1,32741.447398144992,57.01867286111581,-145.3214,45.0,T
1,32741.502711793473,59.21889863073977,-153.3214,45.0,D
1,32745.244687824845,29.28309037978055,-153.3214,45.0,T
1,32745.299705594418,31.3095372206422,-161.3214,45.0,D
1,32748.91552177489,60.23606666440432,-161.3214,45.0,T
1,32748.968857266987,60.16408650754054,-169.3214,45.0,D
1,32752.576932261865,31.29948654851292,-169.3214,45.0,T
1,32752.632363742305,29.03352030039241,-177.3214,45.0,D
1,32756.38852617245,59.08281974154024,-177.3214,45.0,T
1,32756.443949783665,56.82118862532954,-185.3214,45.0,D
1,32760.53282464712,24.110189717692794,-185.3214,45.0,T
1,32760.619629184905,13.837014695239539,-193.3214,45.0,D
1,32765.54834019894,53.266702807529015,-193.3214,45.0,T
1,32765.61151528497,48.18737621456035,-201.3214,45.0,D
1,32777.65847574346,-48.18830745335417,-201.3214,45.0,T
1,32777.72165122738,-53.267745393325384,-193.3214,45.0,D
1,32782.64875958511,-13.850878531531468,-193.3214,45.0,T
1,32782.73587761371,-24.183588507240593,-185.3214,45.0,D
1,32786.816195634914,-56.8261326768351,-185.3214,45.0,T
1,32786.87160338417,-59.079002013336236,-177.3214,45.0,D
1,32790.6193991709,-29.09663571950417,-177.3214,45.0,T
1,32790.67461285321,-31.239622204787068,-169.3214,45.0,D
1,32794.290666810884,-60.16805386615368,-169.3214,45.0,T
1,32794.3440031713,-60.25329005468659,-161.3214,45.0,D
1,32797.96227808356,-31.307090756575736,-161.3214,45.0,T
1,32798.0172014368,-29.33911427301578,-153.3214,45.0,D
1,32801.75026580826,-59.203629244691456,-153.3214,45.0,T
1,32801.80553901428,-57.026391464692686,-145.3214,45.0,D
1,32805.843600081214,-24.72190292923776,-145.3214,45.0,T
1,32805.927091621925,-15.086352045111298,-137.3214,45.0,D
1,32810.74897998344,-53.66145893717601,-137.3214,45.0,T
1,32811.236319395386,-41.02249913486517,-209.3214,45.0,D
1,32821.49182806196,41.02157019773535,-209.3214,45.0,T
1,32821.58235630783,30.049073934081747,-217.3214,45.0,D
1,32829.09474916976,-30.05006896136472,-217.3214,45.0,T
1,32829.28273204446,-3.0112981573873814,-225.3214,45.0,D
1,32830.03553827874,3.0111517168178654,-225.3214,45.0,T
1,32839.38986254026,-1000.0,0.0,1000.0,W
1,32989.675340470145,-1000.0,0.0,1000.0,T
1,32997.862977298784,-225.32330000000002,-2.905051737004232,47.0,D
1,32998.59809537906,-225.32330000000002,2.9758929051743053,47.0,T
1,32998.78629559239,-217.32330000000002,30.048659788337666,47.0,D
1,33006.29880199538,-217.32330000000002,-30.051391435575383,47.0,T
1,33006.3893310805,-209.32330000000002,-41.02404349372838,47.0,D
1,33016.645002639234,-209.32330000000002,41.02132897615437,47.0,T
1,33016.71660295247,-201.32330000000002,48.187123366295395,47.0,D
1,33028.76374585013,-201.32330000000002,-48.19001981497019,47.0,T
1,33028.82692221279,-193.32330000000002,-53.269703663525156,47.0,D
1,33033.754739657066,-193.32330000000002,-13.847164109331555,47.0,T
1,33033.84186990131,-185.32330000000002,-24.18219134251433,47.0,D
1,33037.92261372889,-185.32330000000002,-56.828141963140006,47.0,T
1,33037.978022113246,-177.32330000000002,-59.08136271719796,47.0,D
1,33041.72620349484,-177.32330000000002,-29.095911664385525,47.0,T
1,33041.78141787672,-169.32330000000002,-31.23930365868413,47.0,D
1,33045.39782612771,-169.32330000000002,-60.17056966654515,47.0,T
1,33045.45116249346,-161.32330000000002,-60.255880969196674,47.0,D
1,33049.06973068202,-161.32330000000002,-31.307335460732773,47.0,T
1,33049.12465296692,-153.32330000000002,-29.340029935647994,47.0,D
1,33052.857986580304,-153.32330000000002,-59.20669884267592,47.0,T
1,33052.91325931155,-145.32330000000002,-57.02973227699298,47.0,D
1,33056.951527118144,-145.32330000000002,-24.723589824232988,47.0,T
1,33057.03501024835,-137.32330000000002,-15.08967872087676,47.0,D
1,33061.85697069582,-137.32330000000002,-53.66536230068414,47.0,T
1,33061.91991355425,-129.32330000000002,-48.651324295427834,47.0,D
1,33074.080946518305,-129.32330000000002,48.636939416970016,47.0,T
1,33074.14391654054,-137.32330000000002,53.65864562652359,47.0,D
1,33078.95439445283,-137.32330000000002,15.174822328232443,47.0,T
1,33079.03704547404,-145.32330000000002,24.64592598200064,47.0,D
1,33083.08374727485,-145.32330000000002,57.019540388503415,47.0,T
1,33083.13906071012,-153.32330000000002,59.21964555147779,47.0,D
1,33086.881021337744,-153.32330000000002,29.283960530483025,47.0,T
1,33086.93603802348,-161.32330000000002,31.30974518546501,47.0,D
1,33090.55188954786,-161.32330000000002,60.236557380496656,47.0,T
1,33090.6052250464,-169.32330000000002,60.16446997816061,47.0,D
1,33094.21339689842,-169.32330000000002,31.2990951620017,47.0,T
1,33094.268828973356,-177.32330000000002,29.03280171922952,47.0,D
1,33098.025104103326,-177.32330000000002,59.08300275899622,47.0,T
1,33098.080528291364,-185.32330000000002,56.82105361078465,47.0,D
1,33102.16957568335,-185.32330000000002,24.108674474929142,47.0,T
1,33102.25639343276,-193.32330000000002,13.832987816870377,47.0,D
1,33107.18558566625,-193.32330000000002,53.266525684797806,47.0,T
1,33107.67180990463,-121.32330000000002,41.63401844850284,47.0,D
1,33118.07765842405,-121.32330000000002,-41.61276970691726,47.0,T
1,33118.16556618862,-113.32330000000002,-31.130644964891104,47.0,D
1,33125.94663306015,-113.32330000000002,31.11789000732767,47.0,T
1,33126.10459707216,-105.32330000000002,8.81465807754927,47.0,D
1,33128.310730370526,-105.32330000000002,-8.834408309419269,47.0,T
1,33129.16416096414,-33.32330000000002,-114.68210553356593,47.0,D
1,33141.74028553658,-33.32330000000002,-215.29110211306894,47.0,T
1,33141.80147153349,-25.323300000000017,-219.78930618831038,47.0,D
1,33146.304476437086,-25.323300000000017,-183.76526695951623,47.0,T
1,33146.3781048755,-17.323300000000017,-191.37945149966617,47.0,D
1,33150.303777496716,-17.323300000000017,-222.78483246941806,47.0,T
1,33150.358555295395,-9.323300000000017,-224.6593091008716,47.0,D
1,33154.05121410523,-9.323300000000017,-195.11803862220847,47.0,T
1,33154.10533541986,-1.3233000000000175,-196.49830152481724,47.0,D
1,33157.70846022925,-1.3233000000000175,-225.32330000000002,47.0,T
1,33157.76184964777,6.6766999999999825,-224.95631876985897,47.0,D
1,33161.39589166223,6.6766999999999825,-195.88398265423766,47.0,T
1,33161.45275507381,14.676699999999983,-192.92550830303793,47.0,D
1,33165.28408545749,14.676699999999983,-223.57615137245162,47.0,T
1,33165.34031477769,22.676699999999983,-220.904247533349,47.0,D
1,33169.58377401984,22.676699999999983,-186.9565735961565,47.0,T
1,33169.69529352589,30.676699999999983,-172.2656408430537,47.0,D
1,33175.28473187043,30.676699999999983,-216.9811475993598,47.0,T
1,33175.35017771914,38.67669999999998,-211.29158873652275,47.0,D
1,33186.93090071942,38.67669999999998,-118.64580473430054,47.0,T
1,33186.99594619425,30.676699999999983,-113.0605061373129,47.0,D
1,33192.58181678669,30.676699999999983,-157.74747087684796,47.0,T
1,33192.69351195761,22.676699999999983,-143.02654182448362,47.0,D
1,33196.94276681359,22.676699999999983,-109.03250297665473,47.0,T
1,33196.99873123654,14.676699999999983,-106.48880993175894,47.0,D
1,33200.81520118022,14.676699999999983,-137.0205694812674,47.0,T
1,33200.871803759546,6.6766999999999825,-134.1768624483561,47.0,D
1,33204.51619121425,6.6766999999999825,-105.02176281072899,47.0,T
1,33204.56958181381,-1.3233000000000175,-104.65093571461487,47.0,D
1,33208.1764929344,-1.3233000000000175,-133.5062246793373,47.0,T
1,33208.23054539446,-9.323300000000017,-134.82438243044464,47.0,D
1,33211.90846194006,-9.323300000000017,-105.4010500656196,47.0,T
1,33211.96309856603,-17.323300000000017,-107.18040955693156,47.0,D
1,33215.88978610809,-17.323300000000017,-138.59390989341142,47.0,T
1,33215.963291689266,-25.323300000000017,-146.18133932911826,47.0,D
1,33220.45699504564,-25.323300000000017,-110.23171247811041,47.0,T
1,33220.58576266252,-41.32330000000002,-121.05182019601902,47.0,D
1,33231.58294785959,-41.32330000000002,-209.02930177257272,47.0,T
1,33231.66426633451,-49.32330000000002,-199.82139087107007,47.0,D
1,33240.35859549649,-49.32330000000002,-130.26675757527545,47.0,T
1,33240.477490350204,-57.32330000000002,-146.20600757049124,47.0,D
1,33245.200590749606,-57.32330000000002,-183.99081076569556,47.0,T
1,33245.905673964095,46.67669999999998,-203.21846365007312,47.0,D
1,33255.472207945815,46.67669999999998,-126.68619179629256,47.0,T
1,33255.57306647963,54.67669999999998,-139.5267520044957,47.0,D
1,33261.95349622692,54.67669999999998,-190.57018998284494,47.0,T
1,33263.950100108756,6.6766999999999825,105.04883659029841,47.0,D
1,33267.58349799957,6.6766999999999825,134.1160197168115,47.0,T
1,33267.636988347855,-1.3233000000000175,133.50169847518276,47.0,D
1,33271.239638157254,-1.3233000000000175,104.6805,47.0,T
1,33271.29314725674,-9.323300000000017,105.33052606101693,47.0,D
1,33274.987076671336,-9.323300000000017,134.88196137779153,47.0,T
1,33275.04594640839,-17.323300000000017,138.62054850033383,47.0,D
1,33278.9717386336,-17.323300000000017,107.21421069870486,47.0,T
1,33279.028746743774,-25.323300000000017,110.23469147004607,47.0,D
1,33283.52875194008,-25.323300000000017,146.23473304048377,47.0,T
1,33283.721137231216,-49.32330000000002,130.21061822916997,47.0,D
1,33292.41947517616,-49.32330000000002,199.7973217887696,47.0,T
1,33292.50075062749,-41.32330000000002,208.99668194279602,47.0,D
1,33303.50040444109,-41.32330000000002,120.99945143398506,47.0,T
1,33303.56832170234,-33.32330000000002,114.69175982336546,47.0,D
1,33316.141563678924,-33.32330000000002,215.27769563606427,47.0,T
1,33316.20290196226,-25.323300000000017,219.82232571335152,47.0,D
1,33320.703360092564,-25.323300000000017,183.81866067088177,47.0,T
1,33320.77686567374,-17.323300000000017,191.40609010658858,47.0,D
1,33324.69849042128,-17.323300000000017,222.77908808693297,47.0,T
1,33324.75320762924,-9.323300000000017,224.6133151865845,47.0,D
1,33328.43291969815,-9.323300000000017,195.17561863530625,47.0,T
1,33328.48697216108,-1.3233000000000175,196.49377903765887,47.0,D
1,33332.09559121291,-1.3233000000000175,225.3627314522927,47.0,T
1,33332.148994671436,6.6766999999999825,224.95235223025892,47.0,D
1,33335.79015213803,6.6766999999999825,195.82309249742272,47.0,T
1,33335.84675461676,14.676699999999983,192.9794305187326,47.0,D
1,33339.66394733359,14.676699999999983,223.51697225336866,47.0,T
1,33339.71994580767,22.676699999999983,220.9564733302875,47.0,D
1,33343.96782270202,22.676699999999983,186.97345817551638,47.0,T
1,33344.07951787294,30.676699999999983,172.25252912315204,47.0,D
1,33349.66472000793,30.676699999999983,216.93414620307905,47.0,T
1,33349.72978035144,38.67669999999998,211.34495246074022,47.0,D
1,33361.31090550404,38.67669999999998,118.6959512399345,47.0,T
1,33361.376197555146,30.676699999999983,113.04629031181335,47.0,D
1,33366.96220616079,30.676699999999983,157.7343591569463,47.0,T
1,33367.073725666836,22.676699999999983,143.0434264038435,47.0,D
1,33371.318323649204,22.676699999999983,109.08664254491372,47.0,T
1,33371.37449828399,14.676699999999983,106.4407465053299,47.0,D
1,33375.203716432945,14.676699999999983,137.07449169696207,47.0,T
1,33375.427920334565,46.67669999999998,126.7296251539681,47.0,D
1,33384.99910460633,46.67669999999998,203.29909932806555,47.0,T
1,33385.09924872927,54.67669999999998,190.5849725167794,47.0,D
1,33391.48259132542,54.67669999999998,139.5182317475567,47.0,T
1,33392.23057105541,-57.32330000000002,146.16335933267925,47.0,D
1,33396.961310352,-57.32330000000002,184.00927370548942,47.0,T
1,33405.98155369322,-1000.0,0.0,1000.0,W
1,33555.93671236858,-1000.0,0.0,1000.0,T
1,33564.11399711053,-225.3214,-1.3214000000000112,49.0,D
1,33567.71688078684,-196.49833058952586,-1.3214000000000112,49.0,T
1,33567.77037141699,-195.8834573690883,6.678599999999989,49.0,D
1,33571.40422562809,-224.9542910578694,6.678599999999989,49.0,T
1,33571.45834703349,-223.57394806871955,14.678599999999989,49.0,D
1,33575.28951035046,-192.9246415329817,14.678599999999989,49.0,T
1,33575.356056270524,-186.95487702965838,22.67859999999999,49.0,D
1,33579.59941183065,-220.90172151065474,22.67859999999999,49.0,T
1,33579.65881335766,-216.9784344003267,30.67859999999999,49.0,D
1,33585.24903194673,-172.25668568775433,30.67859999999999,49.0,T
1,33585.34570987749,-157.7549960746264,30.67859999999999,49.0,D
1,33590.932311444376,-113.06218353952913,30.67859999999999,49.0,T
1,33590.99202418714,-109.03400006685548,22.67859999999999,49.0,D
1,33595.24137670738,-143.0288202287937,22.67859999999999,49.0,T
1,33595.308072139786,-137.02163154980687,14.678599999999989,49.0,D
1,33599.12449526199,-106.49024657218388,14.678599999999989,49.0,T
1,33599.17871792583,-105.02321260477105,6.678599999999989,49.0,D
1,33602.82298666085,-134.17736248496794,6.678599999999989,49.0,T
1,33602.876507435074,-133.50605879740203,-1.3214000000000112,49.0,D
1,33606.48322795294,-104.65229465447115,-1.3214000000000112,49.0,T
1,33606.53679520658,-105.40238792736108,-9.321400000000011,49.0,D
1,33610.21445373656,-134.82365616717397,-9.321400000000011,49.0,T
1,33610.27341016072,-138.59285354456645,-17.32140000000001,49.0,D
1,33614.19980165074,-107.18172162441736,-17.32140000000001,49.0,T
1,33614.25688263781,-110.23301305751421,-25.32140000000001,49.0,D
1,33618.750072163275,-146.1785292611927,-25.32140000000001,49.0,T
1,33618.94203682726,-130.2683210615275,-49.32140000000001,49.0,D
1,33627.63593830541,-199.8195328866719,-49.32140000000001,49.0,T
1,33627.717257536446,-209.02759403317918,-41.32140000000001,49.0,D
1,33638.714057715624,-121.0531925997778,-41.32140000000001,49.0,T
1,33638.78223175831,-114.68347893467403,-33.32140000000001,49.0,D
1,33651.35798850193,-215.28953288359386,-33.32140000000001,49.0,T
1,33651.419174107024,-219.7876170423084,-25.32140000000001,49.0,D
1,33655.9216370863,-183.76791320811114,-25.32140000000001,49.0,T
1,33655.99525961826,-191.380812608161,-17.32140000000001,49.0,D
1,33659.92054878225,-222.78312592007666,-17.32140000000001,49.0,T
1,33659.97532642656,-224.65750104766775,-9.321400000000011,49.0,D
1,33663.667678119324,-195.11868750556286,-9.321400000000011,49.0,T
1,33663.99616942983,-183.98777674579816,-57.32140000000001,49.0,D
1,33668.71858947576,-146.20841637842165,-57.32140000000001,49.0,T
1,33669.384442164686,-118.64765486099414,38.67859999999999,49.0,D
1,33680.96453033324,-211.2883602094829,38.67859999999999,49.0,T
1,33681.040304008195,-203.21450605917332,46.67859999999999,49.0,D
1,33690.6060666759,-126.68840471749039,46.67859999999999,49.0,T
1,33690.70693809708,-139.53124245802994,54.67859999999999,49.0,D
1,33697.08615320925,-190.56496335543702,54.67859999999999,49.0,T
1,33698.151913303656,-52.157943940388535,134.6786,49.0,D
1,33703.581519597705,-8.721093587996293,134.6786,49.0,T
1,33703.686310131656,-22.25156882454313,142.6786,49.0,D
1,33707.91427476022,-56.07528585306647,142.6786,49.0,T
1,33707.97018531193,-58.59218281681418,150.6786,49.0,D
1,33711.78456813821,-28.077120206568726,150.6786,49.0,T
1,33711.84110527589,-30.89138362451786,158.6786,49.0,D
1,33715.48218894316,-60.02005296267097,158.6786,49.0,T
1,33715.535563968166,-60.33643739867358,166.6786,49.0,D
1,33719.13381478136,-31.550430893122872,166.6786,49.0,T
1,33719.188134073825,-30.005058926824425,174.6786,49.0,D
1,33722.87957477819,-59.53658456178933,174.6786,49.0,T
1,33722.93430844312,-57.691342919620354,182.6786,49.0,D
1,33726.88410681413,-26.092955951555297,182.6786,49.0,T
1,33726.958359145065,-18.34365310366985,190.6786,49.0,D
1,33731.49279465098,-54.61913715094325,190.6786,49.0,T
1,33731.55421657842,-50.04915943266672,198.6786,49.0,D
1,33744.072832996404,50.09977191118529,198.6786,49.0,T
1,33744.134114162836,54.62703163268315,190.6786,49.0,D
1,33748.663265986535,18.393817043095797,190.6786,49.0,T
1,33748.737423245184,26.122609170126974,182.6786,49.0,D
1,33752.68362780985,57.69224568743362,182.6786,49.0,T
1,33752.73836138961,59.53743048643067,174.6786,49.0,D
1,33756.42307374696,30.059731627559934,174.6786,49.0,T
1,33756.47726648142,31.50166800875497,166.6786,49.0,D
1,33760.08171813837,60.337281264335,166.6786,49.0,T
1,33760.13509322067,60.02067940513157,158.6786,49.0,D
1,33763.77784931732,30.878630631961045,158.6786,49.0,T
1,33763.83427811567,28.113723966350573,150.6786,49.0,D
1,33767.64417071912,58.59286479395588,150.6786,49.0,T
1,33767.70008150954,56.07584851918284,142.6786,49.0,D
1,33771.92421269146,22.282799063808,142.6786,49.0,T
1,33772.029831727115,8.608148589885243,134.6786,49.0,D
1,33777.47363075685,52.15854082780398,134.6786,49.0,T
1,33777.53844259567,46.634690254189316,126.67859999999999,49.0,D
1,33789.19705697786,-46.634224803285825,126.67859999999999,49.0,T
1,33789.27239547229,-38.65252719355141,118.67859999999999,49.0,D
1,33798.93560245223,38.65312864595206,118.67859999999999,49.0,T
1,33799.03347827215,26.342860053271636,110.67859999999999,49.0,D
1,33805.619122118995,-26.342290721501453,110.67859999999999,49.0,T
1,33806.269396892865,-43.613331060961876,206.6786,49.0,D
1,33817.176761504365,43.645585831036875,206.6786,49.0,T
1,33817.2590102066,34.25361570043456,214.6786,49.0,D
1,33825.81837753421,-34.22132292046343,214.6786,49.0,T
1,33825.940946489674,-17.66774780927043,222.6786,49.0,D
1,33830.366199408316,17.734275539868715,222.6786,49.0,T
1,33832.553678395314,8.79295754456699,-105.32140000000001,49.0,D
1,33834.75431317546,-8.812120696582282,-105.32140000000001,49.0,T
1,33834.91232932593,-31.12366111232591,-113.32140000000001,49.0,D
1,33842.69200978706,31.113782576742217,-113.32140000000001,49.0,T
1,33842.78010830181,41.63187825918346,-121.32140000000001,49.0,D
1,33853.18501484084,-41.60737405306218,-121.32140000000001,49.0,T
1,33853.2560565809,-48.64696911891287,-129.3214,49.0,D
1,33865.416359154784,48.63545147213633,-129.3214,49.0,T
1,33865.47933084993,53.657629659963185,-137.3214,49.0,D
1,33870.290070347706,15.17171367770354,-137.3214,49.0,T
1,33870.3727291198,24.644339163442357,-145.3214,49.0,D
1,33874.41952083201,57.01867286111581,-145.3214,49.0,T
1,33874.47483448049,59.21889863073977,-153.3214,49.0,D
1,33878.21681051186,29.28309037978055,-153.3214,49.0,T
1,33878.27182828144,31.3095372206422,-161.3214,49.0,D
1,33881.8876444619,60.23606666440432,-161.3214,49.0,T
1,33881.940979954,60.16408650754054,-169.3214,49.0,D
1,33885.54905494888,31.29948654851292,-169.3214,49.0,T
1,33885.60448642932,29.03352030039241,-177.3214,49.0,D
1,33889.36064885947,59.08281974154024,-177.3214,49.0,T
1,33889.41607247068,56.82118862532954,-185.3214,49.0,D
1,33893.504947334135,24.110189717692794,-185.3214,49.0,T
1,33893.591751871914,13.837014695239539,-193.3214,49.0,D
1,33898.52046288596,53.266702807529015,-193.3214,49.0,T
1,33898.58363797199,48.18737621456035,-201.3214,49.0,D
1,33910.63059843048,-48.18830745335417,-201.3214,49.0,T
1,33910.6937739144,-53.267745393325384,-193.3214,49.0,D
1,33915.620882272124,-13.850878531531468,-193.3214,49.0,T
1,33915.70800030073,-24.183588507240593,-185.3214,49.0,D
1,33919.78831832193,-56.8261326768351,-185.3214,49.0,T
1,33919.84372607119,-59.079002013336236,-177.3214,49.0,D
1,33923.59152185792,-29.09663571950417,-177.3214,49.0,T
1,33923.64673554023,-31.239622204787068,-169.3214,49.0,D
1,33927.2627894979,-60.16805386615368,-169.3214,49.0,T
1,33927.31612585832,-60.25329005468659,-161.3214,49.0,D
1,33930.93440077058,-31.307090756575736,-161.3214,49.0,T
1,33930.98932412382,-29.33911427301578,-153.3214,49.0,D
1,33934.72238849528,-59.203629244691456,-153.3214,49.0,T
1,33934.7776617013,-57.026391464692686,-145.3214,49.0,D
1,33938.81572276823,-24.72190292923776,-145.3214,49.0,T
1,33938.89921430894,-15.086352045111298,-137.3214,49.0,D
1,33943.72110267045,-53.66145893717601,-137.3214,49.0,T
1,33944.2084420824,-41.02249913486517,-209.3214,49.0,D
1,33954.46395074898,41.02157019773535,-209.3214,49.0,T
1,33954.55447899485,30.049073934081747,-217.3214,49.0,D
1,33962.066871856776,-30.05006896136472,-217.3214,49.0,T
1,33962.25485473148,-3.0112981573873814,-225.3214,49.0,D
1,33963.007660965755,3.0111517168178654,-225.3214,49.0,T
1,33972.343856012194,-1000.0,0.0,1000.0,W
1,34122.59099182753,-1000.0,0.0,1000.0,T
1,34130.75795353335,-225.32330000000002,-2.905051737004232,51.0,D
1,34131.49307161362,-225.32330000000002,2.9758929051743053,51.0,T
1,34131.68127182696,-217.32330000000002,30.048659788337666,51.0,D
1,34139.19377822994,-217.32330000000002,-30.051391435575383,51.0,T
1,34139.284307315065,-209.32330000000002,-41.02404349372838,51.0,D
1,34149.5399788738,-209.32330000000002,41.02132897615437,51.0,T
1,34149.61157918703,-201.32330000000002,48.187123366295395,51.0,D
1,34161.65872208469,-201.32330000000002,-48.19001981497019,51.0,T
1,34161.72189844736,-193.32330000000002,-53.269703663525156,51.0,D
1,34166.64971589163,-193.32330000000002,-13.847164109331555,51.0,T
1,34166.73684613588,-185.32330000000002,-24.18219134251433,51.0,D
1,34170.81758996346,-185.32330000000002,-56.828141963140006,51.0,T
1,34170.87299834781,-177.32330000000002,-59.08136271719796,51.0,D
1,34174.62117972941,-177.32330000000002,-29.095911664385525,51.0,T
1,34174.67639411129,-169.32330000000002,-31.23930365868413,51.0,D
1,34178.29280236227,-169.32330000000002,-60.17056966654515,51.0,T
1,34178.346138728026,-161.32330000000002,-60.255880969196674,51.0,D
1,34181.96470691659,-161.32330000000002,-31.307335460732773,51.0,T
1,34182.01962920149,-153.32330000000002,-29.340029935647994,51.0,D
1,34185.75296281487,-153.32330000000002,-59.20669884267592,51.0,T
1,34185.808235546116,-145.32330000000002,-57.02973227699298,51.0,D
1,34189.84650335271,-145.32330000000002,-24.723589824232988,51.0,T
1,34189.929986482915,-137.32330000000002,-15.08967872087676,51.0,D
1,34194.75194693039,-137.32330000000002,-53.66536230068414,51.0,T
1,34194.81488978882,-129.32330000000002,-48.651324295427834,51.0,D
1,34206.97592275287,-129.32330000000002,48.636939416970016,51.0,T
1,34207.038892775105,-137.32330000000002,53.65864562652359,51.0,D
1,34211.84937068739,-137.32330000000002,15.174822328232443,51.0,T
1,34211.932021708606,-145.32330000000002,24.64592598200064,51.0,D
1,34215.97872350942,-145.32330000000002,57.019540388503415,51.0,T
1,34216.034036944686,-153.32330000000002,59.21964555147779,51.0,D
1,34219.77599757231,-153.32330000000002,29.283960530483025,51.0,T
1,34219.831014258045,-161.32330000000002,31.30974518546501,51.0,D
1,34223.446865782425,-161.32330000000002,60.236557380496656,51.0,T
1,34223.500201280964,-169.32330000000002,60.16446997816061,51.0,D
1,34227.108373132985,-169.32330000000002,31.2990951620017,51.0,T
1,34227.16380520792,-177.32330000000002,29.03280171922952,51.0,D
1,34230.92008033789,-177.32330000000002,59.08300275899622,51.0,T
1,34230.97550452593,-185.32330000000002,56.82105361078465,51.0,D
1,34235.064551917916,-185.32330000000002,24.108674474929142,51.0,T
1,34235.15136966733,-193.32330000000002,13.832987816870377,51.0,D
1,34240.08056190082,-193.32330000000002,53.266525684797806,51.0,T
1,34240.56678613919,-121.32330000000002,41.63401844850284,51.0,D
1,34250.97263465862,-121.32330000000002,-41.61276970691726,51.0,T
1,34251.06054242318,-113.32330000000002,-31.130644964891104,51.0,D
1,34258.841609294715,-113.32330000000002,31.11789000732767,51.0,T
1,34258.999573306726,-105.32330000000002,8.81465807754927,51.0,D
1,34261.20570660509,-105.32330000000002,-8.834408309419269,51.0,T
1,34262.0591371987,-33.32330000000002,-114.68210553356593,51.0,D
1,34274.635261771145,-33.32330000000002,-215.29110211306894,51.0,T
1,34274.69644776805,-25.323300000000017,-219.78930618831038,51.0,D
1,34279.19945267165,-25.323300000000017,-183.76526695951623,51.0,T
1,34279.27308111006,-17.323300000000017,-191.37945149966617,51.0,D
1,34283.19875373128,-17.323300000000017,-222.78483246941806,51.0,T
1,34283.25353152996,-9.323300000000017,-224.6593091008716,51.0,D
1,34286.9461903398,-9.323300000000017,-195.11803862220847,51.0,T
1,34287.000311654425,-1.3233000000000175,-196.49830152481724,51.0,D
1,34290.60343646382,-1.3233000000000175,-225.32330000000002,51.0,T
1,34290.65682588234,6.6766999999999825,-224.95631876985897,51.0,D
1,34294.290867896794,6.6766999999999825,-195.88398265423766,51.0,T
1,34294.34773130838,14.676699999999983,-192.92550830303793,51.0,D
1,34298.179061692055,14.676699999999983,-223.57615137245162,51.0,T
1,34298.23529101226,22.676699999999983,-220.904247533349,51.0,D
1,34302.478750254406,22.676699999999983,-186.9565735961565,51.0,T
1,34302.590269760454,30.676699999999983,-172.2656408430537,51.0,D
1,34308.179708104995,30.676699999999983,-216.9811475993598,51.0,T
1,34308.24515395371,38.67669999999998,-211.29158873652275,51.0,D
1,34319.82587695398,38.67669999999998,-118.64580473430054,51.0,T
1,34319.890922428815,30.676699999999983,-113.0605061373129,51.0,D
1,34325.476793021255,30.676699999999983,-157.74747087684796,51.0,T
1,34325.588488192174,22.676699999999983,-143.02654182448362,51.0,D
1,34329.837743048156,22.676699999999983,-109.03250297665473,51.0,T
1,34329.89370747111,14.676699999999983,-106.48880993175894,51.0,D
1,34333.71017741479,14.676699999999983,-137.0205694812674,51.0,T
1,34333.76677999411,6.6766999999999825,-134.1768624483561,51.0,D
1,34337.411167448816,6.6766999999999825,-105.02176281072899,51.0,T
1,34337.46455804838,-1.3233000000000175,-104.65093571461487,51.0,D
1,34341.071469168965,-1.3233000000000175,-133.5062246793373,51.0,T
1,34341.12552162902,-9.323300000000017,-134.82438243044464,51.0,D
1,34344.803438174626,-9.323300000000017,-105.4010500656196,51.0,T
1,34344.8580748006,-17.323300000000017,-107.18040955693156,51.0,D
1,34348.78476234266,-17.323300000000017,-138.59390989341142,51.0,T
1,34348.85826792383,-25.323300000000017,-146.18133932911826,51.0,D
1,34353.35197128021,-25.323300000000017,-110.23171247811041,51.0,T
1,34353.48073889709,-41.32330000000002,-121.05182019601902,51.0,D
1,34364.47792409416,-41.32330000000002,-209.02930177257272,51.0,T
1,34364.55924256908,-49.32330000000002,-199.82139087107007,51.0,D
1,34373.25357173105,-49.32330000000002,-130.26675757527545,51.0,T
1,34373.37246658477,-57.32330000000002,-146.20600757049124,51.0,D
1,34378.09556698417,-57.32330000000002,-183.99081076569556,51.0,T
1,34378.80065019866,46.67669999999998,-203.21846365007312,51.0,D
1,34388.36718418038,46.67669999999998,-126.68619179629256,51.0,T
1,34388.468042714194,54.67669999999998,-139.5267520044957,51.0,D
1,34394.84847246148,54.67669999999998,-190.57018998284494,51.0,T
1,34396.84507634332,6.6766999999999825,105.04883659029841,51.0,D
1,34400.478474234136,6.6766999999999825,134.1160197168115,51.0,T
1,34400.53196458242,-1.3233000000000175,133.50169847518276,51.0,D
1,34404.13461439182,-1.3233000000000175,104.6805,51.0,T
1,34404.18812349131,-9.323300000000017,105.33052606101693,51.0,D
1,34407.8820529059,-9.323300000000017,134.88196137779153,51.0,T
1,34407.940922642956,-17.323300000000017,138.62054850033383,51.0,D
1,34411.86671486816,-17.323300000000017,107.21421069870486,51.0,T
1,34411.92372297834,-25.323300000000017,110.23469147004607,51.0,D
1,34416.42372817465,-25.323300000000017,146.23473304048377,51.0,T
1,34416.61611346578,-49.32330000000002,130.21061822916997,51.0,D
1,34425.314451410726,-49.32330000000002,199.7973217887696,51.0,T
1,34425.39572686206,-41.32330000000002,208.99668194279602,51.0,D
1,34436.395380675654,-41.32330000000002,120.99945143398506,51.0,T
1,34436.463297936905,-33.32330000000002,114.69175982336546,51.0,D
1,34449.03653991349,-33.32330000000002,215.27769563606427,51.0,T
1,34449.09787819682,-25.323300000000017,219.82232571335152,51.0,D
1,34453.59833632713,-25.323300000000017,183.81866067088177,51.0,T
1,34453.671841908304,-17.323300000000017,191.40609010658858,51.0,D
1,34457.593466655846,-17.323300000000017,222.77908808693297,51.0,T
1,34457.64818386381,-9.323300000000017,224.6133151865845,51.0,D
1,34461.327895932714,-9.323300000000017,195.17561863530625,51.0,T
1,34461.38194839565,-1.3233000000000175,196.49377903765887,51.0,D
1,34464.99056744747,-1.3233000000000175,225.3627314522927,51.0,T
1,34465.043970906,6.6766999999999825,224.95235223025892,51.0,D
1,34468.6851283726,6.6766999999999825,195.82309249742272,51.0,T
1,34468.741730851325,14.676699999999983,192.9794305187326,51.0,D
1,34472.558923568155,14.676699999999983,223.51697225336866,51.0,T
1,34472.61492204224,22.676699999999983,220.9564733302875,51.0,D
1,34476.862798936585,22.676699999999983,186.97345817551638,51.0,T
1,34476.974494107504,30.676699999999983,172.25252912315204,51.0,D
1,34482.5596962425,30.676699999999983,216.93414620307905,51.0,T
1,34482.624756586,38.67669999999998,211.34495246074022,51.0,D
1,34494.205881738606,38.67669999999998,118.6959512399345,51.0,T
1,34494.27117378971,30.676699999999983,113.04629031181335,51.0,D
1,34499.85718239535,30.676699999999983,157.7343591569463,51.0,T
1,34499.9687019014,22.676699999999983,143.0434264038435,51.0,D
1,34504.21329988377,22.676699999999983,109.08664254491372,51.0,T
1,34504.26947451856,14.676699999999983,106.4407465053299,51.0,D
1,34508.09869266751,14.676699999999983,137.07449169696207,51.0,T
1,34508.32289656913,46.67669999999998,126.7296251539681,51.0,D
1,34517.894080840895,46.67669999999998,203.29909932806555,51.0,T
1,34517.99422496383,54.67669999999998,190.5849725167794,51.0,D
1,34524.37756755998,54.67669999999998,139.5182317475567,51.0,T
1,34525.12554728997,-57.32330000000002,146.16335933267925,51.0,D
1,34529.85628658657,-57.32330000000002,184.00927370548942,51.0,T
1,34538.85776738705,-1000.0,0.0,1000.0,W
1,34688.77460018442,-1000.0,0.0,1000.0,T
1,34696.931227154484,-225.3214,-1.3214000000000112,53.0,D
1,34700.53411083079,-196.49833058952586,-1.3214000000000112,53.0,T
1,34700.587601460946,-195.8834573690883,6.678599999999989,53.0,D
1,34704.22145567204,-224.9542910578694,6.678599999999989,53.0,T
1,34704.275577077446,-223.57394806871955,14.678599999999989,53.0,D
1,34708.10674039442,-192.9246415329817,14.678599999999989,53.0,T
1,34708.17328631448,-186.95487702965838,22.67859999999999,53.0,D
1,34712.4166418746,-220.90172151065474,22.67859999999999,53.0,T
1,34712.47604340161,-216.9784344003267,30.67859999999999,53.0,D
1,34718.06626199069,-172.25668568775433,30.67859999999999,53.0,T
1,34718.16293992144,-157.7549960746264,30.67859999999999,53.0,D
1,34723.74954148833,-113.06218353952913,30.67859999999999,53.0,T
1,34723.80925423109,-109.03400006685548,22.67859999999999,53.0,D
1,34728.058606751336,-143.0288202287937,22.67859999999999,53.0,T
1,34728.12530218374,-137.02163154980687,14.678599999999989,53.0,D
1,34731.941725305944,-106.49024657218388,14.678599999999989,53.0,T
1,34731.995947969786,-105.02321260477105,6.678599999999989,53.0,D
1,34735.64021670481,-134.17736248496794,6.678599999999989,53.0,T
1,34735.69373747903,-133.50605879740203,-1.3214000000000112,53.0,D
1,34739.30045799689,-104.65229465447115,-1.3214000000000112,53.0,T
1,34739.35402525053,-105.40238792736108,-9.321400000000011,53.0,D
1,34743.031683780515,-134.82365616717397,-9.321400000000011,53.0,T
1,34743.090640204675,-138.59285354456645,-17.32140000000001,53.0,D
1,34747.0170316947,-107.18172162441736,-17.32140000000001,53.0,T
1,34747.07411268177,-110.23301305751421,-25.32140000000001,53.0,D
1,34751.56730220723,-146.1785292611927,-25.32140000000001,53.0,T
1,34751.75926687122,-130.2683210615275,-49.32140000000001,53.0,D
1,34760.45316834936,-199.8195328866719,-49.32140000000001,53.0,T
1,34760.5344875804,-209.02759403317918,-41.32140000000001,53.0,D
1,34771.53128775958,-121.0531925997778,-41.32140000000001,53.0,T
1,34771.59946180227,-114.68347893467403,-33.32140000000001,53.0,D
1,34784.17521854588,-215.28953288359386,-33.32140000000001,53.0,T
1,34784.23640415098,-219.7876170423084,-25.32140000000001,53.0,D
1,34788.738867130254,-183.76791320811114,-25.32140000000001,53.0,T
1,34788.81248966222,-191.380812608161,-17.32140000000001,53.0,D
1,34792.7377788262,-222.78312592007666,-17.32140000000001,53.0,T
1,34792.792556470515,-224.65750104766775,-9.321400000000011,53.0,D
1,34796.48490816328,-195.11868750556286,-9.321400000000011,53.0,T
1,34796.81339947379,-183.98777674579816,-57.32140000000001,53.0,D
1,34801.53581951971,-146.20841637842165,-57.32140000000001,53.0,T
1,34802.20167220864,-118.64765486099414,38.67859999999999,53.0,D
1,34813.7817603772,-211.2883602094829,38.67859999999999,53.0,T
1,34813.85753405215,-203.21450605917332,46.67859999999999,53.0,D
1,34823.423296719855,-126.68840471749039,46.67859999999999,53.0,T
1,34823.52416814103,-139.53124245802994,54.67859999999999,53.0,D
1,34829.90338325321,-190.56496335543702,54.67859999999999,53.0,T
1,34830.96914334761,-52.157943940388535,134.6786,53.0,D
1,34836.39874964166,-8.721093587996293,134.6786,53.0,T
1,34836.50354017561,-22.25156882454313,142.6786,53.0,D
1,34840.73150480418,-56.07528585306647,142.6786,53.0,T
1,34840.78741535589,-58.59218281681418,150.6786,53.0,D
1,34844.601798182164,-28.077120206568726,150.6786,53.0,T
1,34844.658335319844,-30.89138362451786,158.6786,53.0,D
1,34848.29941898712,-60.02005296267097,158.6786,53.0,T
1,34848.35279401212,-60.33643739867358,166.6786,53.0,D
1,34851.95104482531,-31.550430893122872,166.6786,53.0,T
1,34852.00536411778,-30.005058926824425,174.6786,53.0,D
1,34855.696804822146,-59.53658456178933,174.6786,53.0,T
1,34855.75153848707,-57.691342919620354,182.6786,53.0,D
1,34859.70133685808,-26.092955951555297,182.6786,53.0,T
1,34859.77558918902,-18.34365310366985,190.6786,53.0,D
1,34864.31002469493,-54.61913715094325,190.6786,53.0,T
1,34864.371446622376,-50.04915943266672,198.6786,53.0,D
1,34876.89006304036,50.09977191118529,198.6786,53.0,T
1,34876.95134420679,54.62703163268315,190.6786,53.0,D
1,34881.48049603049,18.393817043095797,190.6786,53.0,T
1,34881.55465328914,26.122609170126974,182.6786,53.0,D
1,34885.5008578538,57.69224568743362,182.6786,53.0,T
1,34885.555591433564,59.53743048643067,174.6786,53.0,D
1,34889.24030379092,30.059731627559934,174.6786,53.0,T
1,34889.29449652538,31.50166800875497,166.6786,53.0,D
1,34892.89894818232,60.337281264335,166.6786,53.0,T
1,34892.952323264624,60.02067940513157,158.6786,53.0,D
1,34896.59507936127,30.878630631961045,158.6786,53.0,T
1,34896.65150815962,28.113723966350573,150.6786,53.0,D
1,34900.46140076307,58.59286479395588,150.6786,53.0,T
1,34900.51731155349,56.07584851918284,142.6786,53.0,D
1,34904.741442735416,22.282799063808,142.6786,53.0,T
1,34904.84706177107,8.608148589885243,134.6786,53.0,D
1,34910.29086080081,52.15854082780398,134.6786,53.0,T
1,34910.35567263963,46.634690254189316,126.67859999999999,53.0,D
1,34922.01428702181,-46.634224803285825,126.67859999999999,53.0,T
1,34922.089625516244,-38.65252719355141,118.67859999999999,53.0,D
1,34931.75283249618,38.65312864595206,118.67859999999999,53.0,T
1,34931.8507083161,26.342860053271636,110.67859999999999,53.0,D
1,34938.43635216295,-26.342290721501453,110.67859999999999,53.0,T
1,34939.08662693682,-43.613331060961876,206.6786,53.0,D
1,34949.99399154832,43.645585831036875,206.6786,53.0,T
1,34950.07624025056,34.25361570043456,214.6786,53.0,D
1,34958.635607578166,-34.22132292046343,214.6786,53.0,T
1,34958.75817653363,-17.66774780927043,222.6786,53.0,D
1,34963.18342945227,17.734275539868715,222.6786,53.0,T
1,34965.37090843927,8.79295754456699,-105.32140000000001,53.0,D
1,34967.57154321941,-8.812120696582282,-105.32140000000001,53.0,T
1,34967.72955936989,-31.12366111232591,-113.32140000000001,53.0,D
1,34975.509239831015,31.113782576742217,-113.32140000000001,53.0,T
1,34975.59733834577,41.63187825918346,-121.32140000000001,53.0,D
1,34986.002244884796,-41.60737405306218,-121.32140000000001,53.0,T
1,34986.07328662486,-48.64696911891287,-129.3214,53.0,D
1,34998.23358919874,48.63545147213633,-129.3214,53.0,T
1,34998.29656089388,53.657629659963185,-137.3214,53.0,D
1,35003.10730039166,15.17171367770354,-137.3214,53.0,T
1,35003.189959163756,24.644339163442357,-145.3214,53.0,D
1,35007.23675087596,57.01867286111581,-145.3214,53.0,T
1,35007.292064524445,59.21889863073977,-153.3214,53.0,D
1,35011.034040555816,29.28309037978055,-153.3214,53.0,T
1,35011.08905832539,31.3095372206422,-161.3214,53.0,D
1,35014.70487450586,60.23606666440432,-161.3214,53.0,T
1,35014.758209997955,60.16408650754054,-169.3214,53.0,D
1,35018.36628499284,31.29948654851292,-169.3214,53.0,T
1,35018.421716473276,29.03352030039241,-177.3214,53.0,D
1,35022.17787890342,59.08281974154024,-177.3214,53.0,T
1,35022.233302514636,56.82118862532954,-185.3214,53.0,D
1,35026.32217737809,24.110189717692794,-185.3214,53.0,T
1,35026.40898191587,13.837014695239539,-193.3214,53.0,D
1,35031.33769292991,53.266702807529015,-193.3214,53.0,T
1,35031.400868015946,48.18737621456035,-201.3214,53.0,D
1,35043.44782847443,-48.18830745335417,-201.3214,53.0,T
1,35043.51100395835,-53.267745393325384,-193.3214,53.0,D
1,35048.43811231608,-13.850878531531468,-193.3214,53.0,T
1,35048.52523034468,-24.183588507240593,-185.3214,53.0,D
1,35052.605548365886,-56.8261326768351,-185.3214,53.0,T
1,35052.66095611514,-59.079002013336236,-177.3214,53.0,D
1,35056.40875190187,-29.09663571950417,-177.3214,53.0,T
1,35056.46396558418,-31.239622204787068,-169.3214,53.0,D
1,35060.080019541856,-60.16805386615368,-169.3214,53.0,T
1,35060.133355902275,-60.25329005468659,-161.3214,53.0,D
1,35063.751630814535,-31.307090756575736,-161.3214,53.0,T
1,35063.80655416777,-29.33911427301578,-153.3214,53.0,D
1,35067.53961853923,-59.203629244691456,-153.3214,53.0,T
1,35067.594891745255,-57.026391464692686,-145.3214,53.0,D
1,35071.632952812186,-24.72190292923776,-145.3214,53.0,T
1,35071.716444352896,-15.086352045111298,-137.3214,53.0,D
1,35076.53833271441,-53.66145893717601,-137.3214,53.0,T
1,35077.02567212636,-41.02249913486517,-209.3214,53.0,D
1,35087.28118079293,41.02157019773535,-209.3214,53.0,T
1,35087.3717090388,30.049073934081747,-217.3214,53.0,D
1,35094.88410190073,-30.05006896136472,-217.3214,53.0,T
1,35095.072084775435,-3.0112981573873814,-225.3214,53.0,D
1,35095.82489100971,3.0111517168178654,-225.3214,53.0,T
1,35105.14299788412,-1000.0,0.0,1000.0,W
1,35255.35186939583,-1000.0,0.0,1000.0,T
1,35263.49819079836,-225.32330000000002,-2.905051737004232,55.0,D
1,35264.23330887863,-225.32330000000002,2.9758929051743053,55.0,T
1,35264.42150909197,-217.32330000000002,30.048659788337666,55.0,D
1,35271.93401549495,-217.32330000000002,-30.051391435575383,55.0,T
1,35272.024544580076,-209.32330000000002,-41.02404349372838,55.0,D
1,35282.28021613881,-209.32330000000002,41.02132897615437,55.0,T
1,35282.35181645204,-201.32330000000002,48.187123366295395,55.0,D
1,35294.3989593497,-201.32330000000002,-48.19001981497019,55.0,T
1,35294.46213571237,-193.32330000000002,-53.269703663525156,55.0,D
1,35299.38995315664,-193.32330000000002,-13.847164109331555,55.0,T
1,35299.47708340089,-185.32330000000002,-24.18219134251433,55.0,D
1,35303.55782722847,-185.32330000000002,-56.828141963140006,55.0,T
1,35303.61323561282,-177.32330000000002,-59.08136271719796,55.0,D
1,35307.36141699442,-177.32330000000002,-29.095911664385525,55.0,T
1,35307.4166313763,-169.32330000000002,-31.23930365868413,55.0,D
1,35311.033039627284,-169.32330000000002,-60.17056966654515,55.0,T
1,35311.086375993036,-161.32330000000002,-60.255880969196674,55.0,D
1,35314.7049441816,-161.32330000000002,-31.307335460732773,55.0,T
1,35314.7598664665,-153.32330000000002,-29.340029935647994,55.0,D
1,35318.49320007988,-153.32330000000002,-59.20669884267592,55.0,T
1,35318.548472811126,-145.32330000000002,-57.02973227699298,55.0,D
1,35322.58674061772,-145.32330000000002,-24.723589824232988,55.0,T
1,35322.670223747926,-137.32330000000002,-15.08967872087676,55.0,D
1,35327.4921841954,-137.32330000000002,-53.66536230068414,55.0,T
1,35327.55512705383,-129.32330000000002,-48.651324295427834,55.0,D
1,35339.71616001788,-129.32330000000002,48.636939416970016,55.0,T
1,35339.779130040115,-137.32330000000002,53.65864562652359,55.0,D
1,35344.5896079524,-137.32330000000002,15.174822328232443,55.0,T
1,35344.67225897362,-145.32330000000002,24.64592598200064,55.0,D
1,35348.71896077443,-145.32330000000002,57.019540388503415,55.0,T
1,35348.774274209696,-153.32330000000002,59.21964555147779,55.0,D
1,35352.51623483732,-153.32330000000002,29.283960530483025,55.0,T
1,35352.571251523055,-161.32330000000002,31.30974518546501,55.0,D
1,35356.187103047436,-161.32330000000002,60.236557380496656,55.0,T
1,35356.240438545974,-169.32330000000002,60.16446997816061,55.0,D
1,35359.848610397996,-169.32330000000002,31.2990951620017,55.0,T
1,35359.90404247293,-177.32330000000002,29.03280171922952,55.0,D
1,35363.6603176029,-177.32330000000002,59.08300275899622,55.0,T
1,35363.71574179094,-185.32330000000002,56.82105361078465,55.0,D
1,35367.80478918293,-185.32330000000002,24.108674474929142,55.0,T
1,35367.89160693234,-193.32330000000002,13.832987816870377,55.0,D
1,35372.82079916583,-193.32330000000002,53.266525684797806,55.0,T
1,35373.3070234042,-121.32330000000002,41.63401844850284,55.0,D
1,35383.71287192363,-121.32330000000002,-41.61276970691726,55.0,T
1,35383.800779688194,-113.32330000000002,-31.130644964891104,55.0,D
1,35391.581846559726,-113.32330000000002,31.11789000732767,55.0,T
1,35391.73981057174,-105.32330000000002,8.81465807754927,55.0,D
1,35393.9459438701,-105.32330000000002,-8.834408309419269,55.0,T
1,35394.79937446371,-33.32330000000002,-114.68210553356593,55.0,D
1,35407.375499036156,-33.32330000000002,-215.29110211306894,55.0,T
1,35407.43668503306,-25.323300000000017,-219.78930618831038,55.0,D
1,35411.93968993666,-25.323300000000017,-183.76526695951623,55.0,T
1,35412.01331837507,-17.323300000000017,-191.37945149966617,55.0,D
1,35415.93899099629,-17.323300000000017,-222.78483246941806,55.0,T
1,35415.99376879497,-9.323300000000017,-224.6593091008716,55.0,D
1,35419.68642760481,-9.323300000000017,-195.11803862220847,55.0,T
1,35419.740548919435,-1.3233000000000175,-196.49830152481724,55.0,D
1,35423.34367372883,-1.3233000000000175,-225.32330000000002,55.0,T
1,35423.39706314735,6.6766999999999825,-224.95631876985897,55.0,D
1,35427.031105161805,6.6766999999999825,-195.88398265423766,55.0,T
1,35427.08796857339,14.676699999999983,-192.92550830303793,55.0,D
1,35430.919298957066,14.676699999999983,-223.57615137245162,55.0,T
1,35430.97552827727,22.676699999999983,-220.904247533349,55.0,D
1,35435.218987519416,22.676699999999983,-186.9565735961565,55.0,T
1,35435.330507025465,30.676699999999983,-172.2656408430537,55.0,D
1,35440.919945370006,30.676699999999983,-216.9811475993598,55.0,T
1,35440.98539121872,38.67669999999998,-211.29158873652275,55.0,D
1,35452.56611421899,38.67669999999998,-118.64580473430054,55.0,T
1,35452.631159693825,30.676699999999983,-113.0605061373129,55.0,D
1,35458.217030286265,30.676699999999983,-157.74747087684796,55.0,T
1,35458.328725457184,22.676699999999983,-143.02654182448362,55.0,D
1,35462.577980313166,22.676699999999983,-109.03250297665473,55.0,T
1,35462.63394473612,14.676699999999983,-106.48880993175894,55.0,D
1,35466.4504146798,14.676699999999983,-137.0205694812674,55.0,T
1,35466.50701725912,6.6766999999999825,-134.1768624483561,55.0,D
1,35470.151404713826,6.6766999999999825,-105.02176281072899,55.0,T
1,35470.20479531339,-1.3233000000000175,-104.65093571461487,55.0,D
1,35473.811706433975,-1.3233000000000175,-133.5062246793373,55.0,T
1,35473.86575889403,-9.323300000000017,-134.82438243044464,55.0,D
1,35477.543675439636,-9.323300000000017,-105.4010500656196,55.0,T
1,35477.59831206561,-17.323300000000017,-107.18040955693156,55.0,D
1,35481.52499960767,-17.323300000000017,-138.59390989341142,55.0,T
1,35481.59850518884,-25.323300000000017,-146.18133932911826,55.0,D
1,35486.09220854522,-25.323300000000017,-110.23171247811041,55.0,T
1,35486.2209761621,-41.32330000000002,-121.05182019601902,55.0,D
1,35497.21816135917,-41.32330000000002,-209.02930177257272,55.0,T
1,35497.29947983409,-49.32330000000002,-199.82139087107007,55.0,D
1,35505.99380899606,-49.32330000000002,-130.26675757527545,55.0,T
1,35506.11270384978,-57.32330000000002,-146.20600757049124,55.0,D
1,35510.83580424918,-57.32330000000002,-183.99081076569556,55.0,T
1,35511.54088746367,46.67669999999998,-203.21846365007312,55.0,D
1,35521.10742144539,46.67669999999998,-126.68619179629256,55.0,T
1,35521.208279979204,54.67669999999998,-139.5267520044957,55.0,D
1,35527.58870972649,54.67669999999998,-190.57018998284494,55.0,T
1,35529.58531360833,6.6766999999999825,105.04883659029841,55.0,D
1,35533.21871149915,6.6766999999999825,134.1160197168115,55.0,T
1,35533.27220184743,-1.3233000000000175,133.50169847518276,55.0,D
1,35536.87485165683,-1.3233000000000175,104.6805,55.0,T
1,35536.92836075632,-9.323300000000017,105.33052606101693,55.0,D
1,35540.62229017091,-9.323300000000017,134.88196137779153,55.0,T
1,35540.68115990797,-17.323300000000017,138.62054850033383,55.0,D
1,35544.606952133174,-17.323300000000017,107.21421069870486,55.0,T
1,35544.66396024335,-25.323300000000017,110.23469147004607,55.0,D
1,35549.16396543966,-25.323300000000017,146.23473304048377,55.0,T
1,35549.35635073079,-49.32330000000002,130.21061822916997,55.0,D
1,35558.05468867574,-49.32330000000002,199.7973217887696,55.0,T
1,35558.13596412707,-41.32330000000002,208.99668194279602,55.0,D
1,35569.135617940665,-41.32330000000002,120.99945143398506,55.0,T
1,35569.203535201916,-33.32330000000002,114.69175982336546,55.0,D
1,35581.7767771785,-33.32330000000002,215.27769563606427,55.0,T
1,35581.83811546183,-25.323300000000017,219.82232571335152,55.0,D
1,35586.33857359214,-25.323300000000017,183.81866067088177,55.0,T
1,35586.412079173315,-17.323300000000017,191.40609010658858,55.0,D
1,35590.333703920856,-17.323300000000017,222.77908808693297,55.0,T
1,35590.38842112882,-9.323300000000017,224.6133151865845,55.0,D
1,35594.068133197725,-9.323300000000017,195.17561863530625,55.0,T
1,35594.12218566066,-1.3233000000000175,196.49377903765887,55.0,D
1,35597.73080471248,-1.3233000000000175,225.3627314522927,55.0,T
1,35597.78420817101,6.6766999999999825,224.95235223025892,55.0,D
1,35601.42536563761,6.6766999999999825,195.82309249742272,55.0,T
1,35601.481968116335,14.676699999999983,192.9794305187326,55.0,D
1,35605.299160833165,14.676699999999983,223.51697225336866,55.0,T
1,35605.35515930725,22.676699999999983,220.9564733302875,55.0,D
1,35609.603036201595,22.676699999999983,186.97345817551638,55.0,T
1,35609.714731372515,30.676699999999983,172.25252912315204,55.0,D
1,35615.29993350751,30.676699999999983,216.93414620307905,55.0,T
1,35615.36499385101,38.67669999999998,211.34495246074022,55.0,D
1,35626.946119003616,38.67669999999998,118.6959512399345,55.0,T
1,35627.01141105472,30.676699999999983,113.04629031181335,55.0,D
1,35632.597419660364,30.676699999999983,157.7343591569463,55.0,T
1,35632.70893916641,22.676699999999983,143.0434264038435,55.0,D
1,35636.95353714878,22.676699999999983,109.08664254491372,55.0,T
1,35637.00971178357,14.676699999999983,106.4407465053299,55.0,D
1,35640.83892993252,14.676699999999983,137.07449169696207,55.0,T
1,35641.06313383414,46.67669999999998,126.7296251539681,55.0,D
1,35650.634318105906,46.67669999999998,203.29909932806555,55.0,T
1,35650.734462228844,54.67669999999998,190.5849725167794,55.0,D
1,35657.11780482499,54.67669999999998,139.5182317475567,55.0,T
1,35657.86578455498,-57.32330000000002,146.16335933267925,55.0,D
1,35662.59652385158,-57.32330000000002,184.00927370548942,55.0,T
1,35671.57928208557,-1000.0,0.0,1000.0,W
1,35821.45786702548,-1000.0,0.0,1000.0,T
1,35829.59387117547,-225.3214,-1.3214000000000112,57.0,D
1,35833.19675485178,-196.49833058952586,-1.3214000000000112,57.0,T
1,35833.25024548193,-195.8834573690883,6.678599999999989,57.0,D
1,35836.88409969303,-224.9542910578694,6.678599999999989,57.0,T
1,35836.93822109843,-223.57394806871955,14.678599999999989,57.0,D
1,35840.769384415406,-192.9246415329817,14.678599999999989,57.0,T
1,35840.83593033547,-186.95487702965838,22.67859999999999,57.0,D
1,35845.07928589559,-220.90172151065474,22.67859999999999,57.0,T
1,35845.1386874226,-216.9784344003267,30.67859999999999,57.0,D
1,35850.728906011675,-172.25668568775433,30.67859999999999,57.0,T
1,35850.82558394243,-157.7549960746264,30.67859999999999,57.0,D
1,35856.41218550932,-113.06218353952913,30.67859999999999,57.0,T
1,35856.47189825208,-109.03400006685548,22.67859999999999,57.0,D
1,35860.72125077232,-143.0288202287937,22.67859999999999,57.0,T
1,35860.78794620473,-137.02163154980687,14.678599999999989,57.0,D
1,35864.60436932693,-106.49024657218388,14.678599999999989,57.0,T
1,35864.658591990774,-105.02321260477105,6.678599999999989,57.0,D
1,35868.302860725795,-134.17736248496794,6.678599999999989,57.0,T
1,35868.356381500016,-133.50605879740203,-1.3214000000000112,57.0,D
1,35871.96310201788,-104.65229465447115,-1.3214000000000112,57.0,T
1,35872.01666927152,-105.40238792736108,-9.321400000000011,57.0,D
1,35875.6943278015,-134.82365616717397,-9.321400000000011,57.0,T
1,35875.75328422566,-138.59285354456645,-17.32140000000001,57.0,D
1,35879.679675715684,-107.18172162441736,-17.32140000000001,57.0,T
1,35879.736756702754,-110.23301305751421,-25.32140000000001,57.0,D
1,35884.22994622822,-146.1785292611927,-25.32140000000001,57.0,T
1,35884.421910892204,-130.2683210615275,-49.32140000000001,57.0,D
1,35893.11581237035,-199.8195328866719,-49.32140000000001,57.0,T
1,35893.19713160139,-209.02759403317918,-41.32140000000001,57.0,D
1,35904.193931780566,-121.0531925997778,-41.32140000000001,57.0,T
1,35904.262105823254,-114.68347893467403,-33.32140000000001,57.0,D
1,35916.83786256687,-215.28953288359386,-33.32140000000001,57.0,T
1,35916.89904817197,-219.7876170423084,-25.32140000000001,57.0,D
1,35921.40151115124,-183.76791320811114,-25.32140000000001,57.0,T
1,35921.475133683205,-191.380812608161,-17.32140000000001,57.0,D
1,35925.40042284719,-222.78312592007666,-17.32140000000001,57.0,T
1,35925.4552004915,-224.65750104766775,-9.321400000000011,57.0,D
1,35929.147552184266,-195.11868750556286,-9.321400000000011,57.0,T
1,35929.476043494775,-183.98777674579816,-57.32140000000001,57.0,D
1,35934.1984635407,-146.20841637842165,-57.32140000000001,57.0,T
1,35934.86431622963,-118.64765486099414,38.67859999999999,57.0,D
1,35946.444404398186,-211.2883602094829,38.67859999999999,57.0,T
1,35946.52017807314,-203.21450605917332,46.67859999999999,57.0,D
1,35956.08594074084,-126.68840471749039,46.67859999999999,57.0,T
1,35956.18681216202,-139.53124245802994,54.67859999999999,57.0,D
1,35962.566027274195,-190.56496335543702,54.67859999999999,57.0,T
1,35963.6317873686,-52.157943940388535,134.6786,57.0,D
1,35969.06139366265,-8.721093587996293,134.6786,57.0,T
1,35969.1661841966,-22.25156882454313,142.6786,57.0,D
1,35973.394148825166,-56.07528585306647,142.6786,57.0,T
1,35973.450059376875,-58.59218281681418,150.6786,57.0,D
1,35977.26444220315,-28.077120206568726,150.6786,57.0,T
1,35977.32097934083,-30.89138362451786,158.6786,57.0,D
1,35980.962063008104,-60.02005296267097,158.6786,57.0,T
1,35981.01543803311,-60.33643739867358,166.6786,57.0,D
1,35984.6136888463,-31.550430893122872,166.6786,57.0,T
1,35984.66800813877,-30.005058926824425,174.6786,57.0,D
1,35988.35944884313,-59.53658456178933,174.6786,57.0,T
1,35988.41418250806,-57.691342919620354,182.6786,57.0,D
1,35992.36398087907,-26.092955951555297,182.6786,57.0,T
1,35992.43823321001,-18.34365310366985,190.6786,57.0,D
1,35996.97266871592,-54.61913715094325,190.6786,57.0,T
1,35997.03409064336,-50.04915943266672,198.6786,57.0,D
1,36009.552707061346,50.09977191118529,198.6786,57.0,T
1,36009.61398822778,54.62703163268315,190.6786,57.0,D
1,36014.14314005148,18.393817043095797,190.6786,57.0,T
1,36014.217297310126,26.122609170126974,182.6786,57.0,D
1,36018.16350187479,57.69224568743362,182.6786,57.0,T
1,36018.21823545455,59.53743048643067,174.6786,57.0,D
1,36021.902947811905,30.059731627559934,174.6786,57.0,T
1,36021.957140546365,31.50166800875497,166.6786,57.0,D
1,36025.56159220331,60.337281264335,166.6786,57.0,T
1,36025.61496728561,60.02067940513157,158.6786,57.0,D
1,36029.25772338226,30.878630631961045,158.6786,57.0,T
1,36029.31415218061,28.113723966350573,150.6786,57.0,D
1,36033.12404478406,58.59286479395588,150.6786,57.0,T
1,36033.17995557448,56.07584851918284,142.6786,57.0,D
1,36037.4040867564,22.282799063808,142.6786,57.0,T
1,36037.50970579206,8.608148589885243,134.6786,57.0,D
1,36042.953504821795,52.15854082780398,134.6786,57.0,T
1,36043.018316660615,46.634690254189316,126.67859999999999,57.0,D
1,36054.6769310428,-46.634224803285825,126.67859999999999,57.0,T
1,36054.75226953723,-38.65252719355141,118.67859999999999,57.0,D
1,36064.41547651717,38.65312864595206,118.67859999999999,57.0,T
1,36064.51335233709,26.342860053271636,110.67859999999999,57.0,D
1,36071.09899618394,-26.342290721501453,110.67859999999999,57.0,T
1,36071.74927095781,-43.613331060961876,206.6786,57.0,D
1,36082.65663556931,43.645585831036875,206.6786,57.0,T
1,36082.738884271545,34.25361570043456,214.6786,57.0,D
1,36091.29825159915,-34.22132292046343,214.6786,57.0,T
1,36091.42082055462,-17.66774780927043,222.6786,57.0,D
1,36095.84607347326,17.734275539868715,222.6786,57.0,T
1,36098.033552460256,8.79295754456699,-105.32140000000001,57.0,D
1,36100.2341872404,-8.812120696582282,-105.32140000000001,57.0,T
1,36100.392203390875,-31.12366111232591,-113.32140000000001,57.0,D
1,36108.171883852,31.113782576742217,-113.32140000000001,57.0,T
1,36108.259982366755,41.63187825918346,-121.32140000000001,57.0,D
1,36118.66488890578,-41.60737405306218,-121.32140000000001,57.0,T
1,36118.735930645846,-48.64696911891287,-129.3214,57.0,D
1,36130.896233219726,48.63545147213633,-129.3214,57.0,T
1,36130.95920491487,53.657629659963185,-137.3214,57.0,D
1,36135.76994441265,15.17171367770354,-137.3214,57.0,T
1,36135.85260318474,24.644339163442357,-145.3214,57.0,D
1,36139.89939489695,57.01867286111581,-145.3214,57.0,T
1,36139.95470854543,59.21889863073977,-153.3214,57.0,D
1,36143.696684576804,29.28309037978055,-153.3214,57.0,T
1,36143.75170234638,31.3095372206422,-161.3214,57.0,D
1,36147.367518526844,60.23606666440432,-161.3214,57.0,T
1,36147.42085401894,60.16408650754054,-169.3214,57.0,D
1,36151.028929013824,31.29948654851292,-169.3214,57.0,T
1,36151.084360494264,29.03352030039241,-177.3214,57.0,D
1,36154.84052292441,59.08281974154024,-177.3214,57.0,T
1,36154.895946535624,56.82118862532954,-185.3214,57.0,D
1,36158.98482139908,24.110189717692794,-185.3214,57.0,T
1,36159.07162593686,13.837014695239539,-193.3214,57.0,D
1,36164.0003369509,53.266702807529015,-193.3214,57.0,T
1,36164.06351203693,48.18737621456035,-201.3214,57.0,D
1,36176.11047249542,-48.18830745335417,-201.3214,57.0,T
1,36176.17364797934,-53.267745393325384,-193.3214,57.0,D
1,36181.100756337066,-13.850878531531468,-193.3214,57.0,T
1,36181.18787436567,-24.183588507240593,-185.3214,57.0,D
1,36185.26819238687,-56.8261326768351,-185.3214,57.0,T
1,36185.32360013613,-59.079002013336236,-177.3214,57.0,D
1,36189.07139592286,-29.09663571950417,-177.3214,57.0,T
1,36189.12660960517,-31.239622204787068,-169.3214,57.0,D
1,36192.74266356284,-60.16805386615368,-169.3214,57.0,T
1,36192.79599992326,-60.25329005468659,-161.3214,57.0,D
1,36196.41427483552,-31.307090756575736,-161.3214,57.0,T
1,36196.46919818876,-29.33911427301578,-153.3214,57.0,D
1,36200.20226256022,-59.203629244691456,-153.3214,57.0,T
1,36200.25753576624,-57.026391464692686,-145.3214,57.0,D
1,36204.29559683317,-24.72190292923776,-145.3214,57.0,T
1,36204.379088373884,-15.086352045111298,-137.3214,57.0,D
1,36209.200976735396,-53.66145893717601,-137.3214,57.0,T
1,36209.688316147345,-41.02249913486517,-209.3214,57.0,D
1,36219.94382481392,41.02157019773535,-209.3214,57.0,T
1,36220.03435305979,30.049073934081747,-217.3214,57.0,D
1,36227.54674592172,-30.05006896136472,-217.3214,57.0,T
1,36227.73472879642,-3.0112981573873814,-225.3214,57.0,D
1,36228.4875350307,3.0111517168178654,-225.3214,57.0,T
1,36237.78759501561,-1000.0,0.0,1000.0,W
1,36387.95828054223,-1000.0,0.0,1000.0,T
1,36396.083996726324,-225.32330000000002,-2.905051737004232,59.0,D
1,36396.819114806596,-225.32330000000002,2.9758929051743053,59.0,T
1,36397.00731501993,-217.32330000000002,30.048659788337666,59.0,D
1,36404.51982142292,-217.32330000000002,-30.051391435575383,59.0,T
1,36404.61035050804,-209.32330000000002,-41.02404349372838,59.0,D
1,36414.86602206677,-209.32330000000002,41.02132897615437,59.0,T
1,36414.937622380006,-201.32330000000002,48.187123366295395,59.0,D
1,36426.984765277666,-201.32330000000002,-48.19001981497019,59.0,T
1,36427.04794164033,-193.32330000000002,-53.269703663525156,59.0,D
1,36431.975759084606,-193.32330000000002,-13.847164109331555,59.0,T
1,36432.06288932885,-185.32330000000002,-24.18219134251433,59.0,D
1,36436.14363315643,-185.32330000000002,-56.828141963140006,59.0,T
1,36436.199041540785,-177.32330000000002,-59.08136271719796,59.0,D
1,36439.94722292238,-177.32330000000002,-29.095911664385525,59.0,T
1,36440.00243730426,-169.32330000000002,-31.23930365868413,59.0,D
1,36443.61884555525,-169.32330000000002,-60.17056966654515,59.0,T
1,36443.672181921,-161.32330000000002,-60.255880969196674,59.0,D
1,36447.29075010956,-161.32330000000002,-31.307335460732773,59.0,T
1,36447.34567239446,-153.32330000000002,-29.340029935647994,59.0,D
1,36451.07900600784,-153.32330000000002,-59.20669884267592,59.0,T
1,36451.13427873909,-145.32330000000002,-57.02973227699298,59.0,D
1,36455.172546545684,-145.32330000000002,-24.723589824232988,59.0,T
1,36455.25602967589,-137.32330000000002,-15.08967872087676,59.0,D
1,36460.07799012336,-137.32330000000002,-53.66536230068414,59.0,T
1,36460.14093298179,-129.32330000000002,-48.651324295427834,59.0,D
1,36472.301965945844,-129.32330000000002,48.636939416970016,59.0,T
1,36472.36493596808,-137.32330000000002,53.65864562652359,59.0,D
1,36477.175413880366,-137.32330000000002,15.174822328232443,59.0,T
1,36477.25806490158,-145.32330000000002,24.64592598200064,59.0,D
1,36481.30476670239,-145.32330000000002,57.019540388503415,59.0,T
1,36481.36008013766,-153.32330000000002,59.21964555147779,59.0,D
1,36485.10204076528,-153.32330000000002,29.283960530483025,59.0,T
1,36485.15705745102,-161.32330000000002,31.30974518546501,59.0,D
1,36488.7729089754,-161.32330000000002,60.236557380496656,59.0,T
1,36488.82624447394,-169.32330000000002,60.16446997816061,59.0,D
1,36492.43441632596,-169.32330000000002,31.2990951620017,59.0,T
1,36492.489848400895,-177.32330000000002,29.03280171922952,59.0,D
1,36496.246123530866,-177.32330000000002,59.08300275899622,59.0,T
1,36496.301547718904,-185.32330000000002,56.82105361078465,59.0,D
1,36500.39059511089,-185.32330000000002,24.108674474929142,59.0,T
1,36500.4774128603,-193.32330000000002,13.832987816870377,59.0,D
1,36505.40660509379,-193.32330000000002,53.266525684797806,59.0,T
1,36505.892829332166,-121.32330000000002,41.63401844850284,59.0,D
1,36516.29867785159,-121.32330000000002,-41.61276970691726,59.0,T
1,36516.38658561616,-113.32330000000002,-31.130644964891104,59.0,D
1,36524.16765248769,-113.32330000000002,31.11789000732767,59.0,T
1,36524.3256164997,-105.32330000000002,8.81465807754927,59.0,D
1,36526.531749798065,-105.32330000000002,-8.834408309419269,59.0,T
1,36527.38518039168,-33.32330000000002,-114.68210553356593,59.0,D
1,36539.96130496412,-33.32330000000002,-215.29110211306894,59.0,T
1,36540.022490961026,-25.323300000000017,-219.78930618831038,59.0,D
1,36544.525495864626,-25.323300000000017,-183.76526695951623,59.0,T
1,36544.59912430304,-17.323300000000017,-191.37945149966617,59.0,D
1,36548.524796924255,-17.323300000000017,-222.78483246941806,59.0,T
1,36548.579574722935,-9.323300000000017,-224.6593091008716,59.0,D
1,36552.27223353277,-9.323300000000017,-195.11803862220847,59.0,T
1,36552.3263548474,-1.3233000000000175,-196.49830152481724,59.0,D
1,36555.92947965679,-1.3233000000000175,-225.32330000000002,59.0,T
1,36555.98286907531,6.6766999999999825,-224.95631876985897,59.0,D
1,36559.61691108977,6.6766999999999825,-195.88398265423766,59.0,T
1,36559.67377450135,14.676699999999983,-192.92550830303793,59.0,D
1,36563.50510488503,14.676699999999983,-223.57615137245162,59.0,T
1,36563.56133420523,22.676699999999983,-220.904247533349,59.0,D
1,36567.80479344738,22.676699999999983,-186.9565735961565,59.0,T
1,36567.91631295343,30.676699999999983,-172.2656408430537,59.0,D
1,36573.50575129797,30.676699999999983,-216.9811475993598,59.0,T
1,36573.57119714668,38.67669999999998,-211.29158873652275,59.0,D
1,36585.15192014696,38.67669999999998,-118.64580473430054,59.0,T
1,36585.21696562179,30.676699999999983,-113.0605061373129,59.0,D
1,36590.80283621423,30.676699999999983,-157.74747087684796,59.0,T
1,36590.91453138515,22.676699999999983,-143.02654182448362,59.0,D
1,36595.16378624113,22.676699999999983,-109.03250297665473,59.0,T
1,36595.21975066408,14.676699999999983,-106.48880993175894,59.0,D
1,36599.03622060776,14.676699999999983,-137.0205694812674,59.0,T
1,36599.092823187086,6.6766999999999825,-134.1768624483561,59.0,D
1,36602.73721064179,6.6766999999999825,-105.02176281072899,59.0,T
1,36602.79060124135,-1.3233000000000175,-104.65093571461487,59.0,D
1,36606.39751236194,-1.3233000000000175,-133.5062246793373,59.0,T
1,36606.451564822,-9.323300000000017,-134.82438243044464,59.0,D
1,36610.1294813676,-9.323300000000017,-105.4010500656196,59.0,T
1,36610.18411799357,-17.323300000000017,-107.18040955693156,59.0,D
1,36614.11080553563,-17.323300000000017,-138.59390989341142,59.0,T
1,36614.184311116805,-25.323300000000017,-146.18133932911826,59.0,D
1,36618.67801447318,-25.323300000000017,-110.23171247811041,59.0,T
1,36618.80678209006,-41.32330000000002,-121.05182019601902,59.0,D
1,36629.80396728713,-41.32330000000002,-209.02930177257272,59.0,T
1,36629.88528576205,-49.32330000000002,-199.82139087107007,59.0,D
1,36638.57961492403,-49.32330000000002,-130.26675757527545,59.0,T
1,36638.69850977774,-57.32330000000002,-146.20600757049124,59.0,D
1,36643.421610177145,-57.32330000000002,-183.99081076569556,59.0,T
1,36644.126693391634,46.67669999999998,-203.21846365007312,59.0,D
1,36653.693227373355,46.67669999999998,-126.68619179629256,59.0,T
1,36653.79408590717,54.67669999999998,-139.5267520044957,59.0,D
1,36660.17451565446,54.67669999999998,-190.57018998284494,59.0,T
1,36662.171119536295,6.6766999999999825,105.04883659029841,59.0,D
1,36665.80451742711,6.6766999999999825,134.1160197168115,59.0,T
1,36665.858007775394,-1.3233000000000175,133.50169847518276,59.0,D
1,36669.460657584794,-1.3233000000000175,104.6805,59.0,T
1,36669.51416668428,-9.323300000000017,105.33052606101693,59.0,D
1,36673.208096098875,-9.323300000000017,134.88196137779153,59.0,T
1,36673.26696583593,-17.323300000000017,138.62054850033383,59.0,D
1,36677.19275806114,-17.323300000000017,107.21421069870486,59.0,T
1,36677.24976617131,-25.323300000000017,110.23469147004607,59.0,D
1,36681.74977136762,-25.323300000000017,146.23473304048377,59.0,T
1,36681.942156658755,-49.32330000000002,130.21061822916997,59.0,D
1,36690.6404946037,-49.32330000000002,199.7973217887696,59.0,T
1,36690.72177005503,-41.32330000000002,208.99668194279602,59.0,D
1,36701.72142386863,-41.32330000000002,120.99945143398506,59.0,T
1,36701.78934112988,-33.32330000000002,114.69175982336546,59.0,D
1,36714.362583106464,-33.32330000000002,215.27769563606427,59.0,T
1,36714.423921389796,-25.323300000000017,219.82232571335152,59.0,D
1,36718.924379520104,-25.323300000000017,183.81866067088177,59.0,T
1,36718.99788510128,-17.323300000000017,191.40609010658858,59.0,D
1,36722.91950984882,-17.323300000000017,222.77908808693297,59.0,T
1,36722.97422705678,-9.323300000000017,224.6133151865845,59.0,D
1,36726.65393912569,-9.323300000000017,195.17561863530625,59.0,T
1,36726.70799158862,-1.3233000000000175,196.49377903765887,59.0,D
1,36730.316610640446,-1.3233000000000175,225.3627314522927,59.0,T
1,36730.370014098975,6.6766999999999825,224.95235223025892,59.0,D
1,36734.01117156557,6.6766999999999825,195.82309249742272,59.0,T
1,36734.0677740443,14.676699999999983,192.9794305187326,59.0,D
1,36737.88496676113,14.676699999999983,223.51697225336866,59.0,T
1,36737.94096523521,22.676699999999983,220.9564733302875,59.0,D
1,36742.18884212956,22.676699999999983,186.97345817551638,59.0,T
1,36742.30053730048,30.676699999999983,172.25252912315204,59.0,D
1,36747.88573943547,30.676699999999983,216.93414620307905,59.0,T
1,36747.95079977898,38.67669999999998,211.34495246074022,59.0,D
1,36759.53192493158,38.67669999999998,118.6959512399345,59.0,T
1,36759.597216982685,30.676699999999983,113.04629031181335,59.0,D
1,36765.18322558833,30.676699999999983,157.7343591569463,59.0,T
1,36765.294745094376,22.676699999999983,143.0434264038435,59.0,D
1,36769.53934307674,22.676699999999983,109.08664254491372,59.0,T
1,36769.59551771153,14.676699999999983,106.4407465053299,59.0,D
1,36773.424735860484,14.676699999999983,137.07449169696207,59.0,T
1,36773.648939762104,46.67669999999998,126.7296251539681,59.0,D
1,36783.22012403387,46.67669999999998,203.29909932806555,59.0,T
1,36783.32026815681,54.67669999999998,190.5849725167794,59.0,D
1,36789.70361075296,54.67669999999998,139.5182317475567,59.0,T
1,36790.451590482946,-57.32330000000002,146.16335933267925,59.0,D
1,36795.18232977954,-57.32330000000002,184.00927370548942,59.0,T
1,36804.14640567176,-1000.0,0.0,1000.0,W
1,36953.98682128436,-1000.0,0.0,1000.0,T
1,36962.102237832565,-225.3214,-1.3214000000000112,61.0,D
1,36965.70512150887,-196.49833058952586,-1.3214000000000112,61.0,T
1,36965.75861213903,-195.8834573690883,6.678599999999989,61.0,D
1,36969.392466350124,-224.9542910578694,6.678599999999989,61.0,T
1,36969.44658775553,-223.57394806871955,14.678599999999989,61.0,D
1,36973.2777510725,-192.9246415329817,14.678599999999989,61.0,T
1,36973.34429699256,-186.95487702965838,22.67859999999999,61.0,D
1,36977.587652552684,-220.90172151065474,22.67859999999999,61.0,T
1,36977.647054079694,-216.9784344003267,30.67859999999999,61.0,D
1,36983.23727266877,-172.25668568775433,30.67859999999999,61.0,T
1,36983.333950599525,-157.7549960746264,30.67859999999999,61.0,D
1,36988.92055216641,-113.06218353952913,30.67859999999999,61.0,T
1,36988.98026490917,-109.03400006685548,22.67859999999999,61.0,D
1,36993.22961742942,-143.0288202287937,22.67859999999999,61.0,T
1,36993.29631286182,-137.02163154980687,14.678599999999989,61.0,D
1,36997.112735984025,-106.49024657218388,14.678599999999989,61.0,T
1,36997.16695864787,-105.02321260477105,6.678599999999989,61.0,D
1,37000.81122738289,-134.17736248496794,6.678599999999989,61.0,T
1,37000.86474815711,-133.50605879740203,-1.3214000000000112,61.0,D
1,37004.47146867497,-104.65229465447115,-1.3214000000000112,61.0,T
1,37004.525035928615,-105.40238792736108,-9.321400000000011,61.0,D
1,37008.202694458596,-134.82365616717397,-9.321400000000011,61.0,T
1,37008.261650882756,-138.59285354456645,-17.32140000000001,61.0,D
1,37012.18804237278,-107.18172162441736,-17.32140000000001,61.0,T
1,37012.24512335985,-110.23301305751421,-25.32140000000001,61.0,D
1,37016.73831288531,-146.1785292611927,-25.32140000000001,61.0,T
1,37016.9302775493,-130.2683210615275,-49.32140000000001,61.0,D
1,37025.62417902744,-199.8195328866719,-49.32140000000001,61.0,T
1,37025.70549825848,-209.02759403317918,-41.32140000000001,61.0,D
1,37036.70229843766,-121.0531925997778,-41.32140000000001,61.0,T
1,37036.77047248035,-114.68347893467403,-33.32140000000001,61.0,D
1,37049.346229223964,-215.28953288359386,-33.32140000000001,61.0,T
1,37049.40741482906,-219.7876170423084,-25.32140000000001,61.0,D
1,37053.909877808335,-183.76791320811114,-25.32140000000001,61.0,T
1,37053.9835003403,-191.380812608161,-17.32140000000001,61.0,D
1,37057.90878950428,-222.78312592007666,-17.32140000000001,61.0,T
1,37057.963567148596,-224.65750104766775,-9.321400000000011,61.0,D
1,37061.65591884136,-195.11868750556286,-9.321400000000011,61.0,T
1,37061.98441015187,-183.98777674579816,-57.32140000000001,61.0,D
1,37066.70683019779,-146.20841637842165,-57.32140000000001,61.0,T
1,37067.37268288672,-118.64765486099414,38.67859999999999,61.0,D
1,37078.95277105528,-211.2883602094829,38.67859999999999,61.0,T
1,37079.02854473023,-203.21450605917332,46.67859999999999,61.0,D
1,37088.594307397936,-126.68840471749039,46.67859999999999,61.0,T
1,37088.695178819115,-139.53124245802994,54.67859999999999,61.0,D
1,37095.07439393129,-190.56496335543702,54.67859999999999,61.0,T
1,37096.14015402569,-52.157943940388535,134.6786,61.0,D
1,37101.56976031974,-8.721093587996293,134.6786,61.0,T
1,37101.67455085369,-22.25156882454313,142.6786,61.0,D
1,37105.90251548226,-56.07528585306647,142.6786,61.0,T
1,37105.95842603397,-58.59218281681418,150.6786,61.0,D
1,37109.772808860245,-28.077120206568726,150.6786,61.0,T
1,37109.829345997925,-30.89138362451786,158.6786,61.0,D
1,37113.4704296652,-60.02005296267097,158.6786,61.0,T
1,37113.5238046902,-60.33643739867358,166.6786,61.0,D
1,37117.122055503394,-31.550430893122872,166.6786,61.0,T
1,37117.17637479586,-30.005058926824425,174.6786,61.0,D
1,37120.86781550023,-59.53658456178933,174.6786,61.0,T
1,37120.92254916515,-57.691342919620354,182.6786,61.0,D
1,37124.87234753616,-26.092955951555297,182.6786,61.0,T
1,37124.9465998671,-18.34365310366985,190.6786,61.0,D
1,37129.48103537301,-54.61913715094325,190.6786,61.0,T
1,37129.54245730046,-50.04915943266672,198.6786,61.0,D
1,37142.06107371844,50.09977191118529,198.6786,61.0,T
1,37142.12235488487,54.62703163268315,190.6786,61.0,D
1,37146.65150670857,18.393817043095797,190.6786,61.0,T
1,37146.72566396722,26.122609170126974,182.6786,61.0,D
1,37150.671868531885,57.69224568743362,182.6786,61.0,T
1,37150.726602111645,59.53743048643067,174.6786,61.0,D
1,37154.411314469,30.059731627559934,174.6786,61.0,T
1,37154.46550720346,31.50166800875497,166.6786,61.0,D
1,37158.069958860404,60.337281264335,166.6786,61.0,T
1,37158.123333942705,60.02067940513157,158.6786,61.0,D
1,37161.76609003935,30.878630631961045,158.6786,61.0,T
1,37161.822518837704,28.113723966350573,150.6786,61.0,D
1,37165.632411441155,58.59286479395588,150.6786,61.0,T
1,37165.688322231574,56.07584851918284,142.6786,61.0,D
1,37169.9124534135,22.282799063808,142.6786,61.0,T
1,37170.01807244915,8.608148589885243,134.6786,61.0,D
1,37175.46187147889,52.15854082780398,134.6786,61.0,T
1,37175.52668331771,46.634690254189316,126.67859999999999,61.0,D
1,37187.18529769989,-46.634224803285825,126.67859999999999,61.0,T
1,37187.260636194325,-38.65252719355141,118.67859999999999,61.0,D
1,37196.92384317426,38.65312864595206,118.67859999999999,61.0,T
1,37197.02171899418,26.342860053271636,110.67859999999999,61.0,D
1,37203.60736284103,-26.342290721501453,110.67859999999999,61.0,T
1,37204.2576376149,-43.613331060961876,206.6786,61.0,D
1,37215.1650022264,43.645585831036875,206.6786,61.0,T
1,37215.24725092864,34.25361570043456,214.6786,61.0,D
1,37223.80661825625,-34.22132292046343,214.6786,61.0,T
1,37223.92918721171,-17.66774780927043,222.6786,61.0,D
1,37228.35444013035,17.734275539868715,222.6786,61.0,T
1,37230.54191911735,8.79295754456699,-105.32140000000001,61.0,D
1,37232.74255389749,-8.812120696582282,-105.32140000000001,61.0,T
1,37232.90057004797,-31.12366111232591,-113.32140000000001,61.0,D
1,37240.6802505091,31.113782576742217,-113.32140000000001,61.0,T
1,37240.76834902385,41.63187825918346,-121.32140000000001,61.0,D
1,37251.17325556288,-41.60737405306218,-121.32140000000001,61.0,T
1,37251.24429730294,-48.64696911891287,-129.3214,61.0,D
1,37263.40459987682,48.63545147213633,-129.3214,61.0,T
1,37263.467571571964,53.657629659963185,-137.3214,61.0,D
1,37268.27831106974,15.17171367770354,-137.3214,61.0,T
1,37268.36096984184,24.644339163442357,-145.3214,61.0,D
1,37272.407761554045,57.01867286111581,-145.3214,61.0,T
1,37272.463075202526,59.21889863073977,-153.3214,61.0,D
1,37276.2050512339,29.28309037978055,-153.3214,61.0,T
1,37276.260069003474,31.3095372206422,-161.3214,61.0,D
1,37279.87588518394,60.23606666440432,-161.3214,61.0,T
1,37279.92922067604,60.16408650754054,-169.3214,61.0,D
1,37283.53729567092,31.29948654851292,-169.3214,61.0,T
1,37283.59272715136,29.03352030039241,-177.3214,61.0,D
1,37287.3488895815,59.08281974154024,-177.3214,61.0,T
1,37287.40431319272,56.82118862532954,-185.3214,61.0,D
1,37291.49318805617,24.110189717692794,-185.3214,61.0,T
1,37291.57999259395,13.837014695239539,-193.3214,61.0,D
1,37296.50870360799,53.266702807529015,-193.3214,61.0,T
1,37296.57187869403,48.18737621456035,-201.3214,61.0,D
1,37308.618839152514,-48.18830745335417,-201.3214,61.0,T
1,37308.68201463643,-53.267745393325384,-193.3214,61.0,D
1,37313.60912299416,-13.850878531531468,-193.3214,61.0,T
1,37313.696241022764,-24.183588507240593,-185.3214,61.0,D
1,37317.77655904397,-56.8261326768351,-185.3214,61.0,T
1,37317.83196679322,-59.079002013336236,-177.3214,61.0,D
1,37321.57976257995,-29.09663571950417,-177.3214,61.0,T
1,37321.63497626226,-31.239622204787068,-169.3214,61.0,D
1,37325.25103021994,-60.16805386615368,-169.3214,61.0,T
1,37325.304366580356,-60.25329005468659,-161.3214,61.0,D
1,37328.922641492616,-31.307090756575736,-161.3214,61.0,T
1,37328.97756484585,-29.33911427301578,-153.3214,61.0,D
1,37332.71062921731,-59.203629244691456,-153.3214,61.0,T
1,37332.765902423336,-57.026391464692686,-145.3214,61.0,D
1,37336.80396349027,-24.72190292923776,-145.3214,61.0,T
1,37336.88745503098,-15.086352045111298,-137.3214,61.0,D
1,37341.70934339249,-53.66145893717601,-137.3214,61.0,T
1,37342.19668280444,-41.02249913486517,-209.3214,61.0,D
1,37352.45219147101,41.02157019773535,-209.3214,61.0,T
1,37352.54271971688,30.049073934081747,-217.3214,61.0,D
1,37360.05511257881,-30.05006896136472,-217.3214,61.0,T
1,37360.243095453516,-3.0112981573873814,-225.3214,61.0,D
1,37360.99590168779,3.0111517168178654,-225.3214,61.0,T
1,37370.27795630653,-1000.0,0.0,1000.0,W
1,37520.41053467759,-1000.0,0.0,1000.0,T
1,37528.51568099568,-225.32330000000002,-2.905051737004232,63.0,D
1,37529.250799075955,-225.32330000000002,2.9758929051743053,63.0,T
1,37529.43899928929,-217.32330000000002,30.048659788337666,63.0,D
1,37536.951505692276,-217.32330000000002,-30.051391435575383,63.0,T
1,37537.0420347774,-209.32330000000002,-41.02404349372838,63.0,D
1,37547.29770633613,-209.32330000000002,41.02132897615437,63.0,T
1,37547.369306649365,-201.32330000000002,48.187123366295395,63.0,D
1,37559.416449547025,-201.32330000000002,-48.19001981497019,63.0,T
1,37559.47962590969,-193.32330000000002,-53.269703663525156,63.0,D
1,37564.407443353964,-193.32330000000002,-13.847164109331555,63.0,T
1,37564.49457359821,-185.32330000000002,-24.18219134251433,63.0,D
1,37568.57531742579,-185.32330000000002,-56.828141963140006,63.0,T
1,37568.630725810144,-177.32330000000002,-59.08136271719796,63.0,D
1,37572.37890719174,-177.32330000000002,-29.095911664385525,63.0,T
1,37572.43412157362,-169.32330000000002,-31.23930365868413,63.0,D
1,37576.050529824606,-169.32330000000002,-60.17056966654515,63.0,T
1,37576.10386619036,-161.32330000000002,-60.255880969196674,63.0,D
1,37579.72243437892,-161.32330000000002,-31.307335460732773,63.0,T
1,37579.77735666382,-153.32330000000002,-29.340029935647994,63.0,D
1,37583.5106902772,-153.32330000000002,-59.20669884267592,63.0,T
1,37583.56596300845,-145.32330000000002,-57.02973227699298,63.0,D
1,37587.60423081504,-145.32330000000002,-24.723589824232988,63.0,T
1,37587.68771394525,-137.32330000000002,-15.08967872087676,63.0,D
1,37592.50967439272,-137.32330000000002,-53.66536230068414,63.0,T
1,37592.57261725115,-129.32330000000002,-48.651324295427834,63.0,D
1,37604.7336502152,-129.32330000000002,48.636939416970016,63.0,T
1,37604.79662023744,-137.32330000000002,53.65864562652359,63.0,D
1,37609.607098149725,-137.32330000000002,15.174822328232443,63.0,T
1,37609.68974917094,-145.32330000000002,24.64592598200064,63.0,D
1,37613.73645097175,-145.32330000000002,57.019540388503415,63.0,T
1,37613.79176440702,-153.32330000000002,59.21964555147779,63.0,D
1,37617.53372503464,-153.32330000000002,29.283960530483025,63.0,T
1,37617.58874172038,-161.32330000000002,31.30974518546501,63.0,D
1,37621.20459324476,-161.32330000000002,60.236557380496656,63.0,T
1,37621.257928743296,-169.32330000000002,60.16446997816061,63.0,D
1,37624.86610059532,-169.32330000000002,31.2990951620017,63.0,T
1,37624.921532670254,-177.32330000000002,29.03280171922952,63.0,D
1,37628.677807800224,-177.32330000000002,59.08300275899622,63.0,T
1,37628.73323198826,-185.32330000000002,56.82105361078465,63.0,D
1,37632.82227938025,-185.32330000000002,24.108674474929142,63.0,T
1,37632.90909712966,-193.32330000000002,13.832987816870377,63.0,D
1,37637.83828936315,-193.32330000000002,53.266525684797806,63.0,T
1,37638.324513601525,-121.32330000000002,41.63401844850284,63.0,D
1,37648.73036212095,-121.32330000000002,-41.61276970691726,63.0,T
1,37648.818269885516,-113.32330000000002,-31.130644964891104,63.0,D
1,37656.59933675705,-113.32330000000002,31.11789000732767,63.0,T
1,37656.75730076906,-105.32330000000002,8.81465807754927,63.0,D
1,37658.963434067424,-105.32330000000002,-8.834408309419269,63.0,T
1,37659.816864661036,-33.32330000000002,-114.68210553356593,63.0,D
1,37672.39298923348,-33.32330000000002,-215.29110211306894,63.0,T
1,37672.454175230385,-25.323300000000017,-219.78930618831038,63.0,D
1,37676.957180133984,-25.323300000000017,-183.76526695951623,63.0,T
1,37677.030808572395,-17.323300000000017,-191.37945149966617,63.0,D
1,37680.956481193614,-17.323300000000017,-222.78483246941806,63.0,T
1,37681.011258992294,-9.323300000000017,-224.6593091008716,63.0,D
1,37684.70391780213,-9.323300000000017,-195.11803862220847,63.0,T
1,37684.75803911676,-1.3233000000000175,-196.49830152481724,63.0,D
1,37688.36116392615,-1.3233000000000175,-225.32330000000002,63.0,T
1,37688.41455334467,6.6766999999999825,-224.95631876985897,63.0,D
1,37692.04859535913,6.6766999999999825,-195.88398265423766,63.0,T
1,37692.10545877071,14.676699999999983,-192.92550830303793,63.0,D
1,37695.93678915439,14.676699999999983,-223.57615137245162,63.0,T
1,37695.99301847459,22.676699999999983,-220.904247533349,63.0,D
1,37700.23647771674,22.676699999999983,-186.9565735961565,63.0,T
1,37700.34799722279,30.676699999999983,-172.2656408430537,63.0,D
1,37705.93743556733,30.676699999999983,-216.9811475993598,63.0,T
1,37706.00288141604,38.67669999999998,-211.29158873652275,63.0,D
1,37717.583604416315,38.67669999999998,-118.64580473430054,63.0,T
1,37717.64864989115,30.676699999999983,-113.0605061373129,63.0,D
1,37723.23452048359,30.676699999999983,-157.74747087684796,63.0,T
1,37723.34621565451,22.676699999999983,-143.02654182448362,63.0,D
1,37727.59547051049,22.676699999999983,-109.03250297665473,63.0,T
1,37727.65143493344,14.676699999999983,-106.48880993175894,63.0,D
1,37731.46790487712,14.676699999999983,-137.0205694812674,63.0,T
1,37731.524507456445,6.6766999999999825,-134.1768624483561,63.0,D
1,37735.16889491115,6.6766999999999825,-105.02176281072899,63.0,T
1,37735.22228551071,-1.3233000000000175,-104.65093571461487,63.0,D
1,37738.8291966313,-1.3233000000000175,-133.5062246793373,63.0,T
1,37738.883249091356,-9.323300000000017,-134.82438243044464,63.0,D
1,37742.56116563696,-9.323300000000017,-105.4010500656196,63.0,T
1,37742.61580226293,-17.323300000000017,-107.18040955693156,63.0,D
1,37746.54248980499,-17.323300000000017,-138.59390989341142,63.0,T
1,37746.615995386164,-25.323300000000017,-146.18133932911826,63.0,D
1,37751.10969874254,-25.323300000000017,-110.23171247811041,63.0,T
1,37751.23846635942,-41.32330000000002,-121.05182019601902,63.0,D
1,37762.23565155649,-41.32330000000002,-209.02930177257272,63.0,T
1,37762.31697003141,-49.32330000000002,-199.82139087107007,63.0,D
1,37771.011299193386,-49.32330000000002,-130.26675757527545,63.0,T
1,37771.1301940471,-57.32330000000002,-146.20600757049124,63.0,D
1,37775.853294446504,-57.32330000000002,-183.99081076569556,63.0,T
1,37776.55837766099,46.67669999999998,-203.21846365007312,63.0,D
1,37786.12491164271,46.67669999999998,-126.68619179629256,63.0,T
1,37786.22577017653,54.67669999999998,-139.5267520044957,63.0,D
1,37792.606199923815,54.67669999999998,-190.57018998284494,63.0,T
1,37794.602803805654,6.6766999999999825,105.04883659029841,63.0,D
1,37798.23620169647,6.6766999999999825,134.1160197168115,63.0,T
1,37798.28969204475,-1.3233000000000175,133.50169847518276,63.0,D
1,37801.89234185415,-1.3233000000000175,104.6805,63.0,T
1,37801.94585095364,-9.323300000000017,105.33052606101693,63.0,D
1,37805.639780368234,-9.323300000000017,134.88196137779153,63.0,T
1,37805.69865010529,-17.323300000000017,138.62054850033383,63.0,D
1,37809.624442330496,-17.323300000000017,107.21421069870486,63.0,T
1,37809.68145044067,-25.323300000000017,110.23469147004607,63.0,D
1,37814.18145563698,-25.323300000000017,146.23473304048377,63.0,T
1,37814.373840928114,-49.32330000000002,130.21061822916997,63.0,D
1,37823.07217887306,-49.32330000000002,199.7973217887696,63.0,T
1,37823.15345432439,-41.32330000000002,208.99668194279602,63.0,D
1,37834.15310813799,-41.32330000000002,120.99945143398506,63.0,T
1,37834.22102539924,-33.32330000000002,114.69175982336546,63.0,D
1,37846.79426737582,-33.32330000000002,215.27769563606427,63.0,T
1,37846.855605659155,-25.323300000000017,219.82232571335152,63.0,D
1,37851.35606378946,-25.323300000000017,183.81866067088177,63.0,T
1,37851.42956937064,-17.323300000000017,191.40609010658858,63.0,D
1,37855.35119411818,-17.323300000000017,222.77908808693297,63.0,T
1,37855.40591132614,-9.323300000000017,224.6133151865845,63.0,D
1,37859.08562339505,-9.323300000000017,195.17561863530625,63.0,T
1,37859.13967585798,-1.3233000000000175,196.49377903765887,63.0,D
1,37862.748294909805,-1.3233000000000175,225.3627314522927,63.0,T
1,37862.801698368334,6.6766999999999825,224.95235223025892,63.0,D
1,37866.44285583493,6.6766999999999825,195.82309249742272,63.0,T
1,37866.49945831366,14.676699999999983,192.9794305187326,63.0,D
1,37870.31665103049,14.676699999999983,223.51697225336866,63.0,T
1,37870.37264950457,22.676699999999983,220.9564733302875,63.0,D
1,37874.62052639892,22.676699999999983,186.97345817551638,63.0,T
1,37874.73222156984,30.676699999999983,172.25252912315204,63.0,D
1,37880.31742370483,30.676699999999983,216.93414620307905,63.0,T
1,37880.382484048336,38.67669999999998,211.34495246074022,63.0,D
1,37891.96360920094,38.67669999999998,118.6959512399345,63.0,T
1,37892.028901252044,30.676699999999983,113.04629031181335,63.0,D
1,37897.614909857686,30.676699999999983,157.7343591569463,63.0,T
1,37897.726429363734,22.676699999999983,143.0434264038435,63.0,D
1,37901.9710273461,22.676699999999983,109.08664254491372,63.0,T
1,37902.02720198089,14.676699999999983,106.4407465053299,63.0,D
1,37905.85642012984,14.676699999999983,137.07449169696207,63.0,T
1,37906.08062403146,46.67669999999998,126.7296251539681,63.0,D
1,37915.65180830323,46.67669999999998,203.29909932806555,63.0,T
1,37915.751952426166,54.67669999999998,190.5849725167794,63.0,D
1,37922.135295022315,54.67669999999998,139.5182317475567,63.0,T
1,37922.883274752305,-57.32330000000002,146.16335933267925,63.0,D
1,37927.6140140489,-57.32330000000002,184.00927370548942,63.0,T
1,37936.55944807609,-1000.0,0.0,1000.0,W
1,38086.36177340458,-1000.0,0.0,1000.0,T
1,38094.45663783799,-225.3214,-1.3214000000000112,65.0,D
1,38098.059521514304,-196.49833058952586,-1.3214000000000112,65.0,T
1,38098.11301214446,-195.8834573690883,6.678599999999989,65.0,D
1,38101.746866355556,-224.9542910578694,6.678599999999989,65.0,T
1,38101.80098776096,-223.57394806871955,14.678599999999989,65.0,D
1,38105.63215107793,-192.9246415329817,14.678599999999989,65.0,T
1,38105.69869699799,-186.95487702965838,22.67859999999999,65.0,D
1,38109.942052558115,-220.90172151065474,22.67859999999999,65.0,T
1,38110.001454085126,-216.9784344003267,30.67859999999999,65.0,D
1,38115.5916726742,-172.25668568775433,30.67859999999999,65.0,T
1,38115.688350604956,-157.7549960746264,30.67859999999999,65.0,D
1,38121.27495217184,-113.06218353952913,30.67859999999999,65.0,T
1,38121.334664914604,-109.03400006685548,22.67859999999999,65.0,D
1,38125.58401743485,-143.0288202287937,22.67859999999999,65.0,T
1,38125.65071286725,-137.02163154980687,14.678599999999989,65.0,D
1,38129.46713598946,-106.49024657218388,14.678599999999989,65.0,T
1,38129.5213586533,-105.02321260477105,6.678599999999989,65.0,D
1,38133.16562738832,-134.17736248496794,6.678599999999989,65.0,T
1,38133.21914816254,-133.50605879740203,-1.3214000000000112,65.0,D
1,38136.825868680404,-104.65229465447115,-1.3214000000000112,65.0,T
1,38136.879435934046,-105.40238792736108,-9.321400000000011,65.0,D
1,38140.55709446403,-134.82365616717397,-9.321400000000011,65.0,T
1,38140.61605088819,-138.59285354456645,-17.32140000000001,65.0,D
1,38144.54244237821,-107.18172162441736,-17.32140000000001,65.0,T
1,38144.59952336528,-110.23301305751421,-25.32140000000001,65.0,D
1,38149.09271289074,-146.1785292611927,-25.32140000000001,65.0,T
1,38149.28467755473,-130.2683210615275,-49.32140000000001,65.0,D
1,38157.978579032875,-199.8195328866719,-49.32140000000001,65.0,T
1,38158.05989826391,-209.02759403317918,-41.32140000000001,65.0,D
1,38169.05669844309,-121.0531925997778,-41.32140000000001,65.0,T
1,38169.12487248578,-114.68347893467403,-33.32140000000001,65.0,D
1,38181.700629229395,-215.28953288359386,-33.32140000000001,65.0,T
1,38181.76181483449,-219.7876170423084,-25.32140000000001,65.0,D
1,38186.26427781377,-183.76791320811114,-25.32140000000001,65.0,T
1,38186.33790034573,-191.380812608161,-17.32140000000001,65.0,D
1,38190.263189509715,-222.78312592007666,-17.32140000000001,65.0,T
1,38190.31796715403,-224.65750104766775,-9.321400000000011,65.0,D
1,38194.01031884679,-195.11868750556286,-9.321400000000011,65.0,T
1,38194.3388101573,-183.98777674579816,-57.32140000000001,65.0,D
1,38199.061230203224,-146.20841637842165,-57.32140000000001,65.0,T
1,38199.727082892154,-118.64765486099414,38.67859999999999,65.0,D
1,38211.30717106071,-211.2883602094829,38.67859999999999,65.0,T
1,38211.38294473566,-203.21450605917332,46.67859999999999,65.0,D
1,38220.94870740337,-126.68840471749039,46.67859999999999,65.0,T
1,38221.049578824546,-139.53124245802994,54.67859999999999,65.0,D
1,38227.42879393672,-190.56496335543702,54.67859999999999,65.0,T
1,38228.494554031124,-52.157943940388535,134.6786,65.0,D
1,38233.92416032517,-8.721093587996293,134.6786,65.0,T
1,38234.02895085912,-22.25156882454313,142.6786,65.0,D
1,38238.25691548769,-56.07528585306647,142.6786,65.0,T
1,38238.3128260394,-58.59218281681418,150.6786,65.0,D
1,38242.12720886568,-28.077120206568726,150.6786,65.0,T
1,38242.18374600336,-30.89138362451786,158.6786,65.0,D
1,38245.82482967063,-60.02005296267097,158.6786,65.0,T
1,38245.87820469563,-60.33643739867358,166.6786,65.0,D
1,38249.476455508826,-31.550430893122872,166.6786,65.0,T
1,38249.53077480129,-30.005058926824425,174.6786,65.0,D
1,38253.22221550566,-59.53658456178933,174.6786,65.0,T
1,38253.276949170584,-57.691342919620354,182.6786,65.0,D
1,38257.226747541594,-26.092955951555297,182.6786,65.0,T
1,38257.30099987253,-18.34365310366985,190.6786,65.0,D
1,38261.835435378445,-54.61913715094325,190.6786,65.0,T
1,38261.89685730589,-50.04915943266672,198.6786,65.0,D
1,38274.41547372387,50.09977191118529,198.6786,65.0,T
1,38274.476754890304,54.62703163268315,190.6786,65.0,D
1,38279.005906714,18.393817043095797,190.6786,65.0,T
1,38279.08006397265,26.122609170126974,182.6786,65.0,D
1,38283.026268537316,57.69224568743362,182.6786,65.0,T
1,38283.08100211708,59.53743048643067,174.6786,65.0,D
1,38286.76571447443,30.059731627559934,174.6786,65.0,T
1,38286.81990720889,31.50166800875497,166.6786,65.0,D
1,38290.424358865836,60.337281264335,166.6786,65.0,T
1,38290.47773394814,60.02067940513157,158.6786,65.0,D
1,38294.120490044785,30.878630631961045,158.6786,65.0,T
1,38294.176918843135,28.113723966350573,150.6786,65.0,D
1,38297.986811446586,58.59286479395588,150.6786,65.0,T
1,38298.042722237005,56.07584851918284,142.6786,65.0,D
1,38302.26685341893,22.282799063808,142.6786,65.0,T
1,38302.37247245458,8.608148589885243,134.6786,65.0,D
1,38307.81627148432,52.15854082780398,134.6786,65.0,T
1,38307.88108332314,46.634690254189316,126.67859999999999,65.0,D
1,38319.539697705324,-46.634224803285825,126.67859999999999,65.0,T
1,38319.61503619976,-38.65252719355141,118.67859999999999,65.0,D
1,38329.278243179695,38.65312864595206,118.67859999999999,65.0,T
1,38329.376118999615,26.342860053271636,110.67859999999999,65.0,D
1,38335.96176284646,-26.342290721501453,110.67859999999999,65.0,T
1,38336.61203762033,-43.613331060961876,206.6786,65.0,D
1,38347.51940223183,43.645585831036875,206.6786,65.0,T
1,38347.60165093407,34.25361570043456,214.6786,65.0,D
1,38356.16101826168,-34.22132292046343,214.6786,65.0,T
1,38356.28358721714,-17.66774780927043,222.6786,65.0,D
1,38360.70884013578,17.734275539868715,222.6786,65.0,T
1,38362.89631912278,8.79295754456699,-105.32140000000001,65.0,D
1,38365.096953902925,-8.812120696582282,-105.32140000000001,65.0,T
1,38365.2549700534,-31.12366111232591,-113.32140000000001,65.0,D
1,38373.03465051453,31.113782576742217,-113.32140000000001,65.0,T
1,38373.12274902928,41.63187825918346,-121.32140000000001,65.0,D
1,38383.52765556831,-41.60737405306218,-121.32140000000001,65.0,T
1,38383.59869730837,-48.64696911891287,-129.3214,65.0,D
1,38395.75899988225,48.63545147213633,-129.3214,65.0,T
1,38395.821971577396,53.657629659963185,-137.3214,65.0,D
1,38400.63271107517,15.17171367770354,-137.3214,65.0,T
1,38400.71536984727,24.644339163442357,-145.3214,65.0,D
1,38404.762161559476,57.01867286111581,-145.3214,65.0,T
1,38404.81747520796,59.21889863073977,-153.3214,65.0,D
1,38408.55945123933,29.28309037978055,-153.3214,65.0,T
1,38408.614469008906,31.3095372206422,-161.3214,65.0,D
1,38412.23028518937,60.23606666440432,-161.3214,65.0,T
1,38412.28362068147,60.16408650754054,-169.3214,65.0,D
1,38415.89169567635,31.29948654851292,-169.3214,65.0,T
1,38415.94712715679,29.03352030039241,-177.3214,65.0,D
1,38419.703289586934,59.08281974154024,-177.3214,65.0,T
1,38419.75871319815,56.82118862532954,-185.3214,65.0,D
1,38423.8475880616,24.110189717692794,-185.3214,65.0,T
1,38423.93439259938,13.837014695239539,-193.3214,65.0,D
1,38428.863103613425,53.266702807529015,-193.3214,65.0,T
1,38428.92627869946,48.18737621456035,-201.3214,65.0,D
1,38440.973239157945,-48.18830745335417,-201.3214,65.0,T
1,38441.036414641865,-53.267745393325384,-193.3214,65.0,D
1,38445.96352299959,-13.850878531531468,-193.3214,65.0,T
1,38446.050641028196,-24.183588507240593,-185.3214,65.0,D
1,38450.1309590494,-56.8261326768351,-185.3214,65.0,T
1,38450.186366798654,-59.079002013336236,-177.3214,65.0,D
1,38453.934162585385,-29.09663571950417,-177.3214,65.0,T
1,38453.989376267695,-31.239622204787068,-169.3214,65.0,D
1,38457.60543022537,-60.16805386615368,-169.3214,65.0,T
1,38457.65876658579,-60.25329005468659,-161.3214,65.0,D
1,38461.27704149805,-31.307090756575736,-161.3214,65.0,T
1,38461.331964851284,-29.33911427301578,-153.3214,65.0,D
1,38465.065029222744,-59.203629244691456,-153.3214,65.0,T
1,38465.12030242877,-57.026391464692686,-145.3214,65.0,D
1,38469.1583634957,-24.72190292923776,-145.3214,65.0,T
1,38469.24185503641,-15.086352045111298,-137.3214,65.0,D
1,38474.06374339792,-53.66145893717601,-137.3214,65.0,T
1,38474.55108280987,-41.02249913486517,-209.3214,65.0,D
1,38484.806591476445,41.02157019773535,-209.3214,65.0,T
1,38484.897119722315,30.049073934081747,-217.3214,65.0,D
1,38492.40951258424,-30.05006896136472,-217.3214,65.0,T
1,38492.59749545895,-3.0112981573873814,-225.3214,65.0,D
1,38493.35030169322,3.0111517168178654,-225.3214,65.0,T
1,38502.61439271121,-1000.0,0.0,1000.0,W
1,38652.70894327061,-1000.0,0.0,1000.0,T
1,38660.79355534499,-225.32330000000002,-2.905051737004232,67.0,D
1,38661.528673425266,-225.32330000000002,2.9758929051743053,67.0,T
1,38661.7168736386,-217.32330000000002,30.048659788337666,67.0,D
1,38669.22938004159,-217.32330000000002,-30.051391435575383,67.0,T
1,38669.31990912671,-209.32330000000002,-41.02404349372838,67.0,D
1,38679.57558068544,-209.32330000000002,41.02132897615437,67.0,T
1,38679.647180998676,-201.32330000000002,48.187123366295395,67.0,D
1,38691.694323896336,-201.32330000000002,-48.19001981497019,67.0,T
1,38691.757500259,-193.32330000000002,-53.269703663525156,67.0,D
1,38696.685317703275,-193.32330000000002,-13.847164109331555,67.0,T
1,38696.77244794752,-185.32330000000002,-24.18219134251433,67.0,D
1,38700.8531917751,-185.32330000000002,-56.828141963140006,67.0,T
1,38700.908600159455,-177.32330000000002,-59.08136271719796,67.0,D
1,38704.65678154105,-177.32330000000002,-29.095911664385525,67.0,T
1,38704.71199592293,-169.32330000000002,-31.23930365868413,67.0,D
1,38708.32840417392,-169.32330000000002,-60.17056966654515,67.0,T
1,38708.38174053967,-161.32330000000002,-60.255880969196674,67.0,D
1,38712.00030872823,-161.32330000000002,-31.307335460732773,67.0,T
1,38712.05523101313,-153.32330000000002,-29.340029935647994,67.0,D
1,38715.78856462651,-153.32330000000002,-59.20669884267592,67.0,T
1,38715.84383735776,-145.32330000000002,-57.02973227699298,67.0,D
1,38719.88210516435,-145.32330000000002,-24.723589824232988,67.0,T
1,38719.96558829456,-137.32330000000002,-15.08967872087676,67.0,D
1,38724.78754874203,-137.32330000000002,-53.66536230068414,67.0,T
1,38724.85049160046,-129.32330000000002,-48.651324295427834,67.0,D
1,38737.011524564514,-129.32330000000002,48.636939416970016,67.0,T
1,38737.07449458675,-137.32330000000002,53.65864562652359,67.0,D
1,38741.884972499036,-137.32330000000002,15.174822328232443,67.0,T
1,38741.96762352025,-145.32330000000002,24.64592598200064,67.0,D
1,38746.01432532106,-145.32330000000002,57.019540388503415,67.0,T
1,38746.06963875633,-153.32330000000002,59.21964555147779,67.0,D
1,38749.81159938395,-153.32330000000002,29.283960530483025,67.0,T
1,38749.86661606969,-161.32330000000002,31.30974518546501,67.0,D
1,38753.48246759407,-161.32330000000002,60.236557380496656,67.0,T
1,38753.53580309261,-169.32330000000002,60.16446997816061,67.0,D
1,38757.14397494463,-169.32330000000002,31.2990951620017,67.0,T
1,38757.199407019565,-177.32330000000002,29.03280171922952,67.0,D
1,38760.955682149535,-177.32330000000002,59.08300275899622,67.0,T
1,38761.01110633757,-185.32330000000002,56.82105361078465,67.0,D
1,38765.10015372956,-185.32330000000002,24.108674474929142,67.0,T
1,38765.18697147897,-193.32330000000002,13.832987816870377,67.0,D
1,38770.11616371246,-193.32330000000002,53.266525684797806,67.0,T
1,38770.602387950836,-121.32330000000002,41.63401844850284,67.0,D
1,38781.00823647026,-121.32330000000002,-41.61276970691726,67.0,T
1,38781.09614423483,-113.32330000000002,-31.130644964891104,67.0,D
1,38788.87721110636,-113.32330000000002,31.11789000732767,67.0,T
1,38789.03517511837,-105.32330000000002,8.81465807754927,67.0,D
1,38791.241308416735,-105.32330000000002,-8.834408309419269,67.0,T
1,38792.09473901035,-33.32330000000002,-114.68210553356593,67.0,D
1,38804.67086358279,-33.32330000000002,-215.29110211306894,67.0,T
1,38804.732049579696,-25.323300000000017,-219.78930618831038,67.0,D
1,38809.235054483295,-25.323300000000017,-183.76526695951623,67.0,T
1,38809.308682921706,-17.323300000000017,-191.37945149966617,67.0,D
1,38813.234355542925,-17.323300000000017,-222.78483246941806,67.0,T
1,38813.289133341605,-9.323300000000017,-224.6593091008716,67.0,D
1,38816.98179215144,-9.323300000000017,-195.11803862220847,67.0,T
1,38817.03591346607,-1.3233000000000175,-196.49830152481724,67.0,D
1,38820.63903827546,-1.3233000000000175,-225.32330000000002,67.0,T
1,38820.69242769398,6.6766999999999825,-224.95631876985897,67.0,D
1,38824.32646970844,6.6766999999999825,-195.88398265423766,67.0,T
1,38824.38333312002,14.676699999999983,-192.92550830303793,67.0,D
1,38828.2146635037,14.676699999999983,-223.57615137245162,67.0,T
1,38828.2708928239,22.676699999999983,-220.904247533349,67.0,D
1,38832.51435206605,22.676699999999983,-186.9565735961565,67.0,T
1,38832.6258715721,30.676699999999983,-172.2656408430537,67.0,D
1,38838.21530991664,30.676699999999983,-216.9811475993598,67.0,T
1,38838.28075576535,38.67669999999998,-211.29158873652275,67.0,D
1,38849.861478765626,38.67669999999998,-118.64580473430054,67.0,T
1,38849.92652424046,30.676699999999983,-113.0605061373129,67.0,D
1,38855.5123948329,30.676699999999983,-157.74747087684796,67.0,T
1,38855.62409000382,22.676699999999983,-143.02654182448362,67.0,D
1,38859.8733448598,22.676699999999983,-109.03250297665473,67.0,T
1,38859.92930928275,14.676699999999983,-106.48880993175894,67.0,D
1,38863.74577922643,14.676699999999983,-137.0205694812674,67.0,T
1,38863.802381805755,6.6766999999999825,-134.1768624483561,67.0,D
1,38867.44676926046,6.6766999999999825,-105.02176281072899,67.0,T
1,38867.50015986002,-1.3233000000000175,-104.65093571461487,67.0,D
1,38871.10707098061,-1.3233000000000175,-133.5062246793373,67.0,T
1,38871.16112344067,-9.323300000000017,-134.82438243044464,67.0,D
1,38874.83903998627,-9.323300000000017,-105.4010500656196,67.0,T
1,38874.89367661224,-17.323300000000017,-107.18040955693156,67.0,D
1,38878.8203641543,-17.323300000000017,-138.59390989341142,67.0,T
1,38878.893869735475,-25.323300000000017,-146.18133932911826,67.0,D
1,38883.38757309185,-25.323300000000017,-110.23171247811041,67.0,T
1,38883.51634070873,-41.32330000000002,-121.05182019601902,67.0,D
1,38894.5135259058,-41.32330000000002,-209.02930177257272,67.0,T
1,38894.59484438072,-49.32330000000002,-199.82139087107007,67.0,D
1,38903.2891735427,-49.32330000000002,-130.26675757527545,67.0,T
1,38903.40806839641,-57.32330000000002,-146.20600757049124,67.0,D
1,38908.131168795815,-57.32330000000002,-183.99081076569556,67.0,T
1,38908.836252010304,46.67669999999998,-203.21846365007312,67.0,D
1,38918.402785992024,46.67669999999998,-126.68619179629256,67.0,T
1,38918.50364452584,54.67669999999998,-139.5267520044957,67.0,D
1,38924.884074273126,54.67669999999998,-190.57018998284494,67.0,T
1,38926.880678154965,6.6766999999999825,105.04883659029841,67.0,D
1,38930.51407604578,6.6766999999999825,134.1160197168115,67.0,T
1,38930.567566394064,-1.3233000000000175,133.50169847518276,67.0,D
1,38934.17021620346,-1.3233000000000175,104.6805,67.0,T
1,38934.22372530295,-9.323300000000017,105.33052606101693,67.0,D
1,38937.917654717545,-9.323300000000017,134.88196137779153,67.0,T
1,38937.9765244546,-17.323300000000017,138.62054850033383,67.0,D
1,38941.90231667981,-17.323300000000017,107.21421069870486,67.0,T
1,38941.95932478998,-25.323300000000017,110.23469147004607,67.0,D
1,38946.45932998629,-25.323300000000017,146.23473304048377,67.0,T
1,38946.651715277425,-49.32330000000002,130.21061822916997,67.0,D
1,38955.35005322237,-49.32330000000002,199.7973217887696,67.0,T
1,38955.4313286737,-41.32330000000002,208.99668194279602,67.0,D
1,38966.4309824873,-41.32330000000002,120.99945143398506,67.0,T
1,38966.49889974855,-33.32330000000002,114.69175982336546,67.0,D
1,38979.07214172513,-33.32330000000002,215.27769563606427,67.0,T
1,38979.133480008466,-25.323300000000017,219.82232571335152,67.0,D
1,38983.63393813877,-25.323300000000017,183.81866067088177,67.0,T
1,38983.70744371995,-17.323300000000017,191.40609010658858,67.0,D
1,38987.62906846749,-17.323300000000017,222.77908808693297,67.0,T
1,38987.68378567545,-9.323300000000017,224.6133151865845,67.0,D
1,38991.36349774436,-9.323300000000017,195.17561863530625,67.0,T
1,38991.41755020729,-1.3233000000000175,196.49377903765887,67.0,D
1,38995.026169259116,-1.3233000000000175,225.3627314522927,67.0,T
1,38995.079572717645,6.6766999999999825,224.95235223025892,67.0,D
1,38998.72073018424,6.6766999999999825,195.82309249742272,67.0,T
1,38998.77733266297,14.676699999999983,192.9794305187326,67.0,D
1,39002.5945253798,14.676699999999983,223.51697225336866,67.0,T
1,39002.65052385388,22.676699999999983,220.9564733302875,67.0,D
1,39006.89840074823,22.676699999999983,186.97345817551638,67.0,T
1,39007.01009591915,30.676699999999983,172.25252912315204,67.0,D
1,39012.59529805414,30.676699999999983,216.93414620307905,67.0,T
1,39012.66035839765,38.67669999999998,211.34495246074022,67.0,D
1,39024.24148355025,38.67669999999998,118.6959512399345,67.0,T
1,39024.306775601355,30.676699999999983,113.04629031181335,67.0,D
1,39029.892784207,30.676699999999983,157.7343591569463,67.0,T
1,39030.004303713045,22.676699999999983,143.0434264038435,67.0,D
1,39034.24890169541,22.676699999999983,109.08664254491372,67.0,T
1,39034.3050763302,14.676699999999983,106.4407465053299,67.0,D
1,39038.134294479154,14.676699999999983,137.07449169696207,67.0,T
1,39038.358498380774,46.67669999999998,126.7296251539681,67.0,D
1,39047.92968265254,46.67669999999998,203.29909932806555,67.0,T
1,39048.02982677548,54.67669999999998,190.5849725167794,67.0,D
1,39054.413169371626,54.67669999999998,139.5182317475567,67.0,T
1,39055.161149101616,-57.32330000000002,146.16335933267925,67.0,D
1,39059.89188839821,-57.32330000000002,184.00927370548942,67.0,T
1,39068.81872129069,-1000.0,0.0,1000.0,W
1,39218.5830358947,-1000.0,0.0,1000.0,T
1,39226.657383971295,-225.3214,-1.3214000000000112,69.0,D
1,39230.2602676476,-196.49833058952586,-1.3214000000000112,69.0,T
1,39230.313758277756,-195.8834573690883,6.678599999999989,69.0,D
1,39233.94761248885,-224.9542910578694,6.678599999999989,69.0,T
1,39234.001733894256,-223.57394806871955,14.678599999999989,69.0,D
1,39237.83289721123,-192.9246415329817,14.678599999999989,69.0,T
1,39237.89944313129,-186.95487702965838,22.67859999999999,69.0,D
1,39242.14279869141,-220.90172151065474,22.67859999999999,69.0,T
1,39242.202200218424,-216.9784344003267,30.67859999999999,69.0,D
1,39247.7924188075,-172.25668568775433,30.67859999999999,69.0,T
1,39247.889096738254,-157.7549960746264,30.67859999999999,69.0,D
1,39253.47569830514,-113.06218353952913,30.67859999999999,69.0,T
1,39253.5354110479,-109.03400006685548,22.67859999999999,69.0,D
1,39257.78476356815,-143.0288202287937,22.67859999999999,69.0,T
1,39257.85145900055,-137.02163154980687,14.678599999999989,69.0,D
1,39261.667882122754,-106.49024657218388,14.678599999999989,69.0,T
1,39261.7221047866,-105.02321260477105,6.678599999999989,69.0,D
1,39265.36637352162,-134.17736248496794,6.678599999999989,69.0,T
1,39265.41989429584,-133.50605879740203,-1.3214000000000112,69.0,D
1,39269.0266148137,-104.65229465447115,-1.3214000000000112,69.0,T
1,39269.080182067344,-105.40238792736108,-9.321400000000011,69.0,D
1,39272.757840597325,-134.82365616717397,-9.321400000000011,69.0,T
1,39272.816797021485,-138.59285354456645,-17.32140000000001,69.0,D
1,39276.74318851151,-107.18172162441736,-17.32140000000001,69.0,T
1,39276.80026949858,-110.23301305751421,-25.32140000000001,69.0,D
1,39281.29345902404,-146.1785292611927,-25.32140000000001,69.0,T
1,39281.48542368803,-130.2683210615275,-49.32140000000001,69.0,D
1,39290.17932516617,-199.8195328866719,-49.32140000000001,69.0,T
1,39290.26064439721,-209.02759403317918,-41.32140000000001,69.0,D
1,39301.25744457639,-121.0531925997778,-41.32140000000001,69.0,T
1,39301.32561861908,-114.68347893467403,-33.32140000000001,69.0,D
1,39313.90137536269,-215.28953288359386,-33.32140000000001,69.0,T
1,39313.96256096779,-219.7876170423084,-25.32140000000001,69.0,D
1,39318.465023947065,-183.76791320811114,-25.32140000000001,69.0,T
1,39318.53864647903,-191.380812608161,-17.32140000000001,69.0,D
1,39322.46393564301,-222.78312592007666,-17.32140000000001,69.0,T
1,39322.518713287325,-224.65750104766775,-9.321400000000011,69.0,D
1,39326.21106498009,-195.11868750556286,-9.321400000000011,69.0,T
1,39326.5395562906,-183.98777674579816,-57.32140000000001,69.0,D
1,39331.26197633652,-146.20841637842165,-57.32140000000001,69.0,T
1,39331.92782902545,-118.64765486099414,38.67859999999999,69.0,D
1,39343.50791719401,-211.2883602094829,38.67859999999999,69.0,T
1,39343.58369086896,-203.21450605917332,46.67859999999999,69.0,D
1,39353.149453536666,-126.68840471749039,46.67859999999999,69.0,T
1,39353.250324957844,-139.53124245802994,54.67859999999999,69.0,D
1,39359.62954007002,-190.56496335543702,54.67859999999999,69.0,T
1,39360.69530016442,-52.157943940388535,134.6786,69.0,D
1,39366.12490645847,-8.721093587996293,134.6786,69.0,T
1,39366.22969699242,-22.25156882454313,142.6786,69.0,D
1,39370.45766162099,-56.07528585306647,142.6786,69.0,T
1,39370.5135721727,-58.59218281681418,150.6786,69.0,D
1,39374.327954998975,-28.077120206568726,150.6786,69.0,T
1,39374.384492136654,-30.89138362451786,158.6786,69.0,D
1,39378.02557580393,-60.02005296267097,158.6786,69.0,T
1,39378.07895082893,-60.33643739867358,166.6786,69.0,D
1,39381.677201642124,-31.550430893122872,166.6786,69.0,T
1,39381.73152093459,-30.005058926824425,174.6786,69.0,D
1,39385.42296163896,-59.53658456178933,174.6786,69.0,T
1,39385.47769530388,-57.691342919620354,182.6786,69.0,D
1,39389.42749367489,-26.092955951555297,182.6786,69.0,T
1,39389.50174600583,-18.34365310366985,190.6786,69.0,D
1,39394.03618151174,-54.61913715094325,190.6786,69.0,T
1,39394.097603439186,-50.04915943266672,198.6786,69.0,D
1,39406.61621985717,50.09977191118529,198.6786,69.0,T
1,39406.6775010236,54.62703163268315,190.6786,69.0,D
1,39411.2066528473,18.393817043095797,190.6786,69.0,T
1,39411.28081010595,26.122609170126974,182.6786,69.0,D
1,39415.227014670614,57.69224568743362,182.6786,69.0,T
1,39415.281748250374,59.53743048643067,174.6786,69.0,D
1,39418.96646060773,30.059731627559934,174.6786,69.0,T
1,39419.02065334219,31.50166800875497,166.6786,69.0,D
1,39422.62510499913,60.337281264335,166.6786,69.0,T
1,39422.678480081435,60.02067940513157,158.6786,69.0,D
1,39426.32123617808,30.878630631961045,158.6786,69.0,T
1,39426.37766497643,28.113723966350573,150.6786,69.0,D
1,39430.187557579884,58.59286479395588,150.6786,69.0,T
1,39430.2434683703,56.07584851918284,142.6786,69.0,D
1,39434.46759955223,22.282799063808,142.6786,69.0,T
1,39434.57321858788,8.608148589885243,134.6786,69.0,D
1,39440.01701761762,52.15854082780398,134.6786,69.0,T
1,39440.08182945644,46.634690254189316,126.67859999999999,69.0,D
1,39451.74044383862,-46.634224803285825,126.67859999999999,69.0,T
1,39451.815782333055,-38.65252719355141,118.67859999999999,69.0,D
1,39461.47898931299,38.65312864595206,118.67859999999999,69.0,T
1,39461.57686513291,26.342860053271636,110.67859999999999,69.0,D
1,39468.16250897976,-26.342290721501453,110.67859999999999,69.0,T
1,39468.81278375363,-43.613331060961876,206.6786,69.0,D
1,39479.72014836513,43.645585831036875,206.6786,69.0,T
1,39479.80239706737,34.25361570043456,214.6786,69.0,D
1,39488.36176439498,-34.22132292046343,214.6786,69.0,T
1,39488.48433335044,-17.66774780927043,222.6786,69.0,D
1,39492.90958626908,17.734275539868715,222.6786,69.0,T
1,39495.09706525608,8.79295754456699,-105.32140000000001,69.0,D
1,39497.29770003622,-8.812120696582282,-105.32140000000001,69.0,T
1,39497.4557161867,-31.12366111232591,-113.32140000000001,69.0,D
1,39505.235396647826,31.113782576742217,-113.32140000000001,69.0,T
1,39505.32349516258,41.63187825918346,-121.32140000000001,69.0,D
1,39515.728401701606,-41.60737405306218,-121.32140000000001,69.0,T
1,39515.79944344167,-48.64696911891287,-129.3214,69.0,D
1,39527.95974601555,48.63545147213633,-129.3214,69.0,T
1,39528.02271771069,53.657629659963185,-137.3214,69.0,D
1,39532.83345720847,15.17171367770354,-137.3214,69.0,T
1,39532.916115980566,24.644339163442357,-145.3214,69.0,D
1,39536.962907692774,57.01867286111581,-145.3214,69.0,T
1,39537.018221341255,59.21889863073977,-153.3214,69.0,D
1,39540.76019737263,29.28309037978055,-153.3214,69.0,T
1,39540.815215142204,31.3095372206422,-161.3214,69.0,D
1,39544.43103132267,60.23606666440432,-161.3214,69.0,T
1,39544.484366814766,60.16408650754054,-169.3214,69.0,D
1,39548.09244180965,31.29948654851292,-169.3214,69.0,T
1,39548.14787329009,29.03352030039241,-177.3214,69.0,D
1,39551.90403572023,59.08281974154024,-177.3214,69.0,T
1,39551.95945933145,56.82118862532954,-185.3214,69.0,D
1,39556.0483341949,24.110189717692794,-185.3214,69.0,T
1,39556.13513873268,13.837014695239539,-193.3214,69.0,D
1,39561.06384974672,53.266702807529015,-193.3214,69.0,T
1,39561.12702483276,48.18737621456035,-201.3214,69.0,D
1,39573.17398529124,-48.18830745335417,-201.3214,69.0,T
1,39573.23716077516,-53.267745393325384,-193.3214,69.0,D
1,39578.16426913289,-13.850878531531468,-193.3214,69.0,T
1,39578.251387161494,-24.183588507240593,-185.3214,69.0,D
1,39582.331705182696,-56.8261326768351,-185.3214,69.0,T
1,39582.38711293195,-59.079002013336236,-177.3214,69.0,D
1,39586.13490871868,-29.09663571950417,-177.3214,69.0,T
1,39586.19012240099,-31.239622204787068,-169.3214,69.0,D
1,39589.80617635867,-60.16805386615368,-169.3214,69.0,T
1,39589.859512719086,-60.25329005468659,-161.3214,69.0,D
1,39593.477787631346,-31.307090756575736,-161.3214,69.0,T
1,39593.53271098458,-29.33911427301578,-153.3214,69.0,D
1,39597.26577535604,-59.203629244691456,-153.3214,69.0,T
1,39597.321048562066,-57.026391464692686,-145.3214,69.0,D
1,39601.359109629,-24.72190292923776,-145.3214,69.0,T
1,39601.44260116971,-15.086352045111298,-137.3214,69.0,D
1,39606.26448953122,-53.66145893717601,-137.3214,69.0,T
1,39606.75182894317,-41.02249913486517,-209.3214,69.0,D
1,39617.00733760974,41.02157019773535,-209.3214,69.0,T
1,39617.09786585561,30.049073934081747,-217.3214,69.0,D
1,39624.61025871754,-30.05006896136472,-217.3214,69.0,T
1,39624.798241592245,-3.0112981573873814,-225.3214,69.0,D
1,39625.55104782652,3.0111517168178654,-225.3214,69.0,T
1,39634.79721725263,-1000.0,0.0,1000.0,W
1,39784.853819862095,-1000.0,0.0,1000.0,T
1,39792.917793689696,-225.3509,-0.6591240770429221,71.0,D
1,39793.280589955786,-225.3509,2.2432460516742236,71.0,T
1,39793.47343227357,-217.3509,30.041332125079148,71.0,D
1,39800.98347791238,-217.3509,-30.03903298539859,71.0,T
1,39801.07362276625,-209.3509,-40.940277422695225,71.0,D
1,39811.313336341016,-209.3509,40.977431175456836,71.0,T
1,39811.38511283461,-201.3509,48.182773861733295,71.0,D
1,39823.43142434031,-201.3509,-48.18771818389099,71.0,T
1,39823.49470382479,-193.3509,-53.29620093407718,71.0,D
1,39828.43247097517,-193.3509,-13.794063731075266,71.0,T
1,39828.51977472069,-185.3509,-24.16198249969535,71.0,D
1,39832.6032198134,-185.3509,-56.829543241375056,71.0,T
1,39832.65865056138,-177.3509,-59.095106306518446,71.0,D
1,39836.40986355981,-177.3509,-29.085402319074152,71.0,T
1,39836.465087783006,-169.3509,-31.23449133757379,71.0,D
1,39840.08644495429,-169.3509,-60.20534870786578,71.0,T
1,39840.13977928645,-161.3509,-60.25430988745127,71.0,D
1,39843.75768111847,-161.3509,-31.311095231289766,71.0,T
1,39843.812588743385,-153.3509,-29.353018709151563,71.0,D
1,39847.54734202224,-153.3509,-59.23104493998292,71.0,T
1,39847.602575584126,-145.3509,-57.07656285081662,71.0,D
1,39851.643739607796,-145.3509,-24.747250661487374,71.0,T
1,39851.727095372444,-137.3509,-15.138185734984686,71.0,D
1,39856.541201184846,-137.3509,-53.6510322341499,71.0,T
1,39856.60387907418,-129.3509,-48.71224182015308,71.0,D
1,39868.77517401245,-129.3509,48.65811768601315,71.0,T
1,39868.83812468954,-137.3509,53.67436371911456,71.0,D
1,39873.6450122676,-137.3509,15.219263094539514,71.0,T
1,39873.72755746854,-145.3509,24.66957946293314,71.0,D
1,39877.77294105491,-145.3509,57.03264815382182,71.0,T
1,39877.828237307636,-153.3509,59.22301347498821,71.0,D
1,39881.569152938624,-153.3509,29.295688427125647,71.0,T
1,39881.62415483761,-161.3509,31.312418472389574,71.0,D
1,39885.24053945375,-161.3509,60.243495401507964,71.0,T
1,39885.29387508784,-169.3509,60.16918564667918,71.0,D
1,39888.90323698948,-169.3509,31.294290433599276,71.0,T
1,39888.95867939212,-177.3509,29.022319870241297,71.0,D
1,39892.71518726115,-177.3509,59.074382822460656,71.0,T
1,39892.77059724714,-185.3509,56.82027605624529,71.0,D
1,39896.86228081882,-185.3509,24.086807482791826,71.0,T
1,39896.949291056255,-193.3509,13.774553514761081,71.0,D
1,39901.88447873452,-193.3509,53.256054940904754,71.0,T
1,39902.3706594946,-121.3509,41.66450810672105,71.0,D
1,39912.78977599232,-121.3509,-41.68842387509452,71.0,T
1,39912.877556505075,-113.3509,-31.230321062726585,71.0,D
1,39920.678304263274,-113.3509,31.175661002873532,71.0,T
1,39920.834681726315,-105.3509,9.125422992341859,71.0,D
1,39923.11918768039,-105.3509,-9.150624640268088,71.0,T
1,39923.97098515132,-33.350899999999996,-114.70192002829447,71.0,D
1,39936.547330942696,-33.350899999999996,-215.31268635934603,71.0,T
1,39936.6083843241,-25.350899999999996,-219.7701627820038,71.0,D
1,39941.11369133158,-25.350899999999996,-183.7277067221486,71.0,T
1,39941.18739957723,-17.350899999999996,-191.35924478805262,71.0,D
1,39945.11855878495,-17.350899999999996,-222.80851844975078,71.0,T
1,39945.17328074526,-9.350899999999996,-224.6459327077649,71.0,D
1,39948.86543412106,-9.350899999999996,-195.1087057013868,71.0,T
1,39948.91956543658,-1.3508999999999958,-196.49776462950013,71.0,D
1,39952.52401753982,-1.3508999999999958,-225.33338145545397,71.0,T
1,39952.577401249495,6.649100000000004,-224.98558796732112,71.0,D
1,39956.21422511491,6.649100000000004,-195.89099704394292,71.0,T
1,39956.271074714554,14.649100000000004,-192.9385011434375,71.0,D
1,39960.10055898789,14.649100000000004,-223.574375330118,71.0,T
1,39960.15672680967,22.649100000000004,-220.93173563019914,71.0,D
1,39964.400425827145,22.649100000000004,-186.9821434904127,71.0,T
1,39964.51134052667,30.649100000000004,-172.39459442246994,71.0,D
1,39970.089491503946,30.649100000000004,-217.01980224075,71.0,T
1,39970.1549097022,38.649100000000004,-211.3374026682396,71.0,D
1,39981.7440197791,38.649100000000004,-118.62452205303406,71.0,T
1,39981.80906730435,30.649100000000004,-113.03868620115534,71.0,D
1,39987.38412973738,30.649100000000004,-157.6391856654481,71.0,T
1,39987.49537945161,22.649100000000004,-142.99434952387975,71.0,D
1,39991.743000987706,22.649100000000004,-109.01337723508067,71.0,T
1,39991.7989690499,14.649100000000004,-106.467883237888,71.0,D
1,39995.616094175086,14.649100000000004,-137.00488423933268,71.0,T
1,39995.67267732534,6.649100000000004,-134.1698903975473,71.0,D
1,39999.3161435182,6.649100000000004,-105.02216085469938,71.0,T
1,39999.36954021848,-1.3508999999999958,-104.63206979145295,71.0,D
1,40002.97900531819,-1.3508999999999958,-133.50779058908677,71.0,T
1,40003.033067503035,-9.350899999999996,-134.83489125561744,71.0,D
1,40006.714585312926,-9.350899999999996,-105.38274877652947,71.0,T
1,40006.769273588034,-17.350899999999996,-107.1974573684038,71.0,D
1,40010.69579223097,-17.350899999999996,-138.60960651184718,71.0,T
1,40010.76941335676,-25.350899999999996,-146.2221999371322,71.0,D
1,40015.27037271669,-25.350899999999996,-110.21452505770405,71.0,T
1,40015.39913925929,-41.350899999999996,-121.03434511598437,71.0,D
1,40026.39233308368,-41.350899999999996,-208.97989571111466,71.0,T
1,40026.47367764534,-49.350899999999996,-199.76680184851818,71.0,D
1,40035.16357831953,-49.350899999999996,-130.24759645500407,71.0,T
1,40035.28240673682,-57.350899999999996,-146.17569543190174,71.0,D
1,40039.988652858134,-57.350899999999996,-183.82566440237977,71.0,T
1,40040.69399273309,46.649100000000004,-203.26396761957687,71.0,D
1,40050.26985125719,46.649100000000004,-126.65709942677184,71.0,T
1,40050.37049991476,54.649100000000004,-139.4605531048295,71.0,D
1,40056.768679810055,54.649100000000004,-190.64599226720867,71.0,T
1,40058.76556428277,6.649100000000004,105.0156740682098,71.0,D
1,40062.402230393745,6.649100000000004,134.10900295605708,71.0,T
1,40062.45571690997,-1.3508999999999958,133.50223537049987,71.0,D
1,40066.06005140999,-1.3508999999999958,104.66755937029234,71.0,T
1,40066.11358239369,-9.350899999999996,105.35693579723636,71.0,D
1,40069.805377206365,-9.350899999999996,134.8912942986132,71.0,T
1,40069.86427767124,-17.350899999999996,138.64075521194738,71.0,D
1,40073.79507550344,-17.350899999999996,107.19437255430489,71.0,T
1,40073.85214050748,-25.350899999999996,110.23893006551731,71.0,D
1,40078.35632305904,-25.350899999999996,146.27239047798653,71.0,T
1,40078.548661562134,-49.350899999999996,130.2609181867908,71.0,D
1,40087.234360311966,-49.350899999999996,199.74650818540962,71.0,T
1,40087.31572382997,-41.350899999999996,208.96336754113884,71.0,D
1,40098.306398070534,-41.350899999999996,121.03797361661552,71.0,T
1,40098.37451963312,-33.350899999999996,114.68090558061627,71.0,D
1,40110.94792516981,-33.350899999999996,215.26814987409747,71.0,T
1,40111.009276294564,-25.350899999999996,219.8166783675281,71.0,D
1,40115.51412790185,-25.350899999999996,183.77786550926064,71.0,T
1,40115.58774872687,-17.350899999999996,191.39039348815282,71.0,D
1,40119.511126096666,-17.350899999999996,222.77741244648,71.0,T
1,40119.565838327115,-9.350899999999996,224.60829573613714,71.0,D
1,40123.246237104126,-9.350899999999996,195.16510552004596,71.0,T
1,40123.30029929249,-1.3508999999999958,196.49220941091323,71.0,D
1,40126.90974771679,-1.3508999999999958,225.36779680532834,71.0,T
1,40126.96315037261,6.649100000000004,224.9597746224818,71.0,D
1,40130.60435383558,6.649100000000004,195.8301469187447,71.0,T
1,40130.66093706893,14.649100000000004,192.99511576066732,71.0,D
1,40134.47707697753,14.649100000000004,223.52423502943364,71.0,T
1,40134.53305944381,22.649100000000004,220.97162421890943,71.0,D
1,40138.77880616166,22.649100000000004,187.00565047612525,71.0,T
1,40138.890055420685,30.649100000000004,172.3608921385505,71.0,D
1,40144.46396197834,30.649100000000004,216.9521445997869,71.0,T
1,40144.52899292461,38.649100000000004,211.3706538154169,71.0,D
1,40156.12001558135,38.649100000000004,118.64247256149521,71.0,T
1,40156.185305519226,30.649100000000004,112.99336115166234,71.0,D
1,40161.76180360587,30.649100000000004,157.60534584483827,71.0,T
1,40161.872717956234,22.649100000000004,143.0178565095873,71.0,D
1,40166.11738168549,22.649100000000004,109.06054667546536,71.0,T
1,40166.173544341575,14.649100000000004,106.42037838370639,71.0,D
1,40170.00368440068,14.649100000000004,137.0614988565625,71.0,T
1,40170.22790858642,46.649100000000004,126.70674520889064,71.0,D
1,40179.8091540057,46.649100000000004,203.3567085631219,71.0,T
1,40179.909398245465,54.649100000000004,190.62484219754512,71.0,D
1,40186.31527907996,54.649100000000004,139.37779552160805,71.0,T
1,40187.06334529077,-57.350899999999996,146.2384627344118,71.0,D
1,40191.76747567751,-57.350899999999996,183.8715058283151,71.0,T
1,40200.67549218297,-1000.0,0.0,1000.0,W
1,40350.397310178414,-1000.0,0.0,1000.0,T
1,40358.45113611321,-225.33123601652213,-1.3529000000000053,73.0,D
1,40362.05532732319,-196.49770633666455,-1.3529000000000053,73.0,T
1,40362.10881355391,-195.891505279054,6.647099999999995,73.0,D
1,40365.74583394191,-224.98766838302444,6.647099999999995,73.0,T
1,40365.79999468347,-223.57303651202875,14.647099999999995,73.0,D
1,40369.62919276734,-192.93945184104135,14.647099999999995,73.0,T
1,40369.69568169951,-186.9839915501403,22.647099999999995,73.0,D
1,40373.939021510065,-220.93071003460804,22.647099999999995,73.0,T
1,40373.998378614364,-217.0225798944394,30.647099999999995,73.0,D
1,40379.57570244462,-172.40398925239205,30.647099999999995,73.0,T
1,40379.67418737639,-157.6312494875467,30.647099999999995,73.0,D
1,40385.248318870435,-113.03819753515411,30.647099999999995,73.0,T
1,40385.30802162066,-109.01334801805012,22.647099999999995,73.0,D
1,40389.55535583215,-142.99202171000738,22.647099999999995,73.0,T
1,40389.62197563003,-137.0037462433928,14.647099999999995,73.0,D
1,40393.43913834457,-106.46644452707716,14.647099999999995,73.0,T
1,40393.493332596816,-105.02322521602844,6.647099999999995,73.0,D
1,40397.13660235637,-134.16938329239608,6.647099999999995,73.0,T
1,40397.190117728416,-133.5078407604375,-1.3529000000000053,73.0,D
1,40400.799758322464,-104.63071600806576,-1.3529000000000053,73.0,T
1,40400.85332598035,-105.38145854412684,-9.352900000000005,73.0,D
1,40404.53510076877,-134.83565685149674,-9.352900000000005,73.0,T
1,40404.59407394108,-138.61074475303934,-17.352900000000005,73.0,D
1,40408.52041652261,-107.20000410078796,-17.352900000000005,73.0,T
1,40408.57740773952,-110.21330347139612,-25.352900000000005,73.0,D
1,40413.0788869627,-146.22513725687875,-25.352900000000005,73.0,T
1,40413.27110501285,-130.24624420735674,-49.352900000000005,73.0,D
1,40421.96027515102,-199.7596053126813,-49.352900000000005,73.0,T
1,40422.04162987881,-208.97471866156374,-41.352900000000005,73.0,D
1,40433.03432963353,-121.03312062383866,-41.352900000000005,73.0,T
1,40433.10232765031,-114.70588335565427,-33.352900000000005,73.0,D
1,40445.67836247003,-215.3141619134445,-33.352900000000005,73.0,T
1,40445.73939964753,-219.76664249429558,-25.352900000000005,73.0,D
1,40450.24462317086,-183.72485430762364,-25.352900000000005,73.0,T
1,40450.31833771431,-191.35776090411565,-17.352900000000005,73.0,D
1,40454.249898540496,-222.8102475135888,-17.352900000000005,73.0,T
1,40454.30461429974,-224.64350198704756,-9.352900000000005,73.0,D
1,40457.99655041416,-195.1080130717191,-9.352900000000005,73.0,T
1,40458.32529307858,-183.8113703485455,-57.352900000000005,73.0,D
1,40463.030005337474,-146.17367227743645,-57.352900000000005,73.0,T
1,40463.69583946208,-118.62300379899374,38.647099999999995,73.0,D
1,40475.28540521014,-211.33952978342728,38.647099999999995,73.0,T
1,40475.36118400288,-203.2645949746566,46.647099999999995,73.0,D
1,40484.937383691344,-126.65499746694333,46.647099999999995,73.0,T
1,40485.03801699463,-139.45573529397134,54.647099999999995,73.0,D
1,40491.43747782308,-190.65142192158206,54.647099999999995,73.0,T
1,40492.50379778646,-52.14741134069486,134.6471,73.0,D
1,40497.9437539898,-8.627761713988734,134.6471,73.0,T
1,40498.04889956351,-22.22006882454314,142.6471,73.0,D
1,40502.28229736484,-56.08725123523795,142.6471,73.0,T
1,40502.33821116301,-58.60577035796132,150.6471,73.0,D
1,40506.15633510366,-28.060778832770115,150.6471,73.0,T
1,40506.21289628222,-30.885890457628502,158.6471,73.0,D
1,40509.85358728688,-60.01141849492122,158.6471,73.0,T
1,40509.90696995513,-60.35559658867646,166.6471,73.0,D
1,40513.50753548603,-31.55107234147591,166.6471,73.0,T
1,40513.56184381802,-30.0143922282758,174.6471,73.0,D
1,40517.254781037875,-59.55788998712355,174.6471,73.0,T
1,40517.30953304397,-57.70044581428649,182.6471,73.0,D
1,40521.25780607149,-26.11426159411067,182.6471,73.0,T
1,40521.33197316008,-18.383347471540596,190.6471,73.0,D
1,40525.86510412276,-54.64839517298428,190.6471,73.0,T
1,40525.92653868176,-50.07459878588339,198.6471,73.0,D
1,40538.45455166856,50.14950510851945,198.6471,73.0,T
1,40538.515699241354,54.63593768986783,190.6471,73.0,D
1,40543.039622794524,18.444549264474862,190.6471,73.0,T
1,40543.1136356519,26.14213451991478,182.6471,73.0,D
1,40547.064121104624,57.74601814173235,182.6471,73.0,T
1,40547.11884762364,59.5864847616432,174.6471,73.0,D
1,40550.80869102129,30.067737580473676,174.6471,73.0,T
1,40550.86287794181,31.504749407026196,166.6471,73.0,D
1,40554.46612612421,60.330734866273566,166.6471,73.0,T
1,40554.51949376942,60.04372443125534,158.6471,73.0,D
1,40558.165966743,30.871940642583155,158.6471,73.0,T
1,40558.22242003411,28.09580722725019,150.6471,73.0,D
1,40562.03894257989,58.62798759349391,150.6471,73.0,T
1,40562.0949570315,56.059637395463305,142.6471,73.0,D
1,40566.3213146122,22.248776749863467,142.6471,73.0,T
1,40566.42735071952,8.501694832915911,134.6471,73.0,D
1,40571.887937465115,52.186388797697305,134.6471,73.0,T
1,40571.95299730703,46.59732642826447,126.6471,73.0,D
1,40583.60790533802,-46.64193781970301,126.6471,73.0,T
1,40583.683254530995,-38.657968266140536,118.6471,73.0,D
1,40593.34689051325,38.65111959188465,118.6471,73.0,T
1,40593.445051125294,26.289935201332774,110.6471,73.0,D
1,40600.0106468939,-26.234830947482752,110.6471,73.0,T
1,40600.66110255773,-43.658459693873716,206.6471,73.0,D
1,40611.57771017691,43.67440125962048,206.6471,73.0,T
1,40611.6598761136,34.29874523378593,214.6471,73.0,D
1,40620.23276830151,-34.28439226950252,214.6471,73.0,T
1,40620.354915350006,-17.801134619680866,222.6471,73.0,D
1,40624.80967000408,17.836902612936647,222.6471,73.0,T
1,40626.99710376038,9.148124794412508,-105.3529,73.0,D
1,40629.28728209505,-9.173301882924248,-105.3529,73.0,T
1,40629.44374723097,-31.23752908627175,-113.3529,73.0,D
1,40637.24592794568,31.179916631379093,-113.3529,73.0,T
1,40637.33386034482,41.6666894145573,-121.3529,73.0,D
1,40647.753929097824,-41.69386060945525,-121.3529,73.0,T
1,40647.824896971186,-48.716671914009744,-129.3529,73.0,D
1,40659.996905518834,48.65939646714881,-129.3529,73.0,T
1,40660.05985561767,53.675479225257625,-137.3529,73.0,D
1,40664.8664799382,15.222484660995358,-137.3529,73.0,T
1,40664.949017410894,24.671282148904414,-145.3529,73.0,D
1,40668.99423792396,57.03304625341397,-145.3529,73.0,T
1,40669.049533503385,59.22302909420893,-153.3529,73.0,D
1,40672.79034439473,29.29654196345627,-153.3529,73.0,T
1,40672.84534517157,31.312583305013703,-161.3529,73.0,D
1,40676.46177090211,60.24398914933576,-161.3529,73.0,T
1,40676.51510660973,60.16850128006632,-169.3529,73.0,D
1,40680.12442650433,31.293942123276818,-169.3529,73.0,T
1,40680.17986970346,29.021534273734797,-177.3529,73.0,D
1,40683.93634893417,59.073368119360964,-177.3529,73.0,T
1,40683.991757174175,56.820227232170424,-185.3529,73.0,D
1,40688.0836303587,24.08524175597194,-185.3529,73.0,T
1,40688.17065481101,13.770289296090736,-193.3529,73.0,D
1,40693.10612164595,53.2540239756129,-193.3529,73.0,T
1,40693.16926908272,48.18243917948473,-201.3529,73.0,D
1,40705.214945521766,-48.18297233286337,-201.3529,73.0,T
1,40705.27824889621,-53.298110391628335,-193.3529,73.0,D
1,40710.21673987488,-13.790182562287411,-193.3529,73.0,T
1,40710.30405621611,-24.160487646341487,-185.3529,73.0,D
1,40714.38724209097,-56.82597464522155,-185.3529,73.0,T
1,40714.44267346558,-59.09188264404483,-177.3529,73.0,D
1,40718.19357879886,-29.08463997780038,-177.3529,73.0,T
1,40718.24880375734,-31.23415408185925,-169.3529,73.0,D
1,40721.87051710345,-60.207860850743366,-169.3529,73.0,T
1,40721.92385123662,-60.25167434357535,-161.3529,73.0,D
1,40725.54139157771,-31.311351614903725,-161.3529,73.0,T
1,40725.59629811297,-29.35396270933706,-153.3529,73.0,D
1,40729.33063178079,-59.228632051877916,-153.3529,73.0,T
1,40729.38585534397,-57.07992466368467,-145.3529,73.0,D
1,40733.42722507032,-24.74896685290552,-145.3529,73.0,T
1,40733.5105715992,-15.141704640867387,-137.3529,73.0,D
1,40738.323996896914,-53.64910702259913,-137.3529,73.0,T
1,40738.81142399467,-40.93429472650517,-209.3529,73.0,D
1,40749.04991310911,40.973618188987906,-209.3529,73.0,T
1,40749.14022792049,30.04076787610304,-217.3529,73.0,D
1,40756.649184239854,-30.030882678803227,-217.3529,73.0,T
1,40756.85316160978,-0.4986584568002892,-225.3529,73.0,D
1,40757.18934436709,2.1908036016558636,-225.3529,73.0,T
1,40766.41370664282,-1000.0,0.0,1000.0,W
1,40916.42404848973,-1000.0,0.0,1000.0,T
1,40924.46755978097,-225.3509,-0.6591240770429221,75.0,D
1,40924.83035604706,-225.3509,2.2432460516742236,75.0,T
1,40925.02319836484,-217.3509,30.041332125079148,75.0,D
1,40932.53324400365,-217.3509,-30.03903298539859,75.0,T
1,40932.62338885752,-209.3509,-40.940277422695225,75.0,D
1,40942.86310243229,-209.3509,40.977431175456836,75.0,T
1,40942.93487892588,-201.3509,48.182773861733295,75.0,D
1,40954.98119043159,-201.3509,-48.18771818389099,75.0,T
1,40955.044469916065,-193.3509,-53.29620093407718,75.0,D
1,40959.98223706644,-193.3509,-13.794063731075266,75.0,T
1,40960.069540811965,-185.3509,-24.16198249969535,75.0,D
1,40964.15298590467,-185.3509,-56.829543241375056,75.0,T
1,40964.208416652655,-177.3509,-59.095106306518446,75.0,D
1,40967.959629651086,-177.3509,-29.085402319074152,75.0,T
1,40968.01485387428,-169.3509,-31.23449133757379,75.0,D
1,40971.63621104557,-169.3509,-60.20534870786578,75.0,T
1,40971.689545377725,-161.3509,-60.25430988745127,75.0,D
1,40975.30744720974,-161.3509,-31.311095231289766,75.0,T
1,40975.36235483466,-153.3509,-29.353018709151563,75.0,D
1,40979.097108113514,-153.3509,-59.23104493998292,75.0,T
1,40979.1523416754,-145.3509,-57.07656285081662,75.0,D
1,40983.19350569907,-145.3509,-24.747250661487374,75.0,T
1,40983.27686146372,-137.3509,-15.138185734984686,75.0,D
1,40988.09096727612,-137.3509,-53.6510322341499,75.0,T
1,40988.153645165454,-129.3509,-48.71224182015308,75.0,D
1,41000.324940103725,-129.3509,48.65811768601315,75.0,T
1,41000.38789078081,-137.3509,53.67436371911456,75.0,D
1,41005.19477835888,-137.3509,15.219263094539514,75.0,T
1,41005.277323559814,-145.3509,24.66957946293314,75.0,D
1,41009.32270714618,-145.3509,57.03264815382182,75.0,T
1,41009.37800339891,-153.3509,59.22301347498821,75.0,D
1,41013.1189190299,-153.3509,29.295688427125647,75.0,T
1,41013.173920928886,-161.3509,31.312418472389574,75.0,D
1,41016.79030554502,-161.3509,60.243495401507964,75.0,T
1,41016.84364117911,-169.3509,60.16918564667918,75.0,D
1,41020.45300308075,-169.3509,31.294290433599276,75.0,T
1,41020.50844548339,-177.3509,29.022319870241297,75.0,D
1,41024.26495335242,-177.3509,59.074382822460656,75.0,T
1,41024.32036333841,-185.3509,56.82027605624529,75.0,D
1,41028.412046910096,-185.3509,24.086807482791826,75.0,T
1,41028.49905714753,-193.3509,13.774553514761081,75.0,D
1,41033.434244825796,-193.3509,53.256054940904754,75.0,T
1,41033.92042558587,-121.3509,41.66450810672105,75.0,D
1,41044.339542083595,-121.3509,-41.68842387509452,75.0,T
1,41044.42732259635,-113.3509,-31.230321062726585,75.0,D
1,41052.22807035455,-113.3509,31.175661002873532,75.0,T
1,41052.38444781759,-105.3509,9.125422992341859,75.0,D
1,41054.66895377167,-105.3509,-9.150624640268088,75.0,T
1,41055.52075124259,-33.350899999999996,-114.70192002829447,75.0,D
1,41068.09709703397,-33.350899999999996,-215.31268635934603,75.0,T
1,41068.15815041537,-25.350899999999996,-219.7701627820038,75.0,D
1,41072.66345742285,-25.350899999999996,-183.7277067221486,75.0,T
1,41072.737165668506,-17.350899999999996,-191.35924478805262,75.0,D
1,41076.66832487622,-17.350899999999996,-222.80851844975078,75.0,T
1,41076.72304683653,-9.350899999999996,-224.6459327077649,75.0,D
1,41080.41520021233,-9.350899999999996,-195.1087057013868,75.0,T
1,41080.46933152786,-1.3508999999999958,-196.49776462950013,75.0,D
1,41084.073783631095,-1.3508999999999958,-225.33338145545397,75.0,T
1,41084.12716734077,6.649100000000004,-224.98558796732112,75.0,D
1,41087.763991206186,6.649100000000004,-195.89099704394292,75.0,T
1,41087.82084080583,14.649100000000004,-192.9385011434375,75.0,D
1,41091.650325079165,14.649100000000004,-223.574375330118,75.0,T
1,41091.70649290094,22.649100000000004,-220.93173563019914,75.0,D
1,41095.95019191842,22.649100000000004,-186.9821434904127,75.0,T
1,41096.06110661794,30.649100000000004,-172.39459442246994,75.0,D
1,41101.63925759522,30.649100000000004,-217.01980224075,75.0,T
1,41101.70467579347,38.649100000000004,-211.3374026682396,75.0,D
1,41113.29378587037,38.649100000000004,-118.62452205303406,75.0,T
1,41113.35883339562,30.649100000000004,-113.03868620115534,75.0,D
1,41118.93389582865,30.649100000000004,-157.6391856654481,75.0,T
1,41119.045145542885,22.649100000000004,-142.99434952387975,75.0,D
1,41123.29276707898,22.649100000000004,-109.01337723508067,75.0,T
1,41123.348735141175,14.649100000000004,-106.467883237888,75.0,D
1,41127.16586026636,14.649100000000004,-137.00488423933268,75.0,T
1,41127.22244341661,6.649100000000004,-134.1698903975473,75.0,D
1,41130.86590960947,6.649100000000004,-105.02216085469938,75.0,T
1,41130.919306309755,-1.3508999999999958,-104.63206979145295,75.0,D
1,41134.52877140947,-1.3508999999999958,-133.50779058908677,75.0,T
1,41134.58283359431,-9.350899999999996,-134.83489125561744,75.0,D
1,41138.2643514042,-9.350899999999996,-105.38274877652947,75.0,T
1,41138.31903967931,-17.350899999999996,-107.1974573684038,75.0,D
1,41142.24555832224,-17.350899999999996,-138.60960651184718,75.0,T
1,41142.31917944803,-25.350899999999996,-146.2221999371322,75.0,D
1,41146.82013880796,-25.350899999999996,-110.21452505770405,75.0,T
1,41146.94890535056,-41.350899999999996,-121.03434511598437,75.0,D
1,41157.94209917495,-41.350899999999996,-208.97989571111466,75.0,T
1,41158.023443736616,-49.350899999999996,-199.76680184851818,75.0,D
1,41166.713344410804,-49.350899999999996,-130.24759645500407,75.0,T
1,41166.83217282809,-57.350899999999996,-146.17569543190174,75.0,D
1,41171.53841894941,-57.350899999999996,-183.82566440237977,75.0,T
1,41172.24375882436,46.649100000000004,-203.26396761957687,75.0,D
1,41181.81961734846,46.649100000000004,-126.65709942677184,75.0,T
1,41181.92026600603,54.649100000000004,-139.4605531048295,75.0,D
1,41188.31844590133,54.649100000000004,-190.64599226720867,75.0,T
1,41190.31533037404,6.649100000000004,105.0156740682098,75.0,D
1,41193.95199648502,6.649100000000004,134.10900295605708,75.0,T
1,41194.005483001245,-1.3508999999999958,133.50223537049987,75.0,D
1,41197.60981750127,-1.3508999999999958,104.66755937029234,75.0,T
1,41197.663348484966,-9.350899999999996,105.35693579723636,75.0,D
1,41201.35514329764,-9.350899999999996,134.8912942986132,75.0,T
1,41201.41404376251,-17.350899999999996,138.64075521194738,75.0,D
1,41205.34484159471,-17.350899999999996,107.19437255430489,75.0,T
1,41205.40190659875,-25.350899999999996,110.23893006551731,75.0,D
1,41209.90608915031,-25.350899999999996,146.27239047798653,75.0,T
1,41210.09842765341,-49.350899999999996,130.2609181867908,75.0,D
1,41218.78412640324,-49.350899999999996,199.74650818540962,75.0,T
1,41218.86548992124,-41.350899999999996,208.96336754113884,75.0,D
1,41229.85616416181,-41.350899999999996,121.03797361661552,75.0,T
1,41229.924285724395,-33.350899999999996,114.68090558061627,75.0,D
1,41242.49769126108,-33.350899999999996,215.26814987409747,75.0,T
1,41242.55904238584,-25.350899999999996,219.8166783675281,75.0,D
1,41247.06389399312,-25.350899999999996,183.77786550926064,75.0,T
1,41247.13751481815,-17.350899999999996,191.39039348815282,75.0,D
1,41251.06089218794,-17.350899999999996,222.77741244648,75.0,T
1,41251.11560441839,-9.350899999999996,224.60829573613714,75.0,D
1,41254.7960031954,-9.350899999999996,195.16510552004596,75.0,T
1,41254.85006538376,-1.3508999999999958,196.49220941091323,75.0,D
1,41258.45951380806,-1.3508999999999958,225.36779680532834,75.0,T
1,41258.512916463886,6.649100000000004,224.9597746224818,75.0,D
1,41262.154119926854,6.649100000000004,195.8301469187447,75.0,T
1,41262.210703160206,14.649100000000004,192.99511576066732,75.0,D
1,41266.0268430688,14.649100000000004,223.52423502943364,75.0,T
1,41266.082825535086,22.649100000000004,220.97162421890943,75.0,D
1,41270.32857225293,22.649100000000004,187.00565047612525,75.0,T
1,41270.43982151196,30.649100000000004,172.3608921385505,75.0,D
1,41276.013728069614,30.649100000000004,216.9521445997869,75.0,T
1,41276.07875901588,38.649100000000004,211.3706538154169,75.0,D
1,41287.66978167262,38.649100000000004,118.64247256149521,75.0,T
1,41287.7350716105,30.649100000000004,112.99336115166234,75.0,D
1,41293.31156969714,30.649100000000004,157.60534584483827,75.0,T
1,41293.42248404751,22.649100000000004,143.0178565095873,75.0,D
1,41297.66714777677,22.649100000000004,109.06054667546536,75.0,T
1,41297.72331043285,14.649100000000004,106.42037838370639,75.0,D
1,41301.553450491956,14.649100000000004,137.0614988565625,75.0,T
1,41301.777674677694,46.649100000000004,126.70674520889064,75.0,D
1,41311.35892009697,46.649100000000004,203.3567085631219,75.0,T
1,41311.45916433674,54.649100000000004,190.62484219754512,75.0,D
1,41317.86504517123,54.649100000000004,139.37779552160805,75.0,T
1,41318.613111382045,-57.350899999999996,146.2384627344118,75.0,D
1,41323.31724176878,-57.350899999999996,183.8715058283151,75.0,T
1,41332.20673883339,-1000.0,0.0,1000.0,W
1,41481.89022464242,-1000.0,0.0,1000.0,T
1,41489.92360645204,-225.33123601652213,-1.3529000000000053,77.0,D
1,41493.52779766202,-196.49770633666455,-1.3529000000000053,77.0,T
1,41493.58128389274,-195.891505279054,6.647099999999995,77.0,D
1,41497.21830428074,-224.98766838302444,6.647099999999995,77.0,T
1,41497.272465022295,-223.57303651202875,14.647099999999995,77.0,D
1,41501.101663106165,-192.93945184104135,14.647099999999995,77.0,T
1,41501.168152038335,-186.9839915501403,22.647099999999995,77.0,D
1,41505.41149184889,-220.93071003460804,22.647099999999995,77.0,T
1,41505.47084895319,-217.0225798944394,30.647099999999995,77.0,D
1,41511.04817278345,-172.40398925239205,30.647099999999995,77.0,T
1,41511.14665771522,-157.6312494875467,30.647099999999995,77.0,D
1,41516.72078920926,-113.03819753515411,30.647099999999995,77.0,T
1,41516.780491959486,-109.01334801805012,22.647099999999995,77.0,D
1,41521.027826170975,-142.99202171000738,22.647099999999995,77.0,T
1,41521.094445968854,-137.0037462433928,14.647099999999995,77.0,D
1,41524.9116086834,-106.46644452707716,14.647099999999995,77.0,T
1,41524.96580293564,-105.02322521602844,6.647099999999995,77.0,D
1,41528.609072695195,-134.16938329239608,6.647099999999995,77.0,T
1,41528.66258806724,-133.5078407604375,-1.3529000000000053,77.0,D
1,41532.27222866129,-104.63071600806576,-1.3529000000000053,77.0,T
1,41532.32579631918,-105.38145854412684,-9.352900000000005,77.0,D
1,41536.0075711076,-134.83565685149674,-9.352900000000005,77.0,T
1,41536.06654427991,-138.61074475303934,-17.352900000000005,77.0,D
1,41539.99288686144,-107.20000410078796,-17.352900000000005,77.0,T
1,41540.049878078346,-110.21330347139612,-25.352900000000005,77.0,D
1,41544.55135730153,-146.22513725687875,-25.352900000000005,77.0,T
1,41544.74357535168,-130.24624420735674,-49.352900000000005,77.0,D
1,41553.432745489845,-199.7596053126813,-49.352900000000005,77.0,T
1,41553.51410021764,-208.97471866156374,-41.352900000000005,77.0,D
1,41564.506799972354,-121.03312062383866,-41.352900000000005,77.0,T
1,41564.57479798914,-114.70588335565427,-33.352900000000005,77.0,D
1,41577.15083280886,-215.3141619134445,-33.352900000000005,77.0,T
1,41577.21186998636,-219.76664249429558,-25.352900000000005,77.0,D
1,41581.71709350969,-183.72485430762364,-25.352900000000005,77.0,T
1,41581.790808053134,-191.35776090411565,-17.352900000000005,77.0,D
1,41585.722368879324,-222.8102475135888,-17.352900000000005,77.0,T
1,41585.77708463857,-224.64350198704756,-9.352900000000005,77.0,D
1,41589.469020752986,-195.1080130717191,-9.352900000000005,77.0,T
1,41589.79776341741,-183.8113703485455,-57.352900000000005,77.0,D
1,41594.5024756763,-146.17367227743645,-57.352900000000005,77.0,T
1,41595.16830980091,-118.62300379899374,38.647099999999995,77.0,D
1,41606.75787554897,-211.33952978342728,38.647099999999995,77.0,T
1,41606.83365434171,-203.2645949746566,46.647099999999995,77.0,D
1,41616.40985403017,-126.65499746694333,46.647099999999995,77.0,T
1,41616.51048733346,-139.45573529397134,54.647099999999995,77.0,D
1,41622.909948161905,-190.65142192158206,54.647099999999995,77.0,T
1,41623.97626812529,-52.14741134069486,134.6471,77.0,D
1,41629.41622432863,-8.627761713988734,134.6471,77.0,T
1,41629.52136990234,-22.22006882454314,142.6471,77.0,D
1,41633.75476770367,-56.08725123523795,142.6471,77.0,T
1,41633.81068150184,-58.60577035796132,150.6471,77.0,D
1,41637.62880544249,-28.060778832770115,150.6471,77.0,T
1,41637.685366621045,-30.885890457628502,158.6471,77.0,D
1,41641.32605762571,-60.01141849492122,158.6471,77.0,T
1,41641.37944029396,-60.35559658867646,166.6471,77.0,D
1,41644.98000582486,-31.55107234147591,166.6471,77.0,T
1,41645.034314156845,-30.0143922282758,174.6471,77.0,D
1,41648.7272513767,-59.55788998712355,174.6471,77.0,T
1,41648.782003382796,-57.70044581428649,182.6471,77.0,D
1,41652.730276410315,-26.11426159411067,182.6471,77.0,T
1,41652.804443498906,-18.383347471540596,190.6471,77.0,D
1,41657.337574461584,-54.64839517298428,190.6471,77.0,T
1,41657.399009020584,-50.07459878588339,198.6471,77.0,D
1,41669.92702200739,50.14950510851945,198.6471,77.0,T
1,41669.98816958018,54.63593768986783,190.6471,77.0,D
1,41674.51209313335,18.444549264474862,190.6471,77.0,T
1,41674.586105990726,26.14213451991478,182.6471,77.0,D
1,41678.53659144345,57.74601814173235,182.6471,77.0,T
1,41678.59131796247,59.5864847616432,174.6471,77.0,D
1,41682.281161360115,30.067737580473676,174.6471,77.0,T
1,41682.335348280634,31.504749407026196,166.6471,77.0,D
1,41685.938596463035,60.330734866273566,166.6471,77.0,T
1,41685.991964108245,60.04372443125534,158.6471,77.0,D
1,41689.63843708183,30.871940642583155,158.6471,77.0,T
1,41689.694890372935,28.09580722725019,150.6471,77.0,D
1,41693.51141291872,58.62798759349391,150.6471,77.0,T
1,41693.567427370326,56.059637395463305,142.6471,77.0,D
1,41697.79378495103,22.248776749863467,142.6471,77.0,T
1,41697.899821058345,8.501694832915911,134.6471,77.0,D
1,41703.36040780394,52.186388797697305,134.6471,77.0,T
1,41703.42546764586,46.59732642826447,126.6471,77.0,D
1,41715.08037567685,-46.64193781970301,126.6471,77.0,T
1,41715.15572486982,-38.657968266140536,118.6471,77.0,D
1,41724.819360852074,38.65111959188465,118.6471,77.0,T
1,41724.91752146412,26.289935201332774,110.6471,77.0,D
1,41731.483117232725,-26.234830947482752,110.6471,77.0,T
1,41732.13357289656,-43.658459693873716,206.6471,77.0,D
1,41743.05018051574,43.67440125962048,206.6471,77.0,T
1,41743.132346452425,34.29874523378593,214.6471,77.0,D
1,41751.70523864034,-34.28439226950252,214.6471,77.0,T
1,41751.82738568883,-17.801134619680866,222.6471,77.0,D
1,41756.282140342904,17.836902612936647,222.6471,77.0,T
1,41758.46957409921,9.148124794412508,-105.3529,77.0,D
1,41760.75975243388,-9.173301882924248,-105.3529,77.0,T
1,41760.9162175698,-31.23752908627175,-113.3529,77.0,D
1,41768.71839828451,31.179916631379093,-113.3529,77.0,T
1,41768.80633068365,41.6666894145573,-121.3529,77.0,D
1,41779.22639943665,-41.69386060945525,-121.3529,77.0,T
1,41779.29736731001,-48.716671914009744,-129.3529,77.0,D
1,41791.46937585766,48.65939646714881,-129.3529,77.0,T
1,41791.5323259565,53.675479225257625,-137.3529,77.0,D
1,41796.33895027703,15.222484660995358,-137.3529,77.0,T
1,41796.42148774972,24.671282148904414,-145.3529,77.0,D
1,41800.466708262786,57.03304625341397,-145.3529,77.0,T
1,41800.52200384221,59.22302909420893,-153.3529,77.0,D
1,41804.262814733556,29.29654196345627,-153.3529,77.0,T
1,41804.317815510396,31.312583305013703,-161.3529,77.0,D
1,41807.93424124094,60.24398914933576,-161.3529,77.0,T
1,41807.98757694856,60.16850128006632,-169.3529,77.0,D
1,41811.596896843155,31.293942123276818,-169.3529,77.0,T
1,41811.65234004229,29.021534273734797,-177.3529,77.0,D
1,41815.408819273,59.073368119360964,-177.3529,77.0,T
1,41815.464227513,56.820227232170424,-185.3529,77.0,D
1,41819.556100697526,24.08524175597194,-185.3529,77.0,T
1,41819.643125149836,13.770289296090736,-193.3529,77.0,D
1,41824.57859198478,53.2540239756129,-193.3529,77.0,T
1,41824.641739421546,48.18243917948473,-201.3529,77.0,D
1,41836.68741586059,-48.18297233286337,-201.3529,77.0,T
1,41836.75071923504,-53.298110391628335,-193.3529,77.0,D
1,41841.689210213706,-13.790182562287411,-193.3529,77.0,T
1,41841.77652655494,-24.160487646341487,-185.3529,77.0,D
1,41845.859712429796,-56.82597464522155,-185.3529,77.0,T
1,41845.91514380441,-59.09188264404483,-177.3529,77.0,D
1,41849.66604913769,-29.08463997780038,-177.3529,77.0,T
1,41849.72127409617,-31.23415408185925,-169.3529,77.0,D
1,41853.34298744228,-60.207860850743366,-169.3529,77.0,T
1,41853.39632157545,-60.25167434357535,-161.3529,77.0,D
1,41857.01386191654,-31.311351614903725,-161.3529,77.0,T
1,41857.0687684518,-29.35396270933706,-153.3529,77.0,D
1,41860.803102119615,-59.228632051877916,-153.3529,77.0,T
1,41860.8583256828,-57.07992466368467,-145.3529,77.0,D
1,41864.89969540915,-24.74896685290552,-145.3529,77.0,T
1,41864.98304193803,-15.141704640867387,-137.3529,77.0,D
1,41869.79646723574,-53.64910702259913,-137.3529,77.0,T
1,41870.2838943335,-40.93429472650517,-209.3529,77.0,D
1,41880.52238344794,40.973618188987906,-209.3529,77.0,T
1,41880.61269825932,30.04076787610304,-217.3529,77.0,D
1,41888.12165457868,-30.030882678803227,-217.3529,77.0,T
1,41888.32563194861,-0.4986584568002892,-225.3529,77.0,D
1,41888.66181470592,2.1908036016558636,-225.3529,77.0,T
1,41897.86833253325,-1000.0,0.0,1000.0,W
1,42047.84088864375,-1000.0,0.0,1000.0,T
1,42055.863973843,-225.3509,-0.6591240770429221,79.0,D
1,42056.22677010909,-225.3509,2.2432460516742236,79.0,T
1,42056.41961242687,-217.3509,30.041332125079148,79.0,D
1,42063.92965806568,-217.3509,-30.03903298539859,79.0,T
1,42064.01980291955,-209.3509,-40.940277422695225,79.0,D
1,42074.25951649432,-209.3509,40.977431175456836,79.0,T
1,42074.33129298791,-201.3509,48.182773861733295,79.0,D
1,42086.37760449362,-201.3509,-48.18771818389099,79.0,T
1,42086.440883978095,-193.3509,-53.29620093407718,79.0,D
1,42091.37865112847,-193.3509,-13.794063731075266,79.0,T
1,42091.465954873995,-185.3509,-24.16198249969535,79.0,D
1,42095.5493999667,-185.3509,-56.829543241375056,79.0,T
1,42095.604830714685,-177.3509,-59.095106306518446,79.0,D
1,42099.35604371312,-177.3509,-29.085402319074152,79.0,T
1,42099.41126793631,-169.3509,-31.23449133757379,79.0,D
1,42103.0326251076,-169.3509,-60.20534870786578,79.0,T
1,42103.085959439755,-161.3509,-60.25430988745127,79.0,D
1,42106.70386127177,-161.3509,-31.311095231289766,79.0,T
1,42106.75876889669,-153.3509,-29.353018709151563,79.0,D
1,42110.493522175544,-153.3509,-59.23104493998292,79.0,T
1,42110.54875573743,-145.3509,-57.07656285081662,79.0,D
1,42114.5899197611,-145.3509,-24.747250661487374,79.0,T
1,42114.67327552575,-137.3509,-15.138185734984686,79.0,D
1,42119.48738133815,-137.3509,-53.6510322341499,79.0,T
1,42119.550059227484,-129.3509,-48.71224182015308,79.0,D
1,42131.721354165755,-129.3509,48.65811768601315,79.0,T
1,42131.78430484284,-137.3509,53.67436371911456,79.0,D
1,42136.59119242091,-137.3509,15.219263094539514,79.0,T
1,42136.673737621844,-145.3509,24.66957946293314,79.0,D
1,42140.71912120821,-145.3509,57.03264815382182,79.0,T
1,42140.77441746094,-153.3509,59.22301347498821,79.0,D
1,42144.51533309193,-153.3509,29.295688427125647,79.0,T
1,42144.570334990916,-161.3509,31.312418472389574,79.0,D
1,42148.18671960705,-161.3509,60.243495401507964,79.0,T
1,42148.24005524114,-169.3509,60.16918564667918,79.0,D
1,42151.84941714278,-169.3509,31.294290433599276,79.0,T
1,42151.90485954542,-177.3509,29.022319870241297,79.0,D
1,42155.661367414454,-177.3509,59.074382822460656,79.0,T
1,42155.71677740044,-185.3509,56.82027605624529,79.0,D
1,42159.808460972126,-185.3509,24.086807482791826,79.0,T
1,42159.89547120956,-193.3509,13.774553514761081,79.0,D
1,42164.830658887826,-193.3509,53.256054940904754,79.0,T
1,42165.3168396479,-121.3509,41.66450810672105,79.0,D
1,42175.735956145625,-121.3509,-41.68842387509452,79.0,T
1,42175.82373665838,-113.3509,-31.230321062726585,79.0,D
1,42183.62448441658,-113.3509,31.175661002873532,79.0,T
1,42183.78086187962,-105.3509,9.125422992341859,79.0,D
1,42186.0653678337,-105.3509,-9.150624640268088,79.0,T
1,42186.91716530462,-33.350899999999996,-114.70192002829447,79.0,D
1,42199.493511096,-33.350899999999996,-215.31268635934603,79.0,T
1,42199.5545644774,-25.350899999999996,-219.7701627820038,79.0,D
1,42204.05987148488,-25.350899999999996,-183.7277067221486,79.0,T
1,42204.13357973054,-17.350899999999996,-191.35924478805262,79.0,D
1,42208.06473893825,-17.350899999999996,-222.80851844975078,79.0,T
1,42208.11946089856,-9.350899999999996,-224.6459327077649,79.0,D
1,42211.81161427436,-9.350899999999996,-195.1087057013868,79.0,T
1,42211.86574558989,-1.3508999999999958,-196.49776462950013,79.0,D
1,42215.470197693125,-1.3508999999999958,-225.33338145545397,79.0,T
1,42215.5235814028,6.649100000000004,-224.98558796732112,79.0,D
1,42219.160405268216,6.649100000000004,-195.89099704394292,79.0,T
1,42219.21725486786,14.649100000000004,-192.9385011434375,79.0,D
1,42223.046739141195,14.649100000000004,-223.574375330118,79.0,T
1,42223.10290696297,22.649100000000004,-220.93173563019914,79.0,D
1,42227.34660598045,22.649100000000004,-186.9821434904127,79.0,T
1,42227.45752067997,30.649100000000004,-172.39459442246994,79.0,D
1,42233.03567165725,30.649100000000004,-217.01980224075,79.0,T
1,42233.1010898555,38.649100000000004,-211.3374026682396,79.0,D
1,42244.6901999324,38.649100000000004,-118.62452205303406,79.0,T
1,42244.75524745765,30.649100000000004,-113.03868620115534,79.0,D
1,42250.33030989068,30.649100000000004,-157.6391856654481,79.0,T
1,42250.441559604915,22.649100000000004,-142.99434952387975,79.0,D
1,42254.68918114101,22.649100000000004,-109.01337723508067,79.0,T
1,42254.745149203205,14.649100000000004,-106.467883237888,79.0,D
1,42258.56227432839,14.649100000000004,-137.00488423933268,79.0,T
1,42258.61885747864,6.649100000000004,-134.1698903975473,79.0,D
1,42262.2623236715,6.649100000000004,-105.02216085469938,79.0,T
1,42262.315720371786,-1.3508999999999958,-104.63206979145295,79.0,D
1,42265.9251854715,-1.3508999999999958,-133.50779058908677,79.0,T
1,42265.97924765634,-9.350899999999996,-134.83489125561744,79.0,D
1,42269.66076546623,-9.350899999999996,-105.38274877652947,79.0,T
1,42269.71545374134,-17.350899999999996,-107.1974573684038,79.0,D
1,42273.64197238427,-17.350899999999996,-138.60960651184718,79.0,T
1,42273.71559351006,-25.350899999999996,-146.2221999371322,79.0,D
1,42278.21655286999,-25.350899999999996,-110.21452505770405,79.0,T
1,42278.34531941259,-41.350899999999996,-121.03434511598437,79.0,D
1,42289.33851323698,-41.350899999999996,-208.97989571111466,79.0,T
1,42289.419857798646,-49.350899999999996,-199.76680184851818,79.0,D
1,42298.109758472834,-49.350899999999996,-130.24759645500407,79.0,T
1,42298.22858689012,-57.350899999999996,-146.17569543190174,79.0,D
1,42302.93483301144,-57.350899999999996,-183.82566440237977,79.0,T
1,42303.64017288639,46.649100000000004,-203.26396761957687,79.0,D
1,42313.21603141049,46.649100000000004,-126.65709942677184,79.0,T
1,42313.31668006806,54.649100000000004,-139.4605531048295,79.0,D
1,42319.71485996336,54.649100000000004,-190.64599226720867,79.0,T
1,42321.71174443607,6.649100000000004,105.0156740682098,79.0,D
1,42325.34841054705,6.649100000000004,134.10900295605708,79.0,T
1,42325.401897063275,-1.3508999999999958,133.50223537049987,79.0,D
1,42329.0062315633,-1.3508999999999958,104.66755937029234,79.0,T
1,42329.059762546996,-9.350899999999996,105.35693579723636,79.0,D
1,42332.75155735967,-9.350899999999996,134.8912942986132,79.0,T
1,42332.81045782454,-17.350899999999996,138.64075521194738,79.0,D
1,42336.74125565674,-17.350899999999996,107.19437255430489,79.0,T
1,42336.79832066078,-25.350899999999996,110.23893006551731,79.0,D
1,42341.30250321234,-25.350899999999996,146.27239047798653,79.0,T
1,42341.49484171544,-49.350899999999996,130.2609181867908,79.0,D
1,42350.18054046527,-49.350899999999996,199.74650818540962,79.0,T
1,42350.26190398327,-41.350899999999996,208.96336754113884,79.0,D
1,42361.25257822384,-41.350899999999996,121.03797361661552,79.0,T
1,42361.320699786425,-33.350899999999996,114.68090558061627,79.0,D
1,42373.89410532311,-33.350899999999996,215.26814987409747,79.0,T
1,42373.95545644787,-25.350899999999996,219.8166783675281,79.0,D
1,42378.46030805515,-25.350899999999996,183.77786550926064,79.0,T
1,42378.53392888018,-17.350899999999996,191.39039348815282,79.0,D
1,42382.45730624997,-17.350899999999996,222.77741244648,79.0,T
1,42382.51201848042,-9.350899999999996,224.60829573613714,79.0,D
1,42386.19241725743,-9.350899999999996,195.16510552004596,79.0,T
1,42386.24647944579,-1.3508999999999958,196.49220941091323,79.0,D
1,42389.85592787009,-1.3508999999999958,225.36779680532834,79.0,T
1,42389.909330525916,6.649100000000004,224.9597746224818,79.0,D
1,42393.550533988884,6.649100000000004,195.8301469187447,79.0,T
1,42393.60711722224,14.649100000000004,192.99511576066732,79.0,D
1,42397.42325713083,14.649100000000004,223.52423502943364,79.0,T
1,42397.479239597116,22.649100000000004,220.97162421890943,79.0,D
1,42401.72498631496,22.649100000000004,187.00565047612525,79.0,T
1,42401.83623557399,30.649100000000004,172.3608921385505,79.0,D
1,42407.410142131645,30.649100000000004,216.9521445997869,79.0,T
1,42407.47517307791,38.649100000000004,211.3706538154169,79.0,D
1,42419.06619573465,38.649100000000004,118.64247256149521,79.0,T
1,42419.13148567253,30.649100000000004,112.99336115166234,79.0,D
1,42424.707983759174,30.649100000000004,157.60534584483827,79.0,T
1,42424.81889810954,22.649100000000004,143.0178565095873,79.0,D
1,42429.0635618388,22.649100000000004,109.06054667546536,79.0,T
1,42429.11972449488,14.649100000000004,106.42037838370639,79.0,D
1,42432.949864553986,14.649100000000004,137.0614988565625,79.0,T
1,42433.174088739725,46.649100000000004,126.70674520889064,79.0,D
1,42442.755334159,46.649100000000004,203.3567085631219,79.0,T
1,42442.85557839877,54.649100000000004,190.62484219754512,79.0,D
1,42449.26145923326,54.649100000000004,139.37779552160805,79.0,T
1,42450.009525444075,-57.350899999999996,146.2384627344118,79.0,D
1,42454.71365583081,-57.350899999999996,183.8715058283151,79.0,T
1,42463.58467495399,-1000.0,0.0,1000.0,W
1,42613.229908744135,-1000.0,0.0,1000.0,T
1,42621.242883012936,-225.33123601652213,-1.3529000000000053,81.0,D
1,42624.84707422292,-196.49770633666455,-1.3529000000000053,81.0,T
1,42624.900560453636,-195.891505279054,6.647099999999995,81.0,D
1,42628.537580841636,-224.98766838302444,6.647099999999995,81.0,T
1,42628.591741583194,-223.57303651202875,14.647099999999995,81.0,D
1,42632.42093966706,-192.93945184104135,14.647099999999995,81.0,T
1,42632.487428599234,-186.9839915501403,22.647099999999995,81.0,D
1,42636.73076840979,-220.93071003460804,22.647099999999995,81.0,T
1,42636.79012551409,-217.0225798944394,30.647099999999995,81.0,D
1,42642.36744934435,-172.40398925239205,30.647099999999995,81.0,T
1,42642.465934276115,-157.6312494875467,30.647099999999995,81.0,D
1,42648.04006577016,-113.03819753515411,30.647099999999995,81.0,T
1,42648.099768520384,-109.01334801805012,22.647099999999995,81.0,D
1,42652.347102731874,-142.99202171000738,22.647099999999995,81.0,T
1,42652.41372252975,-137.0037462433928,14.647099999999995,81.0,D
1,42656.230885244295,-106.46644452707716,14.647099999999995,81.0,T
1,42656.28507949654,-105.02322521602844,6.647099999999995,81.0,D
1,42659.92834925609,-134.16938329239608,6.647099999999995,81.0,T
1,42659.98186462814,-133.5078407604375,-1.3529000000000053,81.0,D
1,42663.59150522219,-104.63071600806576,-1.3529000000000053,81.0,T
1,42663.64507288008,-105.38145854412684,-9.352900000000005,81.0,D
1,42667.3268476685,-134.83565685149674,-9.352900000000005,81.0,T
1,42667.385820840806,-138.61074475303934,-17.352900000000005,81.0,D
1,42671.312163422335,-107.20000410078796,-17.352900000000005,81.0,T
1,42671.369154639244,-110.21330347139612,-25.352900000000005,81.0,D
1,42675.870633862425,-146.22513725687875,-25.352900000000005,81.0,T
1,42676.062851912575,-130.24624420735674,-49.352900000000005,81.0,D
1,42684.75202205074,-199.7596053126813,-49.352900000000005,81.0,T
1,42684.83337677854,-208.97471866156374,-41.352900000000005,81.0,D
1,42695.82607653325,-121.03312062383866,-41.352900000000005,81.0,T
1,42695.89407455004,-114.70588335565427,-33.352900000000005,81.0,D
1,42708.47010936976,-215.3141619134445,-33.352900000000005,81.0,T
1,42708.531146547255,-219.76664249429558,-25.352900000000005,81.0,D
1,42713.036370070586,-183.72485430762364,-25.352900000000005,81.0,T
1,42713.11008461403,-191.35776090411565,-17.352900000000005,81.0,D
1,42717.04164544022,-222.8102475135888,-17.352900000000005,81.0,T
1,42717.09636119947,-224.64350198704756,-9.352900000000005,81.0,D
1,42720.788297313884,-195.1080130717191,-9.352900000000005,81.0,T
1,42721.11703997831,-183.8113703485455,-57.352900000000005,81.0,D
1,42725.8217522372,-146.17367227743645,-57.352900000000005,81.0,T
1,42726.48758636181,-118.62300379899374,38.647099999999995,81.0,D
1,42738.077152109865,-211.33952978342728,38.647099999999995,81.0,T
1,42738.15293090261,-203.2645949746566,46.647099999999995,81.0,D
1,42747.72913059107,-126.65499746694333,46.647099999999995,81.0,T
1,42747.829763894355,-139.45573529397134,54.647099999999995,81.0,D
1,42754.2292247228,-190.65142192158206,54.647099999999995,81.0,T
1,42755.29554468619,-52.14741134069486,134.6471,81.0,D
1,42760.735500889525,-8.627761713988734,134.6471,81.0,T
1,42760.840646463235,-22.22006882454314,142.6471,81.0,D
1,42765.07404426457,-56.08725123523795,142.6471,81.0,T
1,42765.12995806274,-58.60577035796132,150.6471,81.0,D
1,42768.948082003386,-28.060778832770115,150.6471,81.0,T
1,42769.00464318194,-30.885890457628502,158.6471,81.0,D
1,42772.64533418661,-60.01141849492122,158.6471,81.0,T
1,42772.69871685486,-60.35559658867646,166.6471,81.0,D
1,42776.29928238576,-31.55107234147591,166.6471,81.0,T
1,42776.35359071774,-30.0143922282758,174.6471,81.0,D
1,42780.0465279376,-59.55788998712355,174.6471,81.0,T
1,42780.101279943694,-57.70044581428649,182.6471,81.0,D
1,42784.04955297121,-26.11426159411067,182.6471,81.0,T
1,42784.123720059804,-18.383347471540596,190.6471,81.0,D
1,42788.65685102248,-54.64839517298428,190.6471,81.0,T
1,42788.71828558148,-50.07459878588339,198.6471,81.0,D
1,42801.24629856829,50.14950510851945,198.6471,81.0,T
1,42801.30744614108,54.63593768986783,190.6471,81.0,D
1,42805.83136969425,18.444549264474862,190.6471,81.0,T
1,42805.905382551624,26.14213451991478,182.6471,81.0,D
1,42809.85586800435,57.74601814173235,182.6471,81.0,T
1,42809.91059452337,59.5864847616432,174.6471,81.0,D
1,42813.60043792101,30.067737580473676,174.6471,81.0,T
1,42813.65462484153,31.504749407026196,166.6471,81.0,D
1,42817.25787302393,60.330734866273566,166.6471,81.0,T
1,42817.31124066914,60.04372443125534,158.6471,81.0,D
1,42820.957713642725,30.871940642583155,158.6471,81.0,T
1,42821.01416693383,28.09580722725019,150.6471,81.0,D
1,42824.83068947962,58.62798759349391,150.6471,81.0,T
1,42824.886703931224,56.059637395463305,142.6471,81.0,D
1,42829.113061511925,22.248776749863467,142.6471,81.0,T
1,42829.21909761924,8.501694832915911,134.6471,81.0,D
1,42834.67968436484,52.186388797697305,134.6471,81.0,T
1,42834.74474420676,46.59732642826447,126.6471,81.0,D
1,42846.39965223775,-46.64193781970301,126.6471,81.0,T
1,42846.47500143072,-38.657968266140536,118.6471,81.0,D
1,42856.13863741297,38.65111959188465,118.6471,81.0,T
1,42856.23679802502,26.289935201332774,110.6471,81.0,D
1,42862.80239379362,-26.234830947482752,110.6471,81.0,T
1,42863.452849457455,-43.658459693873716,206.6471,81.0,D
1,42874.36945707664,43.67440125962048,206.6471,81.0,T
1,42874.45162301332,34.29874523378593,214.6471,81.0,D
1,42883.024515201236,-34.28439226950252,214.6471,81.0,T
1,42883.14666224973,-17.801134619680866,222.6471,81.0,D
1,42887.6014169038,17.836902612936647,222.6471,81.0,T
1,42889.78885066011,9.148124794412508,-105.3529,81.0,D
1,42892.079028994776,-9.173301882924248,-105.3529,81.0,T
1,42892.2354941307,-31.23752908627175,-113.3529,81.0,D
1,42900.03767484541,31.179916631379093,-113.3529,81.0,T
1,42900.12560724455,41.6666894145573,-121.3529,81.0,D
1,42910.54567599755,-41.69386060945525,-121.3529,81.0,T
1,42910.61664387091,-48.716671914009744,-129.3529,81.0,D
1,42922.78865241856,48.65939646714881,-129.3529,81.0,T
1,42922.851602517396,53.675479225257625,-137.3529,81.0,D
1,42927.65822683793,15.222484660995358,-137.3529,81.0,T
1,42927.74076431062,24.671282148904414,-145.3529,81.0,D
1,42931.785984823684,57.03304625341397,-145.3529,81.0,T
1,42931.84128040311,59.22302909420893,-153.3529,81.0,D
1,42935.582091294455,29.29654196345627,-153.3529,81.0,T
1,42935.637092071294,31.312583305013703,-161.3529,81.0,D
1,42939.25351780184,60.24398914933576,-161.3529,81.0,T
1,42939.30685350946,60.16850128006632,-169.3529,81.0,D
1,42942.91617340405,31.293942123276818,-169.3529,81.0,T
1,42942.97161660319,29.021534273734797,-177.3529,81.0,D
1,42946.728095833896,59.073368119360964,-177.3529,81.0,T
1,42946.7835040739,56.820227232170424,-185.3529,81.0,D
1,42950.875377258424,24.08524175597194,-185.3529,81.0,T
1,42950.962401710734,13.770289296090736,-193.3529,81.0,D
1,42955.897868545675,53.2540239756129,-193.3529,81.0,T
1,42955.961015982444,48.18243917948473,-201.3529,81.0,D
1,42968.00669242149,-48.18297233286337,-201.3529,81.0,T
1,42968.06999579594,-53.298110391628335,-193.3529,81.0,D
1,42973.008486774605,-13.790182562287411,-193.3529,81.0,T
1,42973.09580311584,-24.160487646341487,-185.3529,81.0,D
1,42977.178988990694,-56.82597464522155,-185.3529,81.0,T
1,42977.234420365305,-59.09188264404483,-177.3529,81.0,D
1,42980.98532569859,-29.08463997780038,-177.3529,81.0,T
1,42981.04055065707,-31.23415408185925,-169.3529,81.0,D
1,42984.66226400318,-60.207860850743366,-169.3529,81.0,T
1,42984.71559813635,-60.25167434357535,-161.3529,81.0,D
1,42988.333138477436,-31.311351614903725,-161.3529,81.0,T
1,42988.388045012696,-29.35396270933706,-153.3529,81.0,D
1,42992.12237868051,-59.228632051877916,-153.3529,81.0,T
1,42992.1776022437,-57.07992466368467,-145.3529,81.0,D
1,42996.21897197005,-24.74896685290552,-145.3529,81.0,T
1,42996.30231849893,-15.141704640867387,-137.3529,81.0,D
1,43001.11574379664,-53.64910702259913,-137.3529,81.0,T
1,43001.6031708944,-40.93429472650517,-209.3529,81.0,D
1,43011.84166000884,40.973618188987906,-209.3529,81.0,T
1,43011.93197482022,30.04076787610304,-217.3529,81.0,D
1,43019.44093113958,-30.030882678803227,-217.3529,81.0,T
1,43019.64490850951,-0.4986584568002892,-225.3529,81.0,D
1,43019.98109126682,2.1908036016558636,-225.3529,81.0,T
1,43029.169807381615,-1000.0,0.0,1000.0,W
1,43179.10465919322,-1000.0,0.0,1000.0,T
1,43187.10735502393,-225.3509,-0.6591240770429221,83.0,D
1,43187.47015129002,-225.3509,2.2432460516742236,83.0,T
1,43187.6629936078,-217.3509,30.041332125079148,83.0,D
1,43195.17303924661,-217.3509,-30.03903298539859,83.0,T
1,43195.263184100484,-209.3509,-40.940277422695225,83.0,D
1,43205.50289767525,-209.3509,40.977431175456836,83.0,T
1,43205.57467416884,-201.3509,48.182773861733295,83.0,D
1,43217.62098567455,-201.3509,-48.18771818389099,83.0,T
1,43217.68426515903,-193.3509,-53.29620093407718,83.0,D
1,43222.6220323094,-193.3509,-13.794063731075266,83.0,T
1,43222.709336054926,-185.3509,-24.16198249969535,83.0,D
1,43226.79278114763,-185.3509,-56.829543241375056,83.0,T
1,43226.848211895616,-177.3509,-59.095106306518446,83.0,D
1,43230.59942489405,-177.3509,-29.085402319074152,83.0,T
1,43230.65464911724,-169.3509,-31.23449133757379,83.0,D
1,43234.27600628853,-169.3509,-60.20534870786578,83.0,T
1,43234.32934062069,-161.3509,-60.25430988745127,83.0,D
1,43237.947242452705,-161.3509,-31.311095231289766,83.0,T
1,43238.00215007762,-153.3509,-29.353018709151563,83.0,D
1,43241.736903356476,-153.3509,-59.23104493998292,83.0,T
1,43241.79213691836,-145.3509,-57.07656285081662,83.0,D
1,43245.83330094203,-145.3509,-24.747250661487374,83.0,T
1,43245.91665670668,-137.3509,-15.138185734984686,83.0,D
1,43250.73076251908,-137.3509,-53.6510322341499,83.0,T
1,43250.793440408415,-129.3509,-48.71224182015308,83.0,D
1,43262.964735346686,-129.3509,48.65811768601315,83.0,T
1,43263.02768602377,-137.3509,53.67436371911456,83.0,D
1,43267.83457360184,-137.3509,15.219263094539514,83.0,T
1,43267.917118802776,-145.3509,24.66957946293314,83.0,D
1,43271.96250238914,-145.3509,57.03264815382182,83.0,T
1,43272.01779864187,-153.3509,59.22301347498821,83.0,D
1,43275.75871427286,-153.3509,29.295688427125647,83.0,T
1,43275.81371617185,-161.3509,31.312418472389574,83.0,D
1,43279.430100787984,-161.3509,60.243495401507964,83.0,T
1,43279.48343642207,-169.3509,60.16918564667918,83.0,D
1,43283.09279832371,-169.3509,31.294290433599276,83.0,T
1,43283.148240726354,-177.3509,29.022319870241297,83.0,D
1,43286.904748595385,-177.3509,59.074382822460656,83.0,T
1,43286.96015858137,-185.3509,56.82027605624529,83.0,D
1,43291.05184215306,-185.3509,24.086807482791826,83.0,T
1,43291.13885239049,-193.3509,13.774553514761081,83.0,D
1,43296.07404006876,-193.3509,53.256054940904754,83.0,T
1,43296.56022082883,-121.3509,41.66450810672105,83.0,D
1,43306.97933732656,-121.3509,-41.68842387509452,83.0,T
1,43307.06711783931,-113.3509,-31.230321062726585,83.0,D
1,43314.86786559751,-113.3509,31.175661002873532,83.0,T
1,43315.02424306055,-105.3509,9.125422992341859,83.0,D
1,43317.30874901463,-105.3509,-9.150624640268088,83.0,T
1,43318.16054648555,-33.350899999999996,-114.70192002829447,83.0,D
1,43330.73689227693,-33.350899999999996,-215.31268635934603,83.0,T
1,43330.797945658334,-25.350899999999996,-219.7701627820038,83.0,D
1,43335.30325266581,-25.350899999999996,-183.7277067221486,83.0,T
1,43335.37696091147,-17.350899999999996,-191.35924478805262,83.0,D
1,43339.30812011918,-17.350899999999996,-222.80851844975078,83.0,T
1,43339.36284207949,-9.350899999999996,-224.6459327077649,83.0,D
1,43343.05499545529,-9.350899999999996,-195.1087057013868,83.0,T
1,43343.10912677082,-1.3508999999999958,-196.49776462950013,83.0,D
1,43346.713578874056,-1.3508999999999958,-225.33338145545397,83.0,T
1,43346.76696258373,6.649100000000004,-224.98558796732112,83.0,D
1,43350.40378644915,6.649100000000004,-195.89099704394292,83.0,T
1,43350.46063604879,14.649100000000004,-192.9385011434375,83.0,D
1,43354.290120322126,14.649100000000004,-223.574375330118,83.0,T
1,43354.346288143905,22.649100000000004,-220.93173563019914,83.0,D
1,43358.58998716138,22.649100000000004,-186.9821434904127,83.0,T
1,43358.7009018609,30.649100000000004,-172.39459442246994,83.0,D
1,43364.27905283818,30.649100000000004,-217.01980224075,83.0,T
1,43364.344471036435,38.649100000000004,-211.3374026682396,83.0,D
1,43375.933581113335,38.649100000000004,-118.62452205303406,83.0,T
1,43375.99862863858,30.649100000000004,-113.03868620115534,83.0,D
1,43381.573691071615,30.649100000000004,-157.6391856654481,83.0,T
1,43381.684940785846,22.649100000000004,-142.99434952387975,83.0,D
1,43385.93256232194,22.649100000000004,-109.01337723508067,83.0,T
1,43385.98853038414,14.649100000000004,-106.467883237888,83.0,D
1,43389.80565550932,14.649100000000004,-137.00488423933268,83.0,T
1,43389.862238659574,6.649100000000004,-134.1698903975473,83.0,D
1,43393.50570485243,6.649100000000004,-105.02216085469938,83.0,T
1,43393.55910155272,-1.3508999999999958,-104.63206979145295,83.0,D
1,43397.16856665243,-1.3508999999999958,-133.50779058908677,83.0,T
1,43397.22262883727,-9.350899999999996,-134.83489125561744,83.0,D
1,43400.90414664716,-9.350899999999996,-105.38274877652947,83.0,T
1,43400.95883492227,-17.350899999999996,-107.1974573684038,83.0,D
1,43404.8853535652,-17.350899999999996,-138.60960651184718,83.0,T
1,43404.95897469099,-25.350899999999996,-146.2221999371322,83.0,D
1,43409.45993405092,-25.350899999999996,-110.21452505770405,83.0,T
1,43409.58870059352,-41.350899999999996,-121.03434511598437,83.0,D
1,43420.58189441791,-41.350899999999996,-208.97989571111466,83.0,T
1,43420.66323897958,-49.350899999999996,-199.76680184851818,83.0,D
1,43429.353139653766,-49.350899999999996,-130.24759645500407,83.0,T
1,43429.471968071055,-57.350899999999996,-146.17569543190174,83.0,D
1,43434.17821419237,-57.350899999999996,-183.82566440237977,83.0,T
1,43434.883554067324,46.649100000000004,-203.26396761957687,83.0,D
1,43444.45941259142,46.649100000000004,-126.65709942677184,83.0,T
1,43444.560061248994,54.649100000000004,-139.4605531048295,83.0,D
1,43450.95824114429,54.649100000000004,-190.64599226720867,83.0,T
1,43452.955125617,6.649100000000004,105.0156740682098,83.0,D
1,43456.59179172798,6.649100000000004,134.10900295605708,83.0,T
1,43456.64527824421,-1.3508999999999958,133.50223537049987,83.0,D
1,43460.24961274423,-1.3508999999999958,104.66755937029234,83.0,T
1,43460.30314372793,-9.350899999999996,105.35693579723636,83.0,D
1,43463.9949385406,-9.350899999999996,134.8912942986132,83.0,T
1,43464.05383900547,-17.350899999999996,138.64075521194738,83.0,D
1,43467.984636837675,-17.350899999999996,107.19437255430489,83.0,T
1,43468.041701841714,-25.350899999999996,110.23893006551731,83.0,D
1,43472.54588439327,-25.350899999999996,146.27239047798653,83.0,T
1,43472.73822289637,-49.350899999999996,130.2609181867908,83.0,D
1,43481.4239216462,-49.350899999999996,199.74650818540962,83.0,T
1,43481.5052851642,-41.350899999999996,208.96336754113884,83.0,D
1,43492.49595940477,-41.350899999999996,121.03797361661552,83.0,T
1,43492.56408096736,-33.350899999999996,114.68090558061627,83.0,D
1,43505.13748650404,-33.350899999999996,215.26814987409747,83.0,T
1,43505.1988376288,-25.350899999999996,219.8166783675281,83.0,D
1,43509.703689236085,-25.350899999999996,183.77786550926064,83.0,T
1,43509.77731006111,-17.350899999999996,191.39039348815282,83.0,D
1,43513.7006874309,-17.350899999999996,222.77741244648,83.0,T
1,43513.75539966135,-9.350899999999996,224.60829573613714,83.0,D
1,43517.43579843836,-9.350899999999996,195.16510552004596,83.0,T
1,43517.48986062672,-1.3508999999999958,196.49220941091323,83.0,D
1,43521.099309051024,-1.3508999999999958,225.36779680532834,83.0,T
1,43521.15271170685,6.649100000000004,224.9597746224818,83.0,D
1,43524.793915169816,6.649100000000004,195.8301469187447,83.0,T
1,43524.85049840317,14.649100000000004,192.99511576066732,83.0,D
1,43528.66663831176,14.649100000000004,223.52423502943364,83.0,T
1,43528.72262077805,22.649100000000004,220.97162421890943,83.0,D
1,43532.968367495894,22.649100000000004,187.00565047612525,83.0,T
1,43533.07961675492,30.649100000000004,172.3608921385505,83.0,D
1,43538.653523312576,30.649100000000004,216.9521445997869,83.0,T
1,43538.71855425884,38.649100000000004,211.3706538154169,83.0,D
1,43550.309576915584,38.649100000000004,118.64247256149521,83.0,T
1,43550.37486685346,30.649100000000004,112.99336115166234,83.0,D
1,43555.951364940105,30.649100000000004,157.60534584483827,83.0,T
1,43556.06227929047,22.649100000000004,143.0178565095873,83.0,D
1,43560.30694301973,22.649100000000004,109.06054667546536,83.0,T
1,43560.36310567581,14.649100000000004,106.42037838370639,83.0,D
1,43564.19324573492,14.649100000000004,137.0614988565625,83.0,T
1,43564.417469920656,46.649100000000004,126.70674520889064,83.0,D
1,43573.998715339934,46.649100000000004,203.3567085631219,83.0,T
1,43574.0989595797,54.649100000000004,190.62484219754512,83.0,D
1,43580.50484041419,54.649100000000004,139.37779552160805,83.0,T
1,43581.252906625006,-57.350899999999996,146.2384627344118,83.0,D
1,43585.95703701174,-57.350899999999996,183.8715058283151,83.0,T
1,43594.8096199528,-1000.0,0.0,1000.0,W
1,43744.41668242937,-1000.0,0.0,1000.0,T
1,43752.409286021946,-225.33123601652213,-1.3529000000000053,85.0,D
1,43756.01347723193,-196.49770633666455,-1.3529000000000053,85.0,T
1,43756.06696346265,-195.891505279054,6.647099999999995,85.0,D
1,43759.703983850646,-224.98766838302444,6.647099999999995,85.0,T
1,43759.758144592204,-223.57303651202875,14.647099999999995,85.0,D
1,43763.58734267607,-192.93945184104135,14.647099999999995,85.0,T
1,43763.653831608244,-186.9839915501403,22.647099999999995,85.0,D
1,43767.8971714188,-220.93071003460804,22.647099999999995,85.0,T
1,43767.9565285231,-217.0225798944394,30.647099999999995,85.0,D
1,43773.53385235336,-172.40398925239205,30.647099999999995,85.0,T
1,43773.632337285126,-157.6312494875467,30.647099999999995,85.0,D
1,43779.20646877917,-113.03819753515411,30.647099999999995,85.0,T
1,43779.266171529394,-109.01334801805012,22.647099999999995,85.0,D
1,43783.513505740884,-142.99202171000738,22.647099999999995,85.0,T
1,43783.58012553876,-137.0037462433928,14.647099999999995,85.0,D
1,43787.397288253305,-106.46644452707716,14.647099999999995,85.0,T
1,43787.45148250555,-105.02322521602844,6.647099999999995,85.0,D
1,43791.094752265104,-134.16938329239608,6.647099999999995,85.0,T
1,43791.14826763715,-133.5078407604375,-1.3529000000000053,85.0,D
1,43794.7579082312,-104.63071600806576,-1.3529000000000053,85.0,T
1,43794.81147588909,-105.38145854412684,-9.352900000000005,85.0,D
1,43798.49325067751,-134.83565685149674,-9.352900000000005,85.0,T
1,43798.552223849816,-138.61074475303934,-17.352900000000005,85.0,D
1,43802.478566431346,-107.20000410078796,-17.352900000000005,85.0,T
1,43802.535557648254,-110.21330347139612,-25.352900000000005,85.0,D
1,43807.037036871436,-146.22513725687875,-25.352900000000005,85.0,T
1,43807.229254921585,-130.24624420735674,-49.352900000000005,85.0,D
1,43815.918425059754,-199.7596053126813,-49.352900000000005,85.0,T
1,43815.99977978755,-208.97471866156374,-41.352900000000005,85.0,D
1,43826.99247954226,-121.03312062383866,-41.352900000000005,85.0,T
1,43827.06047755905,-114.70588335565427,-33.352900000000005,85.0,D
1,43839.63651237877,-215.3141619134445,-33.352900000000005,85.0,T
1,43839.697549556266,-219.76664249429558,-25.352900000000005,85.0,D
1,43844.202773079596,-183.72485430762364,-25.352900000000005,85.0,T
1,43844.27648762304,-191.35776090411565,-17.352900000000005,85.0,D
1,43848.20804844923,-222.8102475135888,-17.352900000000005,85.0,T
1,43848.26276420848,-224.64350198704756,-9.352900000000005,85.0,D
1,43851.954700322894,-195.1080130717191,-9.352900000000005,85.0,T
1,43852.28344298732,-183.8113703485455,-57.352900000000005,85.0,D
1,43856.98815524621,-146.17367227743645,-57.352900000000005,85.0,T
1,43857.65398937082,-118.62300379899374,38.647099999999995,85.0,D
1,43869.243555118876,-211.33952978342728,38.647099999999995,85.0,T
1,43869.31933391162,-203.2645949746566,46.647099999999995,85.0,D
1,43878.89553360008,-126.65499746694333,46.647099999999995,85.0,T
1,43878.996166903366,-139.45573529397134,54.647099999999995,85.0,D
1,43885.395627731814,-190.65142192158206,54.647099999999995,85.0,T
1,43886.4619476952,-52.14741134069486,134.6471,85.0,D
1,43891.901903898535,-8.627761713988734,134.6471,85.0,T
1,43892.007049472246,-22.22006882454314,142.6471,85.0,D
1,43896.24044727358,-56.08725123523795,142.6471,85.0,T
1,43896.29636107175,-58.60577035796132,150.6471,85.0,D
1,43900.1144850124,-28.060778832770115,150.6471,85.0,T
1,43900.17104619095,-30.885890457628502,158.6471,85.0,D
1,43903.81173719562,-60.01141849492122,158.6471,85.0,T
1,43903.86511986387,-60.35559658867646,166.6471,85.0,D
1,43907.46568539477,-31.55107234147591,166.6471,85.0,T
1,43907.51999372675,-30.0143922282758,174.6471,85.0,D
1,43911.21293094661,-59.55788998712355,174.6471,85.0,T
1,43911.267682952704,-57.70044581428649,182.6471,85.0,D
1,43915.215955980224,-26.11426159411067,182.6471,85.0,T
1,43915.290123068815,-18.383347471540596,190.6471,85.0,D
1,43919.82325403149,-54.64839517298428,190.6471,85.0,T
1,43919.88468859049,-50.07459878588339,198.6471,85.0,D
1,43932.4127015773,50.14950510851945,198.6471,85.0,T
1,43932.47384915009,54.63593768986783,190.6471,85.0,D
1,43936.99777270326,18.444549264474862,190.6471,85.0,T
1,43937.071785560634,26.14213451991478,182.6471,85.0,D
1,43941.02227101336,57.74601814173235,182.6471,85.0,T
1,43941.07699753238,59.5864847616432,174.6471,85.0,D
1,43944.766840930024,30.067737580473676,174.6471,85.0,T
1,43944.82102785054,31.504749407026196,166.6471,85.0,D
1,43948.42427603294,60.330734866273566,166.6471,85.0,T
1,43948.477643678154,60.04372443125534,158.6471,85.0,D
1,43952.124116651736,30.871940642583155,158.6471,85.0,T
1,43952.180569942844,28.09580722725019,150.6471,85.0,D
1,43955.99709248863,58.62798759349391,150.6471,85.0,T
1,43956.053106940235,56.059637395463305,142.6471,85.0,D
1,43960.279464520936,22.248776749863467,142.6471,85.0,T
1,43960.385500628254,8.501694832915911,134.6471,85.0,D
1,43965.84608737385,52.186388797697305,134.6471,85.0,T
1,43965.91114721577,46.59732642826447,126.6471,85.0,D
1,43977.56605524676,-46.64193781970301,126.6471,85.0,T
1,43977.64140443973,-38.657968266140536,118.6471,85.0,D
1,43987.30504042198,38.65111959188465,118.6471,85.0,T
1,43987.40320103403,26.289935201332774,110.6471,85.0,D
1,43993.968796802634,-26.234830947482752,110.6471,85.0,T
1,43994.619252466466,-43.658459693873716,206.6471,85.0,D
1,44005.53586008565,43.67440125962048,206.6471,85.0,T
1,44005.618026022334,34.29874523378593,214.6471,85.0,D
1,44014.190918210246,-34.28439226950252,214.6471,85.0,T
1,44014.31306525874,-17.801134619680866,222.6471,85.0,D
1,44018.76781991281,17.836902612936647,222.6471,85.0,T
1,44020.95525366912,9.148124794412508,-105.3529,85.0,D
1,44023.24543200379,-9.173301882924248,-105.3529,85.0,T
1,44023.40189713971,-31.23752908627175,-113.3529,85.0,D
1,44031.20407785442,31.179916631379093,-113.3529,85.0,T
1,44031.29201025356,41.6666894145573,-121.3529,85.0,D
1,44041.71207900656,-41.69386060945525,-121.3529,85.0,T
1,44041.78304687992,-48.716671914009744,-129.3529,85.0,D
1,44053.95505542757,48.65939646714881,-129.3529,85.0,T
1,44054.018005526406,53.675479225257625,-137.3529,85.0,D
1,44058.82462984694,15.222484660995358,-137.3529,85.0,T
1,44058.90716731963,24.671282148904414,-145.3529,85.0,D
1,44062.952387832695,57.03304625341397,-145.3529,85.0,T
1,44063.00768341212,59.22302909420893,-153.3529,85.0,D
1,44066.748494303465,29.29654196345627,-153.3529,85.0,T
1,44066.803495080305,31.312583305013703,-161.3529,85.0,D
1,44070.41992081085,60.24398914933576,-161.3529,85.0,T
1,44070.47325651847,60.16850128006632,-169.3529,85.0,D
1,44074.082576413064,31.293942123276818,-169.3529,85.0,T
1,44074.1380196122,29.021534273734797,-177.3529,85.0,D
1,44077.89449884291,59.073368119360964,-177.3529,85.0,T
1,44077.94990708291,56.820227232170424,-185.3529,85.0,D
1,44082.041780267435,24.08524175597194,-185.3529,85.0,T
1,44082.128804719745,13.770289296090736,-193.3529,85.0,D
1,44087.064271554686,53.2540239756129,-193.3529,85.0,T
1,44087.127418991455,48.18243917948473,-201.3529,85.0,D
1,44099.1730954305,-48.18297233286337,-201.3529,85.0,T
1,44099.23639880495,-53.298110391628335,-193.3529,85.0,D
1,44104.174889783615,-13.790182562287411,-193.3529,85.0,T
1,44104.26220612485,-24.160487646341487,-185.3529,85.0,D
1,44108.345391999705,-56.82597464522155,-185.3529,85.0,T
1,44108.400823374315,-59.09188264404483,-177.3529,85.0,D
1,44112.1517287076,-29.08463997780038,-177.3529,85.0,T
1,44112.20695366608,-31.23415408185925,-169.3529,85.0,D
1,44115.82866701219,-60.207860850743366,-169.3529,85.0,T
1,44115.88200114536,-60.25167434357535,-161.3529,85.0,D
1,44119.499541486446,-31.311351614903725,-161.3529,85.0,T
1,44119.55444802171,-29.35396270933706,-153.3529,85.0,D
1,44123.28878168952,-59.228632051877916,-153.3529,85.0,T
1,44123.34400525271,-57.07992466368467,-145.3529,85.0,D
1,44127.38537497906,-24.74896685290552,-145.3529,85.0,T
1,44127.46872150794,-15.141704640867387,-137.3529,85.0,D
1,44132.28214680565,-53.64910702259913,-137.3529,85.0,T
1,44132.76957390341,-40.93429472650517,-209.3529,85.0,D
1,44143.00806301785,40.973618188987906,-209.3529,85.0,T
1,44143.09837782923,30.04076787610304,-217.3529,85.0,D
1,44150.60733414859,-30.030882678803227,-217.3529,85.0,T
1,44150.81131151852,-0.4986584568002892,-225.3529,85.0,D
1,44151.14749427583,2.1908036016558636,-225.3529,85.0,T
1,44160.31845166281,-1000.0,0.0,1000.0,W
1,44310.21568114462,-1000.0,0.0,1000.0,T
1,44318.19802461164,-225.3509,-0.6591240770429221,87.0,D
1,44318.560820877734,-225.3509,2.2432460516742236,87.0,T
1,44318.753663195515,-217.3509,30.041332125079148,87.0,D
1,44326.263708834325,-217.3509,-30.03903298539859,87.0,T
1,44326.3538536882,-209.3509,-40.940277422695225,87.0,D
1,44336.593567262964,-209.3509,40.977431175456836,87.0,T
1,44336.665343756555,-201.3509,48.182773861733295,87.0,D
1,44348.71165526226,-201.3509,-48.18771818389099,87.0,T
1,44348.77493474674,-193.3509,-53.29620093407718,87.0,D
1,44353.712701897115,-193.3509,-13.794063731075266,87.0,T
1,44353.80000564264,-185.3509,-24.16198249969535,87.0,D
1,44357.883450735346,-185.3509,-56.829543241375056,87.0,T
1,44357.93888148333,-177.3509,-59.095106306518446,87.0,D
1,44361.69009448176,-177.3509,-29.085402319074152,87.0,T
1,44361.745318704954,-169.3509,-31.23449133757379,87.0,D
1,44365.36667587624,-169.3509,-60.20534870786578,87.0,T
1,44365.4200102084,-161.3509,-60.25430988745127,87.0,D
1,44369.03791204042,-161.3509,-31.311095231289766,87.0,T
1,44369.09281966533,-153.3509,-29.353018709151563,87.0,D
1,44372.82757294419,-153.3509,-59.23104493998292,87.0,T
1,44372.88280650607,-145.3509,-57.07656285081662,87.0,D
1,44376.923970529744,-145.3509,-24.747250661487374,87.0,T
1,44377.00732629439,-137.3509,-15.138185734984686,87.0,D
1,44381.82143210679,-137.3509,-53.6510322341499,87.0,T
1,44381.88410999613,-129.3509,-48.71224182015308,87.0,D
1,44394.0554049344,-129.3509,48.65811768601315,87.0,T
1,44394.118355611485,-137.3509,53.67436371911456,87.0,D
1,44398.92524318955,-137.3509,15.219263094539514,87.0,T
1,44399.00778839049,-145.3509,24.66957946293314,87.0,D
1,44403.053171976855,-145.3509,57.03264815382182,87.0,T
1,44403.108468229584,-153.3509,59.22301347498821,87.0,D
1,44406.84938386057,-153.3509,29.295688427125647,87.0,T
1,44406.90438575956,-161.3509,31.312418472389574,87.0,D
1,44410.5207703757,-161.3509,60.243495401507964,87.0,T
1,44410.574106009786,-169.3509,60.16918564667918,87.0,D
1,44414.183467911425,-169.3509,31.294290433599276,87.0,T
1,44414.23891031407,-177.3509,29.022319870241297,87.0,D
1,44417.9954181831,-177.3509,59.074382822460656,87.0,T
1,44418.050828169085,-185.3509,56.82027605624529,87.0,D
1,44422.14251174077,-185.3509,24.086807482791826,87.0,T
1,44422.2295219782,-193.3509,13.774553514761081,87.0,D
1,44427.16470965647,-193.3509,53.256054940904754,87.0,T
1,44427.650890416546,-121.3509,41.66450810672105,87.0,D
1,44438.07000691427,-121.3509,-41.68842387509452,87.0,T
1,44438.15778742702,-113.3509,-31.230321062726585,87.0,D
1,44445.95853518522,-113.3509,31.175661002873532,87.0,T
1,44446.11491264826,-105.3509,9.125422992341859,87.0,D
1,44448.39941860234,-105.3509,-9.150624640268088,87.0,T
1,44449.251216073266,-33.350899999999996,-114.70192002829447,87.0,D
1,44461.827561864644,-33.350899999999996,-215.31268635934603,87.0,T
1,44461.88861524605,-25.350899999999996,-219.7701627820038,87.0,D
1,44466.39392225353,-25.350899999999996,-183.7277067221486,87.0,T
1,44466.46763049918,-17.350899999999996,-191.35924478805262,87.0,D
1,44470.398789706895,-17.350899999999996,-222.80851844975078,87.0,T
1,44470.453511667205,-9.350899999999996,-224.6459327077649,87.0,D
1,44474.145665043005,-9.350899999999996,-195.1087057013868,87.0,T
1,44474.19979635853,-1.3508999999999958,-196.49776462950013,87.0,D
1,44477.80424846177,-1.3508999999999958,-225.33338145545397,87.0,T
1,44477.85763217144,6.649100000000004,-224.98558796732112,87.0,D
1,44481.49445603686,6.649100000000004,-195.89099704394292,87.0,T
1,44481.5513056365,14.649100000000004,-192.9385011434375,87.0,D
1,44485.38078990984,14.649100000000004,-223.574375330118,87.0,T
1,44485.43695773162,22.649100000000004,-220.93173563019914,87.0,D
1,44489.68065674909,22.649100000000004,-186.9821434904127,87.0,T
1,44489.791571448615,30.649100000000004,-172.39459442246994,87.0,D
1,44495.369722425894,30.649100000000004,-217.01980224075,87.0,T
1,44495.43514062415,38.649100000000004,-211.3374026682396,87.0,D
1,44507.02425070105,38.649100000000004,-118.62452205303406,87.0,T
1,44507.089298226296,30.649100000000004,-113.03868620115534,87.0,D
1,44512.66436065933,30.649100000000004,-157.6391856654481,87.0,T
1,44512.77561037356,22.649100000000004,-142.99434952387975,87.0,D
1,44517.023231909654,22.649100000000004,-109.01337723508067,87.0,T
1,44517.07919997185,14.649100000000004,-106.467883237888,87.0,D
1,44520.896325097034,14.649100000000004,-137.00488423933268,87.0,T
1,44520.95290824729,6.649100000000004,-134.1698903975473,87.0,D
1,44524.596374440145,6.649100000000004,-105.02216085469938,87.0,T
1,44524.64977114043,-1.3508999999999958,-104.63206979145295,87.0,D
1,44528.25923624014,-1.3508999999999958,-133.50779058908677,87.0,T
1,44528.31329842498,-9.350899999999996,-134.83489125561744,87.0,D
1,44531.994816234874,-9.350899999999996,-105.38274877652947,87.0,T
1,44532.04950450998,-17.350899999999996,-107.1974573684038,87.0,D
1,44535.976023152914,-17.350899999999996,-138.60960651184718,87.0,T
1,44536.049644278704,-25.350899999999996,-146.2221999371322,87.0,D
1,44540.550603638636,-25.350899999999996,-110.21452505770405,87.0,T
1,44540.679370181235,-41.350899999999996,-121.03434511598437,87.0,D
1,44551.672564005625,-41.350899999999996,-208.97989571111466,87.0,T
1,44551.75390856729,-49.350899999999996,-199.76680184851818,87.0,D
1,44560.44380924148,-49.350899999999996,-130.24759645500407,87.0,T
1,44560.56263765877,-57.350899999999996,-146.17569543190174,87.0,D
1,44565.26888378008,-57.350899999999996,-183.82566440237977,87.0,T
1,44565.97422365504,46.649100000000004,-203.26396761957687,87.0,D
1,44575.550082179136,46.649100000000004,-126.65709942677184,87.0,T
1,44575.65073083671,54.649100000000004,-139.4605531048295,87.0,D
1,44582.048910732,54.649100000000004,-190.64599226720867,87.0,T
1,44584.045795204715,6.649100000000004,105.0156740682098,87.0,D
1,44587.68246131569,6.649100000000004,134.10900295605708,87.0,T
1,44587.73594783192,-1.3508999999999958,133.50223537049987,87.0,D
1,44591.34028233194,-1.3508999999999958,104.66755937029234,87.0,T
1,44591.39381331564,-9.350899999999996,105.35693579723636,87.0,D
1,44595.08560812831,-9.350899999999996,134.8912942986132,87.0,T
1,44595.144508593185,-17.350899999999996,138.64075521194738,87.0,D
1,44599.07530642539,-17.350899999999996,107.19437255430489,87.0,T
1,44599.13237142943,-25.350899999999996,110.23893006551731,87.0,D
1,44603.636553980985,-25.350899999999996,146.27239047798653,87.0,T
1,44603.82889248408,-49.350899999999996,130.2609181867908,87.0,D
1,44612.514591233914,-49.350899999999996,199.74650818540962,87.0,T
1,44612.595954751916,-41.350899999999996,208.96336754113884,87.0,D
1,44623.58662899248,-41.350899999999996,121.03797361661552,87.0,T
1,44623.65475055507,-33.350899999999996,114.68090558061627,87.0,D
1,44636.228156091754,-33.350899999999996,215.26814987409747,87.0,T
1,44636.28950721651,-25.350899999999996,219.8166783675281,87.0,D
1,44640.7943588238,-25.350899999999996,183.77786550926064,87.0,T
1,44640.86797964882,-17.350899999999996,191.39039348815282,87.0,D
1,44644.791357018614,-17.350899999999996,222.77741244648,87.0,T
1,44644.84606924906,-9.350899999999996,224.60829573613714,87.0,D
1,44648.52646802607,-9.350899999999996,195.16510552004596,87.0,T
1,44648.580530214436,-1.3508999999999958,196.49220941091323,87.0,D
1,44652.18997863874,-1.3508999999999958,225.36779680532834,87.0,T
1,44652.24338129456,6.649100000000004,224.9597746224818,87.0,D
1,44655.88458475753,6.649100000000004,195.8301469187447,87.0,T
1,44655.94116799088,14.649100000000004,192.99511576066732,87.0,D
1,44659.757307899476,14.649100000000004,223.52423502943364,87.0,T
1,44659.81329036576,22.649100000000004,220.97162421890943,87.0,D
1,44664.05903708361,22.649100000000004,187.00565047612525,87.0,T
1,44664.17028634263,30.649100000000004,172.3608921385505,87.0,D
1,44669.74419290029,30.649100000000004,216.9521445997869,87.0,T
1,44669.809223846554,38.649100000000004,211.3706538154169,87.0,D
1,44681.4002465033,38.649100000000004,118.64247256149521,87.0,T
1,44681.465536441174,30.649100000000004,112.99336115166234,87.0,D
1,44687.04203452782,30.649100000000004,157.60534584483827,87.0,T
1,44687.15294887818,22.649100000000004,143.0178565095873,87.0,D
1,44691.39761260744,22.649100000000004,109.06054667546536,87.0,T
1,44691.45377526352,14.649100000000004,106.42037838370639,87.0,D
1,44695.28391532263,14.649100000000004,137.0614988565625,87.0,T
1,44695.50813950837,46.649100000000004,126.70674520889064,87.0,D
1,44705.08938492765,46.649100000000004,203.3567085631219,87.0,T
1,44705.18962916741,54.649100000000004,190.62484219754512,87.0,D
1,44711.595510001905,54.649100000000004,139.37779552160805,87.0,T
1,44712.34357621272,-57.350899999999996,146.2384627344118,87.0,D
1,44717.04770659946,-57.350899999999996,183.8715058283151,87.0,T
1,44725.881895379134,-1000.0,0.0,1000.0,W
1,44875.450867788895,-1000.0,0.0,1000.0,T
1,44883.42313785242,-225.33123601652213,-1.3529000000000053,89.0,D
1,44887.0273290624,-196.49770633666455,-1.3529000000000053,89.0,T
1,44887.08081529312,-195.891505279054,6.647099999999995,89.0,D
1,44890.71783568112,-224.98766838302444,6.647099999999995,89.0,T
1,44890.77199642268,-223.57303651202875,14.647099999999995,89.0,D
1,44894.60119450655,-192.93945184104135,14.647099999999995,89.0,T
1,44894.66768343872,-186.9839915501403,22.647099999999995,89.0,D
1,44898.911023249275,-220.93071003460804,22.647099999999995,89.0,T
1,44898.970380353574,-217.0225798944394,30.647099999999995,89.0,D
1,44904.54770418383,-172.40398925239205,30.647099999999995,89.0,T
1,44904.6461891156,-157.6312494875467,30.647099999999995,89.0,D
1,44910.220320609646,-113.03819753515411,30.647099999999995,89.0,T
1,44910.28002335987,-109.01334801805012,22.647099999999995,89.0,D
1,44914.52735757136,-142.99202171000738,22.647099999999995,89.0,T
1,44914.59397736924,-137.0037462433928,14.647099999999995,89.0,D
1,44918.41114008378,-106.46644452707716,14.647099999999995,89.0,T
1,44918.465334336026,-105.02322521602844,6.647099999999995,89.0,D
1,44922.10860409558,-134.16938329239608,6.647099999999995,89.0,T
1,44922.162119467626,-133.5078407604375,-1.3529000000000053,89.0,D
1,44925.771760061674,-104.63071600806576,-1.3529000000000053,89.0,T
1,44925.82532771956,-105.38145854412684,-9.352900000000005,89.0,D
1,44929.50710250798,-134.83565685149674,-9.352900000000005,89.0,T
1,44929.56607568029,-138.61074475303934,-17.352900000000005,89.0,D
1,44933.49241826182,-107.20000410078796,-17.352900000000005,89.0,T
1,44933.54940947873,-110.21330347139612,-25.352900000000005,89.0,D
1,44938.05088870191,-146.22513725687875,-25.352900000000005,89.0,T
1,44938.24310675206,-130.24624420735674,-49.352900000000005,89.0,D
1,44946.93227689023,-199.7596053126813,-49.352900000000005,89.0,T
1,44947.01363161802,-208.97471866156374,-41.352900000000005,89.0,D
1,44958.00633137274,-121.03312062383866,-41.352900000000005,89.0,T
1,44958.07432938952,-114.70588335565427,-33.352900000000005,89.0,D
1,44970.65036420924,-215.3141619134445,-33.352900000000005,89.0,T
1,44970.71140138674,-219.76664249429558,-25.352900000000005,89.0,D
1,44975.21662491007,-183.72485430762364,-25.352900000000005,89.0,T
1,44975.29033945352,-191.35776090411565,-17.352900000000005,89.0,D
1,44979.22190027971,-222.8102475135888,-17.352900000000005,89.0,T
1,44979.27661603895,-224.64350198704756,-9.352900000000005,89.0,D
1,44982.96855215337,-195.1080130717191,-9.352900000000005,89.0,T
1,44983.29729481779,-183.8113703485455,-57.352900000000005,89.0,D
1,44988.002007076684,-146.17367227743645,-57.352900000000005,89.0,T
1,44988.66784120129,-118.62300379899374,38.647099999999995,89.0,D
1,45000.25740694935,-211.33952978342728,38.647099999999995,89.0,T
1,45000.33318574209,-203.2645949746566,46.647099999999995,89.0,D
1,45009.909385430554,-126.65499746694333,46.647099999999995,89.0,T
1,45010.01001873384,-139.45573529397134,54.647099999999995,89.0,D
1,45016.40947956229,-190.65142192158206,54.647099999999995,89.0,T
1,45017.47579952567,-52.14741134069486,134.6471,89.0,D
1,45022.91575572901,-8.627761713988734,134.6471,89.0,T
1,45023.02090130272,-22.22006882454314,142.6471,89.0,D
1,45027.254299104054,-56.08725123523795,142.6471,89.0,T
1,45027.31021290222,-58.60577035796132,150.6471,89.0,D
1,45031.12833684287,-28.060778832770115,150.6471,89.0,T
1,45031.18489802143,-30.885890457628502,158.6471,89.0,D
1,45034.82558902609,-60.01141849492122,158.6471,89.0,T
1,45034.87897169434,-60.35559658867646,166.6471,89.0,D
1,45038.47953722524,-31.55107234147591,166.6471,89.0,T
1,45038.53384555723,-30.0143922282758,174.6471,89.0,D
1,45042.226782777085,-59.55788998712355,174.6471,89.0,T
1,45042.28153478318,-57.70044581428649,182.6471,89.0,D
1,45046.2298078107,-26.11426159411067,182.6471,89.0,T
1,45046.30397489929,-18.383347471540596,190.6471,89.0,D
1,45050.83710586197,-54.64839517298428,190.6471,89.0,T
1,45050.89854042097,-50.07459878588339,198.6471,89.0,D
1,45063.42655340777,50.14950510851945,198.6471,89.0,T
1,45063.487700980564,54.63593768986783,190.6471,89.0,D
1,45068.011624533734,18.444549264474862,190.6471,89.0,T
1,45068.08563739111,26.14213451991478,182.6471,89.0,D
1,45072.036122843834,57.74601814173235,182.6471,89.0,T
1,45072.09084936285,59.5864847616432,174.6471,89.0,D
1,45075.7806927605,30.067737580473676,174.6471,89.0,T
1,45075.83487968102,31.504749407026196,166.6471,89.0,D
1,45079.43812786342,60.330734866273566,166.6471,89.0,T
1,45079.49149550863,60.04372443125534,158.6471,89.0,D
1,45083.13796848221,30.871940642583155,158.6471,89.0,T
1,45083.19442177332,28.09580722725019,150.6471,89.0,D
1,45087.0109443191,58.62798759349391,150.6471,89.0,T
1,45087.06695877071,56.059637395463305,142.6471,89.0,D
1,45091.29331635141,22.248776749863467,142.6471,89.0,T
1,45091.39935245873,8.501694832915911,134.6471,89.0,D
1,45096.859939204325,52.186388797697305,134.6471,89.0,T
1,45096.92499904624,46.59732642826447,126.6471,89.0,D
1,45108.579907077234,-46.64193781970301,126.6471,89.0,T
1,45108.655256270205,-38.657968266140536,118.6471,89.0,D
1,45118.31889225246,38.65111959188465,118.6471,89.0,T
1,45118.417052864505,26.289935201332774,110.6471,89.0,D
1,45124.98264863311,-26.234830947482752,110.6471,89.0,T
1,45125.63310429694,-43.658459693873716,206.6471,89.0,D
1,45136.54971191612,43.67440125962048,206.6471,89.0,T
1,45136.63187785281,34.29874523378593,214.6471,89.0,D
1,45145.20477004072,-34.28439226950252,214.6471,89.0,T
1,45145.326917089216,-17.801134619680866,222.6471,89.0,D
1,45149.78167174329,17.836902612936647,222.6471,89.0,T
1,45151.96910549959,9.148124794412508,-105.3529,89.0,D
1,45154.25928383426,-9.173301882924248,-105.3529,89.0,T
1,45154.41574897018,-31.23752908627175,-113.3529,89.0,D
1,45162.21792968489,31.179916631379093,-113.3529,89.0,T
1,45162.30586208403,41.6666894145573,-121.3529,89.0,D
1,45172.725930837034,-41.69386060945525,-121.3529,89.0,T
1,45172.796898710396,-48.716671914009744,-129.3529,89.0,D
1,45184.968907258044,48.65939646714881,-129.3529,89.0,T
1,45185.03185735688,53.675479225257625,-137.3529,89.0,D
1,45189.83848167741,15.222484660995358,-137.3529,89.0,T
1,45189.921019150104,24.671282148904414,-145.3529,89.0,D
1,45193.96623966317,57.03304625341397,-145.3529,89.0,T
1,45194.021535242595,59.22302909420893,-153.3529,89.0,D
1,45197.76234613394,29.29654196345627,-153.3529,89.0,T
1,45197.81734691078,31.312583305013703,-161.3529,89.0,D
1,45201.43377264132,60.24398914933576,-161.3529,89.0,T
1,45201.48710834894,60.16850128006632,-169.3529,89.0,D
1,45205.09642824354,31.293942123276818,-169.3529,89.0,T
1,45205.15187144267,29.021534273734797,-177.3529,89.0,D
1,45208.90835067338,59.073368119360964,-177.3529,89.0,T
1,45208.963758913385,56.820227232170424,-185.3529,89.0,D
1,45213.05563209791,24.08524175597194,-185.3529,89.0,T
1,45213.14265655022,13.770289296090736,-193.3529,89.0,D
1,45218.07812338516,53.2540239756129,-193.3529,89.0,T
1,45218.14127082193,48.18243917948473,-201.3529,89.0,D
1,45230.186947260976,-48.18297233286337,-201.3529,89.0,T
1,45230.25025063542,-53.298110391628335,-193.3529,89.0,D
1,45235.18874161409,-13.790182562287411,-193.3529,89.0,T
1,45235.27605795532,-24.160487646341487,-185.3529,89.0,D
1,45239.35924383018,-56.82597464522155,-185.3529,89.0,T
1,45239.41467520479,-59.09188264404483,-177.3529,89.0,D
1,45243.16558053807,-29.08463997780038,-177.3529,89.0,T
1,45243.22080549655,-31.23415408185925,-169.3529,89.0,D
1,45246.84251884266,-60.207860850743366,-169.3529,89.0,T
1,45246.89585297583,-60.25167434357535,-161.3529,89.0,D
1,45250.51339331692,-31.311351614903725,-161.3529,89.0,T
1,45250.56829985218,-29.35396270933706,-153.3529,89.0,D
1,45254.30263352,-59.228632051877916,-153.3529,89.0,T
1,45254.35785708318,-57.07992466368467,-145.3529,89.0,D
1,45258.39922680953,-24.74896685290552,-145.3529,89.0,T
1,45258.48257333841,-15.141704640867387,-137.3529,89.0,D
1,45263.295998636124,-53.64910702259913,-137.3529,89.0,T
1,45263.78342573388,-40.93429472650517,-209.3529,89.0,D
1,45274.02191484832,40.973618188987906,-209.3529,89.0,T
1,45274.1122296597,30.04076787610304,-217.3529,89.0,D
1,45281.621185979064,-30.030882678803227,-217.3529,89.0,T
1,45281.82516334899,-0.4986584568002892,-225.3529,89.0,D
1,45282.1613461063,2.1908036016558636,-225.3529,89.0,T
1,45291.31458800039,-1000.0,0.0,1000.0,W
1,45441.17427765658,-1000.0,0.0,1000.0,T
1,45449.136306048546,-225.3509,-0.6591240770429221,91.0,D
1,45449.499102314636,-225.3509,2.2432460516742236,91.0,T
1,45449.69194463242,-217.3509,30.041332125079148,91.0,D
1,45457.20199027123,-217.3509,-30.03903298539859,91.0,T
1,45457.2921351251,-209.3509,-40.940277422695225,91.0,D
1,45467.531848699866,-209.3509,40.977431175456836,91.0,T
1,45467.60362519346,-201.3509,48.182773861733295,91.0,D
1,45479.64993669916,-201.3509,-48.18771818389099,91.0,T
1,45479.71321618364,-193.3509,-53.29620093407718,91.0,D
1,45484.65098333402,-193.3509,-13.794063731075266,91.0,T
1,45484.73828707954,-185.3509,-24.16198249969535,91.0,D
1,45488.82173217225,-185.3509,-56.829543241375056,91.0,T
1,45488.87716292023,-177.3509,-59.095106306518446,91.0,D
1,45492.62837591866,-177.3509,-29.085402319074152,91.0,T
1,45492.683600141856,-169.3509,-31.23449133757379,91.0,D
1,45496.30495731314,-169.3509,-60.20534870786578,91.0,T
1,45496.3582916453,-161.3509,-60.25430988745127,91.0,D
1,45499.97619347732,-161.3509,-31.311095231289766,91.0,T
1,45500.031101102235,-153.3509,-29.353018709151563,91.0,D
1,45503.76585438109,-153.3509,-59.23104493998292,91.0,T
1,45503.821087942975,-145.3509,-57.07656285081662,91.0,D
1,45507.862251966646,-145.3509,-24.747250661487374,91.0,T
1,45507.94560773129,-137.3509,-15.138185734984686,91.0,D
1,45512.759713543695,-137.3509,-53.6510322341499,91.0,T
1,45512.82239143303,-129.3509,-48.71224182015308,91.0,D
1,45524.9936863713,-129.3509,48.65811768601315,91.0,T
1,45525.05663704839,-137.3509,53.67436371911456,91.0,D
1,45529.86352462645,-137.3509,15.219263094539514,91.0,T
1,45529.94606982739,-145.3509,24.66957946293314,91.0,D
1,45533.99145341376,-145.3509,57.03264815382182,91.0,T
1,45534.046749666486,-153.3509,59.22301347498821,91.0,D
1,45537.787665297474,-153.3509,29.295688427125647,91.0,T
1,45537.84266719646,-161.3509,31.312418472389574,91.0,D
1,45541.4590518126,-161.3509,60.243495401507964,91.0,T
1,45541.51238744669,-169.3509,60.16918564667918,91.0,D
1,45545.12174934833,-169.3509,31.294290433599276,91.0,T
1,45545.17719175097,-177.3509,29.022319870241297,91.0,D
1,45548.93369962,-177.3509,59.074382822460656,91.0,T
1,45548.98910960599,-185.3509,56.82027605624529,91.0,D
1,45553.08079317767,-185.3509,24.086807482791826,91.0,T
1,45553.167803415105,-193.3509,13.774553514761081,91.0,D
1,45558.10299109337,-193.3509,53.256054940904754,91.0,T
1,45558.58917185345,-121.3509,41.66450810672105,91.0,D
1,45569.00828835117,-121.3509,-41.68842387509452,91.0,T
1,45569.096068863924,-113.3509,-31.230321062726585,91.0,D
1,45576.896816622124,-113.3509,31.175661002873532,91.0,T
1,45577.053194085165,-105.3509,9.125422992341859,91.0,D
1,45579.33770003924,-105.3509,-9.150624640268088,91.0,T
1,45580.18949751017,-33.350899999999996,-114.70192002829447,91.0,D
1,45592.765843301546,-33.350899999999996,-215.31268635934603,91.0,T
1,45592.82689668295,-25.350899999999996,-219.7701627820038,91.0,D
1,45597.33220369043,-25.350899999999996,-183.7277067221486,91.0,T
1,45597.40591193608,-17.350899999999996,-191.35924478805262,91.0,D
1,45601.3370711438,-17.350899999999996,-222.80851844975078,91.0,T
1,45601.39179310411,-9.350899999999996,-224.6459327077649,91.0,D
1,45605.08394647991,-9.350899999999996,-195.1087057013868,91.0,T
1,45605.13807779543,-1.3508999999999958,-196.49776462950013,91.0,D
1,45608.74252989867,-1.3508999999999958,-225.33338145545397,91.0,T
1,45608.795913608345,6.649100000000004,-224.98558796732112,91.0,D
1,45612.43273747376,6.649100000000004,-195.89099704394292,91.0,T
1,45612.4895870734,14.649100000000004,-192.9385011434375,91.0,D
1,45616.31907134674,14.649100000000004,-223.574375330118,91.0,T
1,45616.37523916852,22.649100000000004,-220.93173563019914,91.0,D
1,45620.618938185995,22.649100000000004,-186.9821434904127,91.0,T
1,45620.72985288552,30.649100000000004,-172.39459442246994,91.0,D
1,45626.308003862796,30.649100000000004,-217.01980224075,91.0,T
1,45626.37342206105,38.649100000000004,-211.3374026682396,91.0,D
1,45637.96253213795,38.649100000000004,-118.62452205303406,91.0,T
1,45638.0275796632,30.649100000000004,-113.03868620115534,91.0,D
1,45643.60264209623,30.649100000000004,-157.6391856654481,91.0,T
1,45643.71389181046,22.649100000000004,-142.99434952387975,91.0,D
1,45647.961513346556,22.649100000000004,-109.01337723508067,91.0,T
1,45648.01748140875,14.649100000000004,-106.467883237888,91.0,D
1,45651.834606533936,14.649100000000004,-137.00488423933268,91.0,T
1,45651.89118968419,6.649100000000004,-134.1698903975473,91.0,D
1,45655.53465587705,6.649100000000004,-105.02216085469938,91.0,T
1,45655.58805257733,-1.3508999999999958,-104.63206979145295,91.0,D
1,45659.19751767704,-1.3508999999999958,-133.50779058908677,91.0,T
1,45659.251579861884,-9.350899999999996,-134.83489125561744,91.0,D
1,45662.933097671776,-9.350899999999996,-105.38274877652947,91.0,T
1,45662.98778594688,-17.350899999999996,-107.1974573684038,91.0,D
1,45666.914304589816,-17.350899999999996,-138.60960651184718,91.0,T
1,45666.987925715606,-25.350899999999996,-146.2221999371322,91.0,D
1,45671.48888507554,-25.350899999999996,-110.21452505770405,91.0,T
1,45671.61765161814,-41.350899999999996,-121.03434511598437,91.0,D
1,45682.61084544253,-41.350899999999996,-208.97989571111466,91.0,T
1,45682.69219000419,-49.350899999999996,-199.76680184851818,91.0,D
1,45691.38209067838,-49.350899999999996,-130.24759645500407,91.0,T
1,45691.50091909567,-57.350899999999996,-146.17569543190174,91.0,D
1,45696.20716521698,-57.350899999999996,-183.82566440237977,91.0,T
1,45696.91250509194,46.649100000000004,-203.26396761957687,91.0,D
1,45706.48836361604,46.649100000000004,-126.65709942677184,91.0,T
1,45706.58901227361,54.649100000000004,-139.4605531048295,91.0,D
1,45712.987192168905,54.649100000000004,-190.64599226720867,91.0,T
1,45714.98407664162,6.649100000000004,105.0156740682098,91.0,D
1,45718.620742752595,6.649100000000004,134.10900295605708,91.0,T
1,45718.67422926882,-1.3508999999999958,133.50223537049987,91.0,D
1,45722.27856376884,-1.3508999999999958,104.66755937029234,91.0,T
1,45722.33209475254,-9.350899999999996,105.35693579723636,91.0,D
1,45726.023889565215,-9.350899999999996,134.8912942986132,91.0,T
1,45726.08279003009,-17.350899999999996,138.64075521194738,91.0,D
1,45730.01358786229,-17.350899999999996,107.19437255430489,91.0,T
1,45730.07065286633,-25.350899999999996,110.23893006551731,91.0,D
1,45734.57483541789,-25.350899999999996,146.27239047798653,91.0,T
1,45734.76717392098,-49.350899999999996,130.2609181867908,91.0,D
1,45743.452872670816,-49.350899999999996,199.74650818540962,91.0,T
1,45743.53423618882,-41.350899999999996,208.96336754113884,91.0,D
1,45754.52491042938,-41.350899999999996,121.03797361661552,91.0,T
1,45754.59303199197,-33.350899999999996,114.68090558061627,91.0,D
1,45767.16643752866,-33.350899999999996,215.26814987409747,91.0,T
1,45767.227788653414,-25.350899999999996,219.8166783675281,91.0,D
1,45771.7326402607,-25.350899999999996,183.77786550926064,91.0,T
1,45771.80626108572,-17.350899999999996,191.39039348815282,91.0,D
1,45775.729638455516,-17.350899999999996,222.77741244648,91.0,T
1,45775.784350685964,-9.350899999999996,224.60829573613714,91.0,D
1,45779.464749462975,-9.350899999999996,195.16510552004596,91.0,T
1,45779.51881165134,-1.3508999999999958,196.49220941091323,91.0,D
1,45783.12826007564,-1.3508999999999958,225.36779680532834,91.0,T
1,45783.18166273146,6.649100000000004,224.9597746224818,91.0,D
1,45786.82286619443,6.649100000000004,195.8301469187447,91.0,T
1,45786.87944942778,14.649100000000004,192.99511576066732,91.0,D
1,45790.69558933638,14.649100000000004,223.52423502943364,91.0,T
1,45790.75157180266,22.649100000000004,220.97162421890943,91.0,D
1,45794.99731852051,22.649100000000004,187.00565047612525,91.0,T
1,45795.108567779534,30.649100000000004,172.3608921385505,91.0,D
1,45800.68247433719,30.649100000000004,216.9521445997869,91.0,T
1,45800.747505283456,38.649100000000004,211.3706538154169,91.0,D
1,45812.3385279402,38.649100000000004,118.64247256149521,91.0,T
1,45812.403817878076,30.649100000000004,112.99336115166234,91.0,D
1,45817.98031596472,30.649100000000004,157.60534584483827,91.0,T
1,45818.09123031508,22.649100000000004,143.0178565095873,91.0,D
1,45822.33589404434,22.649100000000004,109.06054667546536,91.0,T
1,45822.392056700424,14.649100000000004,106.42037838370639,91.0,D
1,45826.22219675953,14.649100000000004,137.0614988565625,91.0,T
1,45826.44642094527,46.649100000000004,126.70674520889064,91.0,D
1,45836.02766636455,46.649100000000004,203.3567085631219,91.0,T
1,45836.127910604315,54.649100000000004,190.62484219754512,91.0,D
1,45842.53379143881,54.649100000000004,139.37779552160805,91.0,T
1,45843.28185764962,-57.350899999999996,146.2384627344118,91.0,D
1,45847.98598803636,-57.350899999999996,183.8715058283151,91.0,T
1,45856.801824938426,-1000.0,0.0,1000.0,W
1,46006.332789073305,-1000.0,0.0,1000.0,T
1,46014.28476303993,-225.33123601652213,-1.3529000000000053,93.0,D
1,46017.88895424991,-196.49770633666455,-1.3529000000000053,93.0,T
1,46017.94244048063,-195.891505279054,6.647099999999995,93.0,D
1,46021.57946086863,-224.98766838302444,6.647099999999995,93.0,T
1,46021.633621610184,-223.57303651202875,14.647099999999995,93.0,D
1,46025.462819694054,-192.93945184104135,14.647099999999995,93.0,T
1,46025.529308626225,-186.9839915501403,22.647099999999995,93.0,D
1,46029.77264843678,-220.93071003460804,22.647099999999995,93.0,T
1,46029.83200554108,-217.0225798944394,30.647099999999995,93.0,D
1,46035.40932937134,-172.40398925239205,30.647099999999995,93.0,T
1,46035.507814303106,-157.6312494875467,30.647099999999995,93.0,D
1,46041.08194579715,-113.03819753515411,30.647099999999995,93.0,T
1,46041.141648547375,-109.01334801805012,22.647099999999995,93.0,D
1,46045.388982758865,-142.99202171000738,22.647099999999995,93.0,T
1,46045.45560255674,-137.0037462433928,14.647099999999995,93.0,D
1,46049.272765271286,-106.46644452707716,14.647099999999995,93.0,T
1,46049.32695952353,-105.02322521602844,6.647099999999995,93.0,D
1,46052.970229283084,-134.16938329239608,6.647099999999995,93.0,T
1,46053.02374465513,-133.5078407604375,-1.3529000000000053,93.0,D
1,46056.63338524918,-104.63071600806576,-1.3529000000000053,93.0,T
1,46056.68695290707,-105.38145854412684,-9.352900000000005,93.0,D
1,46060.36872769549,-134.83565685149674,-9.352900000000005,93.0,T
1,46060.4277008678,-138.61074475303934,-17.352900000000005,93.0,D
1,46064.354043449326,-107.20000410078796,-17.352900000000005,93.0,T
1,46064.411034666235,-110.21330347139612,-25.352900000000005,93.0,D
1,46068.912513889416,-146.22513725687875,-25.352900000000005,93.0,T
1,46069.104731939566,-130.24624420735674,-49.352900000000005,93.0,D
1,46077.793902077734,-199.7596053126813,-49.352900000000005,93.0,T
1,46077.87525680553,-208.97471866156374,-41.352900000000005,93.0,D
1,46088.86795656024,-121.03312062383866,-41.352900000000005,93.0,T
1,46088.93595457703,-114.70588335565427,-33.352900000000005,93.0,D
1,46101.51198939675,-215.3141619134445,-33.352900000000005,93.0,T
1,46101.573026574246,-219.76664249429558,-25.352900000000005,93.0,D
1,46106.07825009758,-183.72485430762364,-25.352900000000005,93.0,T
1,46106.15196464102,-191.35776090411565,-17.352900000000005,93.0,D
1,46110.08352546721,-222.8102475135888,-17.352900000000005,93.0,T
1,46110.13824122646,-224.64350198704756,-9.352900000000005,93.0,D
1,46113.830177340875,-195.1080130717191,-9.352900000000005,93.0,T
1,46114.1589200053,-183.8113703485455,-57.352900000000005,93.0,D
1,46118.86363226419,-146.17367227743645,-57.352900000000005,93.0,T
1,46119.5294663888,-118.62300379899374,38.647099999999995,93.0,D
1,46131.119032136856,-211.33952978342728,38.647099999999995,93.0,T
1,46131.1948109296,-203.2645949746566,46.647099999999995,93.0,D
1,46140.77101061806,-126.65499746694333,46.647099999999995,93.0,T
1,46140.871643921346,-139.45573529397134,54.647099999999995,93.0,D
1,46147.271104749794,-190.65142192158206,54.647099999999995,93.0,T
1,46148.33742471318,-52.14741134069486,134.6471,93.0,D
1,46153.777380916516,-8.627761713988734,134.6471,93.0,T
1,46153.882526490226,-22.22006882454314,142.6471,93.0,D
1,46158.11592429156,-56.08725123523795,142.6471,93.0,T
1,46158.17183808973,-58.60577035796132,150.6471,93.0,D
1,46161.98996203038,-28.060778832770115,150.6471,93.0,T
1,46162.046523208934,-30.885890457628502,158.6471,93.0,D
1,46165.6872142136,-60.01141849492122,158.6471,93.0,T
1,46165.74059688185,-60.35559658867646,166.6471,93.0,D
1,46169.34116241275,-31.55107234147591,166.6471,93.0,T
1,46169.395470744734,-30.0143922282758,174.6471,93.0,D
1,46173.08840796459,-59.55788998712355,174.6471,93.0,T
1,46173.143159970685,-57.70044581428649,182.6471,93.0,D
1,46177.091432998204,-26.11426159411067,182.6471,93.0,T
1,46177.165600086795,-18.383347471540596,190.6471,93.0,D
1,46181.69873104947,-54.64839517298428,190.6471,93.0,T
1,46181.76016560847,-50.07459878588339,198.6471,93.0,D
1,46194.28817859528,50.14950510851945,198.6471,93.0,T
1,46194.34932616807,54.63593768986783,190.6471,93.0,D
1,46198.87324972124,18.444549264474862,190.6471,93.0,T
1,46198.947262578615,26.14213451991478,182.6471,93.0,D
1,46202.89774803134,57.74601814173235,182.6471,93.0,T
1,46202.95247455036,59.5864847616432,174.6471,93.0,D
1,46206.642317948004,30.067737580473676,174.6471,93.0,T
1,46206.69650486852,31.504749407026196,166.6471,93.0,D
1,46210.299753050924,60.330734866273566,166.6471,93.0,T
1,46210.353120696134,60.04372443125534,158.6471,93.0,D
1,46213.999593669716,30.871940642583155,158.6471,93.0,T
1,46214.056046960824,28.09580722725019,150.6471,93.0,D
1,46217.87256950661,58.62798759349391,150.6471,93.0,T
1,46217.928583958215,56.059637395463305,142.6471,93.0,D
1,46222.154941538916,22.248776749863467,142.6471,93.0,T
1,46222.260977646234,8.501694832915911,134.6471,93.0,D
1,46227.72156439183,52.186388797697305,134.6471,93.0,T
1,46227.78662423375,46.59732642826447,126.6471,93.0,D
1,46239.44153226474,-46.64193781970301,126.6471,93.0,T
1,46239.51688145771,-38.657968266140536,118.6471,93.0,D
1,46249.18051743996,38.65111959188465,118.6471,93.0,T
1,46249.27867805201,26.289935201332774,110.6471,93.0,D
1,46255.844273820614,-26.234830947482752,110.6471,93.0,T
1,46256.494729484446,-43.658459693873716,206.6471,93.0,D
1,46267.41133710363,43.67440125962048,206.6471,93.0,T
1,46267.493503040314,34.29874523378593,214.6471,93.0,D
1,46276.06639522823,-34.28439226950252,214.6471,93.0,T
1,46276.18854227672,-17.801134619680866,222.6471,93.0,D
1,46280.64329693079,17.836902612936647,222.6471,93.0,T
1,46282.8307306871,9.148124794412508,-105.3529,93.0,D
1,46285.12090902177,-9.173301882924248,-105.3529,93.0,T
1,46285.27737415769,-31.23752908627175,-113.3529,93.0,D
1,46293.0795548724,31.179916631379093,-113.3529,93.0,T
1,46293.16748727154,41.6666894145573,-121.3529,93.0,D
1,46303.58755602454,-41.69386060945525,-121.3529,93.0,T
1,46303.6585238979,-48.716671914009744,-129.3529,93.0,D
1,46315.83053244555,48.65939646714881,-129.3529,93.0,T
1,46315.89348254439,53.675479225257625,-137.3529,93.0,D
1,46320.70010686492,15.222484660995358,-137.3529,93.0,T
1,46320.78264433761,24.671282148904414,-145.3529,93.0,D
1,46324.827864850675,57.03304625341397,-145.3529,93.0,T
1,46324.8831604301,59.22302909420893,-153.3529,93.0,D
1,46328.623971321445,29.29654196345627,-153.3529,93.0,T
1,46328.678972098285,31.312583305013703,-161.3529,93.0,D
1,46332.29539782883,60.24398914933576,-161.3529,93.0,T
1,46332.34873353645,60.16850128006632,-169.3529,93.0,D
1,46335.958053431044,31.293942123276818,-169.3529,93.0,T
1,46336.01349663018,29.021534273734797,-177.3529,93.0,D
1,46339.76997586089,59.073368119360964,-177.3529,93.0,T
1,46339.82538410089,56.820227232170424,-185.3529,93.0,D
1,46343.917257285415,24.08524175597194,-185.3529,93.0,T
1,46344.004281737725,13.770289296090736,-193.3529,93.0,D
1,46348.939748572666,53.2540239756129,-193.3529,93.0,T
1,46349.002896009435,48.18243917948473,-201.3529,93.0,D
1,46361.04857244848,-48.18297233286337,-201.3529,93.0,T
1,46361.11187582293,-53.298110391628335,-193.3529,93.0,D
1,46366.050366801595,-13.790182562287411,-193.3529,93.0,T
1,46366.13768314283,-24.160487646341487,-185.3529,93.0,D
1,46370.220869017685,-56.82597464522155,-185.3529,93.0,T
1,46370.276300392296,-59.09188264404483,-177.3529,93.0,D
1,46374.02720572558,-29.08463997780038,-177.3529,93.0,T
1,46374.08243068406,-31.23415408185925,-169.3529,93.0,D
1,46377.70414403017,-60.207860850743366,-169.3529,93.0,T
1,46377.75747816334,-60.25167434357535,-161.3529,93.0,D
1,46381.37501850443,-31.311351614903725,-161.3529,93.0,T
1,46381.42992503969,-29.35396270933706,-153.3529,93.0,D
1,46385.164258707504,-59.228632051877916,-153.3529,93.0,T
1,46385.21948227069,-57.07992466368467,-145.3529,93.0,D
1,46389.26085199704,-24.74896685290552,-145.3529,93.0,T
1,46389.34419852592,-15.141704640867387,-137.3529,93.0,D
1,46394.15762382363,-53.64910702259913,-137.3529,93.0,T
1,46394.64505092139,-40.93429472650517,-209.3529,93.0,D
1,46404.88354003583,40.973618188987906,-209.3529,93.0,T
1,46404.97385484721,30.04076787610304,-217.3529,93.0,D
1,46412.48281116657,-30.030882678803227,-217.3529,93.0,T
1,46412.6867885365,-0.4986584568002892,-225.3529,93.0,D
1,46413.02297129381,2.1908036016558636,-225.3529,93.0,T
1,46422.15854118143,-1000.0,0.0,1000.0,W
1,46571.98077405473,-1000.0,0.0,1000.0,T
1,46579.922524946414,-225.3509,-0.6591240770429221,95.0,D
1,46580.285321212505,-225.3509,2.2432460516742236,95.0,T
1,46580.478163530286,-217.3509,30.041332125079148,95.0,D
1,46587.988209169096,-217.3509,-30.03903298539859,95.0,T
1,46588.07835402297,-209.3509,-40.940277422695225,95.0,D
1,46598.318067597735,-209.3509,40.977431175456836,95.0,T
1,46598.389844091325,-201.3509,48.182773861733295,95.0,D
1,46610.43615559703,-201.3509,-48.18771818389099,95.0,T
1,46610.49943508151,-193.3509,-53.29620093407718,95.0,D
1,46615.437202231886,-193.3509,-13.794063731075266,95.0,T
1,46615.52450597741,-185.3509,-24.16198249969535,95.0,D
1,46619.60795107012,-185.3509,-56.829543241375056,95.0,T
1,46619.6633818181,-177.3509,-59.095106306518446,95.0,D
1,46623.41459481653,-177.3509,-29.085402319074152,95.0,T
1,46623.469819039725,-169.3509,-31.23449133757379,95.0,D
1,46627.09117621101,-169.3509,-60.20534870786578,95.0,T
1,46627.14451054317,-161.3509,-60.25430988745127,95.0,D
1,46630.76241237519,-161.3509,-31.311095231289766,95.0,T
1,46630.817320000104,-153.3509,-29.353018709151563,95.0,D
1,46634.55207327896,-153.3509,-59.23104493998292,95.0,T
1,46634.607306840844,-145.3509,-57.07656285081662,95.0,D
1,46638.648470864515,-145.3509,-24.747250661487374,95.0,T
1,46638.73182662916,-137.3509,-15.138185734984686,95.0,D
1,46643.545932441564,-137.3509,-53.6510322341499,95.0,T
1,46643.6086103309,-129.3509,-48.71224182015308,95.0,D
1,46655.77990526917,-129.3509,48.65811768601315,95.0,T
1,46655.842855946255,-137.3509,53.67436371911456,95.0,D
1,46660.64974352432,-137.3509,15.219263094539514,95.0,T
1,46660.73228872526,-145.3509,24.66957946293314,95.0,D
1,46664.777672311626,-145.3509,57.03264815382182,95.0,T
1,46664.832968564355,-153.3509,59.22301347498821,95.0,D
1,46668.57388419534,-153.3509,29.295688427125647,95.0,T
1,46668.62888609433,-161.3509,31.312418472389574,95.0,D
1,46672.24527071047,-161.3509,60.243495401507964,95.0,T
1,46672.29860634456,-169.3509,60.16918564667918,95.0,D
1,46675.907968246196,-169.3509,31.294290433599276,95.0,T
1,46675.96341064884,-177.3509,29.022319870241297,95.0,D
1,46679.71991851787,-177.3509,59.074382822460656,95.0,T
1,46679.775328503856,-185.3509,56.82027605624529,95.0,D
1,46683.86701207554,-185.3509,24.086807482791826,95.0,T
1,46683.95402231297,-193.3509,13.774553514761081,95.0,D
1,46688.88920999124,-193.3509,53.256054940904754,95.0,T
1,46689.37539075132,-121.3509,41.66450810672105,95.0,D
1,46699.79450724904,-121.3509,-41.68842387509452,95.0,T
1,46699.88228776179,-113.3509,-31.230321062726585,95.0,D
1,46707.68303551999,-113.3509,31.175661002873532,95.0,T
1,46707.839412983034,-105.3509,9.125422992341859,95.0,D
1,46710.12391893711,-105.3509,-9.150624640268088,95.0,T
1,46710.97571640804,-33.350899999999996,-114.70192002829447,95.0,D
1,46723.552062199415,-33.350899999999996,-215.31268635934603,95.0,T
1,46723.61311558082,-25.350899999999996,-219.7701627820038,95.0,D
1,46728.1184225883,-25.350899999999996,-183.7277067221486,95.0,T
1,46728.19213083395,-17.350899999999996,-191.35924478805262,95.0,D
1,46732.123290041665,-17.350899999999996,-222.80851844975078,95.0,T
1,46732.178012001976,-9.350899999999996,-224.6459327077649,95.0,D
1,46735.870165377775,-9.350899999999996,-195.1087057013868,95.0,T
1,46735.9242966933,-1.3508999999999958,-196.49776462950013,95.0,D
1,46739.52874879654,-1.3508999999999958,-225.33338145545397,95.0,T
1,46739.58213250621,6.649100000000004,-224.98558796732112,95.0,D
1,46743.21895637163,6.649100000000004,-195.89099704394292,95.0,T
1,46743.27580597127,14.649100000000004,-192.9385011434375,95.0,D
1,46747.10529024461,14.649100000000004,-223.574375330118,95.0,T
1,46747.16145806639,22.649100000000004,-220.93173563019914,95.0,D
1,46751.405157083864,22.649100000000004,-186.9821434904127,95.0,T
1,46751.516071783386,30.649100000000004,-172.39459442246994,95.0,D
1,46757.094222760665,30.649100000000004,-217.01980224075,95.0,T
1,46757.15964095892,38.649100000000004,-211.3374026682396,95.0,D
1,46768.74875103582,38.649100000000004,-118.62452205303406,95.0,T
1,46768.81379856107,30.649100000000004,-113.03868620115534,95.0,D
1,46774.3888609941,30.649100000000004,-157.6391856654481,95.0,T
1,46774.50011070833,22.649100000000004,-142.99434952387975,95.0,D
1,46778.747732244425,22.649100000000004,-109.01337723508067,95.0,T
1,46778.80370030662,14.649100000000004,-106.467883237888,95.0,D
1,46782.620825431804,14.649100000000004,-137.00488423933268,95.0,T
1,46782.67740858206,6.649100000000004,-134.1698903975473,95.0,D
1,46786.320874774916,6.649100000000004,-105.02216085469938,95.0,T
1,46786.3742714752,-1.3508999999999958,-104.63206979145295,95.0,D
1,46789.98373657491,-1.3508999999999958,-133.50779058908677,95.0,T
1,46790.03779875975,-9.350899999999996,-134.83489125561744,95.0,D
1,46793.719316569644,-9.350899999999996,-105.38274877652947,95.0,T
1,46793.77400484475,-17.350899999999996,-107.1974573684038,95.0,D
1,46797.700523487685,-17.350899999999996,-138.60960651184718,95.0,T
1,46797.774144613475,-25.350899999999996,-146.2221999371322,95.0,D
1,46802.27510397341,-25.350899999999996,-110.21452505770405,95.0,T
1,46802.403870516006,-41.350899999999996,-121.03434511598437,95.0,D
1,46813.397064340395,-41.350899999999996,-208.97989571111466,95.0,T
1,46813.47840890206,-49.350899999999996,-199.76680184851818,95.0,D
1,46822.16830957625,-49.350899999999996,-130.24759645500407,95.0,T
1,46822.28713799354,-57.350899999999996,-146.17569543190174,95.0,D
1,46826.99338411485,-57.350899999999996,-183.82566440237977,95.0,T
1,46827.69872398981,46.649100000000004,-203.26396761957687,95.0,D
1,46837.274582513906,46.649100000000004,-126.65709942677184,95.0,T
1,46837.37523117148,54.649100000000004,-139.4605531048295,95.0,D
1,46843.77341106677,54.649100000000004,-190.64599226720867,95.0,T
1,46845.770295539485,6.649100000000004,105.0156740682098,95.0,D
1,46849.406961650464,6.649100000000004,134.10900295605708,95.0,T
1,46849.46044816669,-1.3508999999999958,133.50223537049987,95.0,D
1,46853.06478266671,-1.3508999999999958,104.66755937029234,95.0,T
1,46853.11831365041,-9.350899999999996,105.35693579723636,95.0,D
1,46856.81010846308,-9.350899999999996,134.8912942986132,95.0,T
1,46856.869008927955,-17.350899999999996,138.64075521194738,95.0,D
1,46860.79980676016,-17.350899999999996,107.19437255430489,95.0,T
1,46860.8568717642,-25.350899999999996,110.23893006551731,95.0,D
1,46865.361054315756,-25.350899999999996,146.27239047798653,95.0,T
1,46865.55339281885,-49.350899999999996,130.2609181867908,95.0,D
1,46874.239091568685,-49.350899999999996,199.74650818540962,95.0,T
1,46874.32045508669,-41.350899999999996,208.96336754113884,95.0,D
1,46885.31112932725,-41.350899999999996,121.03797361661552,95.0,T
1,46885.37925088984,-33.350899999999996,114.68090558061627,95.0,D
1,46897.952656426525,-33.350899999999996,215.26814987409747,95.0,T
1,46898.01400755128,-25.350899999999996,219.8166783675281,95.0,D
1,46902.51885915857,-25.350899999999996,183.77786550926064,95.0,T
1,46902.59247998359,-17.350899999999996,191.39039348815282,95.0,D
1,46906.515857353384,-17.350899999999996,222.77741244648,95.0,T
1,46906.57056958383,-9.350899999999996,224.60829573613714,95.0,D
1,46910.250968360844,-9.350899999999996,195.16510552004596,95.0,T
1,46910.30503054921,-1.3508999999999958,196.49220941091323,95.0,D
1,46913.91447897351,-1.3508999999999958,225.36779680532834,95.0,T
1,46913.96788162933,6.649100000000004,224.9597746224818,95.0,D
1,46917.6090850923,6.649100000000004,195.8301469187447,95.0,T
1,46917.66566832565,14.649100000000004,192.99511576066732,95.0,D
1,46921.481808234246,14.649100000000004,223.52423502943364,95.0,T
1,46921.53779070053,22.649100000000004,220.97162421890943,95.0,D
1,46925.78353741838,22.649100000000004,187.00565047612525,95.0,T
1,46925.8947866774,30.649100000000004,172.3608921385505,95.0,D
1,46931.46869323506,30.649100000000004,216.9521445997869,95.0,T
1,46931.533724181325,38.649100000000004,211.3706538154169,95.0,D
1,46943.12474683807,38.649100000000004,118.64247256149521,95.0,T
1,46943.190036775944,30.649100000000004,112.99336115166234,95.0,D
1,46948.76653486259,30.649100000000004,157.60534584483827,95.0,T
1,46948.87744921295,22.649100000000004,143.0178565095873,95.0,D
1,46953.12211294221,22.649100000000004,109.06054667546536,95.0,T
1,46953.17827559829,14.649100000000004,106.42037838370639,95.0,D
1,46957.0084156574,14.649100000000004,137.0614988565625,95.0,T
1,46957.23263984314,46.649100000000004,126.70674520889064,95.0,D
1,46966.81388526242,46.649100000000004,203.3567085631219,95.0,T
1,46966.914129502184,54.649100000000004,190.62484219754512,95.0,D
1,46973.320010336676,54.649100000000004,139.37779552160805,95.0,T
1,46974.06807654749,-57.350899999999996,146.2384627344118,95.0,D
1,46978.77220693423,-57.350899999999996,183.8715058283151,95.0,T
1,46987.56973450707,-1000.0,0.0,1000.0,W
1,47137.06277270786,-1000.0,0.0,1000.0,T
1,47144.99448829707,-225.33123601652213,-1.3529000000000053,97.0,D
1,47148.59867950705,-196.49770633666455,-1.3529000000000053,97.0,T
1,47148.65216573777,-195.891505279054,6.647099999999995,97.0,D
1,47152.28918612577,-224.98766838302444,6.647099999999995,97.0,T
1,47152.343346867325,-223.57303651202875,14.647099999999995,97.0,D
1,47156.172544951194,-192.93945184104135,14.647099999999995,97.0,T
1,47156.239033883365,-186.9839915501403,22.647099999999995,97.0,D
1,47160.48237369392,-220.93071003460804,22.647099999999995,97.0,T
1,47160.54173079822,-217.0225798944394,30.647099999999995,97.0,D
1,47166.11905462848,-172.40398925239205,30.647099999999995,97.0,T
1,47166.217539560246,-157.6312494875467,30.647099999999995,97.0,D
1,47171.79167105429,-113.03819753515411,30.647099999999995,97.0,T
1,47171.851373804515,-109.01334801805012,22.647099999999995,97.0,D
1,47176.098708016005,-142.99202171000738,22.647099999999995,97.0,T
1,47176.165327813884,-137.0037462433928,14.647099999999995,97.0,D
1,47179.982490528426,-106.46644452707716,14.647099999999995,97.0,T
1,47180.03668478067,-105.02322521602844,6.647099999999995,97.0,D
1,47183.679954540225,-134.16938329239608,6.647099999999995,97.0,T
1,47183.73346991227,-133.5078407604375,-1.3529000000000053,97.0,D
1,47187.34311050632,-104.63071600806576,-1.3529000000000053,97.0,T
1,47187.39667816421,-105.38145854412684,-9.352900000000005,97.0,D
1,47191.07845295263,-134.83565685149674,-9.352900000000005,97.0,T
1,47191.13742612494,-138.61074475303934,-17.352900000000005,97.0,D
1,47195.06376870647,-107.20000410078796,-17.352900000000005,97.0,T
1,47195.120759923375,-110.21330347139612,-25.352900000000005,97.0,D
1,47199.622239146556,-146.22513725687875,-25.352900000000005,97.0,T
1,47199.814457196706,-130.24624420735674,-49.352900000000005,97.0,D
1,47208.503627334874,-199.7596053126813,-49.352900000000005,97.0,T
1,47208.58498206267,-208.97471866156374,-41.352900000000005,97.0,D
1,47219.57768181738,-121.03312062383866,-41.352900000000005,97.0,T
1,47219.64567983417,-114.70588335565427,-33.352900000000005,97.0,D
1,47232.22171465389,-215.3141619134445,-33.352900000000005,97.0,T
1,47232.282751831386,-219.76664249429558,-25.352900000000005,97.0,D
1,47236.78797535472,-183.72485430762364,-25.352900000000005,97.0,T
1,47236.86168989816,-191.35776090411565,-17.352900000000005,97.0,D
1,47240.79325072435,-222.8102475135888,-17.352900000000005,97.0,T
1,47240.8479664836,-224.64350198704756,-9.352900000000005,97.0,D
1,47244.539902598015,-195.1080130717191,-9.352900000000005,97.0,T
1,47244.86864526244,-183.8113703485455,-57.352900000000005,97.0,D
1,47249.57335752133,-146.17367227743645,-57.352900000000005,97.0,T
1,47250.23919164594,-118.62300379899374,38.647099999999995,97.0,D
1,47261.828757393996,-211.33952978342728,38.647099999999995,97.0,T
1,47261.90453618674,-203.2645949746566,46.647099999999995,97.0,D
1,47271.4807358752,-126.65499746694333,46.647099999999995,97.0,T
1,47271.581369178486,-139.45573529397134,54.647099999999995,97.0,D
1,47277.980830006934,-190.65142192158206,54.647099999999995,97.0,T
1,47279.04714997032,-52.14741134069486,134.6471,97.0,D
1,47284.487106173656,-8.627761713988734,134.6471,97.0,T
1,47284.59225174737,-22.22006882454314,142.6471,97.0,D
1,47288.8256495487,-56.08725123523795,142.6471,97.0,T
1,47288.88156334687,-58.60577035796132,150.6471,97.0,D
1,47292.69968728752,-28.060778832770115,150.6471,97.0,T
1,47292.756248466074,-30.885890457628502,158.6471,97.0,D
1,47296.39693947074,-60.01141849492122,158.6471,97.0,T
1,47296.45032213899,-60.35559658867646,166.6471,97.0,D
1,47300.05088766989,-31.55107234147591,166.6471,97.0,T
1,47300.105196001874,-30.0143922282758,174.6471,97.0,D
1,47303.79813322173,-59.55788998712355,174.6471,97.0,T
1,47303.852885227825,-57.70044581428649,182.6471,97.0,D
1,47307.801158255344,-26.11426159411067,182.6471,97.0,T
1,47307.875325343935,-18.383347471540596,190.6471,97.0,D
1,47312.40845630661,-54.64839517298428,190.6471,97.0,T
1,47312.469890865614,-50.07459878588339,198.6471,97.0,D
1,47324.99790385242,50.14950510851945,198.6471,97.0,T
1,47325.05905142521,54.63593768986783,190.6471,97.0,D
1,47329.58297497838,18.444549264474862,190.6471,97.0,T
1,47329.656987835755,26.14213451991478,182.6471,97.0,D
1,47333.60747328848,57.74601814173235,182.6471,97.0,T
1,47333.6621998075,59.5864847616432,174.6471,97.0,D
1,47337.352043205145,30.067737580473676,174.6471,97.0,T
1,47337.40623012566,31.504749407026196,166.6471,97.0,D
1,47341.009478308064,60.330734866273566,166.6471,97.0,T
1,47341.062845953275,60.04372443125534,158.6471,97.0,D
1,47344.709318926856,30.871940642583155,158.6471,97.0,T
1,47344.765772217965,28.09580722725019,150.6471,97.0,D
1,47348.58229476375,58.62798759349391,150.6471,97.0,T
1,47348.638309215356,56.059637395463305,142.6471,97.0,D
1,47352.86466679606,22.248776749863467,142.6471,97.0,T
1,47352.970702903374,8.501694832915911,134.6471,97.0,D
1,47358.43128964897,52.186388797697305,134.6471,97.0,T
1,47358.49634949089,46.59732642826447,126.6471,97.0,D
1,47370.15125752188,-46.64193781970301,126.6471,97.0,T
1,47370.22660671485,-38.657968266140536,118.6471,97.0,D
1,47379.8902426971,38.65111959188465,118.6471,97.0,T
1,47379.98840330915,26.289935201332774,110.6471,97.0,D
1,47386.553999077754,-26.234830947482752,110.6471,97.0,T
1,47387.204454741586,-43.658459693873716,206.6471,97.0,D
1,47398.12106236077,43.67440125962048,206.6471,97.0,T
1,47398.203228297454,34.29874523378593,214.6471,97.0,D
1,47406.77612048537,-34.28439226950252,214.6471,97.0,T
1,47406.89826753386,-17.801134619680866,222.6471,97.0,D
1,47411.353022187934,17.836902612936647,222.6471,97.0,T
1,47413.54045594424,9.148124794412508,-105.3529,97.0,D
1,47415.83063427891,-9.173301882924248,-105.3529,97.0,T
1,47415.98709941483,-31.23752908627175,-113.3529,97.0,D
1,47423.78928012954,31.179916631379093,-113.3529,97.0,T
1,47423.87721252868,41.6666894145573,-121.3529,97.0,D
1,47434.29728128168,-41.69386060945525,-121.3529,97.0,T
1,47434.36824915504,-48.716671914009744,-129.3529,97.0,D
1,47446.54025770269,48.65939646714881,-129.3529,97.0,T
1,47446.60320780153,53.675479225257625,-137.3529,97.0,D
1,47451.40983212206,15.222484660995358,-137.3529,97.0,T
1,47451.49236959475,24.671282148904414,-145.3529,97.0,D
1,47455.537590107815,57.03304625341397,-145.3529,97.0,T
1,47455.59288568724,59.22302909420893,-153.3529,97.0,D
1,47459.333696578586,29.29654196345627,-153.3529,97.0,T
1,47459.388697355425,31.312583305013703,-161.3529,97.0,D
1,47463.00512308597,60.24398914933576,-161.3529,97.0,T
1,47463.05845879359,60.16850128006632,-169.3529,97.0,D
1,47466.667778688185,31.293942123276818,-169.3529,97.0,T
1,47466.72322188732,29.021534273734797,-177.3529,97.0,D
1,47470.47970111803,59.073368119360964,-177.3529,97.0,T
1,47470.53510935803,56.820227232170424,-185.3529,97.0,D
1,47474.626982542555,24.08524175597194,-185.3529,97.0,T
1,47474.714006994865,13.770289296090736,-193.3529,97.0,D
1,47479.649473829806,53.2540239756129,-193.3529,97.0,T
1,47479.712621266575,48.18243917948473,-201.3529,97.0,D
1,47491.75829770562,-48.18297233286337,-201.3529,97.0,T
1,47491.82160108007,-53.298110391628335,-193.3529,97.0,D
1,47496.760092058736,-13.790182562287411,-193.3529,97.0,T
1,47496.84740839997,-24.160487646341487,-185.3529,97.0,D
1,47500.930594274825,-56.82597464522155,-185.3529,97.0,T
1,47500.986025649436,-59.09188264404483,-177.3529,97.0,D
1,47504.73693098272,-29.08463997780038,-177.3529,97.0,T
1,47504.7921559412,-31.23415408185925,-169.3529,97.0,D
1,47508.41386928731,-60.207860850743366,-169.3529,97.0,T
1,47508.46720342048,-60.25167434357535,-161.3529,97.0,D
1,47512.08474376157,-31.311351614903725,-161.3529,97.0,T
1,47512.13965029683,-29.35396270933706,-153.3529,97.0,D
1,47515.873983964644,-59.228632051877916,-153.3529,97.0,T
1,47515.92920752783,-57.07992466368467,-145.3529,97.0,D
1,47519.97057725418,-24.74896685290552,-145.3529,97.0,T
1,47520.05392378306,-15.141704640867387,-137.3529,97.0,D
1,47524.86734908077,-53.64910702259913,-137.3529,97.0,T
1,47525.35477617853,-40.93429472650517,-209.3529,97.0,D
1,47535.59326529297,40.973618188987906,-209.3529,97.0,T
1,47535.68358010435,30.04076787610304,-217.3529,97.0,D
1,47543.19253642371,-30.030882678803227,-217.3529,97.0,T
1,47543.39651379364,-0.4986584568002892,-225.3529,97.0,D
1,47543.73269655095,2.1908036016558636,-225.3529,97.0,T
1,47552.850638171396,-1000.0,0.0,1000.0,W
1,47702.635497846604,-1000.0,0.0,1000.0,T
1,47710.55700910134,-225.3509,-0.6591240770429221,99.0,D
1,47710.919805367426,-225.3509,2.2432460516742236,99.0,T
1,47711.11264768521,-217.3509,30.041332125079148,99.0,D
1,47718.62269332402,-217.3509,-30.03903298539859,99.0,T
1,47718.71283817789,-209.3509,-40.940277422695225,99.0,D
1,47728.952551752656,-209.3509,40.977431175456836,99.0,T
1,47729.02432824625,-201.3509,48.182773861733295,99.0,D
1,47741.07063975195,-201.3509,-48.18771818389099,99.0,T
1,47741.13391923643,-193.3509,-53.29620093407718,99.0,D
1,47746.07168638681,-193.3509,-13.794063731075266,99.0,T
1,47746.15899013233,-185.3509,-24.16198249969535,99.0,D
1,47750.24243522504,-185.3509,-56.829543241375056,99.0,T
1,47750.29786597302,-177.3509,-59.095106306518446,99.0,D
1,47754.04907897145,-177.3509,-29.085402319074152,99.0,T
1,47754.10430319465,-169.3509,-31.23449133757379,99.0,D
1,47757.72566036593,-169.3509,-60.20534870786578,99.0,T
1,47757.77899469809,-161.3509,-60.25430988745127,99.0,D
1,47761.39689653011,-161.3509,-31.311095231289766,99.0,T
1,47761.451804155025,-153.3509,-29.353018709151563,99.0,D
1,47765.18655743388,-153.3509,-59.23104493998292,99.0,T
1,47765.241790995766,-145.3509,-57.07656285081662,99.0,D
1,47769.28295501944,-145.3509,-24.747250661487374,99.0,T
1,47769.366310784084,-137.3509,-15.138185734984686,99.0,D
1,47774.180416596486,-137.3509,-53.6510322341499,99.0,T
1,47774.24309448582,-129.3509,-48.71224182015308,99.0,D
1,47786.41438942409,-129.3509,48.65811768601315,99.0,T
1,47786.47734010118,-137.3509,53.67436371911456,99.0,D
1,47791.28422767924,-137.3509,15.219263094539514,99.0,T
1,47791.36677288018,-145.3509,24.66957946293314,99.0,D
1,47795.41215646655,-145.3509,57.03264815382182,99.0,T
1,47795.46745271928,-153.3509,59.22301347498821,99.0,D
1,47799.208368350264,-153.3509,29.295688427125647,99.0,T
1,47799.26337024925,-161.3509,31.312418472389574,99.0,D
1,47802.87975486539,-161.3509,60.243495401507964,99.0,T
1,47802.93309049948,-169.3509,60.16918564667918,99.0,D
1,47806.54245240112,-169.3509,31.294290433599276,99.0,T
1,47806.59789480376,-177.3509,29.022319870241297,99.0,D
1,47810.35440267279,-177.3509,59.074382822460656,99.0,T
1,47810.40981265878,-185.3509,56.82027605624529,99.0,D
1,47814.50149623046,-185.3509,24.086807482791826,99.0,T
1,47814.588506467895,-193.3509,13.774553514761081,99.0,D
1,47819.52369414616,-193.3509,53.256054940904754,99.0,T
1,47820.00987490624,-121.3509,41.66450810672105,99.0,D
1,47830.42899140396,-121.3509,-41.68842387509452,99.0,T
1,47830.516771916715,-113.3509,-31.230321062726585,99.0,D
1,47838.317519674914,-113.3509,31.175661002873532,99.0,T
1,47838.473897137956,-105.3509,9.125422992341859,99.0,D
1,47840.75840309203,-105.3509,-9.150624640268088,99.0,T
1,47841.61020056296,-33.350899999999996,-114.70192002829447,99.0,D
1,47854.186546354336,-33.350899999999996,-215.31268635934603,99.0,T
1,47854.24759973574,-25.350899999999996,-219.7701627820038,99.0,D
1,47858.75290674322,-25.350899999999996,-183.7277067221486,99.0,T
1,47858.82661498887,-17.350899999999996,-191.35924478805262,99.0,D
1,47862.75777419659,-17.350899999999996,-222.80851844975078,99.0,T
1,47862.8124961569,-9.350899999999996,-224.6459327077649,99.0,D
1,47866.5046495327,-9.350899999999996,-195.1087057013868,99.0,T
1,47866.55878084822,-1.3508999999999958,-196.49776462950013,99.0,D
1,47870.16323295146,-1.3508999999999958,-225.33338145545397,99.0,T
1,47870.216616661135,6.649100000000004,-224.98558796732112,99.0,D
1,47873.85344052655,6.649100000000004,-195.89099704394292,99.0,T
1,47873.910290126194,14.649100000000004,-192.9385011434375,99.0,D
1,47877.73977439953,14.649100000000004,-223.574375330118,99.0,T
1,47877.79594222131,22.649100000000004,-220.93173563019914,99.0,D
1,47882.039641238785,22.649100000000004,-186.9821434904127,99.0,T
1,47882.15055593831,30.649100000000004,-172.39459442246994,99.0,D
1,47887.72870691559,30.649100000000004,-217.01980224075,99.0,T
1,47887.79412511384,38.649100000000004,-211.3374026682396,99.0,D
1,47899.38323519074,38.649100000000004,-118.62452205303406,99.0,T
1,47899.44828271599,30.649100000000004,-113.03868620115534,99.0,D
1,47905.02334514902,30.649100000000004,-157.6391856654481,99.0,T
1,47905.13459486325,22.649100000000004,-142.99434952387975,99.0,D
1,47909.382216399346,22.649100000000004,-109.01337723508067,99.0,T
1,47909.43818446154,14.649100000000004,-106.467883237888,99.0,D
1,47913.255309586726,14.649100000000004,-137.00488423933268,99.0,T
1,47913.31189273698,6.649100000000004,-134.1698903975473,99.0,D
1,47916.95535892984,6.649100000000004,-105.02216085469938,99.0,T
1,47917.00875563012,-1.3508999999999958,-104.63206979145295,99.0,D
1,47920.61822072983,-1.3508999999999958,-133.50779058908677,99.0,T
1,47920.672282914675,-9.350899999999996,-134.83489125561744,99.0,D
1,47924.353800724566,-9.350899999999996,-105.38274877652947,99.0,T
1,47924.408488999674,-17.350899999999996,-107.1974573684038,99.0,D
1,47928.33500764261,-17.350899999999996,-138.60960651184718,99.0,T
1,47928.4086287684,-25.350899999999996,-146.2221999371322,99.0,D
1,47932.90958812833,-25.350899999999996,-110.21452505770405,99.0,T
1,47933.03835467093,-41.350899999999996,-121.03434511598437,99.0,D
1,47944.03154849532,-41.350899999999996,-208.97989571111466,99.0,T
1,47944.11289305698,-49.350899999999996,-199.76680184851818,99.0,D
1,47952.80279373117,-49.350899999999996,-130.24759645500407,99.0,T
1,47952.92162214846,-57.350899999999996,-146.17569543190174,99.0,D
1,47957.627868269774,-57.350899999999996,-183.82566440237977,99.0,T
1,47958.33320814473,46.649100000000004,-203.26396761957687,99.0,D
1,47967.90906666883,46.649100000000004,-126.65709942677184,99.0,T
1,47968.0097153264,54.649100000000004,-139.4605531048295,99.0,D
1,47974.407895221695,54.649100000000004,-190.64599226720867,99.0,T
1,47976.40477969441,6.649100000000004,105.0156740682098,99.0,D
1,47980.041445805386,6.649100000000004,134.10900295605708,99.0,T
1,47980.09493232161,-1.3508999999999958,133.50223537049987,99.0,D
1,47983.69926682163,-1.3508999999999958,104.66755937029234,99.0,T
1,47983.75279780533,-9.350899999999996,105.35693579723636,99.0,D
1,47987.444592618005,-9.350899999999996,134.8912942986132,99.0,T
1,47987.50349308288,-17.350899999999996,138.64075521194738,99.0,D
1,47991.43429091508,-17.350899999999996,107.19437255430489,99.0,T
1,47991.49135591912,-25.350899999999996,110.23893006551731,99.0,D
1,47995.99553847068,-25.350899999999996,146.27239047798653,99.0,T
1,47996.187876973774,-49.350899999999996,130.2609181867908,99.0,D
1,48004.873575723606,-49.350899999999996,199.74650818540962,99.0,T
1,48004.95493924161,-41.350899999999996,208.96336754113884,99.0,D
1,48015.945613482174,-41.350899999999996,121.03797361661552,99.0,T
1,48016.01373504476,-33.350899999999996,114.68090558061627,99.0,D
1,48028.58714058145,-33.350899999999996,215.26814987409747,99.0,T
1,48028.648491706204,-25.350899999999996,219.8166783675281,99.0,D
1,48033.15334331349,-25.350899999999996,183.77786550926064,99.0,T
1,48033.226964138514,-17.350899999999996,191.39039348815282,99.0,D
1,48037.150341508306,-17.350899999999996,222.77741244648,99.0,T
1,48037.205053738755,-9.350899999999996,224.60829573613714,99.0,D
1,48040.885452515766,-9.350899999999996,195.16510552004596,99.0,T
1,48040.93951470413,-1.3508999999999958,196.49220941091323,99.0,D
1,48044.54896312843,-1.3508999999999958,225.36779680532834,99.0,T
1,48044.60236578425,6.649100000000004,224.9597746224818,99.0,D
1,48048.24356924722,6.649100000000004,195.8301469187447,99.0,T
1,48048.30015248057,14.649100000000004,192.99511576066732,99.0,D
1,48052.11629238917,14.649100000000004,223.52423502943364,99.0,T
1,48052.17227485545,22.649100000000004,220.97162421890943,99.0,D
1,48056.4180215733,22.649100000000004,187.00565047612525,99.0,T
1,48056.529270832325,30.649100000000004,172.3608921385505,99.0,D
1,48062.10317738998,30.649100000000004,216.9521445997869,99.0,T
1,48062.16820833625,38.649100000000004,211.3706538154169,99.0,D
1,48073.75923099299,38.649100000000004,118.64247256149521,99.0,T
1,48073.824520930866,30.649100000000004,112.99336115166234,99.0,D
1,48079.40101901751,30.649100000000004,157.60534584483827,99.0,T
1,48079.511933367874,22.649100000000004,143.0178565095873,99.0,D
1,48083.75659709713,22.649100000000004,109.06054667546536,99.0,T
1,48083.812759753215,14.649100000000004,106.42037838370639,99.0,D
1,48087.64289981232,14.649100000000004,137.0614988565625,99.0,T
1,48087.86712399806,46.649100000000004,126.70674520889064,99.0,D
1,48097.44836941734,46.649100000000004,203.3567085631219,99.0,T
1,48097.548613657105,54.649100000000004,190.62484219754512,99.0,D
1,48103.9544944916,54.649100000000004,139.37779552160805,99.0,T
1,48104.70256070241,-57.350899999999996,146.2384627344118,99.0,D
1,48109.40669108915,-57.350899999999996,183.8715058283151,99.0,T
1,48118.18595214737,-1000.0,0.0,1000.0,W
2,0.0,500.0,866.025404,1000.0,W
2,571.270962533179,500.0,866.025404,1000.0,T
2,579.8206252795527,102.3189,167.0796,1.0,D
2,605.4003502795528,-102.3189,167.0796,1.0,T
2,605.4968086124824,-114.3748,159.0796,1.0,D
2,634.0904961124824,114.3747,159.0796,1.0,T
2,634.1780829360093,124.7962,151.0796,1.0,D
2,665.3771329360094,-124.7962,151.0796,1.0,T
2,665.4580339660921,-133.921,143.0796,1.0,D
2,698.9382839660921,133.921,143.0796,1.0,T
2,699.0140303961832,141.9891,135.0796,1.0,D
2,734.5113053961833,-141.9891,135.0796,1.0,T
2,734.5829969911315,-149.1754,127.0796,1.0,D
2,771.8768469911315,149.1754,127.0796,1.0,T
2,771.9452950769744,155.6109,119.0796,1.0,D
2,810.8480200769744,-155.6109,119.0796,1.0,T
2,810.9138363424446,-161.3958,111.0796,1.0,D
2,851.2627863424447,161.3958,111.0796,1.0,T
2,851.3264398992101,166.6078,103.0796,1.0,D
2,870.42977739921,13.7811,103.0796,1.0,T
2,870.6249087267296,41.9363,95.0796,1.0,D
2,886.7964337267296,171.3085,95.0796,1.0,T
2,886.8567909689315,175.5473,87.0796,1.0,D
2,901.7114409689315,56.7101,87.0796,1.0,T
2,901.8011593815692,67.5319,79.0796,1.0,D
2,915.7738218815691,179.3132,79.0796,1.0,T
2,915.831434297241,182.5815,71.0796,1.0,D
2,929.177846797241,75.8102,71.0796,1.0,T
2,929.247751309243,82.5888,63.0796,1.0,D
2,942.109826309243,185.4854,63.0796,1.0,T
2,942.1680795545165,189.0,55.0796,1.0,D
2,954.7741920545164,88.1511,55.0796,1.0,T
2,954.8355183878126,92.6921,47.0796,1.0,D
2,968.5079058878126,202.0712,47.0796,1.0,T
2,968.5850453736059,210.431,39.0796,1.0,D
2,982.8452703736059,96.3492,39.0796,1.0,T
2,982.9019330284639,99.2197,31.0796,1.0,D
2,997.5376830284639,216.3057,31.0796,1.0,T
2,997.5972930344994,220.2995,23.0796,1.0,D
2,1012.4630805344995,101.3732,23.0796,1.0,T
2,1012.5173240785044,102.8575,15.0796,1.0,D
2,1027.5422240785044,223.0567,15.0796,1.0,T
2,1027.596433522536,224.5127,7.0796,1.0,D
2,1042.6974585225362,103.7045,7.0796,1.0,T
2,1042.7508133408794,103.9316,-0.9204,1.0,D
2,1057.8745758408795,224.9217,-0.9204,1.0,T
2,1057.9280557404265,224.3282,-8.9204,1.0,D
2,1073.0260557404265,103.5442,-8.9204,1.0,T
2,1073.0798110167111,102.5359,-16.9204,1.0,D
2,1088.0738485167112,222.4882,-16.9204,1.0,T
2,1088.1307288861583,219.5224,-24.9204,1.0,D
2,1102.9600913861584,100.8875,-24.9204,1.0,T
2,1103.0156239755893,98.5665,-32.9204,1.0,D
2,1117.5795864755892,215.0782,-32.9204,1.0,T
2,1117.647116333861,208.8648,-40.9204,1.0,D
2,1131.8147663338611,95.5236,-40.9204,1.0,T
2,1131.873912214965,91.6882,-48.9204,1.0,D
2,1145.375549714965,199.7013,-48.9204,1.0,T
2,1145.4724400880586,187.5677,-56.9204,1.0,D
2,1158.0480775880587,86.9626,-56.9204,1.0,T
2,1158.1137706321315,81.2093,-64.9204,1.0,D
2,1171.0707956321316,184.8655,-64.9204,1.0,T
2,1171.1278129766117,181.8411,-72.9204,1.0,D
2,1184.5961129766117,74.0947,-72.9204,1.0,T
2,1184.6758734001032,65.1987,-80.9204,1.0,D
2,1198.8318609001033,178.4466,-80.9204,1.0,T
2,1198.8908851320386,174.6536,-88.9204,1.0,D
2,1213.9932351320385,53.8348,-88.9204,1.0,T
2,1214.114453046967,37.5066,-96.9204,1.0,D
2,1230.7147280469667,170.3088,-96.9204,1.0,T
2,1240.2225304774822,500.0,866.025404,1000.0,W
2,2664.217511185142,500.0,866.025404,1000.0,T
2,2672.7565742825814,95.0796,171.3086,3.0,D
2,2688.9281117825813,95.0796,41.9363,3.0,T
2,2689.1232456752305,103.0796,13.7807,3.0,D
2,2708.2266331752303,103.0796,166.6078,3.0,T
2,2708.290286731996,111.0796,161.3958,3.0,D
2,2748.639236731996,111.0796,-161.3958,3.0,T
2,2748.7050529974663,119.0796,-155.6109,3.0,D
2,2787.607777997466,119.0796,155.6109,3.0,T
2,2787.676225665444,127.0796,149.1755,3.0,D
2,2824.9700881654435,127.0796,-149.1754,3.0,T
2,2825.041779760392,135.0796,-141.9891,3.0,D
2,2860.5390547603915,135.0796,141.9891,3.0,T
2,2860.614801190483,143.0796,133.921,3.0,D
2,2894.0950636904827,143.0796,-133.9211,3.0,T
2,2894.175965221854,151.0796,-124.7962,3.0,D
2,2925.375002721854,151.0796,124.7961,3.0,T
2,2925.4625890165607,159.0796,114.3747,3.0,D
2,2954.0562640165604,159.0796,-114.3747,3.0,T
2,2954.1527217939993,167.0796,-102.3189,3.0,D
2,2979.732434293999,167.0796,102.3188,3.0,T
2,2979.841356859285,175.0796,88.073,3.0,D
2,3001.859619359285,175.0796,-88.0731,3.0,T
2,3001.992352922052,183.0796,-69.841,3.0,D
2,3019.452615422052,183.0796,69.8411,3.0,T
2,3019.571119871418,191.0796,53.9674,3.0,D
2,3033.062694871418,191.0796,-53.9652,3.0,T
2,3033.1243603871694,199.0796,-49.322,3.0,D
2,3045.4553228871696,199.0796,49.3257,3.0,T
2,3045.5247095015816,207.0796,42.6679,3.0,D
2,3056.1909345015815,207.0796,-42.6619,3.0,T
2,3056.2749681141686,215.0796,-32.9209,3.0,D
2,3064.5059056141686,215.0796,32.9266,3.0,T
2,3064.6366774844178,223.0796,15.0163,3.0,D
2,3068.3898649844177,223.0796,-15.0092,3.0,T
2,3077.449950540505,500.0,866.025404,1000.0,W
2,3701.276399047367,500.0,866.025404,1000.0,T
2,3709.805305436104,102.3189,167.0796,5.0,D
2,3735.385030436104,-102.3189,167.0796,5.0,T
2,3735.4814887690336,-114.3748,159.0796,5.0,D
2,3764.0751762690334,114.3747,159.0796,5.0,T
2,3764.1627630925605,124.7962,151.0796,5.0,D
2,3795.3618130925606,-124.7962,151.0796,5.0,T
2,3795.4427141226433,-133.921,143.0796,5.0,D
2,3828.9229641226434,133.921,143.0796,5.0,T
2,3828.998710552735,141.9891,135.0796,5.0,D
2,3864.4959855527345,-141.9891,135.0796,5.0,T
2,3864.567677147683,-149.1754,127.0796,5.0,D
2,3901.861527147683,149.1754,127.0796,5.0,T
2,3901.929975233526,155.6109,119.0796,5.0,D
2,3940.832700233526,-155.6109,119.0796,5.0,T
2,3940.8985164989963,-161.3958,111.0796,5.0,D
2,3981.247466498996,161.3958,111.0796,5.0,T
2,3981.3111200557614,166.6078,103.0796,5.0,D
2,4000.414457555761,13.7811,103.0796,5.0,T
2,4000.6095888832806,41.9363,95.0796,5.0,D
2,4016.781113883281,171.3085,95.0796,5.0,T
2,4016.8414711254827,175.5473,87.0796,5.0,D
2,4031.696121125483,56.7101,87.0796,5.0,T
2,4031.7858395381204,67.5319,79.0796,5.0,D
2,4045.7585020381207,179.3132,79.0796,5.0,T
2,4045.8161144537926,182.5815,71.0796,5.0,D
2,4059.1625269537926,75.8102,71.0796,5.0,T
2,4059.2324314657944,82.5888,63.0796,5.0,D
2,4072.0945064657944,185.4854,63.0796,5.0,T
2,4072.152759711068,189.0,55.0796,5.0,D
2,4084.7588722110677,88.1511,55.0796,5.0,T
2,4084.820198544364,92.6921,47.0796,5.0,D
2,4098.492586044364,202.0712,47.0796,5.0,T
2,4098.569725530157,210.431,39.0796,5.0,D
2,4112.829950530157,96.3492,39.0796,5.0,T
2,4112.8866131850145,99.2197,31.0796,5.0,D
2,4127.522363185015,216.3057,31.0796,5.0,T
2,4127.581973191051,220.2995,23.0796,5.0,D
2,4142.4477606910505,101.3732,23.0796,5.0,T
2,4142.502004235055,102.8575,15.0796,5.0,D
2,4157.526904235056,223.0567,15.0796,5.0,T
2,4157.581113679087,224.5127,7.0796,5.0,D
2,4172.682138679087,103.7045,7.0796,5.0,T
2,4172.73549349743,103.9316,-0.9204,5.0,D
2,4187.85925599743,224.9217,-0.9204,5.0,T
2,4187.912735896977,224.3282,-8.9204,5.0,D
2,4203.010735896977,103.5442,-8.9204,5.0,T
2,4203.064491173262,102.5359,-16.9204,5.0,D
2,4218.058528673262,222.4882,-16.9204,5.0,T
2,4218.115409042709,219.5224,-24.9204,5.0,D
2,4232.9447715427095,100.8875,-24.9204,5.0,T
2,4233.000304132141,98.5665,-32.9204,5.0,D
2,4247.56426663214,215.0782,-32.9204,5.0,T
2,4247.631796490412,208.8648,-40.9204,5.0,D
2,4261.799446490412,95.5236,-40.9204,5.0,T
2,4261.858592371516,91.6882,-48.9204,5.0,D
2,4275.360229871516,199.7013,-48.9204,5.0,T
2,4275.4571202446095,187.5677,-56.9204,5.0,D
2,4288.03275774461,86.9626,-56.9204,5.0,T
2,4288.098450788682,81.2093,-64.9204,5.0,D
2,4301.055475788682,184.8655,-64.9204,5.0,T
2,4301.112493133162,181.8411,-72.9204,5.0,D
2,4314.580793133162,74.0947,-72.9204,5.0,T
2,4314.660553556653,65.1987,-80.9204,5.0,D
2,4328.8165410566535,178.4466,-80.9204,5.0,T
2,4328.875565288588,174.6536,-88.9204,5.0,D
2,4343.9779152885885,53.8348,-88.9204,5.0,T
2,4344.099133203516,37.5066,-96.9204,5.0,D
2,4360.699408203517,170.3088,-96.9204,5.0,T
2,4370.188550323268,500.0,866.025404,1000.0,W
2,5794.108259046748,500.0,866.025404,1000.0,T
2,5802.626582061258,95.0796,171.3085,7.0,D
2,5818.798107061258,95.0796,41.9363,7.0,T
2,5818.993239671342,103.0796,13.7809,7.0,D
2,5838.096602171342,103.0796,166.6078,7.0,T
2,5838.160255364195,111.0796,161.3959,7.0,D
2,5878.509217864195,111.0796,-161.3958,7.0,T
2,5878.575034129665,119.0796,-155.6109,7.0,D
2,5917.477759129665,119.0796,155.6109,7.0,T
2,5917.546207215508,127.0796,149.1754,7.0,D
2,5954.840057215508,127.0796,-149.1754,7.0,T
2,5954.911748810456,135.0796,-141.9891,7.0,D
2,5990.409023810456,135.0796,141.9891,7.0,T
2,5990.484769767151,143.0796,133.9211,7.0,D
2,6023.965057267151,143.0796,-133.9212,7.0,T
2,6024.045959299813,151.0796,-124.7962,7.0,D
2,6055.244996799813,151.0796,124.7961,7.0,T
2,6055.332582565701,159.0796,114.3748,7.0,D
2,6083.926282565701,159.0796,-114.3748,7.0,T
2,6084.02274089863,167.0796,-102.3189,7.0,D
2,6109.60245339863,167.0796,102.3188,7.0,T
2,6109.711375963916,175.0796,88.073,7.0,D
2,6131.729625963916,175.0796,-88.073,7.0,T
2,6131.862358916201,183.0796,-69.841,7.0,D
2,6149.322608916201,183.0796,69.841,7.0,T
2,6149.441094315254,191.0796,53.9705,7.0,D
2,6162.9330568152545,191.0796,-53.9652,7.0,T
2,6162.994719988579,199.0796,-49.3227,7.0,D
2,6175.326494988579,199.0796,49.3315,7.0,T
2,6175.3958615638185,207.0796,42.6784,7.0,D
2,6186.063699063819,207.0796,-42.6643,7.0,T
2,6186.1477197973045,215.0796,-32.9258,7.0,D
2,6194.380832297305,215.0796,32.9391,7.0,T
2,6194.511584689321,223.0796,15.032,7.0,D
2,6198.264622189322,223.0796,-14.9923,7.0,T
2,6207.305089489677,500.0,866.025404,1000.0,W
2,6831.060238683663,500.0,866.025404,1000.0,T
2,6839.5684216577865,102.3189,167.0796,9.0,D
2,6865.148134157786,-102.3188,167.0796,9.0,T
2,6865.244591935225,-114.3746,159.0796,9.0,D
2,6893.838254435225,114.3747,159.0796,9.0,T
2,6893.925841258752,124.7962,151.0796,9.0,D
2,6925.124878758752,-124.7961,151.0796,9.0,T
2,6925.205780791414,-133.9211,143.0796,9.0,D
2,6958.686055791414,133.9211,143.0796,9.0,T
2,6958.761801748109,141.9891,135.0796,9.0,D
2,6994.259076748109,-141.9891,135.0796,9.0,T
2,6994.330768343057,-149.1754,127.0796,9.0,D
2,7031.624618343057,149.1754,127.0796,9.0,T
2,7031.693066428899,155.6109,119.0796,9.0,D
2,7070.595791428899,-155.6109,119.0796,9.0,T
2,7070.6616073037285,-161.3957,111.0796,9.0,D
2,7111.010544803728,161.3958,111.0796,9.0,T
2,7111.074198360494,166.6078,103.0796,9.0,D
2,7130.177548360494,13.781,103.0796,9.0,T
2,7130.372680329296,41.9363,95.0796,9.0,D
2,7146.544205329296,171.3085,95.0796,9.0,T
2,7146.604562259375,175.5472,87.0796,9.0,D
2,7161.459212259374,56.71,87.0796,9.0,T
2,7161.54893174419,67.532,79.0796,9.0,D
2,7175.5215817441895,179.3132,79.0796,9.0,T
2,7175.579193907735,182.5814,71.0796,9.0,D
2,7188.925593907736,75.8102,71.0796,9.0,T
2,7188.9954984197375,82.5888,63.0796,9.0,D
2,7201.8575734197375,185.4854,63.0796,9.0,T
2,7201.915826665011,189.0,55.0796,9.0,D
2,7214.521939165011,88.1511,55.0796,9.0,T
2,7214.583265827405,92.6922,47.0796,9.0,D
2,7228.258228327405,202.0919,47.0796,9.0,T
2,7228.335359143844,210.4499,39.0796,9.0,D
2,7242.597959143844,96.3491,39.0796,9.0,T
2,7242.654622023858,99.2197,31.0796,9.0,D
2,7257.289509523858,216.2988,31.0796,9.0,T
2,7257.34918279165,220.3138,23.0796,9.0,D
2,7272.2167702916495,101.3731,23.0796,9.0,T
2,7272.271013957275,102.8575,15.0796,9.0,D
2,7287.296988957274,223.0653,15.0796,9.0,T
2,7287.351201746844,224.5241,7.0796,9.0,D
2,7302.453651746843,103.7045,7.0796,9.0,T
2,7302.507006565186,103.9316,-0.9204,9.0,D
2,7317.632119065186,224.9325,-0.9204,9.0,T
2,7317.685608332579,224.3203,-8.9204,9.0,D
2,7332.782620832579,103.5442,-8.9204,9.0,T
2,7332.836376108863,102.5359,-16.9204,9.0,D
2,7347.831513608863,222.497,-16.9204,9.0,T
2,7347.888395137085,219.5307,-24.9204,9.0,D
2,7362.718795137085,100.8875,-24.9204,9.0,T
2,7362.774327726516,98.5665,-32.9204,9.0,D
2,7377.339152726516,215.0851,-32.9204,9.0,T
2,7377.4067308673075,208.8599,-40.9204,9.0,D
2,7391.5737808673075,95.5235,-40.9204,9.0,T
2,7391.632926172011,91.6883,-48.9204,9.0,D
2,7405.134238672011,199.6988,-48.9204,9.0,T
2,7405.231115131073,187.5677,-56.9204,9.0,D
2,7417.806752631073,86.9626,-56.9204,9.0,T
2,7417.872445675146,81.2093,-64.9204,9.0,D
2,7430.829470675146,184.8655,-64.9204,9.0,T
2,7430.886488255378,181.841,-72.9204,9.0,D
2,7444.354775755378,74.0947,-72.9204,9.0,T
2,7444.434536178869,65.1987,-80.9204,9.0,D
2,7458.590523678869,178.4466,-80.9204,9.0,T
2,7458.6495476252,174.6537,-88.9204,9.0,D
2,7473.7518976252,53.8349,-88.9204,9.0,T
2,7473.873116138801,37.5066,-96.9204,9.0,D
2,7490.4733786388015,170.3087,-96.9204,9.0,T
2,7499.943898921909,500.0,866.025404,1000.0,W
2,8923.783351302014,500.0,866.025404,1000.0,T
2,8932.280966933706,95.0796,171.3085,11.0,D
2,8948.452491933705,95.0796,41.9363,11.0,T
2,8948.64762454379,103.0796,13.7809,11.0,D
2,8967.75098704379,103.0796,166.6078,11.0,T
2,8967.814640236644,111.0796,161.3959,11.0,D
2,9008.163602736644,111.0796,-161.3958,11.0,T
2,9008.229419002115,119.0796,-155.6109,11.0,D
2,9047.132144002115,119.0796,155.6109,11.0,T
2,9047.200592087958,127.0796,149.1754,11.0,D
2,9084.494442087958,127.0796,-149.1754,11.0,T
2,9084.566133682907,135.0796,-141.9891,11.0,D
2,9120.063408682907,135.0796,141.9891,11.0,T
2,9120.1391546396,143.0796,133.9211,11.0,D
2,9153.619442139601,143.0796,-133.9212,11.0,T
2,9153.700344172263,151.0796,-124.7962,11.0,D
2,9184.899381672263,151.0796,124.7961,11.0,T
2,9184.986967438152,159.0796,114.3748,11.0,D
2,9213.580667438151,159.0796,-114.3748,11.0,T
2,9213.67712577108,167.0796,-102.3189,11.0,D
2,9239.256838271082,167.0796,102.3188,11.0,T
2,9239.365760836366,175.0796,88.073,11.0,D
2,9261.384010836367,175.0796,-88.073,11.0,T
2,9261.516743788652,183.0796,-69.841,11.0,D
2,9278.976993788652,183.0796,69.841,11.0,T
2,9279.095479187707,191.0796,53.9705,11.0,D
2,9292.587441687705,191.0796,-53.9652,11.0,T
2,9292.64910486103,199.0796,-49.3227,11.0,D
2,9304.98087986103,199.0796,49.3315,11.0,T
2,9305.050246436269,207.0796,42.6784,11.0,D
2,9315.71808393627,207.0796,-42.6643,11.0,T
2,9315.802104669756,215.0796,-32.9258,11.0,D
2,9324.035217169756,215.0796,32.9391,11.0,T
2,9324.165969561773,223.0796,15.032,11.0,D
2,9327.919007061773,223.0796,-14.9923,11.0,T
2,9336.93996562798,500.0,866.025404,1000.0,W
2,9960.614869434605,500.0,866.025404,1000.0,T
2,9969.102362178444,102.3189,167.0796,13.0,D
2,9994.682074678445,-102.3188,167.0796,13.0,T
2,9994.778532455884,-114.3746,159.0796,13.0,D
2,10023.372194955884,114.3747,159.0796,13.0,T
2,10023.459781779411,124.7962,151.0796,13.0,D
2,10054.658819279412,-124.7961,151.0796,13.0,T
2,10054.739721312073,-133.9211,143.0796,13.0,D
2,10088.219996312075,133.9211,143.0796,13.0,T
2,10088.295742268769,141.9891,135.0796,13.0,D
2,10123.793017268768,-141.9891,135.0796,13.0,T
2,10123.864708863717,-149.1754,127.0796,13.0,D
2,10161.158558863717,149.1754,127.0796,13.0,T
2,10161.22700694956,155.6109,119.0796,13.0,D
2,10200.12973194956,-155.6109,119.0796,13.0,T
2,10200.19554782439,-161.3957,111.0796,13.0,D
2,10240.54448532439,161.3958,111.0796,13.0,T
2,10240.608138881154,166.6078,103.0796,13.0,D
2,10259.711488881156,13.781,103.0796,13.0,T
2,10259.906620849957,41.9363,95.0796,13.0,D
2,10276.078145849957,171.3085,95.0796,13.0,T
2,10276.138502780035,175.5472,87.0796,13.0,D
2,10290.993152780035,56.71,87.0796,13.0,T
2,10291.08287226485,67.532,79.0796,13.0,D
2,10305.05552226485,179.3132,79.0796,13.0,T
2,10305.113134428397,182.5814,71.0796,13.0,D
2,10318.459534428397,75.8102,71.0796,13.0,T
2,10318.529438940399,82.5888,63.0796,13.0,D
2,10331.3915139404,185.4854,63.0796,13.0,T
2,10331.449767185673,189.0,55.0796,13.0,D
2,10344.055879685673,88.1511,55.0796,13.0,T
2,10344.117206348068,92.6922,47.0796,13.0,D
2,10357.792168848067,202.0919,47.0796,13.0,T
2,10357.869299664506,210.4499,39.0796,13.0,D
2,10372.131899664506,96.3491,39.0796,13.0,T
2,10372.188562544521,99.2197,31.0796,13.0,D
2,10386.823450044521,216.2988,31.0796,13.0,T
2,10386.883123312313,220.3138,23.0796,13.0,D
2,10401.750710812314,101.3731,23.0796,13.0,T
2,10401.804954477939,102.8575,15.0796,13.0,D
2,10416.83092947794,223.0653,15.0796,13.0,T
2,10416.885142267509,224.5241,7.0796,13.0,D
2,10431.98759226751,103.7045,7.0796,13.0,T
2,10432.040947085852,103.9316,-0.9204,13.0,D
2,10447.166059585852,224.9325,-0.9204,13.0,T
2,10447.219548853245,224.3203,-8.9204,13.0,D
2,10462.316561353246,103.5442,-8.9204,13.0,T
2,10462.37031662953,102.5359,-16.9204,13.0,D
2,10477.365454129531,222.497,-16.9204,13.0,T
2,10477.422335657753,219.5307,-24.9204,13.0,D
2,10492.252735657754,100.8875,-24.9204,13.0,T
2,10492.308268247185,98.5665,-32.9204,13.0,D
2,10506.873093247184,215.0851,-32.9204,13.0,T
2,10506.940671387976,208.8599,-40.9204,13.0,D
2,10521.107721387976,95.5235,-40.9204,13.0,T
2,10521.16686669268,91.6883,-48.9204,13.0,D
2,10534.66817919268,199.6988,-48.9204,13.0,T
2,10534.765055651742,187.5677,-56.9204,13.0,D
2,10547.340693151742,86.9626,-56.9204,13.0,T
2,10547.406386195815,81.2093,-64.9204,13.0,D
2,10560.363411195814,184.8655,-64.9204,13.0,T
2,10560.420428776048,181.841,-72.9204,13.0,D
2,10573.888716276047,74.0947,-72.9204,13.0,T
2,10573.96847669954,65.1987,-80.9204,13.0,D
2,10588.12446419954,178.4466,-80.9204,13.0,T
2,10588.18348814587,174.6537,-88.9204,13.0,D
2,10603.28583814587,53.8349,-88.9204,13.0,T
2,10603.407056659471,37.5066,-96.9204,13.0,D
2,10620.007319159471,170.3087,-96.9204,13.0,T
2,10629.459255997406,500.0,866.025404,1000.0,W
2,12053.218730230132,500.0,866.025404,1000.0,T
2,12061.695671782994,95.0796,171.3085,15.0,D
2,12077.867196782994,95.0796,41.9363,15.0,T
2,12078.062329393078,103.0796,13.7809,15.0,D
2,12097.165691893078,103.0796,166.6078,15.0,T
2,12097.229345085932,111.0796,161.3959,15.0,D
2,12137.578307585933,111.0796,-161.3958,15.0,T
2,12137.644123851403,119.0796,-155.6109,15.0,D
2,12176.546848851403,119.0796,155.6109,15.0,T
2,12176.615296937247,127.0796,149.1754,15.0,D
2,12213.909146937247,127.0796,-149.1754,15.0,T
2,12213.980838532196,135.0796,-141.9891,15.0,D
2,12249.478113532195,135.0796,141.9891,15.0,T
2,12249.55385948889,143.0796,133.9211,15.0,D
2,12283.03414698889,143.0796,-133.9212,15.0,T
2,12283.115049021551,151.0796,-124.7962,15.0,D
2,12314.314086521552,151.0796,124.7961,15.0,T
2,12314.40167228744,159.0796,114.3748,15.0,D
2,12342.99537228744,159.0796,-114.3748,15.0,T
2,12343.09183062037,167.0796,-102.3189,15.0,D
2,12368.67154312037,167.0796,102.3188,15.0,T
2,12368.780465685655,175.0796,88.073,15.0,D
2,12390.798715685656,175.0796,-88.073,15.0,T
2,12390.93144863794,183.0796,-69.841,15.0,D
2,12408.39169863794,183.0796,69.841,15.0,T
2,12408.510184036995,191.0796,53.9705,15.0,D
2,12422.002146536994,191.0796,-53.9652,15.0,T
2,12422.063809710318,199.0796,-49.3227,15.0,D
2,12434.395584710319,199.0796,49.3315,15.0,T
2,12434.464951285558,207.0796,42.6784,15.0,D
2,12445.132788785559,207.0796,-42.6643,15.0,T
2,12445.216809519045,215.0796,-32.9258,15.0,D
2,12453.449922019045,215.0796,32.9391,15.0,T
2,12453.580674411061,223.0796,15.032,15.0,D
2,12457.333711911062,223.0796,-14.9923,15.0,T
2,12466.33519846162,500.0,866.025404,1000.0,W
2,13089.929995879042,500.0,866.025404,1000.0,T
2,13098.3968318202,102.3189,167.0796,17.0,D
2,13123.976544320201,-102.3188,167.0796,17.0,T
2,13124.07300209764,-114.3746,159.0796,17.0,D
2,13152.66666459764,114.3747,159.0796,17.0,T
2,13152.754251421167,124.7962,151.0796,17.0,D
2,13183.953288921168,-124.7961,151.0796,17.0,T
2,13184.03419095383,-133.9211,143.0796,17.0,D
2,13217.514465953831,133.9211,143.0796,17.0,T
2,13217.590211910525,141.9891,135.0796,17.0,D
2,13253.087486910525,-141.9891,135.0796,17.0,T
2,13253.159178505473,-149.1754,127.0796,17.0,D
2,13290.453028505473,149.1754,127.0796,17.0,T
2,13290.521476591317,155.6109,119.0796,17.0,D
2,13329.424201591317,-155.6109,119.0796,17.0,T
2,13329.490017466147,-161.3957,111.0796,17.0,D
2,13369.838954966146,161.3958,111.0796,17.0,T
2,13369.90260852291,166.6078,103.0796,17.0,D
2,13389.005958522912,13.781,103.0796,17.0,T
2,13389.201090491713,41.9363,95.0796,17.0,D
2,13405.372615491713,171.3085,95.0796,17.0,T
2,13405.432972421791,175.5472,87.0796,17.0,D
2,13420.28762242179,56.71,87.0796,17.0,T
2,13420.377341906606,67.532,79.0796,17.0,D
2,13434.349991906607,179.3132,79.0796,17.0,T
2,13434.407604070153,182.5814,71.0796,17.0,D
2,13447.754004070153,75.8102,71.0796,17.0,T
2,13447.823908582155,82.5888,63.0796,17.0,D
2,13460.685983582156,185.4854,63.0796,17.0,T
2,13460.74423682743,189.0,55.0796,17.0,D
2,13473.35034932743,88.1511,55.0796,17.0,T
2,13473.411675989824,92.6922,47.0796,17.0,D
2,13487.086638489824,202.0919,47.0796,17.0,T
2,13487.163769306262,210.4499,39.0796,17.0,D
2,13501.426369306262,96.3491,39.0796,17.0,T
2,13501.483032186277,99.2197,31.0796,17.0,D
2,13516.117919686278,216.2988,31.0796,17.0,T
2,13516.177592954069,220.3138,23.0796,17.0,D
2,13531.04518045407,101.3731,23.0796,17.0,T
2,13531.099424119695,102.8575,15.0796,17.0,D
2,13546.125399119695,223.0653,15.0796,17.0,T
2,13546.179611909265,224.5241,7.0796,17.0,D
2,13561.282061909265,103.7045,7.0796,17.0,T
2,13561.335416727608,103.9316,-0.9204,17.0,D
2,13576.460529227608,224.9325,-0.9204,17.0,T
2,13576.514018495001,224.3203,-8.9204,17.0,D
2,13591.611030995002,103.5442,-8.9204,17.0,T
2,13591.664786271287,102.5359,-16.9204,17.0,D
2,13606.659923771287,222.497,-16.9204,17.0,T
2,13606.71680529951,219.5307,-24.9204,17.0,D
2,13621.54720529951,100.8875,-24.9204,17.0,T
2,13621.602737888941,98.5665,-32.9204,17.0,D
2,13636.16756288894,215.0851,-32.9204,17.0,T
2,13636.235141029732,208.8599,-40.9204,17.0,D
2,13650.402191029732,95.5235,-40.9204,17.0,T
2,13650.461336334436,91.6883,-48.9204,17.0,D
2,13663.962648834437,199.6988,-48.9204,17.0,T
2,13664.059525293498,187.5677,-56.9204,17.0,D
2,13676.635162793498,86.9626,-56.9204,17.0,T
2,13676.700855837571,81.2093,-64.9204,17.0,D
2,13689.65788083757,184.8655,-64.9204,17.0,T
2,13689.714898417804,181.841,-72.9204,17.0,D
2,13703.183185917804,74.0947,-72.9204,17.0,T
2,13703.262946341296,65.1987,-80.9204,17.0,D
2,13717.418933841296,178.4466,-80.9204,17.0,T
2,13717.477957787627,174.6537,-88.9204,17.0,D
2,13732.580307787626,53.8349,-88.9204,17.0,T
2,13732.701526301227,37.5066,-96.9204,17.0,D
2,13749.301788801227,170.3087,-96.9204,17.0,T
2,13758.73518096768,500.0,866.025404,1000.0,W
2,15182.414818148356,500.0,866.025404,1000.0,T
2,15190.871119170642,95.0796,171.3085,19.0,D
2,15207.042644170644,95.0796,41.9363,19.0,T
2,15207.237776780728,103.0796,13.7809,19.0,D
2,15226.341139280728,103.0796,166.6078,19.0,T
2,15226.404792473582,111.0796,161.3959,19.0,D
2,15266.753754973583,111.0796,-161.3958,19.0,T
2,15266.819571239053,119.0796,-155.6109,19.0,D
2,15305.722296239053,119.0796,155.6109,19.0,T
2,15305.790744324897,127.0796,149.1754,19.0,D
2,15343.084594324897,127.0796,-149.1754,19.0,T
2,15343.156285919846,135.0796,-141.9891,19.0,D
2,15378.653560919845,135.0796,141.9891,19.0,T
2,15378.72930687654,143.0796,133.9211,19.0,D
2,15412.20959437654,143.0796,-133.9212,19.0,T
2,15412.290496409201,151.0796,-124.7962,19.0,D
2,15443.489533909202,151.0796,124.7961,19.0,T
2,15443.57711967509,159.0796,114.3748,19.0,D
2,15472.17081967509,159.0796,-114.3748,19.0,T
2,15472.26727800802,167.0796,-102.3189,19.0,D
2,15497.84699050802,167.0796,102.3188,19.0,T
2,15497.955913073305,175.0796,88.073,19.0,D
2,15519.974163073306,175.0796,-88.073,19.0,T
2,15520.10689602559,183.0796,-69.841,19.0,D
2,15537.56714602559,183.0796,69.841,19.0,T
2,15537.685631424645,191.0796,53.9705,19.0,D
2,15551.177593924644,191.0796,-53.9652,19.0,T
2,15551.239257097968,199.0796,-49.3227,19.0,D
2,15563.571032097969,199.0796,49.3315,19.0,T
2,15563.640398673208,207.0796,42.6784,19.0,D
2,15574.308236173209,207.0796,-42.6643,19.0,T
2,15574.392256906694,215.0796,-32.9258,19.0,D
2,15582.625369406695,215.0796,32.9391,19.0,T
2,15582.756121798711,223.0796,15.032,19.0,D
2,15586.509159298712,223.0796,-14.9923,19.0,T
2,15595.491210790926,500.0,866.025404,1000.0,W
2,16219.006041768287,500.0,866.025404,1000.0,T
2,16227.452254579632,102.3189,167.0796,21.0,D
2,16253.03196707963,-102.3188,167.0796,21.0,T
2,16253.12842485707,-114.3746,159.0796,21.0,D
2,16281.72208735707,114.3747,159.0796,21.0,T
2,16281.809674180597,124.7962,151.0796,21.0,D
2,16313.008711680597,-124.7961,151.0796,21.0,T
2,16313.089613713259,-133.9211,143.0796,21.0,D
2,16346.56988871326,133.9211,143.0796,21.0,T
2,16346.645634669954,141.9891,135.0796,21.0,D
2,16382.142909669954,-141.9891,135.0796,21.0,T
2,16382.214601264903,-149.1754,127.0796,21.0,D
2,16419.5084512649,149.1754,127.0796,21.0,T
2,16419.576899350744,155.6109,119.0796,21.0,D
2,16458.479624350744,-155.6109,119.0796,21.0,T
2,16458.545440225575,-161.3957,111.0796,21.0,D
2,16498.894377725574,161.3958,111.0796,21.0,T
2,16498.95803128234,166.6078,103.0796,21.0,D
2,16518.06138128234,13.781,103.0796,21.0,T
2,16518.25651325114,41.9363,95.0796,21.0,D
2,16534.428038251142,171.3085,95.0796,21.0,T
2,16534.48839518122,175.5472,87.0796,21.0,D
2,16549.34304518122,56.71,87.0796,21.0,T
2,16549.432764666035,67.532,79.0796,21.0,D
2,16563.405414666035,179.3132,79.0796,21.0,T
2,16563.46302682958,182.5814,71.0796,21.0,D
2,16576.80942682958,75.8102,71.0796,21.0,T
2,16576.87933134158,82.5888,63.0796,21.0,D
2,16589.74140634158,185.4854,63.0796,21.0,T
2,16589.799659586854,189.0,55.0796,21.0,D
2,16602.405772086855,88.1511,55.0796,21.0,T
2,16602.46709874925,92.6922,47.0796,21.0,D
2,16616.14206124925,202.0919,47.0796,21.0,T
2,16616.219192065688,210.4499,39.0796,21.0,D
2,16630.48179206569,96.3491,39.0796,21.0,T
2,16630.538454945705,99.2197,31.0796,21.0,D
2,16645.173342445705,216.2988,31.0796,21.0,T
2,16645.233015713497,220.3138,23.0796,21.0,D
2,16660.100603213497,101.3731,23.0796,21.0,T
2,16660.154846879122,102.8575,15.0796,21.0,D
2,16675.180821879123,223.0653,15.0796,21.0,T
2,16675.23503466869,224.5241,7.0796,21.0,D
2,16690.337484668693,103.7045,7.0796,21.0,T
2,16690.390839487038,103.9316,-0.9204,21.0,D
2,16705.515951987036,224.9325,-0.9204,21.0,T
2,16705.56944125443,224.3203,-8.9204,21.0,D
2,16720.666453754427,103.5442,-8.9204,21.0,T
2,16720.72020903071,102.5359,-16.9204,21.0,D
2,16735.715346530713,222.497,-16.9204,21.0,T
2,16735.772228058933,219.5307,-24.9204,21.0,D
2,16750.602628058936,100.8875,-24.9204,21.0,T
2,16750.658160648367,98.5665,-32.9204,21.0,D
2,16765.22298564837,215.0851,-32.9204,21.0,T
2,16765.29056378916,208.8599,-40.9204,21.0,D
2,16779.45761378916,95.5235,-40.9204,21.0,T
2,16779.51675909386,91.6883,-48.9204,21.0,D
2,16793.018071593862,199.6988,-48.9204,21.0,T
2,16793.114948052924,187.5677,-56.9204,21.0,D
2,16805.690585552926,86.9626,-56.9204,21.0,T
2,16805.756278597,81.2093,-64.9204,21.0,D
2,16818.713303597,184.8655,-64.9204,21.0,T
2,16818.77032117723,181.841,-72.9204,21.0,D
2,16832.23860867723,74.0947,-72.9204,21.0,T
2,16832.31836910072,65.1987,-80.9204,21.0,D
2,16846.474356600724,178.4466,-80.9204,21.0,T
2,16846.533380547055,174.6537,-88.9204,21.0,D
2,16861.635730547056,53.8349,-88.9204,21.0,T
2,16861.756949060655,37.5066,-96.9204,21.0,D
2,16878.357211560655,170.3087,-96.9204,21.0,T
2,16887.772098058434,500.0,866.025404,1000.0,W
2,18311.378143700367,500.0,866.025404,1000.0,T
2,18319.81383762057,95.0796,171.3086,23.0,D
2,18335.985375120574,95.0796,41.9363,23.0,T
2,18336.180507730656,103.0796,13.7809,23.0,D
2,18355.283857730657,103.0796,166.6077,23.0,T
2,18355.34751092351,111.0796,161.3958,23.0,D
2,18395.69646092351,111.0796,-161.3958,23.0,T
2,18395.76227679834,119.0796,-155.611,23.0,D
2,18434.66501429834,119.0796,155.6109,23.0,T
2,18434.733462384185,127.0796,149.1754,23.0,D
2,18472.027312384183,127.0796,-149.1754,23.0,T
2,18472.099003979132,135.0796,-141.9891,23.0,D
2,18507.59627897913,135.0796,141.9891,23.0,T
2,18507.672024935826,143.0796,133.9211,23.0,D
2,18541.152299935824,143.0796,-133.9211,23.0,T
2,18541.233201467196,151.0796,-124.7962,23.0,D
2,18572.432251467195,151.0796,124.7962,23.0,T
2,18572.519838290722,159.0796,114.3747,23.0,D
2,18601.113513290722,159.0796,-114.3747,23.0,T
2,18601.209972179146,167.0796,-102.3187,23.0,D
2,18626.789672179144,167.0796,102.3189,23.0,T
2,18626.89859532571,175.0796,88.073,23.0,D
2,18648.91684532571,175.0796,-88.073,23.0,T
2,18649.04957888848,183.0796,-69.8409,23.0,D
2,18666.50981638848,183.0796,69.841,23.0,T
2,18666.62827797574,191.0796,53.9745,23.0,D
2,18680.120740475737,191.0796,-53.9652,23.0,T
2,18680.182421056255,199.0796,-49.3175,23.0,D
2,18692.516408556254,199.0796,49.3544,23.0,T
2,18692.585695909678,207.0796,42.7199,23.0,D
2,18703.259220909677,207.0796,-42.6683,23.0,T
2,18703.343273070506,215.0796,-32.9237,23.0,D
2,18711.582410570507,215.0796,32.9894,23.0,T
2,18711.714177202088,223.0796,14.9158,23.0,D
2,18715.444177202087,223.0796,-14.9242,23.0,T
2,18724.40653332267,500.0,866.025404,1000.0,W
2,19347.831474196344,500.0,866.025404,1000.0,T
2,19356.257098217542,102.3187,167.0796,25.0,D
2,19381.836798217544,-102.3189,167.0796,25.0,T
2,19381.933255439493,-114.3746,159.0796,25.0,D
2,19410.526917939493,114.3747,159.0796,25.0,T
2,19410.61450476302,124.7962,151.0796,25.0,D
2,19441.81354226302,-124.7961,151.0796,25.0,T
2,19441.89444379439,-133.921,143.0796,25.0,D
2,19475.37469379439,133.921,143.0796,25.0,T
2,19475.450440224482,141.9891,135.0796,25.0,D
2,19510.947715224484,-141.9891,135.0796,25.0,T
2,19511.019406819432,-149.1754,127.0796,25.0,D
2,19548.31325681943,149.1754,127.0796,25.0,T
2,19548.381704905274,155.6109,119.0796,25.0,D
2,19587.284429905274,-155.6109,119.0796,25.0,T
2,19587.350246170743,-161.3958,111.0796,25.0,D
2,19627.699183670746,161.3957,111.0796,25.0,T
2,19627.76283795535,166.6079,103.0796,25.0,D
2,19646.86621295535,13.7809,103.0796,25.0,T
2,19647.06134556543,41.9363,95.0796,25.0,D
2,19663.232870565433,171.3085,95.0796,25.0,T
2,19663.293227807633,175.5473,87.0796,25.0,D
2,19678.147877807634,56.7101,87.0796,25.0,T
2,19678.23759622027,67.5319,79.0796,25.0,D
2,19692.21025872027,179.3132,79.0796,25.0,T
2,19692.267870883818,182.5814,71.0796,25.0,D
2,19705.61425838382,75.8103,71.0796,25.0,T
2,19705.68416289582,82.5889,63.0796,25.0,D
2,19718.54622539582,185.4854,63.0796,25.0,T
2,19718.604478909245,189.0001,55.0796,25.0,D
2,19731.210603909247,88.1511,55.0796,25.0,T
2,19731.271930571642,92.6922,47.0796,25.0,D
2,19744.951868071643,202.1317,47.0796,25.0,T
2,19745.02895603606,210.4808,39.0796,25.0,D
2,19759.29540603606,96.3492,39.0796,25.0,T
2,19759.35206846577,99.2196,31.0796,25.0,D
2,19773.982743465767,216.265,31.0796,25.0,T
2,19774.042604789305,220.3425,23.0796,25.0,D
2,19788.913779789305,101.3731,23.0796,25.0,T
2,19788.96802345493,102.8575,15.0796,25.0,D
2,19803.99066095493,223.0386,15.0796,25.0,T
2,19804.04490340471,224.522,7.0796,25.0,D
2,19819.14710340471,103.7044,7.0796,25.0,T
2,19819.200458241976,103.9316,-0.9204,25.0,D
2,19834.328258241974,224.954,-0.9204,25.0,T
2,19834.381769819604,224.2994,-8.9204,25.0,D
2,19849.476157319605,103.5443,-8.9204,25.0,T
2,19849.52991267926,102.5359,-16.9204,25.0,D
2,19864.52508767926,222.4973,-16.9204,25.0,T
2,19864.581932211917,219.547,-24.9204,25.0,D
2,19879.414369711914,100.8875,-24.9204,25.0,T
2,19879.469902487104,98.5664,-32.9204,25.0,D
2,19894.034077487107,215.0798,-32.9204,25.0,T
2,19894.10168839426,208.8466,-40.9204,25.0,D
2,19908.267075894262,95.5235,-40.9204,25.0,T
2,19908.32622148716,91.6882,-48.9204,25.0,D
2,19921.826421487163,199.6898,-48.9204,25.0,T
2,19921.923247862913,187.5677,-56.9204,25.0,D
2,19934.49889786291,86.9625,-56.9204,25.0,T
2,19934.564590128517,81.2094,-64.9204,25.0,D
2,19947.521602628516,184.8655,-64.9204,25.0,T
2,19947.578619972996,181.8411,-72.9204,25.0,D
2,19961.046919972996,74.0947,-72.9204,25.0,T
2,19961.126680396486,65.1987,-80.9204,25.0,D
2,19975.28266789649,178.4466,-80.9204,25.0,T
2,19975.341692128422,174.6536,-88.9204,25.0,D
2,19990.444042128423,53.8348,-88.9204,25.0,T
2,19990.56525944468,37.5067,-96.9204,25.0,D
2,20007.16550944468,170.3087,-96.9204,25.0,T
2,20016.56192950704,500.0,866.025404,1000.0,W
2,21440.088423290636,500.0,866.025404,1000.0,T
2,21448.50354451666,95.0796,171.3086,27.0,D
2,21464.675082016664,95.0796,41.9363,27.0,T
2,21464.870214626746,103.0796,13.7809,27.0,D
2,21483.973564626747,103.0796,166.6077,27.0,T
2,21484.0372178196,111.0796,161.3958,27.0,D
2,21524.3861678196,111.0796,-161.3958,27.0,T
2,21524.45198369443,119.0796,-155.611,27.0,D
2,21563.35472119443,119.0796,155.6109,27.0,T
2,21563.423169280275,127.0796,149.1754,27.0,D
2,21600.717019280273,127.0796,-149.1754,27.0,T
2,21600.788710875222,135.0796,-141.9891,27.0,D
2,21636.28598587522,135.0796,141.9891,27.0,T
2,21636.361731831916,143.0796,133.9211,27.0,D
2,21669.842006831914,143.0796,-133.9211,27.0,T
2,21669.922908363285,151.0796,-124.7962,27.0,D
2,21701.121958363285,151.0796,124.7962,27.0,T
2,21701.20954518681,159.0796,114.3747,27.0,D
2,21729.80322018681,159.0796,-114.3747,27.0,T
2,21729.899679075235,167.0796,-102.3187,27.0,D
2,21755.479379075234,167.0796,102.3189,27.0,T
2,21755.5883022218,175.0796,88.073,27.0,D
2,21777.6065522218,175.0796,-88.073,27.0,T
2,21777.73928578457,183.0796,-69.8409,27.0,D
2,21795.19952328457,183.0796,69.841,27.0,T
2,21795.31798487183,191.0796,53.9745,27.0,D
2,21808.810447371827,191.0796,-53.9652,27.0,T
2,21808.872127952345,199.0796,-49.3175,27.0,D
2,21821.206115452344,199.0796,49.3544,27.0,T
2,21821.275402805768,207.0796,42.7199,27.0,D
2,21831.948927805766,207.0796,-42.6683,27.0,T
2,21832.032979966596,215.0796,-32.9237,27.0,D
2,21840.272117466597,215.0796,32.9894,27.0,T
2,21840.403884098178,223.0796,14.9158,27.0,D
2,21844.133884098177,223.0796,-14.9242,27.0,T
2,21853.076879153836,500.0,866.025404,1000.0,W
2,22476.422136367346,500.0,866.025404,1000.0,T
2,22484.82720534928,102.3187,167.0796,29.0,D
2,22510.40690534928,-102.3189,167.0796,29.0,T
2,22510.503362571228,-114.3746,159.0796,29.0,D
2,22539.097025071227,114.3747,159.0796,29.0,T
2,22539.184611894754,124.7962,151.0796,29.0,D
2,22570.383649394753,-124.7961,151.0796,29.0,T
2,22570.464550926125,-133.921,143.0796,29.0,D
2,22603.944800926125,133.921,143.0796,29.0,T
2,22604.020547356216,141.9891,135.0796,29.0,D
2,22639.517822356218,-141.9891,135.0796,29.0,T
2,22639.589513951167,-149.1754,127.0796,29.0,D
2,22676.883363951165,149.1754,127.0796,29.0,T
2,22676.95181203701,155.6109,119.0796,29.0,D
2,22715.85453703701,-155.6109,119.0796,29.0,T
2,22715.920353302477,-161.3958,111.0796,29.0,D
2,22756.26929080248,161.3957,111.0796,29.0,T
2,22756.332945087084,166.6079,103.0796,29.0,D
2,22775.436320087083,13.7809,103.0796,29.0,T
2,22775.631452697166,41.9363,95.0796,29.0,D
2,22791.802977697167,171.3085,95.0796,29.0,T
2,22791.863334939368,175.5473,87.0796,29.0,D
2,22806.71798493937,56.7101,87.0796,29.0,T
2,22806.807703352006,67.5319,79.0796,29.0,D
2,22820.780365852006,179.3132,79.0796,29.0,T
2,22820.837978015552,182.5814,71.0796,29.0,D
2,22834.184365515554,75.8103,71.0796,29.0,T
2,22834.254270027555,82.5889,63.0796,29.0,D
2,22847.116332527556,185.4854,63.0796,29.0,T
2,22847.17458604098,189.0001,55.0796,29.0,D
2,22859.78071104098,88.1511,55.0796,29.0,T
2,22859.842037703376,92.6922,47.0796,29.0,D
2,22873.521975203377,202.1317,47.0796,29.0,T
2,22873.599063167796,210.4808,39.0796,29.0,D
2,22887.865513167795,96.3492,39.0796,29.0,T
2,22887.922175597505,99.2196,31.0796,29.0,D
2,22902.5528505975,216.265,31.0796,29.0,T
2,22902.61271192104,220.3425,23.0796,29.0,D
2,22917.48388692104,101.3731,23.0796,29.0,T
2,22917.538130586665,102.8575,15.0796,29.0,D
2,22932.560768086663,223.0386,15.0796,29.0,T
2,22932.615010536443,224.522,7.0796,29.0,D
2,22947.717210536444,103.7044,7.0796,29.0,T
2,22947.77056537371,103.9316,-0.9204,29.0,D
2,22962.89836537371,224.954,-0.9204,29.0,T
2,22962.951876951338,224.2994,-8.9204,29.0,D
2,22978.04626445134,103.5443,-8.9204,29.0,T
2,22978.100019810994,102.5359,-16.9204,29.0,D
2,22993.095194810994,222.4973,-16.9204,29.0,T
2,22993.15203934365,219.547,-24.9204,29.0,D
2,23007.98447684365,100.8875,-24.9204,29.0,T
2,23008.04000961884,98.5664,-32.9204,29.0,D
2,23022.60418461884,215.0798,-32.9204,29.0,T
2,23022.671795525992,208.8466,-40.9204,29.0,D
2,23036.837183025993,95.5235,-40.9204,29.0,T
2,23036.896328618892,91.6882,-48.9204,29.0,D
2,23050.396528618894,199.6898,-48.9204,29.0,T
2,23050.493354994644,187.5677,-56.9204,29.0,D
2,23063.069004994642,86.9625,-56.9204,29.0,T
2,23063.134697260248,81.2094,-64.9204,29.0,D
2,23076.091709760247,184.8655,-64.9204,29.0,T
2,23076.148727104726,181.8411,-72.9204,29.0,D
2,23089.617027104727,74.0947,-72.9204,29.0,T
2,23089.696787528217,65.1987,-80.9204,29.0,D
2,23103.85277502822,178.4466,-80.9204,29.0,T
2,23103.911799260153,174.6536,-88.9204,29.0,D
2,23119.014149260154,53.8348,-88.9204,29.0,T
2,23119.13536657641,37.5067,-96.9204,29.0,D
2,23135.73561657641,170.3087,-96.9204,29.0,T
2,23145.113609668366,500.0,866.025404,1000.0,W
2,24568.560695494532,500.0,866.025404,1000.0,T
2,24576.95527831944,95.0796,171.3086,31.0,D
2,24593.126815819443,95.0796,41.9363,31.0,T
2,24593.321948429526,103.0796,13.7809,31.0,D
2,24612.425298429527,103.0796,166.6077,31.0,T
2,24612.48895162238,111.0796,161.3958,31.0,D
2,24652.83790162238,111.0796,-161.3958,31.0,T
2,24652.90371749721,119.0796,-155.611,31.0,D
2,24691.80645499721,119.0796,155.6109,31.0,T
2,24691.874903083055,127.0796,149.1754,31.0,D
2,24729.168753083053,127.0796,-149.1754,31.0,T
2,24729.240444678002,135.0796,-141.9891,31.0,D
2,24764.737719678,135.0796,141.9891,31.0,T
2,24764.813465634696,143.0796,133.9211,31.0,D
2,24798.293740634694,143.0796,-133.9211,31.0,T
2,24798.374642166065,151.0796,-124.7962,31.0,D
2,24829.573692166065,151.0796,124.7962,31.0,T
2,24829.66127898959,159.0796,114.3747,31.0,D
2,24858.25495398959,159.0796,-114.3747,31.0,T
2,24858.351412878015,167.0796,-102.3187,31.0,D
2,24883.931112878014,167.0796,102.3189,31.0,T
2,24884.04003602458,175.0796,88.073,31.0,D
2,24906.05828602458,175.0796,-88.073,31.0,T
2,24906.19101958735,183.0796,-69.8409,31.0,D
2,24923.65125708735,183.0796,69.841,31.0,T
2,24923.769718674608,191.0796,53.9745,31.0,D
2,24937.262181174607,191.0796,-53.9652,31.0,T
2,24937.323861755125,199.0796,-49.3175,31.0,D
2,24949.657849255123,199.0796,49.3544,31.0,T
2,24949.727136608548,207.0796,42.7199,31.0,D
2,24960.400661608546,207.0796,-42.6683,31.0,T
2,24960.484713769376,215.0796,-32.9237,31.0,D
2,24968.723851269377,215.0796,32.9894,31.0,T
2,24968.855617900957,223.0796,14.9158,31.0,D
2,24972.585617900957,223.0796,-14.9242,31.0,T
2,24981.509289573598,500.0,866.025404,1000.0,W
2,25604.77500597215,500.0,866.025404,1000.0,T
2,25613.159554335525,102.3187,167.0796,33.0,D
2,25638.739254335524,-102.3189,167.0796,33.0,T
2,25638.835711557473,-114.3746,159.0796,33.0,D
2,25667.429374057472,114.3747,159.0796,33.0,T
2,25667.516960881,124.7962,151.0796,33.0,D
2,25698.715998380998,-124.7961,151.0796,33.0,T
2,25698.79689991237,-133.921,143.0796,33.0,D
2,25732.27714991237,133.921,143.0796,33.0,T
2,25732.35289634246,141.9891,135.0796,33.0,D
2,25767.850171342463,-141.9891,135.0796,33.0,T
2,25767.92186293741,-149.1754,127.0796,33.0,D
2,25805.21571293741,149.1754,127.0796,33.0,T
2,25805.284161023254,155.6109,119.0796,33.0,D
2,25844.186886023253,-155.6109,119.0796,33.0,T
2,25844.252702288723,-161.3958,111.0796,33.0,D
2,25884.601639788725,161.3957,111.0796,33.0,T
2,25884.66529407333,166.6079,103.0796,33.0,D
2,25903.768669073328,13.7809,103.0796,33.0,T
2,25903.96380168341,41.9363,95.0796,33.0,D
2,25920.135326683412,171.3085,95.0796,33.0,T
2,25920.195683925613,175.5473,87.0796,33.0,D
2,25935.050333925614,56.7101,87.0796,33.0,T
2,25935.14005233825,67.5319,79.0796,33.0,D
2,25949.11271483825,179.3132,79.0796,33.0,T
2,25949.170327001797,182.5814,71.0796,33.0,D
2,25962.5167145018,75.8103,71.0796,33.0,T
2,25962.5866190138,82.5889,63.0796,33.0,D
2,25975.4486815138,185.4854,63.0796,33.0,T
2,25975.506935027224,189.0001,55.0796,33.0,D
2,25988.113060027226,88.1511,55.0796,33.0,T
2,25988.17438668962,92.6922,47.0796,33.0,D
2,26001.854324189622,202.1317,47.0796,33.0,T
2,26001.93141215404,210.4808,39.0796,33.0,D
2,26016.19786215404,96.3492,39.0796,33.0,T
2,26016.25452458375,99.2196,31.0796,33.0,D
2,26030.885199583747,216.265,31.0796,33.0,T
2,26030.945060907285,220.3425,23.0796,33.0,D
2,26045.816235907285,101.3731,23.0796,33.0,T
2,26045.87047957291,102.8575,15.0796,33.0,D
2,26060.89311707291,223.0386,15.0796,33.0,T
2,26060.94735952269,224.522,7.0796,33.0,D
2,26076.04955952269,103.7044,7.0796,33.0,T
2,26076.102914359955,103.9316,-0.9204,33.0,D
2,26091.230714359954,224.954,-0.9204,33.0,T
2,26091.284225937583,224.2994,-8.9204,33.0,D
2,26106.378613437584,103.5443,-8.9204,33.0,T
2,26106.43236879724,102.5359,-16.9204,33.0,D
2,26121.42754379724,222.4973,-16.9204,33.0,T
2,26121.484388329896,219.547,-24.9204,33.0,D
2,26136.316825829894,100.8875,-24.9204,33.0,T
2,26136.372358605084,98.5664,-32.9204,33.0,D
2,26150.936533605083,215.0798,-32.9204,33.0,T
2,26151.004144512237,208.8466,-40.9204,33.0,D
2,26165.169532012238,95.5235,-40.9204,33.0,T
2,26165.228677605137,91.6882,-48.9204,33.0,D
2,26178.72887760514,199.6898,-48.9204,33.0,T
2,26178.82570398089,187.5677,-56.9204,33.0,D
2,26191.401353980888,86.9625,-56.9204,33.0,T
2,26191.467046246493,81.2094,-64.9204,33.0,D
2,26204.424058746492,184.8655,-64.9204,33.0,T
2,26204.48107609097,181.8411,-72.9204,33.0,D
2,26217.94937609097,74.0947,-72.9204,33.0,T
2,26218.029136514462,65.1987,-80.9204,33.0,D
2,26232.185124014464,178.4466,-80.9204,33.0,T
2,26232.2441482464,174.6536,-88.9204,33.0,D
2,26247.3464982464,53.8348,-88.9204,33.0,T
2,26247.467715562656,37.5067,-96.9204,33.0,D
2,26264.067965562655,170.3087,-96.9204,33.0,T
2,26273.427571382315,500.0,866.025404,1000.0,W
2,27696.777801126365,500.0,866.025404,1000.0,T
2,27705.151880095545,95.0796,171.3086,35.0,D
2,27721.323430095545,95.0796,41.9362,35.0,T
2,27721.518560781784,103.0796,13.7811,35.0,D
2,27740.621885781784,103.0796,166.6077,35.0,T
2,27740.685538974638,111.0796,161.3958,35.0,D
2,27781.034501474638,111.0796,-161.3959,35.0,T
2,27781.100318130753,119.0796,-155.6109,35.0,D
2,27820.003055630754,119.0796,155.611,35.0,T
2,27820.071504134467,127.0796,149.1754,35.0,D
2,27857.365354134465,127.0796,-149.1754,35.0,T
2,27857.437045283907,135.0796,-141.9892,35.0,D
2,27892.93434528391,135.0796,141.9892,35.0,T
2,27893.0100921874,143.0796,133.921,35.0,D
2,27926.4903421874,143.0796,-133.921,35.0,T
2,27926.571243217484,151.0796,-124.7962,35.0,D
2,27957.770293217483,151.0796,124.7962,35.0,T
2,27957.85788004101,159.0796,114.3747,35.0,D
2,27986.45155504101,159.0796,-114.3747,35.0,T
2,27986.548013929434,167.0796,-102.3187,35.0,D
2,28012.127713929433,167.0796,102.3189,35.0,T
2,28012.236637657283,175.0796,88.0729,35.0,D
2,28034.254875157283,175.0796,-88.073,35.0,T
2,28034.38760810957,183.0796,-69.841,35.0,D
2,28051.84785810957,183.0796,69.841,35.0,T
2,28051.96631969683,191.0796,53.9745,35.0,D
2,28065.458644696828,191.0796,-53.9641,35.0,T
2,28065.520336331774,199.0796,-49.3131,35.0,D
2,28077.855936331773,199.0796,49.3717,35.0,T
2,28077.925181572333,207.0796,42.7471,35.0,D
2,28088.600856572335,207.0796,-42.6583,35.0,T
2,28088.684950992243,215.0796,-32.9055,35.0,D
2,28096.926513492243,215.0796,33.027,35.0,T
2,28097.059040132455,223.0796,14.8288,35.0,D
2,28100.771802632455,223.0796,-14.8733,35.0,T
2,28109.67596504149,500.0,866.025404,1000.0,W
2,28732.84976958374,500.0,866.025404,1000.0,T
2,28741.213832002602,102.3187,167.0796,37.0,D
2,28766.7935195026,-102.3188,167.0796,37.0,T
2,28766.88997783553,-114.3747,159.0796,37.0,D
2,28795.48365283553,114.3747,159.0796,37.0,T
2,28795.571239130237,124.7961,151.0796,37.0,D
2,28826.770276630235,-124.7962,151.0796,37.0,T
2,28826.851178161607,-133.9211,143.0796,37.0,D
2,28860.33144066161,133.921,143.0796,37.0,T
2,28860.4071870917,141.9891,135.0796,37.0,D
2,28895.9044620917,-141.9891,135.0796,37.0,T
2,28895.97615368665,-149.1754,127.0796,37.0,D
2,28933.27001618665,149.1755,127.0796,37.0,T
2,28933.338463854627,155.6109,119.0796,37.0,D
2,28972.241188854627,-155.6109,119.0796,37.0,T
2,28972.307005120096,-161.3958,111.0796,37.0,D
2,29012.655955120095,161.3958,111.0796,37.0,T
2,29012.71960867686,166.6078,103.0796,37.0,D
2,29031.82299617686,13.7807,103.0796,37.0,T
2,29032.018130069508,41.9363,95.0796,37.0,D
2,29048.18966756951,171.3086,95.0796,37.0,T
2,29048.250024499586,175.5473,87.0796,37.0,D
2,29063.104674499587,56.7101,87.0796,37.0,T
2,29063.194392912224,67.5319,79.0796,37.0,D
2,29077.167042912224,179.3131,79.0796,37.0,T
2,29077.224655327896,182.5814,71.0796,37.0,D
2,29090.571055327895,75.8102,71.0796,37.0,T
2,29090.640959408924,82.5887,63.0796,37.0,D
2,29103.503046908925,185.4854,63.0796,37.0,T
2,29103.56130042235,189.0001,55.0796,37.0,D
2,29116.16742542235,88.1511,55.0796,37.0,T
2,29116.228752084746,92.6922,47.0796,37.0,D
2,29129.906039584745,202.1105,47.0796,37.0,T
2,29129.983079907994,210.4497,39.0796,37.0,D
2,29144.245642407994,96.3492,39.0796,37.0,T
2,29144.302304837704,99.2196,31.0796,37.0,D
2,29158.929817337703,216.2397,31.0796,37.0,T
2,29158.98974054204,220.3376,23.0796,37.0,D
2,29173.86030304204,101.3731,23.0796,37.0,T
2,29173.914546707667,102.8575,15.0796,37.0,D
2,29188.934684207667,223.0186,15.0796,37.0,T
2,29188.9889282382,224.5033,7.0796,37.0,D
2,29204.088778238198,103.7045,7.0796,37.0,T
2,29204.142133056543,103.9316,-0.9204,37.0,D
2,29219.27037055654,224.9575,-0.9204,37.0,T
2,29219.323892724922,224.2837,-8.9204,37.0,D
2,29234.416317724925,103.5443,-8.9204,37.0,T
2,29234.470073167955,102.5358,-16.9204,37.0,D
2,29249.463423167956,222.4826,-16.9204,37.0,T
2,29249.520211850708,219.5566,-24.9204,37.0,D
2,29264.353849350708,100.8875,-24.9204,37.0,T
2,29264.40938194014,98.5665,-32.9204,37.0,D
2,29278.972019440138,215.0676,-32.9204,37.0,T
2,29279.03962174359,208.8365,-40.9204,37.0,D
2,29293.203746743588,95.5235,-40.9204,37.0,T
2,29293.262892336486,91.6882,-48.9204,37.0,D
2,29306.76226733649,199.6832,-48.9204,37.0,T
2,29306.85905699164,187.5677,-56.9204,37.0,D
2,29319.43470699164,86.9625,-56.9204,37.0,T
2,29319.500399646477,81.2093,-64.9204,37.0,D
2,29332.457437146477,184.8656,-64.9204,37.0,T
2,29332.51445472671,181.8411,-72.9204,37.0,D
2,29345.98275472671,74.0947,-72.9204,37.0,T
2,29346.0625151502,65.1987,-80.9204,37.0,D
2,29360.2185026502,178.4466,-80.9204,37.0,T
2,29360.277526596532,174.6537,-88.9204,37.0,D
2,29375.379889096534,53.8348,-88.9204,37.0,T
2,29375.50110581412,37.5068,-96.9204,37.0,D
2,29392.10134331412,170.3087,-96.9204,37.0,T
2,29401.44260179402,500.0,866.025404,1000.0,W
2,30824.71377764164,500.0,866.025404,1000.0,T
2,30833.067387554845,95.0796,171.3086,39.0,D
2,30849.23893755485,95.0796,41.9362,39.0,T
2,30849.434068241088,103.0796,13.7811,39.0,D
2,30868.537393241088,103.0796,166.6077,39.0,T
2,30868.60104643394,111.0796,161.3958,39.0,D
2,30908.95000893394,111.0796,-161.3959,39.0,T
2,30909.015825590057,119.0796,-155.6109,39.0,D
2,30947.918563090057,119.0796,155.611,39.0,T
2,30947.98701159377,127.0796,149.1754,39.0,D
2,30985.28086159377,127.0796,-149.1754,39.0,T
2,30985.35255274321,135.0796,-141.9892,39.0,D
2,31020.849852743213,135.0796,141.9892,39.0,T
2,31020.925599646704,143.0796,133.921,39.0,D
2,31054.405849646704,143.0796,-133.921,39.0,T
2,31054.486750676788,151.0796,-124.7962,39.0,D
2,31085.685800676787,151.0796,124.7962,39.0,T
2,31085.773387500314,159.0796,114.3747,39.0,D
2,31114.367062500314,159.0796,-114.3747,39.0,T
2,31114.463521388738,167.0796,-102.3187,39.0,D
2,31140.043221388736,167.0796,102.3189,39.0,T
2,31140.152145116586,175.0796,88.0729,39.0,D
2,31162.170382616587,175.0796,-88.073,39.0,T
2,31162.303115568873,183.0796,-69.841,39.0,D
2,31179.763365568873,183.0796,69.841,39.0,T
2,31179.881827156132,191.0796,53.9745,39.0,D
2,31193.37415215613,191.0796,-53.9641,39.0,T
2,31193.435843791078,199.0796,-49.3131,39.0,D
2,31205.771443791076,199.0796,49.3717,39.0,T
2,31205.840689031636,207.0796,42.7471,39.0,D
2,31216.51636403164,207.0796,-42.6583,39.0,T
2,31216.600458451547,215.0796,-32.9055,39.0,D
2,31224.842020951546,215.0796,33.027,39.0,T
2,31224.97454759176,223.0796,14.8288,39.0,D
2,31228.68731009176,223.0796,-14.8733,39.0,T
2,31237.572224734366,500.0,866.025404,1000.0,W
2,31706.280712634896,500.0,866.025404,1000.0,T
2,31714.905502171398,190.57676074674504,54.67859999999999,41.0,D
2,31721.286593140183,139.52803299645169,54.67859999999999,41.0,T
2,31721.387175448355,126.73631629644062,46.67859999999999,41.0,D
2,31730.957003878477,203.294943737413,46.67859999999999,41.0,T
2,31731.032656470157,211.34320933492566,38.67859999999999,41.0,D
2,31742.6129631389,118.70075598497345,38.67859999999999,41.0,T
2,31742.678259101987,113.05007789302256,30.67859999999999,41.0,D
2,31748.26491365439,157.74331431224567,30.67859999999999,41.0,T
2,31748.361591391833,172.24497492833947,30.67859999999999,41.0,D
2,31753.947577562252,216.93286429170703,30.67859999999999,41.0,T
2,31754.007273468087,220.95542894636162,22.67859999999999,41.0,D
2,31758.255304158698,186.9711834214745,22.67859999999999,41.0,T
2,31758.32199957649,192.97836845019313,14.678599999999989,41.0,D
2,31762.13924062197,223.51629681404663,14.678599999999989,41.0,T
2,31762.193425814738,224.95184203708973,6.678599999999989,41.0,D
2,31765.834576379995,195.82263751503206,6.678599999999989,41.0,T
2,31765.888097154213,196.49394120259797,-1.3214000000000112,41.0,D
2,31769.496648449753,225.36235156690068,-1.3214000000000112,41.0,T
2,31769.550215086594,224.61325003285287,-9.321400000000011,41.0,D
2,31773.2298283616,195.17634383282603,-9.321400000000011,41.0,T
2,31773.28878478576,191.40714645543355,-17.32140000000001,41.0,D
2,31777.21029096154,222.77919586167386,-17.32140000000001,41.0,T
2,31777.267150041982,219.82259508541492,-25.32140000000001,41.0,D
2,31781.76728019831,183.82155383480708,-25.32140000000001,41.0,T
2,31781.9594928228,199.79897830782227,-49.32140000000001,41.0,D
2,31790.6580071206,130.21086392539942,-49.32140000000001,41.0,T
2,31790.739340243163,121.00004264918054,-41.32140000000001,41.0,D
2,31801.73904613472,208.99768978162643,-41.32140000000001,41.0,T
2,31801.806851972186,215.27835144002563,-33.32140000000001,41.0,D
2,31814.380073861805,114.6925763230691,-33.32140000000001,41.0,T
2,31814.441124305467,110.2360053203127,-25.32140000000001,41.0,D
2,31818.940634489412,146.23208679188886,-25.32140000000001,41.0,T
2,31819.014257021372,138.619187391839,-17.32140000000001,41.0,D
2,31822.93969665847,107.21567029504104,-17.32140000000001,41.0,T
2,31822.994488191183,105.33218382638327,-9.321400000000011,41.0,D
2,31826.68813709368,134.8813750463652,-9.321400000000011,41.0,T
2,31826.742257776783,133.50166941047414,-1.3214000000000112,41.0,D
2,31830.34464145309,104.6826,-1.3214000000000112,41.0,T
2,31830.398031355948,105.05116323657897,6.678599999999989,41.0,D
2,31834.031199191402,134.1165059202002,6.678599999999989,41.0,T
2,31834.088063477557,137.0753584670183,14.678599999999989,41.0,D
2,31837.91706241403,106.44336697521129,14.678599999999989,41.0,T
2,31837.973238602055,109.09000489338219,22.67859999999999,41.0,D
2,31842.217628361675,143.04512297034162,22.67859999999999,41.0,T
2,31842.751366361455,146.16212139343335,-57.32140000000001,41.0,D
2,31847.48297058909,184.01495521453626,-57.32140000000001,41.0,T
2,31856.604609986054,500.0,866.025404,1000.0,W
2,32272.95033515443,500.0,866.025404,1000.0,T
2,32281.56528855375,190.67669999999998,54.6302519890412,43.0,D
2,32286.094448060496,190.67669999999998,18.396975935060635,43.0,T
2,32286.16859604224,182.67669999999998,26.123765172759786,43.0,D
2,32290.115073959507,182.67669999999998,57.69558851089447,43.0,T
2,32290.16980716947,174.67669999999998,59.54052648844259,43.0,D
2,32293.854848008086,174.67669999999998,30.060199779504234,43.0,T
2,32293.909040470997,166.67669999999998,31.501906515575033,43.0,D
2,32297.513815503407,166.67669999999998,60.34010677486911,43.0,T
2,32297.567190685408,158.67669999999998,60.02312695712734,43.0,D
2,32301.210302202402,158.67669999999998,30.878234821181735,43.0,T
2,32301.266732527394,150.67669999999998,28.11262719907965,43.0,D
2,32305.077040263834,150.67669999999998,58.5950890905898,43.0,T
2,32305.13295130587,142.67669999999998,56.07794706384539,43.0,D
2,32309.357590349897,142.67669999999998,22.28083471160889,43.0,T
2,32309.4632346902,134.67669999999998,8.601786888210556,43.0,D
2,32314.908047926434,134.67669999999998,52.16029277808103,43.0,T
2,32314.972859790338,126.67669999999998,46.636435582853956,43.0,D
2,32326.631755745213,126.67669999999998,-46.63473205613517,43.0,T
2,32326.6965675231,134.67669999999998,-52.15856654357886,43.0,D
2,32332.126973147453,134.67669999999998,-8.715321548775458,43.0,T
2,32332.23178590244,142.67669999999998,-22.249668824543125,43.0,D
2,32336.460080027984,142.67669999999998,-56.07602182889102,43.0,T
2,32336.515990868655,150.67669999999998,-58.593063217759536,43.0,D
2,32340.330611756406,150.67669999999998,-28.07609611575153,43.0,T
2,32340.387150327202,158.67669999999998,-30.891007255304356,43.0,D
2,32344.02839198113,158.67669999999998,-60.02094048671112,43.0,T
2,32344.08176709941,166.67669999999998,-60.337678799640905,43.0,D
2,32347.680164617785,166.67669999999998,-31.550498652661286,43.0,T
2,32347.73448327763,174.67669999999998,-30.005627085200878,43.0,D
2,32351.426015913134,174.67669999999998,-59.53788816925199,43.0,T
2,32351.48074930236,182.67669999999998,-57.69283053574497,43.0,D
2,32355.430564584993,182.67669999999998,-26.094308274703543,43.0,T
2,32355.50481208114,190.67669999999998,-18.34604779949499,43.0,D
2,32360.03916997769,190.67669999999998,-54.620910971872334,43.0,T
2,32360.100590996346,198.67669999999998,-50.0512080828042,43.0,D
2,32372.619847334656,198.67669999999998,50.10284262367014,43.0,T
2,32372.68837921128,206.67669999999998,43.647309527952125,43.0,D
2,32383.596313132843,206.67669999999998,-43.616161844579146,43.0,T
2,32383.678557135358,214.67669999999998,-34.22511776699984,43.0,D
2,32392.238732739163,214.67669999999998,34.256287063455716,43.0,T
2,32392.36107481554,222.67669999999998,17.74051786587493,43.0,D
2,32396.78811609773,222.67669999999998,-17.675812391629293,43.0,T
2,32397.495412708275,118.67669999999998,-38.65297006210368,43.0,D
2,32407.15885496455,118.67669999999998,38.654567988116746,43.0,T
2,32407.256730188863,110.67669999999998,26.344405945161977,43.0,D
2,32413.842633146145,110.67669999999998,-26.342817713085893,43.0,T
2,32422.943897222078,500.0,866.025404,1000.0,W
2,32839.38986254026,500.0,866.025404,1000.0,T
2,32847.99490338167,190.57676074674504,54.67859999999999,45.0,D
2,32854.37599435045,139.52803299645169,54.67859999999999,45.0,T
2,32854.47657665862,126.73631629644062,46.67859999999999,45.0,D
2,32864.04640508874,203.294943737413,46.67859999999999,45.0,T
2,32864.12205768042,211.34320933492566,38.67859999999999,45.0,D
2,32875.70236434916,118.70075598497345,38.67859999999999,45.0,T
2,32875.76766031225,113.05007789302256,30.67859999999999,45.0,D
2,32881.35431486466,157.74331431224567,30.67859999999999,45.0,T
2,32881.4509926021,172.24497492833947,30.67859999999999,45.0,D
2,32887.03697877252,216.93286429170703,30.67859999999999,45.0,T
2,32887.09667467835,220.95542894636162,22.67859999999999,45.0,D
2,32891.34470536897,186.9711834214745,22.67859999999999,45.0,T
2,32891.411400786754,192.97836845019313,14.678599999999989,45.0,D
2,32895.22864183224,223.51629681404663,14.678599999999989,45.0,T
2,32895.282827025,224.95184203708973,6.678599999999989,45.0,D
2,32898.92397759026,195.82263751503206,6.678599999999989,45.0,T
2,32898.97749836448,196.49394120259797,-1.3214000000000112,45.0,D
2,32902.586049660014,225.36235156690068,-1.3214000000000112,45.0,T
2,32902.63961629686,224.61325003285287,-9.321400000000011,45.0,D
2,32906.31922957186,195.17634383282603,-9.321400000000011,45.0,T
2,32906.37818599602,191.40714645543355,-17.32140000000001,45.0,D
2,32910.2996921718,222.77919586167386,-17.32140000000001,45.0,T
2,32910.35655125225,219.82259508541492,-25.32140000000001,45.0,D
2,32914.85668140857,183.82155383480708,-25.32140000000001,45.0,T
2,32915.04889403306,199.79897830782227,-49.32140000000001,45.0,D
2,32923.74740833086,130.21086392539942,-49.32140000000001,45.0,T
2,32923.82874145343,121.00004264918054,-41.32140000000001,45.0,D
2,32934.82844734498,208.99768978162643,-41.32140000000001,45.0,T
2,32934.89625318244,215.27835144002563,-33.32140000000001,45.0,D
2,32947.46947507207,114.6925763230691,-33.32140000000001,45.0,T
2,32947.53052551573,110.2360053203127,-25.32140000000001,45.0,D
2,32952.030035699674,146.23208679188886,-25.32140000000001,45.0,T
2,32952.10365823164,138.619187391839,-17.32140000000001,45.0,D
2,32956.02909786873,107.21567029504104,-17.32140000000001,45.0,T
2,32956.083889401445,105.33218382638327,-9.321400000000011,45.0,D
2,32959.77753830394,134.8813750463652,-9.321400000000011,45.0,T
2,32959.831658987045,133.50166941047414,-1.3214000000000112,45.0,D
2,32963.43404266336,104.6826,-1.3214000000000112,45.0,T
2,32963.48743256622,105.05116323657897,6.678599999999989,45.0,D
2,32967.120600401664,134.1165059202002,6.678599999999989,45.0,T
2,32967.17746468782,137.0753584670183,14.678599999999989,45.0,D
2,32971.00646362429,106.44336697521129,14.678599999999989,45.0,T
2,32971.06263981231,109.09000489338219,22.67859999999999,45.0,D
2,32975.30702957193,143.04512297034162,22.67859999999999,45.0,T
2,32975.84076757171,146.16212139343335,-57.32140000000001,45.0,D
2,32980.572371799346,184.01495521453626,-57.32140000000001,45.0,T
2,32989.675340470145,500.0,866.025404,1000.0,W
2,33405.98155369322,500.0,866.025404,1000.0,T
2,33414.57677716425,190.67669999999998,54.6302519890412,47.0,D
2,33419.105936670996,190.67669999999998,18.396975935060635,47.0,T
2,33419.18008465274,182.67669999999998,26.123765172759786,47.0,D
2,33423.12656257,182.67669999999998,57.69558851089447,47.0,T
2,33423.18129577997,174.67669999999998,59.54052648844259,47.0,D
2,33426.86633661859,174.67669999999998,30.060199779504234,47.0,T
2,33426.92052908149,166.67669999999998,31.501906515575033,47.0,D
2,33430.52530411391,166.67669999999998,60.34010677486911,47.0,T
2,33430.578679295904,158.67669999999998,60.02312695712734,47.0,D
2,33434.2217908129,158.67669999999998,30.878234821181735,47.0,T
2,33434.278221137894,150.67669999999998,28.11262719907965,47.0,D
2,33438.08852887433,150.67669999999998,58.5950890905898,47.0,T
2,33438.14443991637,142.67669999999998,56.07794706384539,47.0,D
2,33442.36907896039,142.67669999999998,22.28083471160889,47.0,T
2,33442.47472330069,134.67669999999998,8.601786888210556,47.0,D
2,33447.91953653693,134.67669999999998,52.16029277808103,47.0,T
2,33447.98434840084,126.67669999999998,46.636435582853956,47.0,D
2,33459.643244355706,126.67669999999998,-46.63473205613517,47.0,T
2,33459.7080561336,134.67669999999998,-52.15856654357886,47.0,D
2,33465.138461757946,134.67669999999998,-8.715321548775458,47.0,T
2,33465.24327451293,142.67669999999998,-22.249668824543125,47.0,D
2,33469.47156863847,142.67669999999998,-56.07602182889102,47.0,T
2,33469.52747947915,150.67669999999998,-58.593063217759536,47.0,D
2,33473.3421003669,150.67669999999998,-28.07609611575153,47.0,T
2,33473.398638937695,158.67669999999998,-30.891007255304356,47.0,D
2,33477.03988059162,158.67669999999998,-60.02094048671112,47.0,T
2,33477.0932557099,166.67669999999998,-60.337678799640905,47.0,D
2,33480.69165322827,166.67669999999998,-31.550498652661286,47.0,T
2,33480.745971888115,174.67669999999998,-30.005627085200878,47.0,D
2,33484.43750452362,174.67669999999998,-59.53788816925199,47.0,T
2,33484.492237912855,182.67669999999998,-57.69283053574497,47.0,D
2,33488.44205319548,182.67669999999998,-26.094308274703543,47.0,T
2,33488.51630069163,190.67669999999998,-18.34604779949499,47.0,D
2,33493.050658588174,190.67669999999998,-54.620910971872334,47.0,T
2,33493.112079606835,198.67669999999998,-50.0512080828042,47.0,D
2,33505.631335945145,198.67669999999998,50.10284262367014,47.0,T
2,33505.699867821764,206.67669999999998,43.647309527952125,47.0,D
2,33516.60780174333,206.67669999999998,-43.616161844579146,47.0,T
2,33516.69004574585,214.67669999999998,-34.22511776699984,47.0,D
2,33525.250221349655,214.67669999999998,34.256287063455716,47.0,T
2,33525.37256342603,222.67669999999998,17.74051786587493,47.0,D
2,33529.79960470822,222.67669999999998,-17.675812391629293,47.0,T
2,33530.50690131876,118.67669999999998,-38.65297006210368,47.0,D
2,33540.17034357504,118.67669999999998,38.654567988116746,47.0,T
2,33540.26821879935,110.67669999999998,26.344405945161977,47.0,D
2,33546.85412175663,110.67669999999998,-26.342817713085893,47.0,T
2,33555.93671236858,500.0,866.025404,1000.0,W
2,33972.343856012194,500.0,866.025404,1000.0,T
2,33980.92918555962,190.57676074674504,54.67859999999999,49.0,D
2,33987.3102765284,139.52803299645169,54.67859999999999,49.0,T
2,33987.41085883657,126.73631629644062,46.67859999999999,49.0,D
2,33996.98068726669,203.294943737413,46.67859999999999,49.0,T
2,33997.05633985837,211.34320933492566,38.67859999999999,49.0,D
2,34008.63664652711,118.70075598497345,38.67859999999999,49.0,T
2,34008.7019424902,113.05007789302256,30.67859999999999,49.0,D
2,34014.28859704261,157.74331431224567,30.67859999999999,49.0,T
2,34014.38527478005,172.24497492833947,30.67859999999999,49.0,D
2,34019.97126095047,216.93286429170703,30.67859999999999,49.0,T
2,34020.0309568563,220.95542894636162,22.67859999999999,49.0,D
2,34024.27898754692,186.9711834214745,22.67859999999999,49.0,T
2,34024.345682964704,192.97836845019313,14.678599999999989,49.0,D
2,34028.16292401019,223.51629681404663,14.678599999999989,49.0,T
2,34028.21710920295,224.95184203708973,6.678599999999989,49.0,D
2,34031.85825976821,195.82263751503206,6.678599999999989,49.0,T
2,34031.91178054243,196.49394120259797,-1.3214000000000112,49.0,D
2,34035.520331837964,225.36235156690068,-1.3214000000000112,49.0,T
2,34035.57389847481,224.61325003285287,-9.321400000000011,49.0,D
2,34039.25351174981,195.17634383282603,-9.321400000000011,49.0,T
2,34039.31246817397,191.40714645543355,-17.32140000000001,49.0,D
2,34043.23397434975,222.77919586167386,-17.32140000000001,49.0,T
2,34043.2908334302,219.82259508541492,-25.32140000000001,49.0,D
2,34047.79096358652,183.82155383480708,-25.32140000000001,49.0,T
2,34047.98317621101,199.79897830782227,-49.32140000000001,49.0,D
2,34056.68169050881,130.21086392539942,-49.32140000000001,49.0,T
2,34056.76302363138,121.00004264918054,-41.32140000000001,49.0,D
2,34067.76272952293,208.99768978162643,-41.32140000000001,49.0,T
2,34067.830535360394,215.27835144002563,-33.32140000000001,49.0,D
2,34080.40375725002,114.6925763230691,-33.32140000000001,49.0,T
2,34080.46480769368,110.2360053203127,-25.32140000000001,49.0,D
2,34084.964317877624,146.23208679188886,-25.32140000000001,49.0,T
2,34085.03794040959,138.619187391839,-17.32140000000001,49.0,D
2,34088.96338004668,107.21567029504104,-17.32140000000001,49.0,T
2,34089.018171579395,105.33218382638327,-9.321400000000011,49.0,D
2,34092.71182048189,134.8813750463652,-9.321400000000011,49.0,T
2,34092.765941164995,133.50166941047414,-1.3214000000000112,49.0,D
2,34096.36832484131,104.6826,-1.3214000000000112,49.0,T
2,34096.42171474417,105.05116323657897,6.678599999999989,49.0,D
2,34100.054882579614,134.1165059202002,6.678599999999989,49.0,T
2,34100.11174686577,137.0753584670183,14.678599999999989,49.0,D
2,34103.94074580224,106.44336697521129,14.678599999999989,49.0,T
2,34103.99692199026,109.09000489338219,22.67859999999999,49.0,D
2,34108.24131174988,143.04512297034162,22.67859999999999,49.0,T
2,34108.77504974966,146.16212139343335,-57.32140000000001,49.0,D
2,34113.506653977296,184.01495521453626,-57.32140000000001,49.0,T
2,34122.59099182753,500.0,866.025404,1000.0,W
2,34538.85776738705,500.0,866.025404,1000.0,T
2,34547.433298460026,190.67669999999998,54.6302519890412,51.0,D
2,34551.96245796677,190.67669999999998,18.396975935060635,51.0,T
2,34552.03660594852,182.67669999999998,26.123765172759786,51.0,D
2,34555.98308386578,182.67669999999998,57.69558851089447,51.0,T
2,34556.03781707575,174.67669999999998,59.54052648844259,51.0,D
2,34559.72285791436,174.67669999999998,30.060199779504234,51.0,T
2,34559.77705037727,166.67669999999998,31.501906515575033,51.0,D
2,34563.381825409684,166.67669999999998,60.34010677486911,51.0,T
2,34563.43520059168,158.67669999999998,60.02312695712734,51.0,D
2,34567.07831210868,158.67669999999998,30.878234821181735,51.0,T
2,34567.13474243367,150.67669999999998,28.11262719907965,51.0,D
2,34570.94505017011,150.67669999999998,58.5950890905898,51.0,T
2,34571.00096121214,142.67669999999998,56.07794706384539,51.0,D
2,34575.22560025617,142.67669999999998,22.28083471160889,51.0,T
2,34575.33124459647,134.67669999999998,8.601786888210556,51.0,D
2,34580.77605783271,134.67669999999998,52.16029277808103,51.0,T
2,34580.840869696614,126.67669999999998,46.636435582853956,51.0,D
2,34592.49976565148,126.67669999999998,-46.63473205613517,51.0,T
2,34592.56457742937,134.67669999999998,-52.15856654357886,51.0,D
2,34597.99498305372,134.67669999999998,-8.715321548775458,51.0,T
2,34598.09979580871,142.67669999999998,-22.249668824543125,51.0,D
2,34602.32808993425,142.67669999999998,-56.07602182889102,51.0,T
2,34602.384000774924,150.67669999999998,-58.593063217759536,51.0,D
2,34606.198621662676,150.67669999999998,-28.07609611575153,51.0,T
2,34606.25516023347,158.67669999999998,-30.891007255304356,51.0,D
2,34609.896401887396,158.67669999999998,-60.02094048671112,51.0,T
2,34609.94977700568,166.67669999999998,-60.337678799640905,51.0,D
2,34613.54817452405,166.67669999999998,-31.550498652661286,51.0,T
2,34613.60249318389,174.67669999999998,-30.005627085200878,51.0,D
2,34617.2940258194,174.67669999999998,-59.53788816925199,51.0,T
2,34617.34875920863,182.67669999999998,-57.69283053574497,51.0,D
2,34621.29857449126,182.67669999999998,-26.094308274703543,51.0,T
2,34621.3728219874,190.67669999999998,-18.34604779949499,51.0,D
2,34625.90717988395,190.67669999999998,-54.620910971872334,51.0,T
2,34625.96860090261,198.67669999999998,-50.0512080828042,51.0,D
2,34638.48785724092,198.67669999999998,50.10284262367014,51.0,T
2,34638.55638911754,206.67669999999998,43.647309527952125,51.0,D
2,34649.46432303911,206.67669999999998,-43.616161844579146,51.0,T
2,34649.54656704162,214.67669999999998,-34.22511776699984,51.0,D
2,34658.10674264543,214.67669999999998,34.256287063455716,51.0,T
2,34658.22908472181,222.67669999999998,17.74051786587493,51.0,D
2,34662.656126003996,222.67669999999998,-17.675812391629293,51.0,T
2,34663.36342261454,118.67669999999998,-38.65297006210368,51.0,D
2,34673.026864870815,118.67669999999998,38.654567988116746,51.0,T
2,34673.124740095125,110.67669999999998,26.344405945161977,51.0,D
2,34679.71064305241,110.67669999999998,-26.342817713085893,51.0,T
2,34688.77460018442,500.0,866.025404,1000.0,W
2,35105.14299788412,500.0,866.025404,1000.0,T
2,35113.708653796864,190.57676074674504,54.67859999999999,53.0,D
2,35120.08974476565,139.52803299645169,54.67859999999999,53.0,T
2,35120.190327073826,126.73631629644062,46.67859999999999,53.0,D
2,35129.760155503944,203.294943737413,46.67859999999999,53.0,T
2,35129.835808095624,211.34320933492566,38.67859999999999,53.0,D
2,35141.41611476437,118.70075598497345,38.67859999999999,53.0,T
2,35141.48141072746,113.05007789302256,30.67859999999999,53.0,D
2,35147.06806527986,157.74331431224567,30.67859999999999,53.0,T
2,35147.1647430173,172.24497492833947,30.67859999999999,53.0,D
2,35152.75072918773,216.93286429170703,30.67859999999999,53.0,T
2,35152.81042509356,220.95542894636162,22.67859999999999,53.0,D
2,35157.05845578417,186.9711834214745,22.67859999999999,53.0,T
2,35157.12515120196,192.97836845019313,14.678599999999989,53.0,D
2,35160.942392247445,223.51629681404663,14.678599999999989,53.0,T
2,35160.99657744021,224.95184203708973,6.678599999999989,53.0,D
2,35164.637728005466,195.82263751503206,6.678599999999989,53.0,T
2,35164.69124877969,196.49394120259797,-1.3214000000000112,53.0,D
2,35168.29980007522,225.36235156690068,-1.3214000000000112,53.0,T
2,35168.353366712065,224.61325003285287,-9.321400000000011,53.0,D
2,35172.03297998707,195.17634383282603,-9.321400000000011,53.0,T
2,35172.09193641123,191.40714645543355,-17.32140000000001,53.0,D
2,35176.013442587006,222.77919586167386,-17.32140000000001,53.0,T
2,35176.07030166745,219.82259508541492,-25.32140000000001,53.0,D
2,35180.57043182378,183.82155383480708,-25.32140000000001,53.0,T
2,35180.76264444827,199.79897830782227,-49.32140000000001,53.0,D
2,35189.46115874607,130.21086392539942,-49.32140000000001,53.0,T
2,35189.54249186863,121.00004264918054,-41.32140000000001,53.0,D
2,35200.54219776019,208.99768978162643,-41.32140000000001,53.0,T
2,35200.61000359765,215.27835144002563,-33.32140000000001,53.0,D
2,35213.18322548727,114.6925763230691,-33.32140000000001,53.0,T
2,35213.244275930934,110.2360053203127,-25.32140000000001,53.0,D
2,35217.74378611488,146.23208679188886,-25.32140000000001,53.0,T
2,35217.81740864684,138.619187391839,-17.32140000000001,53.0,D
2,35221.74284828394,107.21567029504104,-17.32140000000001,53.0,T
2,35221.79763981665,105.33218382638327,-9.321400000000011,53.0,D
2,35225.491288719146,134.8813750463652,-9.321400000000011,53.0,T
2,35225.54540940225,133.50166941047414,-1.3214000000000112,53.0,D
2,35229.14779307856,104.6826,-1.3214000000000112,53.0,T
2,35229.20118298142,105.05116323657897,6.678599999999989,53.0,D
2,35232.83435081687,134.1165059202002,6.678599999999989,53.0,T
2,35232.89121510302,137.0753584670183,14.678599999999989,53.0,D
2,35236.720214039495,106.44336697521129,14.678599999999989,53.0,T
2,35236.77639022752,109.09000489338219,22.67859999999999,53.0,D
2,35241.020779987135,143.04512297034162,22.67859999999999,53.0,T
2,35241.554517986915,146.16212139343335,-57.32140000000001,53.0,D
2,35246.28612221455,184.01495521453626,-57.32140000000001,53.0,T
2,35255.35186939583,500.0,866.025404,1000.0,W
2,35671.57928208557,500.0,866.025404,1000.0,T
2,35680.13515854988,190.67669999999998,54.6302519890412,55.0,D
2,35684.664318056624,190.67669999999998,18.396975935060635,55.0,T
2,35684.73846603837,182.67669999999998,26.123765172759786,55.0,D
2,35688.68494395563,182.67669999999998,57.69558851089447,55.0,T
2,35688.7396771656,174.67669999999998,59.54052648844259,55.0,D
2,35692.424718004215,174.67669999999998,30.060199779504234,55.0,T
2,35692.47891046712,166.67669999999998,31.501906515575033,55.0,D
2,35696.083685499536,166.67669999999998,60.34010677486911,55.0,T
2,35696.13706068153,158.67669999999998,60.02312695712734,55.0,D
2,35699.78017219853,158.67669999999998,30.878234821181735,55.0,T
2,35699.83660252352,150.67669999999998,28.11262719907965,55.0,D
2,35703.64691025996,150.67669999999998,58.5950890905898,55.0,T
2,35703.702821301995,142.67669999999998,56.07794706384539,55.0,D
2,35707.92746034602,142.67669999999998,22.28083471160889,55.0,T
2,35708.03310468632,134.67669999999998,8.601786888210556,55.0,D
2,35713.47791792256,134.67669999999998,52.16029277808103,55.0,T
2,35713.542729786466,126.67669999999998,46.636435582853956,55.0,D
2,35725.201625741334,126.67669999999998,-46.63473205613517,55.0,T
2,35725.266437519225,134.67669999999998,-52.15856654357886,55.0,D
2,35730.696843143574,134.67669999999998,-8.715321548775458,55.0,T
2,35730.80165589856,142.67669999999998,-22.249668824543125,55.0,D
2,35735.0299500241,142.67669999999998,-56.07602182889102,55.0,T
2,35735.085860864776,150.67669999999998,-58.593063217759536,55.0,D
2,35738.90048175253,150.67669999999998,-28.07609611575153,55.0,T
2,35738.95702032332,158.67669999999998,-30.891007255304356,55.0,D
2,35742.59826197725,158.67669999999998,-60.02094048671112,55.0,T
2,35742.65163709553,166.67669999999998,-60.337678799640905,55.0,D
2,35746.2500346139,166.67669999999998,-31.550498652661286,55.0,T
2,35746.30435327374,174.67669999999998,-30.005627085200878,55.0,D
2,35749.99588590925,174.67669999999998,-59.53788816925199,55.0,T
2,35750.05061929848,182.67669999999998,-57.69283053574497,55.0,D
2,35754.00043458111,182.67669999999998,-26.094308274703543,55.0,T
2,35754.074682077255,190.67669999999998,-18.34604779949499,55.0,D
2,35758.6090399738,190.67669999999998,-54.620910971872334,55.0,T
2,35758.67046099246,198.67669999999998,-50.0512080828042,55.0,D
2,35771.18971733077,198.67669999999998,50.10284262367014,55.0,T
2,35771.25824920739,206.67669999999998,43.647309527952125,55.0,D
2,35782.16618312896,206.67669999999998,-43.616161844579146,55.0,T
2,35782.248427131475,214.67669999999998,-34.22511776699984,55.0,D
2,35790.808602735284,214.67669999999998,34.256287063455716,55.0,T
2,35790.93094481166,222.67669999999998,17.74051786587493,55.0,D
2,35795.35798609385,222.67669999999998,-17.675812391629293,55.0,T
2,35796.06528270439,118.67669999999998,-38.65297006210368,55.0,D
2,35805.72872496067,118.67669999999998,38.654567988116746,55.0,T
2,35805.82660018498,110.67669999999998,26.344405945161977,55.0,D
2,35812.41250314226,110.67669999999998,-26.342817713085893,55.0,T
2,35821.45786702548,500.0,866.025404,1000.0,W
2,36237.78759501561,500.0,866.025404,1000.0,T
2,36246.33361521308,190.57676074674504,54.67859999999999,57.0,D
2,36252.71470618187,139.52803299645169,54.67859999999999,57.0,T
2,36252.81528849004,126.73631629644062,46.67859999999999,57.0,D
2,36262.38511692016,203.294943737413,46.67859999999999,57.0,T
2,36262.46076951184,211.34320933492566,38.67859999999999,57.0,D
2,36274.04107618058,118.70075598497345,38.67859999999999,57.0,T
2,36274.10637214367,113.05007789302256,30.67859999999999,57.0,D
2,36279.69302669608,157.74331431224567,30.67859999999999,57.0,T
2,36279.78970443352,172.24497492833947,30.67859999999999,57.0,D
2,36285.37569060394,216.93286429170703,30.67859999999999,57.0,T
2,36285.43538650977,220.95542894636162,22.67859999999999,57.0,D
2,36289.68341720039,186.9711834214745,22.67859999999999,57.0,T
2,36289.750112618174,192.97836845019313,14.678599999999989,57.0,D
2,36293.56735366366,223.51629681404663,14.678599999999989,57.0,T
2,36293.62153885642,224.95184203708973,6.678599999999989,57.0,D
2,36297.26268942168,195.82263751503206,6.678599999999989,57.0,T
2,36297.3162101959,196.49394120259797,-1.3214000000000112,57.0,D
2,36300.924761491435,225.36235156690068,-1.3214000000000112,57.0,T
2,36300.97832812828,224.61325003285287,-9.321400000000011,57.0,D
2,36304.65794140328,195.17634383282603,-9.321400000000011,57.0,T
2,36304.71689782744,191.40714645543355,-17.32140000000001,57.0,D
2,36308.63840400322,222.77919586167386,-17.32140000000001,57.0,T
2,36308.69526308367,219.82259508541492,-25.32140000000001,57.0,D
2,36313.19539323999,183.82155383480708,-25.32140000000001,57.0,T
2,36313.38760586448,199.79897830782227,-49.32140000000001,57.0,D
2,36322.08612016228,130.21086392539942,-49.32140000000001,57.0,T
2,36322.16745328485,121.00004264918054,-41.32140000000001,57.0,D
2,36333.1671591764,208.99768978162643,-41.32140000000001,57.0,T
2,36333.234965013864,215.27835144002563,-33.32140000000001,57.0,D
2,36345.80818690349,114.6925763230691,-33.32140000000001,57.0,T
2,36345.86923734715,110.2360053203127,-25.32140000000001,57.0,D
2,36350.368747531094,146.23208679188886,-25.32140000000001,57.0,T
2,36350.44237006306,138.619187391839,-17.32140000000001,57.0,D
2,36354.367809700154,107.21567029504104,-17.32140000000001,57.0,T
2,36354.422601232865,105.33218382638327,-9.321400000000011,57.0,D
2,36358.11625013536,134.8813750463652,-9.321400000000011,57.0,T
2,36358.170370818465,133.50166941047414,-1.3214000000000112,57.0,D
2,36361.77275449478,104.6826,-1.3214000000000112,57.0,T
2,36361.82614439764,105.05116323657897,6.678599999999989,57.0,D
2,36365.459312233084,134.1165059202002,6.678599999999989,57.0,T
2,36365.51617651924,137.0753584670183,14.678599999999989,57.0,D
2,36369.34517545571,106.44336697521129,14.678599999999989,57.0,T
2,36369.40135164373,109.09000489338219,22.67859999999999,57.0,D
2,36373.64574140335,143.04512297034162,22.67859999999999,57.0,T
2,36374.17947940313,146.16212139343335,-57.32140000000001,57.0,D
2,36378.91108363077,184.01495521453626,-57.32140000000001,57.0,T
2,36387.95828054223,500.0,866.025404,1000.0,W
2,36804.14640567176,500.0,866.025404,1000.0,T
2,36812.682665577806,190.67669999999998,54.6302519890412,59.0,D
2,36817.21182508455,190.67669999999998,18.396975935060635,59.0,T
2,36817.2859730663,182.67669999999998,26.123765172759786,59.0,D
2,36821.23245098356,182.67669999999998,57.69558851089447,59.0,T
2,36821.28718419353,174.67669999999998,59.54052648844259,59.0,D
2,36824.97222503214,174.67669999999998,30.060199779504234,59.0,T
2,36825.02641749505,166.67669999999998,31.501906515575033,59.0,D
2,36828.631192527464,166.67669999999998,60.34010677486911,59.0,T
2,36828.68456770946,158.67669999999998,60.02312695712734,59.0,D
2,36832.32767922646,158.67669999999998,30.878234821181735,59.0,T
2,36832.38410955145,150.67669999999998,28.11262719907965,59.0,D
2,36836.19441728789,150.67669999999998,58.5950890905898,59.0,T
2,36836.25032832992,142.67669999999998,56.07794706384539,59.0,D
2,36840.47496737395,142.67669999999998,22.28083471160889,59.0,T
2,36840.58061171425,134.67669999999998,8.601786888210556,59.0,D
2,36846.02542495049,134.67669999999998,52.16029277808103,59.0,T
2,36846.090236814394,126.67669999999998,46.636435582853956,59.0,D
2,36857.74913276926,126.67669999999998,-46.63473205613517,59.0,T
2,36857.81394454715,134.67669999999998,-52.15856654357886,59.0,D
2,36863.2443501715,134.67669999999998,-8.715321548775458,59.0,T
2,36863.34916292649,142.67669999999998,-22.249668824543125,59.0,D
2,36867.57745705203,142.67669999999998,-56.07602182889102,59.0,T
2,36867.633367892704,150.67669999999998,-58.593063217759536,59.0,D
2,36871.447988780455,150.67669999999998,-28.07609611575153,59.0,T
2,36871.50452735125,158.67669999999998,-30.891007255304356,59.0,D
2,36875.145769005176,158.67669999999998,-60.02094048671112,59.0,T
2,36875.19914412346,166.67669999999998,-60.337678799640905,59.0,D
2,36878.79754164183,166.67669999999998,-31.550498652661286,59.0,T
2,36878.85186030167,174.67669999999998,-30.005627085200878,59.0,D
2,36882.54339293718,174.67669999999998,-59.53788816925199,59.0,T
2,36882.59812632641,182.67669999999998,-57.69283053574497,59.0,D
2,36886.54794160904,182.67669999999998,-26.094308274703543,59.0,T
2,36886.62218910518,190.67669999999998,-18.34604779949499,59.0,D
2,36891.15654700173,190.67669999999998,-54.620910971872334,59.0,T
2,36891.21796802039,198.67669999999998,-50.0512080828042,59.0,D
2,36903.7372243587,198.67669999999998,50.10284262367014,59.0,T
2,36903.80575623532,206.67669999999998,43.647309527952125,59.0,D
2,36914.71369015689,206.67669999999998,-43.616161844579146,59.0,T
2,36914.7959341594,214.67669999999998,-34.22511776699984,59.0,D
2,36923.35610976321,214.67669999999998,34.256287063455716,59.0,T
2,36923.47845183959,222.67669999999998,17.74051786587493,59.0,D
2,36927.905493121776,222.67669999999998,-17.675812391629293,59.0,T
2,36928.61278973232,118.67669999999998,-38.65297006210368,59.0,D
2,36938.276231988595,118.67669999999998,38.654567988116746,59.0,T
2,36938.374107212905,110.67669999999998,26.344405945161977,59.0,D
2,36944.96001017019,110.67669999999998,-26.342817713085893,59.0,T
2,36953.98682128436,500.0,866.025404,1000.0,W
2,37370.27795630653,500.0,866.025404,1000.0,T
2,37378.8043789701,190.57676074674504,54.67859999999999,61.0,D
2,37385.185469938886,139.52803299645169,54.67859999999999,61.0,T
2,37385.28605224706,126.73631629644062,46.67859999999999,61.0,D
2,37394.855880677176,203.294943737413,46.67859999999999,61.0,T
2,37394.93153326886,211.34320933492566,38.67859999999999,61.0,D
2,37406.5118399376,118.70075598497345,38.67859999999999,61.0,T
2,37406.57713590069,113.05007789302256,30.67859999999999,61.0,D
2,37412.163790453094,157.74331431224567,30.67859999999999,61.0,T
2,37412.260468190536,172.24497492833947,30.67859999999999,61.0,D
2,37417.84645436096,216.93286429170703,30.67859999999999,61.0,T
2,37417.90615026679,220.95542894636162,22.67859999999999,61.0,D
2,37422.154180957405,186.9711834214745,22.67859999999999,61.0,T
2,37422.22087637519,192.97836845019313,14.678599999999989,61.0,D
2,37426.03811742068,223.51629681404663,14.678599999999989,61.0,T
2,37426.09230261344,224.95184203708973,6.678599999999989,61.0,D
2,37429.7334531787,195.82263751503206,6.678599999999989,61.0,T
2,37429.78697395292,196.49394120259797,-1.3214000000000112,61.0,D
2,37433.39552524845,225.36235156690068,-1.3214000000000112,61.0,T
2,37433.4490918853,224.61325003285287,-9.321400000000011,61.0,D
2,37437.1287051603,195.17634383282603,-9.321400000000011,61.0,T
2,37437.18766158446,191.40714645543355,-17.32140000000001,61.0,D
2,37441.10916776024,222.77919586167386,-17.32140000000001,61.0,T
2,37441.166026840685,219.82259508541492,-25.32140000000001,61.0,D
2,37445.66615699701,183.82155383480708,-25.32140000000001,61.0,T
2,37445.8583696215,199.79897830782227,-49.32140000000001,61.0,D
2,37454.5568839193,130.21086392539942,-49.32140000000001,61.0,T
2,37454.638217041866,121.00004264918054,-41.32140000000001,61.0,D
2,37465.63792293342,208.99768978162643,-41.32140000000001,61.0,T
2,37465.70572877088,215.27835144002563,-33.32140000000001,61.0,D
2,37478.278950660504,114.6925763230691,-33.32140000000001,61.0,T
2,37478.34000110417,110.2360053203127,-25.32140000000001,61.0,D
2,37482.83951128811,146.23208679188886,-25.32140000000001,61.0,T
2,37482.913133820075,138.619187391839,-17.32140000000001,61.0,D
2,37486.83857345717,107.21567029504104,-17.32140000000001,61.0,T
2,37486.89336498988,105.33218382638327,-9.321400000000011,61.0,D
2,37490.58701389238,134.8813750463652,-9.321400000000011,61.0,T
2,37490.64113457548,133.50166941047414,-1.3214000000000112,61.0,D
2,37494.243518251795,104.6826,-1.3214000000000112,61.0,T
2,37494.296908154654,105.05116323657897,6.678599999999989,61.0,D
2,37497.9300759901,134.1165059202002,6.678599999999989,61.0,T
2,37497.986940276256,137.0753584670183,14.678599999999989,61.0,D
2,37501.81593921273,106.44336697521129,14.678599999999989,61.0,T
2,37501.87211540075,109.09000489338219,22.67859999999999,61.0,D
2,37506.11650516037,143.04512297034162,22.67859999999999,61.0,T
2,37506.65024316015,146.16212139343335,-57.32140000000001,61.0,D
2,37511.38184738778,184.01495521453626,-57.32140000000001,61.0,T
2,37520.41053467759,500.0,866.025404,1000.0,W
2,37936.55944807609,500.0,866.025404,1000.0,T
2,37945.076129737216,190.67669999999998,54.6302519890412,63.0,D
2,37949.60528924396,190.67669999999998,18.396975935060635,63.0,T
2,37949.679437225706,182.67669999999998,26.123765172759786,63.0,D
2,37953.62591514297,182.67669999999998,57.69558851089447,63.0,T
2,37953.680648352936,174.67669999999998,59.54052648844259,63.0,D
2,37957.36568919155,174.67669999999998,30.060199779504234,63.0,T
2,37957.41988165446,166.67669999999998,31.501906515575033,63.0,D
2,37961.024656686874,166.67669999999998,60.34010677486911,63.0,T
2,37961.07803186887,158.67669999999998,60.02312695712734,63.0,D
2,37964.72114338587,158.67669999999998,30.878234821181735,63.0,T
2,37964.77757371086,150.67669999999998,28.11262719907965,63.0,D
2,37968.587881447296,150.67669999999998,58.5950890905898,63.0,T
2,37968.64379248933,142.67669999999998,56.07794706384539,63.0,D
2,37972.86843153336,142.67669999999998,22.28083471160889,63.0,T
2,37972.97407587366,134.67669999999998,8.601786888210556,63.0,D
2,37978.4188891099,134.67669999999998,52.16029277808103,63.0,T
2,37978.483700973804,126.67669999999998,46.636435582853956,63.0,D
2,37990.14259692867,126.67669999999998,-46.63473205613517,63.0,T
2,37990.20740870656,134.67669999999998,-52.15856654357886,63.0,D
2,37995.63781433091,134.67669999999998,-8.715321548775458,63.0,T
2,37995.7426270859,142.67669999999998,-22.249668824543125,63.0,D
2,37999.97092121144,142.67669999999998,-56.07602182889102,63.0,T
2,38000.02683205211,150.67669999999998,-58.593063217759536,63.0,D
2,38003.841452939865,150.67669999999998,-28.07609611575153,63.0,T
2,38003.89799151066,158.67669999999998,-30.891007255304356,63.0,D
2,38007.539233164585,158.67669999999998,-60.02094048671112,63.0,T
2,38007.59260828287,166.67669999999998,-60.337678799640905,63.0,D
2,38011.191005801236,166.67669999999998,-31.550498652661286,63.0,T
2,38011.24532446108,174.67669999999998,-30.005627085200878,63.0,D
2,38014.93685709659,174.67669999999998,-59.53788816925199,63.0,T
2,38014.99159048582,182.67669999999998,-57.69283053574497,63.0,D
2,38018.94140576845,182.67669999999998,-26.094308274703543,63.0,T
2,38019.01565326459,190.67669999999998,-18.34604779949499,63.0,D
2,38023.55001116114,190.67669999999998,-54.620910971872334,63.0,T
2,38023.6114321798,198.67669999999998,-50.0512080828042,63.0,D
2,38036.13068851811,198.67669999999998,50.10284262367014,63.0,T
2,38036.19922039473,206.67669999999998,43.647309527952125,63.0,D
2,38047.1071543163,206.67669999999998,-43.616161844579146,63.0,T
2,38047.18939831881,214.67669999999998,-34.22511776699984,63.0,D
2,38055.74957392262,214.67669999999998,34.256287063455716,63.0,T
2,38055.871915999,222.67669999999998,17.74051786587493,63.0,D
2,38060.298957281186,222.67669999999998,-17.675812391629293,63.0,T
2,38061.00625389173,118.67669999999998,-38.65297006210368,63.0,D
2,38070.669696148005,118.67669999999998,38.654567988116746,63.0,T
2,38070.767571372315,110.67669999999998,26.344405945161977,63.0,D
2,38077.3534743296,110.67669999999998,-26.342817713085893,63.0,T
2,38086.36177340458,500.0,866.025404,1000.0,W
2,38502.61439271121,500.0,866.025404,1000.0,T
2,38511.12125628613,190.57676074674504,54.67859999999999,65.0,D
2,38517.502347254915,139.52803299645169,54.67859999999999,65.0,T
2,38517.60292956309,126.73631629644062,46.67859999999999,65.0,D
2,38527.172757993205,203.294943737413,46.67859999999999,65.0,T
2,38527.248410584885,211.34320933492566,38.67859999999999,65.0,D
2,38538.82871725363,118.70075598497345,38.67859999999999,65.0,T
2,38538.89401321672,113.05007789302256,30.67859999999999,65.0,D
2,38544.48066776912,157.74331431224567,30.67859999999999,65.0,T
2,38544.577345506565,172.24497492833947,30.67859999999999,65.0,D
2,38550.16333167699,216.93286429170703,30.67859999999999,65.0,T
2,38550.22302758282,220.95542894636162,22.67859999999999,65.0,D
2,38554.47105827343,186.9711834214745,22.67859999999999,65.0,T
2,38554.53775369122,192.97836845019313,14.678599999999989,65.0,D
2,38558.35499473671,223.51629681404663,14.678599999999989,65.0,T
2,38558.40917992947,224.95184203708973,6.678599999999989,65.0,D
2,38562.05033049473,195.82263751503206,6.678599999999989,65.0,T
2,38562.10385126895,196.49394120259797,-1.3214000000000112,65.0,D
2,38565.71240256448,225.36235156690068,-1.3214000000000112,65.0,T
2,38565.765969201326,224.61325003285287,-9.321400000000011,65.0,D
2,38569.44558247633,195.17634383282603,-9.321400000000011,65.0,T
2,38569.50453890049,191.40714645543355,-17.32140000000001,65.0,D
2,38573.42604507627,222.77919586167386,-17.32140000000001,65.0,T
2,38573.48290415671,219.82259508541492,-25.32140000000001,65.0,D
2,38577.98303431304,183.82155383480708,-25.32140000000001,65.0,T
2,38578.17524693753,199.79897830782227,-49.32140000000001,65.0,D
2,38586.87376123533,130.21086392539942,-49.32140000000001,65.0,T
2,38586.955094357894,121.00004264918054,-41.32140000000001,65.0,D
2,38597.95480024945,208.99768978162643,-41.32140000000001,65.0,T
2,38598.02260608691,215.27835144002563,-33.32140000000001,65.0,D
2,38610.59582797653,114.6925763230691,-33.32140000000001,65.0,T
2,38610.656878420195,110.2360053203127,-25.32140000000001,65.0,D
2,38615.15638860414,146.23208679188886,-25.32140000000001,65.0,T
2,38615.230011136104,138.619187391839,-17.32140000000001,65.0,D
2,38619.1554507732,107.21567029504104,-17.32140000000001,65.0,T
2,38619.21024230591,105.33218382638327,-9.321400000000011,65.0,D
2,38622.90389120841,134.8813750463652,-9.321400000000011,65.0,T
2,38622.95801189151,133.50166941047414,-1.3214000000000112,65.0,D
2,38626.56039556782,104.6826,-1.3214000000000112,65.0,T
2,38626.61378547068,105.05116323657897,6.678599999999989,65.0,D
2,38630.24695330613,134.1165059202002,6.678599999999989,65.0,T
2,38630.303817592285,137.0753584670183,14.678599999999989,65.0,D
2,38634.132816528756,106.44336697521129,14.678599999999989,65.0,T
2,38634.18899271678,109.09000489338219,22.67859999999999,65.0,D
2,38638.433382476396,143.04512297034162,22.67859999999999,65.0,T
2,38638.967120476176,146.16212139343335,-57.32140000000001,65.0,D
2,38643.69872470381,184.01495521453626,-57.32140000000001,65.0,T
2,38652.70894327061,500.0,866.025404,1000.0,W
2,39068.81872129069,500.0,866.025404,1000.0,T
2,39077.31586328506,190.67669999999998,54.6302519890412,67.0,D
2,39081.84502279181,190.67669999999998,18.396975935060635,67.0,T
2,39081.91917077355,182.67669999999998,26.123765172759786,67.0,D
2,39085.865648690815,182.67669999999998,57.69558851089447,67.0,T
2,39085.92038190078,174.67669999999998,59.54052648844259,67.0,D
2,39089.6054227394,174.67669999999998,30.060199779504234,67.0,T
2,39089.659615202305,166.67669999999998,31.501906515575033,67.0,D
2,39093.26439023472,166.67669999999998,60.34010677486911,67.0,T
2,39093.317765416716,158.67669999999998,60.02312695712734,67.0,D
2,39096.960876933714,158.67669999999998,30.878234821181735,67.0,T
2,39097.017307258706,150.67669999999998,28.11262719907965,67.0,D
2,39100.82761499514,150.67669999999998,58.5950890905898,67.0,T
2,39100.88352603718,142.67669999999998,56.07794706384539,67.0,D
2,39105.108165081205,142.67669999999998,22.28083471160889,67.0,T
2,39105.213809421504,134.67669999999998,8.601786888210556,67.0,D
2,39110.65862265774,134.67669999999998,52.16029277808103,67.0,T
2,39110.72343452165,126.67669999999998,46.636435582853956,67.0,D
2,39122.38233047652,126.67669999999998,-46.63473205613517,67.0,T
2,39122.44714225441,134.67669999999998,-52.15856654357886,67.0,D
2,39127.87754787876,134.67669999999998,-8.715321548775458,67.0,T
2,39127.982360633745,142.67669999999998,-22.249668824543125,67.0,D
2,39132.210654759285,142.67669999999998,-56.07602182889102,67.0,T
2,39132.26656559996,150.67669999999998,-58.593063217759536,67.0,D
2,39136.08118648771,150.67669999999998,-28.07609611575153,67.0,T
2,39136.13772505851,158.67669999999998,-30.891007255304356,67.0,D
2,39139.77896671243,158.67669999999998,-60.02094048671112,67.0,T
2,39139.83234183071,166.67669999999998,-60.337678799640905,67.0,D
2,39143.43073934908,166.67669999999998,-31.550498652661286,67.0,T
2,39143.485058008926,174.67669999999998,-30.005627085200878,67.0,D
2,39147.176590644434,174.67669999999998,-59.53788816925199,67.0,T
2,39147.231324033666,182.67669999999998,-57.69283053574497,67.0,D
2,39151.18113931629,182.67669999999998,-26.094308274703543,67.0,T
2,39151.25538681244,190.67669999999998,-18.34604779949499,67.0,D
2,39155.789744708985,190.67669999999998,-54.620910971872334,67.0,T
2,39155.85116572765,198.67669999999998,-50.0512080828042,67.0,D
2,39168.37042206596,198.67669999999998,50.10284262367014,67.0,T
2,39168.438953942576,206.67669999999998,43.647309527952125,67.0,D
2,39179.34688786414,206.67669999999998,-43.616161844579146,67.0,T
2,39179.42913186666,214.67669999999998,-34.22511776699984,67.0,D
2,39187.98930747047,214.67669999999998,34.256287063455716,67.0,T
2,39188.111649546845,222.67669999999998,17.74051786587493,67.0,D
2,39192.53869082903,222.67669999999998,-17.675812391629293,67.0,T
2,39193.24598743957,118.67669999999998,-38.65297006210368,67.0,D
2,39202.90942969585,118.67669999999998,38.654567988116746,67.0,T
2,39203.00730492016,110.67669999999998,26.344405945161977,67.0,D
2,39209.59320787744,110.67669999999998,-26.342817713085893,67.0,T
2,39218.5830358947,500.0,866.025404,1000.0,W
2,39634.79721725263,500.0,866.025404,1000.0,T
2,39643.28456044994,190.57676074674504,54.67859999999999,69.0,D
2,39649.66565141873,139.52803299645169,54.67859999999999,69.0,T
2,39649.7662337269,126.73631629644062,46.67859999999999,69.0,D
2,39659.33606215702,203.294943737413,46.67859999999999,69.0,T
2,39659.4117147487,211.34320933492566,38.67859999999999,69.0,D
2,39670.99202141744,118.70075598497345,38.67859999999999,69.0,T
2,39671.05731738053,113.05007789302256,30.67859999999999,69.0,D
2,39676.643971932936,157.74331431224567,30.67859999999999,69.0,T
2,39676.74064967038,172.24497492833947,30.67859999999999,69.0,D
2,39682.3266358408,216.93286429170703,30.67859999999999,69.0,T
2,39682.38633174663,220.95542894636162,22.67859999999999,69.0,D
2,39686.634362437246,186.9711834214745,22.67859999999999,69.0,T
2,39686.70105785503,192.97836845019313,14.678599999999989,69.0,D
2,39690.51829890052,223.51629681404663,14.678599999999989,69.0,T
2,39690.57248409328,224.95184203708973,6.678599999999989,69.0,D
2,39694.21363465854,195.82263751503206,6.678599999999989,69.0,T
2,39694.26715543276,196.49394120259797,-1.3214000000000112,69.0,D
2,39697.87570672829,225.36235156690068,-1.3214000000000112,69.0,T
2,39697.92927336514,224.61325003285287,-9.321400000000011,69.0,D
2,39701.60888664014,195.17634383282603,-9.321400000000011,69.0,T
2,39701.6678430643,191.40714645543355,-17.32140000000001,69.0,D
2,39705.58934924008,222.77919586167386,-17.32140000000001,69.0,T
2,39705.646208320526,219.82259508541492,-25.32140000000001,69.0,D
2,39710.14633847685,183.82155383480708,-25.32140000000001,69.0,T
2,39710.33855110134,199.79897830782227,-49.32140000000001,69.0,D
2,39719.03706539914,130.21086392539942,-49.32140000000001,69.0,T
2,39719.11839852171,121.00004264918054,-41.32140000000001,69.0,D
2,39730.11810441326,208.99768978162643,-41.32140000000001,69.0,T
2,39730.18591025072,215.27835144002563,-33.32140000000001,69.0,D
2,39742.759132140345,114.6925763230691,-33.32140000000001,69.0,T
2,39742.82018258401,110.2360053203127,-25.32140000000001,69.0,D
2,39747.31969276795,146.23208679188886,-25.32140000000001,69.0,T
2,39747.393315299916,138.619187391839,-17.32140000000001,69.0,D
2,39751.31875493701,107.21567029504104,-17.32140000000001,69.0,T
2,39751.373546469724,105.33218382638327,-9.321400000000011,69.0,D
2,39755.06719537222,134.8813750463652,-9.321400000000011,69.0,T
2,39755.12131605532,133.50166941047414,-1.3214000000000112,69.0,D
2,39758.723699731636,104.6826,-1.3214000000000112,69.0,T
2,39758.777089634495,105.05116323657897,6.678599999999989,69.0,D
2,39762.41025746994,134.1165059202002,6.678599999999989,69.0,T
2,39762.4671217561,137.0753584670183,14.678599999999989,69.0,D
2,39766.29612069257,106.44336697521129,14.678599999999989,69.0,T
2,39766.35229688059,109.09000489338219,22.67859999999999,69.0,D
2,39770.59668664021,143.04512297034162,22.67859999999999,69.0,T
2,39771.13042463999,146.16212139343335,-57.32140000000001,69.0,D
2,39775.862028867625,184.01495521453626,-57.32140000000001,69.0,T
2,39784.853819862095,500.0,866.025404,1000.0,W
2,40200.67549218297,500.0,866.025404,1000.0,T
2,40209.15310607692,182.6491,57.74265872892774,71.0,D
2,40213.10332687494,182.6491,26.14089234478807,71.0,T
2,40213.162737353865,174.6491,30.06722812256167,71.0,D
2,40216.8522625912,174.6491,59.58343002125226,71.0,T
2,40216.90582969758,166.6491,60.33328662296071,71.0,D
2,40220.50942209761,166.6491,31.504547422692607,71.0,T
2,40220.56292169484,158.6491,30.872364441597846,71.0,D
2,40224.20968795515,158.6491,60.046494524069814,71.0,T
2,40224.263855781,150.6491,58.62577268408124,71.0,D
2,40228.07995677198,150.6491,28.096964756253445,71.0,T
2,40228.14601251076,142.6491,22.250973473493623,71.0,D
2,40232.37252774756,142.6491,56.06309536787034,71.0,T
2,40232.4317981947,134.6491,52.18467006272037,71.0,D
2,40237.891324826036,134.6491,8.508457012062495,71.0,T
2,40238.005606050174,134.6491,-8.633726608369592,71.0,D
2,40243.445168713166,134.6491,-52.15022791233458,71.0,T
2,40243.504608397154,142.6491,-56.08649654263573,71.0,D
2,40247.73766186192,142.6491,-22.22206882454315,71.0,T
2,40247.80369293952,150.6491,-28.06178818432895,71.0,D
2,40251.62159227128,150.6491,-58.604982838448464,71.0,T
2,40251.6757451038,158.6491,-60.01278558232305,71.0,D
2,40255.316564305765,158.6491,-30.886231966546088,71.0,T
2,40255.37008147331,166.6491,-31.551034567679853,71.0,D
2,40258.97050621484,166.6491,-60.354432499908675,71.0,T
2,40259.0241041426,174.6491,-59.556559175397716,71.0,D
2,40262.71694872261,174.6491,-30.01380253527422,71.0,T
2,40262.776284763,182.6491,-26.112875979468328,71.0,D
2,40266.724760865596,182.6491,-57.70068480027088,71.0,T
2,40266.781848543425,190.6491,-54.646578285153744,71.0,D
2,40271.31506595611,190.6491,-18.38083898373397,71.0,T
2,40271.50699144955,214.6491,-34.280410934533535,71.0,D
2,40280.079027296204,214.6491,34.29587583874919,71.0,T
2,40280.1611983357,206.6491,43.67253803552433,71.0,D
2,40291.07721443583,206.6491,-43.655590765533866,71.0,T
2,40291.14559172447,198.6491,-50.074134685121194,71.0,D
2,40303.67315587202,198.6491,50.14637849526403,71.0,T
2,40303.734320225936,190.6491,54.63795497553868,71.0,D
2,40308.25888440405,190.6491,18.441441550659064,71.0,T
2,40308.472256635934,222.6491,17.83032769794597,71.0,D
2,40312.92512993651,222.6491,-17.79265870665472,71.0,T
2,40313.59340322352,126.6491,-46.641518095827344,71.0,D
2,40325.248854937636,126.6491,46.60209561703402,71.0,T
2,40325.324020213084,118.6491,38.657228138308895,71.0,D
2,40334.98838700815,118.6491,-38.65770622219739,71.0,T
2,40335.08684402699,110.6491,-26.243595194554864,71.0,D
2,40341.65462790152,110.6491,26.29867580161097,71.0,T
2,40350.397310178414,500.0,866.025404,1000.0,W
2,40766.41370664282,500.0,866.025404,1000.0,T
2,40774.881627811264,190.62280564851264,54.647099999999995,73.0,D
2,40781.2885140432,139.3677157930493,54.647099999999995,73.0,T
2,40781.38835053779,126.7081412675338,46.647099999999995,73.0,D
2,40790.969946861645,203.36091185839464,46.647099999999995,73.0,T
2,40791.045426107754,211.3724737122522,38.647099999999995,73.0,D
2,40802.636507508156,118.6438225089945,38.647099999999995,73.0,T
2,40802.70181735777,112.98953473169388,30.647099999999995,73.0,D
2,40808.27762685976,157.59601074760795,30.647099999999995,73.0,T
2,40808.37611307871,172.36894359049222,30.647099999999995,73.0,D
2,40813.94914206582,216.95317548740147,30.647099999999995,73.0,T
2,40814.0088289134,220.97271462855642,22.647099999999995,73.0,D
2,40818.25442095572,187.00797828999262,22.647099999999995,73.0,T
2,40818.3210407536,192.9962537566072,14.647099999999995,73.0,D
2,40822.13706834176,223.52447446186022,14.647099999999995,73.0,T
2,40822.19125391984,224.96034688195095,6.647099999999995,73.0,D
2,40825.832470191635,195.83061670760392,6.647099999999995,73.0,T
2,40825.885985563684,196.4921592395625,-1.3529000000000053,73.0,D
2,40829.495489622415,225.3681917094216,-1.3529000000000053,73.0,T
2,40829.549063462815,224.60758771316915,-9.352900000000005,73.0,D
2,40833.229469033395,195.16434314850326,-9.352900000000005,73.0,T
2,40833.2884422057,191.38925524696066,-17.352900000000005,73.0,D
2,40837.21194702716,222.77729381862497,-17.352900000000005,73.0,T
2,40837.2688189546,219.81513869796694,-25.352900000000005,73.0,D
2,40841.773845931166,183.77492288550093,-25.352900000000005,73.0,T
2,40841.96602090358,199.74215340699755,-49.352900000000005,73.0,D
2,40850.650526525,130.2661084356382,-49.352900000000005,73.0,T
2,40850.73192659309,121.0419906233947,-41.352900000000005,73.0,D
2,40861.721744162096,208.96053117545685,-41.352900000000005,73.0,T
2,40861.7896531784,215.26622512088306,-33.352900000000005,73.0,D
2,40874.3629073337,114.68019187847362,-33.352900000000005,73.0,T
2,40874.4238986486,110.24187450570444,-25.352900000000005,73.0,D
2,40878.92805754694,146.27514569237636,-25.352900000000005,73.0,T
2,40879.001772090385,138.64223909588435,-17.352900000000005,73.0,D
2,40882.9329326557,107.19295457341819,-17.352900000000005,73.0,T
2,40882.98764920006,105.35917293250286,-9.352900000000005,73.0,D
2,40886.67924526982,134.89194149059375,-9.352900000000005,73.0,T
2,40886.733377257115,133.50229366333545,-1.3529000000000053,73.0,D
2,40890.337457589296,104.66965100586468,-1.3529000000000053,73.0,T
2,40890.39084011299,105.01332425780885,6.647099999999995,73.0,D
2,40894.02773642698,134.1084947697242,6.647099999999995,73.0,T
2,40894.08458500527,137.06054815895865,14.647099999999995,73.0,D
2,40897.91440239299,106.42200905719383,14.647099999999995,73.0,T
2,40897.97056488772,109.06210011850402,22.647099999999995,73.0,D
2,40902.21480342914,143.0160084498597,22.647099999999995,73.0,T
2,40902.748571893586,146.24825332209207,-57.352900000000005,73.0,D
2,40907.450259790785,183.86175649968084,-57.352900000000005,73.0,T
2,40916.42404848973,500.0,866.025404,1000.0,W
2,41332.20673883339,500.0,866.025404,1000.0,T
2,41340.66489095633,182.6491,57.74265872892774,75.0,D
2,41344.61511175435,182.6491,26.14089234478807,75.0,T
2,41344.674522233276,174.6491,30.06722812256167,75.0,D
2,41348.36404747061,174.6491,59.58343002125226,75.0,T
2,41348.41761457699,166.6491,60.33328662296071,75.0,D
2,41352.02120697702,166.6491,31.504547422692607,75.0,T
2,41352.07470657425,158.6491,30.872364441597846,75.0,D
2,41355.72147283456,158.6491,60.046494524069814,75.0,T
2,41355.77564066041,150.6491,58.62577268408124,75.0,D
2,41359.59174165139,150.6491,28.096964756253445,75.0,T
2,41359.65779739017,142.6491,22.250973473493623,75.0,D
2,41363.88431262697,142.6491,56.06309536787034,75.0,T
2,41363.94358307411,134.6491,52.18467006272037,75.0,D
2,41369.40310970545,134.6491,8.508457012062495,75.0,T
2,41369.517390929585,134.6491,-8.633726608369592,75.0,D
2,41374.95695359258,134.6491,-52.15022791233458,75.0,T
2,41375.016393276564,142.6491,-56.08649654263573,75.0,D
2,41379.24944674133,142.6491,-22.22206882454315,75.0,T
2,41379.31547781893,150.6491,-28.06178818432895,75.0,D
2,41383.13337715069,150.6491,-58.604982838448464,75.0,T
2,41383.18752998321,158.6491,-60.01278558232305,75.0,D
2,41386.828349185176,158.6491,-30.886231966546088,75.0,T
2,41386.88186635272,166.6491,-31.551034567679853,75.0,D
2,41390.48229109425,166.6491,-60.354432499908675,75.0,T
2,41390.53588902201,174.6491,-59.556559175397716,75.0,D
2,41394.22873360202,174.6491,-30.01380253527422,75.0,T
2,41394.28806964241,182.6491,-26.112875979468328,75.0,D
2,41398.23654574501,182.6491,-57.70068480027088,75.0,T
2,41398.293633422836,190.6491,-54.646578285153744,75.0,D
2,41402.82685083552,190.6491,-18.38083898373397,75.0,T
2,41403.01877632896,214.6491,-34.280410934533535,75.0,D
2,41411.590812175615,214.6491,34.29587583874919,75.0,T
2,41411.67298321511,206.6491,43.67253803552433,75.0,D
2,41422.58899931524,206.6491,-43.655590765533866,75.0,T
2,41422.65737660388,198.6491,-50.074134685121194,75.0,D
2,41435.18494075143,198.6491,50.14637849526403,75.0,T
2,41435.24610510535,190.6491,54.63795497553868,75.0,D
2,41439.77066928346,190.6491,18.441441550659064,75.0,T
2,41439.984041515345,222.6491,17.83032769794597,75.0,D
2,41444.436914815924,222.6491,-17.79265870665472,75.0,T
2,41445.105188102934,126.6491,-46.641518095827344,75.0,D
2,41456.76063981705,126.6491,46.60209561703402,75.0,T
2,41456.835805092494,118.6491,38.657228138308895,75.0,D
2,41466.50017188756,118.6491,-38.65770622219739,75.0,T
2,41466.5986289064,110.6491,-26.243595194554864,75.0,D
2,41473.16641278093,110.6491,26.29867580161097,75.0,T
2,41481.89022464242,500.0,866.025404,1000.0,W
2,41897.86833253325,500.0,866.025404,1000.0,T
2,41906.31681168787,190.62280564851264,54.647099999999995,77.0,D
2,41912.723697919806,139.3677157930493,54.647099999999995,77.0,T
2,41912.8235344144,126.7081412675338,46.647099999999995,77.0,D
2,41922.405130738254,203.36091185839464,46.647099999999995,77.0,T
2,41922.48060998436,211.3724737122522,38.647099999999995,77.0,D
2,41934.071691384765,118.6438225089945,38.647099999999995,77.0,T
2,41934.137001234376,112.98953473169388,30.647099999999995,77.0,D
2,41939.71281073637,157.59601074760795,30.647099999999995,77.0,T
2,41939.81129695532,172.36894359049222,30.647099999999995,77.0,D
2,41945.38432594243,216.95317548740147,30.647099999999995,77.0,T
2,41945.44401279001,220.97271462855642,22.647099999999995,77.0,D
2,41949.68960483233,187.00797828999262,22.647099999999995,77.0,T
2,41949.75622463021,192.9962537566072,14.647099999999995,77.0,D
2,41953.57225221837,223.52447446186022,14.647099999999995,77.0,T
2,41953.62643779645,224.96034688195095,6.647099999999995,77.0,D
2,41957.267654068244,195.83061670760392,6.647099999999995,77.0,T
2,41957.32116944029,196.4921592395625,-1.3529000000000053,77.0,D
2,41960.930673499024,225.3681917094216,-1.3529000000000053,77.0,T
2,41960.984247339424,224.60758771316915,-9.352900000000005,77.0,D
2,41964.66465291,195.16434314850326,-9.352900000000005,77.0,T
2,41964.72362608231,191.38925524696066,-17.352900000000005,77.0,D
2,41968.647130903766,222.77729381862497,-17.352900000000005,77.0,T
2,41968.70400283121,219.81513869796694,-25.352900000000005,77.0,D
2,41973.209029807775,183.77492288550093,-25.352900000000005,77.0,T
2,41973.40120478019,199.74215340699755,-49.352900000000005,77.0,D
2,41982.08571040161,130.2661084356382,-49.352900000000005,77.0,T
2,41982.1671104697,121.0419906233947,-41.352900000000005,77.0,D
2,41993.156928038705,208.96053117545685,-41.352900000000005,77.0,T
2,41993.22483705501,215.26622512088306,-33.352900000000005,77.0,D
2,42005.79809121031,114.68019187847362,-33.352900000000005,77.0,T
2,42005.85908252521,110.24187450570444,-25.352900000000005,77.0,D
2,42010.36324142355,146.27514569237636,-25.352900000000005,77.0,T
2,42010.436955966994,138.64223909588435,-17.352900000000005,77.0,D
2,42014.36811653231,107.19295457341819,-17.352900000000005,77.0,T
2,42014.42283307667,105.35917293250286,-9.352900000000005,77.0,D
2,42018.11442914643,134.89194149059375,-9.352900000000005,77.0,T
2,42018.16856113372,133.50229366333545,-1.3529000000000053,77.0,D
2,42021.772641465905,104.66965100586468,-1.3529000000000053,77.0,T
2,42021.8260239896,105.01332425780885,6.647099999999995,77.0,D
2,42025.46292030359,134.1084947697242,6.647099999999995,77.0,T
2,42025.51976888188,137.06054815895865,14.647099999999995,77.0,D
2,42029.3495862696,106.42200905719383,14.647099999999995,77.0,T
2,42029.40574876433,109.06210011850402,22.647099999999995,77.0,D
2,42033.64998730575,143.0160084498597,22.647099999999995,77.0,T
2,42034.183755770195,146.24825332209207,-57.352900000000005,77.0,D
2,42038.885443667394,183.86175649968084,-57.352900000000005,77.0,T
2,42047.84088864375,500.0,866.025404,1000.0,W
2,42463.58467495399,500.0,866.025404,1000.0,T
2,42472.02340468998,182.6491,57.74265872892774,79.0,D
2,42475.973625488,182.6491,26.14089234478807,79.0,T
2,42476.033035966924,174.6491,30.06722812256167,79.0,D
2,42479.72256120426,174.6491,59.58343002125226,79.0,T
2,42479.77612831064,166.6491,60.33328662296071,79.0,D
2,42483.37972071067,166.6491,31.504547422692607,79.0,T
2,42483.433220307896,158.6491,30.872364441597846,79.0,D
2,42487.079986568206,158.6491,60.046494524069814,79.0,T
2,42487.13415439406,150.6491,58.62577268408124,79.0,D
2,42490.95025538504,150.6491,28.096964756253445,79.0,T
2,42491.01631112382,142.6491,22.250973473493623,79.0,D
2,42495.24282636062,142.6491,56.06309536787034,79.0,T
2,42495.30209680776,134.6491,52.18467006272037,79.0,D
2,42500.761623439095,134.6491,8.508457012062495,79.0,T
2,42500.87590466323,134.6491,-8.633726608369592,79.0,D
2,42506.315467326225,134.6491,-52.15022791233458,79.0,T
2,42506.37490701021,142.6491,-56.08649654263573,79.0,D
2,42510.607960474976,142.6491,-22.22206882454315,79.0,T
2,42510.673991552576,150.6491,-28.06178818432895,79.0,D
2,42514.49189088434,150.6491,-58.604982838448464,79.0,T
2,42514.54604371686,158.6491,-60.01278558232305,79.0,D
2,42518.186862918825,158.6491,-30.886231966546088,79.0,T
2,42518.24038008637,166.6491,-31.551034567679853,79.0,D
2,42521.8408048279,166.6491,-60.354432499908675,79.0,T
2,42521.89440275566,174.6491,-59.556559175397716,79.0,D
2,42525.58724733567,174.6491,-30.01380253527422,79.0,T
2,42525.64658337606,182.6491,-26.112875979468328,79.0,D
2,42529.595059478655,182.6491,-57.70068480027088,79.0,T
2,42529.652147156485,190.6491,-54.646578285153744,79.0,D
2,42534.185364569166,190.6491,-18.38083898373397,79.0,T
2,42534.377290062606,214.6491,-34.280410934533535,79.0,D
2,42542.94932590926,214.6491,34.29587583874919,79.0,T
2,42543.03149694876,206.6491,43.67253803552433,79.0,D
2,42553.947513048886,206.6491,-43.655590765533866,79.0,T
2,42554.01589033753,198.6491,-50.074134685121194,79.0,D
2,42566.54345448508,198.6491,50.14637849526403,79.0,T
2,42566.604618838996,190.6491,54.63795497553868,79.0,D
2,42571.12918301711,190.6491,18.441441550659064,79.0,T
2,42571.34255524899,222.6491,17.83032769794597,79.0,D
2,42575.79542854957,222.6491,-17.79265870665472,79.0,T
2,42576.46370183658,126.6491,-46.641518095827344,79.0,D
2,42588.119153550695,126.6491,46.60209561703402,79.0,T
2,42588.19431882614,118.6491,38.657228138308895,79.0,D
2,42597.858685621206,118.6491,-38.65770622219739,79.0,T
2,42597.95714264005,110.6491,-26.243595194554864,79.0,D
2,42604.524926514576,110.6491,26.29867580161097,79.0,T
2,42613.229908744135,500.0,866.025404,1000.0,W
2,43029.169807381615,500.0,866.025404,1000.0,T
2,43037.59888404276,190.62280564851264,54.647099999999995,81.0,D
2,43044.00577027469,139.3677157930493,54.647099999999995,81.0,T
2,43044.105606769284,126.7081412675338,46.647099999999995,81.0,D
2,43053.68720309314,203.36091185839464,46.647099999999995,81.0,T
2,43053.76268233925,211.3724737122522,38.647099999999995,81.0,D
2,43065.35376373965,118.6438225089945,38.647099999999995,81.0,T
2,43065.41907358926,112.98953473169388,30.647099999999995,81.0,D
2,43070.994883091254,157.59601074760795,30.647099999999995,81.0,T
2,43071.093369310205,172.36894359049222,30.647099999999995,81.0,D
2,43076.66639829732,216.95317548740147,30.647099999999995,81.0,T
2,43076.726085144895,220.97271462855642,22.647099999999995,81.0,D
2,43080.97167718722,187.00797828999262,22.647099999999995,81.0,T
2,43081.0382969851,192.9962537566072,14.647099999999995,81.0,D
2,43084.85432457326,223.52447446186022,14.647099999999995,81.0,T
2,43084.908510151334,224.96034688195095,6.647099999999995,81.0,D
2,43088.54972642313,195.83061670760392,6.647099999999995,81.0,T
2,43088.60324179518,196.4921592395625,-1.3529000000000053,81.0,D
2,43092.21274585391,225.3681917094216,-1.3529000000000053,81.0,T
2,43092.26631969431,224.60758771316915,-9.352900000000005,81.0,D
2,43095.94672526489,195.16434314850326,-9.352900000000005,81.0,T
2,43096.0056984372,191.38925524696066,-17.352900000000005,81.0,D
2,43099.92920325865,222.77729381862497,-17.352900000000005,81.0,T
2,43099.9860751861,219.81513869796694,-25.352900000000005,81.0,D
2,43104.49110216266,183.77492288550093,-25.352900000000005,81.0,T
2,43104.683277135075,199.74215340699755,-49.352900000000005,81.0,D
2,43113.3677827565,130.2661084356382,-49.352900000000005,81.0,T
2,43113.44918282459,121.0419906233947,-41.352900000000005,81.0,D
2,43124.43900039359,208.96053117545685,-41.352900000000005,81.0,T
2,43124.506909409894,215.26622512088306,-33.352900000000005,81.0,D
2,43137.080163565195,114.68019187847362,-33.352900000000005,81.0,T
2,43137.1411548801,110.24187450570444,-25.352900000000005,81.0,D
2,43141.645313778434,146.27514569237636,-25.352900000000005,81.0,T
2,43141.71902832188,138.64223909588435,-17.352900000000005,81.0,D
2,43145.65018888719,107.19295457341819,-17.352900000000005,81.0,T
2,43145.70490543156,105.35917293250286,-9.352900000000005,81.0,D
2,43149.39650150132,134.89194149059375,-9.352900000000005,81.0,T
2,43149.45063348861,133.50229366333545,-1.3529000000000053,81.0,D
2,43153.05471382079,104.66965100586468,-1.3529000000000053,81.0,T
2,43153.108096344484,105.01332425780885,6.647099999999995,81.0,D
2,43156.744992658474,134.1084947697242,6.647099999999995,81.0,T
2,43156.80184123677,137.06054815895865,14.647099999999995,81.0,D
2,43160.63165862449,106.42200905719383,14.647099999999995,81.0,T
2,43160.687821119216,109.06210011850402,22.647099999999995,81.0,D
2,43164.932059660634,143.0160084498597,22.647099999999995,81.0,T
2,43165.46582812508,146.24825332209207,-57.352900000000005,81.0,D
2,43170.16751602228,183.86175649968084,-57.352900000000005,81.0,T
2,43179.10465919322,500.0,866.025404,1000.0,W
2,43594.8096199528,500.0,866.025404,1000.0,T
2,43603.22896695845,182.6491,57.74265872892774,83.0,D
2,43607.17918775647,182.6491,26.14089234478807,83.0,T
2,43607.238598235395,174.6491,30.06722812256167,83.0,D
2,43610.92812347273,174.6491,59.58343002125226,83.0,T
2,43610.98169057911,166.6491,60.33328662296071,83.0,D
2,43614.58528297914,166.6491,31.504547422692607,83.0,T
2,43614.63878257637,158.6491,30.872364441597846,83.0,D
2,43618.28554883668,158.6491,60.046494524069814,83.0,T
2,43618.33971666253,150.6491,58.62577268408124,83.0,D
2,43622.15581765351,150.6491,28.096964756253445,83.0,T
2,43622.22187339229,142.6491,22.250973473493623,83.0,D
2,43626.44838862909,142.6491,56.06309536787034,83.0,T
2,43626.50765907623,134.6491,52.18467006272037,83.0,D
2,43631.96718570757,134.6491,8.508457012062495,83.0,T
2,43632.081466931704,134.6491,-8.633726608369592,83.0,D
2,43637.521029594696,134.6491,-52.15022791233458,83.0,T
2,43637.580469278684,142.6491,-56.08649654263573,83.0,D
2,43641.81352274345,142.6491,-22.22206882454315,83.0,T
2,43641.87955382105,150.6491,-28.06178818432895,83.0,D
2,43645.69745315281,150.6491,-58.604982838448464,83.0,T
2,43645.75160598533,158.6491,-60.01278558232305,83.0,D
2,43649.392425187296,158.6491,-30.886231966546088,83.0,T
2,43649.44594235484,166.6491,-31.551034567679853,83.0,D
2,43653.04636709637,166.6491,-60.354432499908675,83.0,T
2,43653.09996502413,174.6491,-59.556559175397716,83.0,D
2,43656.79280960414,174.6491,-30.01380253527422,83.0,T
2,43656.85214564453,182.6491,-26.112875979468328,83.0,D
2,43660.80062174713,182.6491,-57.70068480027088,83.0,T
2,43660.857709424956,190.6491,-54.646578285153744,83.0,D
2,43665.39092683764,190.6491,-18.38083898373397,83.0,T
2,43665.58285233108,214.6491,-34.280410934533535,83.0,D
2,43674.154888177734,214.6491,34.29587583874919,83.0,T
2,43674.23705921723,206.6491,43.67253803552433,83.0,D
2,43685.15307531736,206.6491,-43.655590765533866,83.0,T
2,43685.221452606,198.6491,-50.074134685121194,83.0,D
2,43697.74901675355,198.6491,50.14637849526403,83.0,T
2,43697.81018110747,190.6491,54.63795497553868,83.0,D
2,43702.33474528558,190.6491,18.441441550659064,83.0,T
2,43702.548117517465,222.6491,17.83032769794597,83.0,D
2,43707.000990818044,222.6491,-17.79265870665472,83.0,T
2,43707.669264105054,126.6491,-46.641518095827344,83.0,D
2,43719.324715819166,126.6491,46.60209561703402,83.0,T
2,43719.399881094614,118.6491,38.657228138308895,83.0,D
2,43729.06424788968,118.6491,-38.65770622219739,83.0,T
2,43729.16270490852,110.6491,-26.243595194554864,83.0,D
2,43735.73048878305,110.6491,26.29867580161097,83.0,T
2,43744.41668242937,500.0,866.025404,1000.0,W
2,44160.31845166281,500.0,866.025404,1000.0,T
2,44168.72816562435,190.62280564851264,54.647099999999995,85.0,D
2,44175.13505185628,139.3677157930493,54.647099999999995,85.0,T
2,44175.234888350875,126.7081412675338,46.647099999999995,85.0,D
2,44184.81648467473,203.36091185839464,46.647099999999995,85.0,T
2,44184.89196392084,211.3724737122522,38.647099999999995,85.0,D
2,44196.48304532124,118.6438225089945,38.647099999999995,85.0,T
2,44196.54835517085,112.98953473169388,30.647099999999995,85.0,D
2,44202.124164672845,157.59601074760795,30.647099999999995,85.0,T
2,44202.222650891796,172.36894359049222,30.647099999999995,85.0,D
2,44207.79567987891,216.95317548740147,30.647099999999995,85.0,T
2,44207.855366726486,220.97271462855642,22.647099999999995,85.0,D
2,44212.10095876881,187.00797828999262,22.647099999999995,85.0,T
2,44212.16757856669,192.9962537566072,14.647099999999995,85.0,D
2,44215.98360615485,223.52447446186022,14.647099999999995,85.0,T
2,44216.037791732924,224.96034688195095,6.647099999999995,85.0,D
2,44219.67900800472,195.83061670760392,6.647099999999995,85.0,T
2,44219.73252337677,196.4921592395625,-1.3529000000000053,85.0,D
2,44223.3420274355,225.3681917094216,-1.3529000000000053,85.0,T
2,44223.3956012759,224.60758771316915,-9.352900000000005,85.0,D
2,44227.07600684648,195.16434314850326,-9.352900000000005,85.0,T
2,44227.13498001879,191.38925524696066,-17.352900000000005,85.0,D
2,44231.05848484024,222.77729381862497,-17.352900000000005,85.0,T
2,44231.11535676769,219.81513869796694,-25.352900000000005,85.0,D
2,44235.62038374425,183.77492288550093,-25.352900000000005,85.0,T
2,44235.812558716665,199.74215340699755,-49.352900000000005,85.0,D
2,44244.49706433809,130.2661084356382,-49.352900000000005,85.0,T
2,44244.57846440618,121.0419906233947,-41.352900000000005,85.0,D
2,44255.56828197518,208.96053117545685,-41.352900000000005,85.0,T
2,44255.636190991485,215.26622512088306,-33.352900000000005,85.0,D
2,44268.209445146786,114.68019187847362,-33.352900000000005,85.0,T
2,44268.27043646169,110.24187450570444,-25.352900000000005,85.0,D
2,44272.774595360024,146.27514569237636,-25.352900000000005,85.0,T
2,44272.84830990347,138.64223909588435,-17.352900000000005,85.0,D
2,44276.779470468784,107.19295457341819,-17.352900000000005,85.0,T
2,44276.83418701315,105.35917293250286,-9.352900000000005,85.0,D
2,44280.52578308291,134.89194149059375,-9.352900000000005,85.0,T
2,44280.5799150702,133.50229366333545,-1.3529000000000053,85.0,D
2,44284.18399540238,104.66965100586468,-1.3529000000000053,85.0,T
2,44284.237377926074,105.01332425780885,6.647099999999995,85.0,D
2,44287.874274240065,134.1084947697242,6.647099999999995,85.0,T
2,44287.93112281836,137.06054815895865,14.647099999999995,85.0,D
2,44291.76094020608,106.42200905719383,14.647099999999995,85.0,T
2,44291.81710270081,109.06210011850402,22.647099999999995,85.0,D
2,44296.061341242224,143.0160084498597,22.647099999999995,85.0,T
2,44296.59510970667,146.24825332209207,-57.352900000000005,85.0,D
2,44301.29679760387,183.86175649968084,-57.352900000000005,85.0,T
2,44310.21568114462,500.0,866.025404,1000.0,W
2,44725.881895379134,500.0,866.025404,1000.0,T
2,44734.28189958557,182.6491,57.74265872892774,87.0,D
2,44738.23212038359,182.6491,26.14089234478807,87.0,T
2,44738.291530862516,174.6491,30.06722812256167,87.0,D
2,44741.98105609985,174.6491,59.58343002125226,87.0,T
2,44742.03462320623,166.6491,60.33328662296071,87.0,D
2,44745.63821560626,166.6491,31.504547422692607,87.0,T
2,44745.69171520349,158.6491,30.872364441597846,87.0,D
2,44749.3384814638,158.6491,60.046494524069814,87.0,T
2,44749.39264928965,150.6491,58.62577268408124,87.0,D
2,44753.20875028063,150.6491,28.096964756253445,87.0,T
2,44753.27480601941,142.6491,22.250973473493623,87.0,D
2,44757.50132125621,142.6491,56.06309536787034,87.0,T
2,44757.56059170335,134.6491,52.18467006272037,87.0,D
2,44763.02011833469,134.6491,8.508457012062495,87.0,T
2,44763.134399558825,134.6491,-8.633726608369592,87.0,D
2,44768.57396222182,134.6491,-52.15022791233458,87.0,T
2,44768.633401905805,142.6491,-56.08649654263573,87.0,D
2,44772.86645537057,142.6491,-22.22206882454315,87.0,T
2,44772.93248644817,150.6491,-28.06178818432895,87.0,D
2,44776.75038577993,150.6491,-58.604982838448464,87.0,T
2,44776.80453861245,158.6491,-60.01278558232305,87.0,D
2,44780.44535781442,158.6491,-30.886231966546088,87.0,T
2,44780.49887498196,166.6491,-31.551034567679853,87.0,D
2,44784.09929972349,166.6491,-60.354432499908675,87.0,T
2,44784.15289765125,174.6491,-59.556559175397716,87.0,D
2,44787.845742231264,174.6491,-30.01380253527422,87.0,T
2,44787.90507827165,182.6491,-26.112875979468328,87.0,D
2,44791.85355437425,182.6491,-57.70068480027088,87.0,T
2,44791.91064205208,190.6491,-54.646578285153744,87.0,D
2,44796.44385946476,190.6491,-18.38083898373397,87.0,T
2,44796.6357849582,214.6491,-34.280410934533535,87.0,D
2,44805.207820804855,214.6491,34.29587583874919,87.0,T
2,44805.28999184435,206.6491,43.67253803552433,87.0,D
2,44816.20600794448,206.6491,-43.655590765533866,87.0,T
2,44816.27438523312,198.6491,-50.074134685121194,87.0,D
2,44828.80194938067,198.6491,50.14637849526403,87.0,T
2,44828.86311373459,190.6491,54.63795497553868,87.0,D
2,44833.3876779127,190.6491,18.441441550659064,87.0,T
2,44833.601050144585,222.6491,17.83032769794597,87.0,D
2,44838.053923445164,222.6491,-17.79265870665472,87.0,T
2,44838.722196732175,126.6491,-46.641518095827344,87.0,D
2,44850.37764844629,126.6491,46.60209561703402,87.0,T
2,44850.452813721735,118.6491,38.657228138308895,87.0,D
2,44860.1171805168,118.6491,-38.65770622219739,87.0,T
2,44860.21563753564,110.6491,-26.243595194554864,87.0,D
2,44866.78342141017,110.6491,26.29867580161097,87.0,T
2,44875.450867788895,500.0,866.025404,1000.0,W
2,45291.31458800039,500.0,866.025404,1000.0,T
2,45299.70497933171,190.62280564851264,54.647099999999995,89.0,D
2,45306.111865563646,139.3677157930493,54.647099999999995,89.0,T
2,45306.21170205824,126.7081412675338,46.647099999999995,89.0,D
2,45315.793298382094,203.36091185839464,46.647099999999995,89.0,T
2,45315.8687776282,211.3724737122522,38.647099999999995,89.0,D
2,45327.459859028604,118.6438225089945,38.647099999999995,89.0,T
2,45327.525168878215,112.98953473169388,30.647099999999995,89.0,D
2,45333.10097838021,157.59601074760795,30.647099999999995,89.0,T
2,45333.19946459916,172.36894359049222,30.647099999999995,89.0,D
2,45338.77249358627,216.95317548740147,30.647099999999995,89.0,T
2,45338.83218043385,220.97271462855642,22.647099999999995,89.0,D
2,45343.07777247617,187.00797828999262,22.647099999999995,89.0,T
2,45343.14439227405,192.9962537566072,14.647099999999995,89.0,D
2,45346.96041986221,223.52447446186022,14.647099999999995,89.0,T
2,45347.01460544029,224.96034688195095,6.647099999999995,89.0,D
2,45350.655821712084,195.83061670760392,6.647099999999995,89.0,T
2,45350.70933708413,196.4921592395625,-1.3529000000000053,89.0,D
2,45354.318841142864,225.3681917094216,-1.3529000000000053,89.0,T
2,45354.37241498326,224.60758771316915,-9.352900000000005,89.0,D
2,45358.05282055384,195.16434314850326,-9.352900000000005,89.0,T
2,45358.11179372615,191.38925524696066,-17.352900000000005,89.0,D
2,45362.035298547606,222.77729381862497,-17.352900000000005,89.0,T
2,45362.09217047505,219.81513869796694,-25.352900000000005,89.0,D
2,45366.597197451614,183.77492288550093,-25.352900000000005,89.0,T
2,45366.78937242403,199.74215340699755,-49.352900000000005,89.0,D
2,45375.47387804545,130.2661084356382,-49.352900000000005,89.0,T
2,45375.55527811354,121.0419906233947,-41.352900000000005,89.0,D
2,45386.545095682544,208.96053117545685,-41.352900000000005,89.0,T
2,45386.61300469885,215.26622512088306,-33.352900000000005,89.0,D
2,45399.18625885415,114.68019187847362,-33.352900000000005,89.0,T
2,45399.24725016905,110.24187450570444,-25.352900000000005,89.0,D
2,45403.75140906739,146.27514569237636,-25.352900000000005,89.0,T
2,45403.82512361083,138.64223909588435,-17.352900000000005,89.0,D
2,45407.75628417615,107.19295457341819,-17.352900000000005,89.0,T
2,45407.81100072051,105.35917293250286,-9.352900000000005,89.0,D
2,45411.50259679027,134.89194149059375,-9.352900000000005,89.0,T
2,45411.55672877756,133.50229366333545,-1.3529000000000053,89.0,D
2,45415.160809109744,104.66965100586468,-1.3529000000000053,89.0,T
2,45415.21419163344,105.01332425780885,6.647099999999995,89.0,D
2,45418.85108794743,134.1084947697242,6.647099999999995,89.0,T
2,45418.90793652572,137.06054815895865,14.647099999999995,89.0,D
2,45422.73775391344,106.42200905719383,14.647099999999995,89.0,T
2,45422.79391640817,109.06210011850402,22.647099999999995,89.0,D
2,45427.03815494959,143.0160084498597,22.647099999999995,89.0,T
2,45427.571923414034,146.24825332209207,-57.352900000000005,89.0,D
2,45432.27361131123,183.86175649968084,-57.352900000000005,89.0,T
2,45441.17427765658,500.0,866.025404,1000.0,W
2,45856.801824938426,500.0,866.025404,1000.0,T
2,45865.18252655327,182.6491,57.74265872892774,91.0,D
2,45869.13274735129,182.6491,26.14089234478807,91.0,T
2,45869.19215783021,174.6491,30.06722812256167,91.0,D
2,45872.88168306755,174.6491,59.58343002125226,91.0,T
2,45872.93525017393,166.6491,60.33328662296071,91.0,D
2,45876.53884257396,166.6491,31.504547422692607,91.0,T
2,45876.592342171185,158.6491,30.872364441597846,91.0,D
2,45880.239108431495,158.6491,60.046494524069814,91.0,T
2,45880.29327625735,150.6491,58.62577268408124,91.0,D
2,45884.10937724833,150.6491,28.096964756253445,91.0,T
2,45884.17543298711,142.6491,22.250973473493623,91.0,D
2,45888.40194822391,142.6491,56.06309536787034,91.0,T
2,45888.46121867105,134.6491,52.18467006272037,91.0,D
2,45893.920745302385,134.6491,8.508457012062495,91.0,T
2,45894.03502652652,134.6491,-8.633726608369592,91.0,D
2,45899.474589189515,134.6491,-52.15022791233458,91.0,T
2,45899.5340288735,142.6491,-56.08649654263573,91.0,D
2,45903.767082338265,142.6491,-22.22206882454315,91.0,T
2,45903.833113415865,150.6491,-28.06178818432895,91.0,D
2,45907.65101274763,150.6491,-58.604982838448464,91.0,T
2,45907.70516558015,158.6491,-60.01278558232305,91.0,D
2,45911.345984782114,158.6491,-30.886231966546088,91.0,T
2,45911.39950194966,166.6491,-31.551034567679853,91.0,D
2,45914.99992669119,166.6491,-60.354432499908675,91.0,T
2,45915.05352461895,174.6491,-59.556559175397716,91.0,D
2,45918.74636919896,174.6491,-30.01380253527422,91.0,T
2,45918.80570523935,182.6491,-26.112875979468328,91.0,D
2,45922.754181341945,182.6491,-57.70068480027088,91.0,T
2,45922.811269019774,190.6491,-54.646578285153744,91.0,D
2,45927.344486432456,190.6491,-18.38083898373397,91.0,T
2,45927.536411925896,214.6491,-34.280410934533535,91.0,D
2,45936.10844777255,214.6491,34.29587583874919,91.0,T
2,45936.19061881205,206.6491,43.67253803552433,91.0,D
2,45947.106634912176,206.6491,-43.655590765533866,91.0,T
2,45947.175012200816,198.6491,-50.074134685121194,91.0,D
2,45959.70257634837,198.6491,50.14637849526403,91.0,T
2,45959.763740702285,190.6491,54.63795497553868,91.0,D
2,45964.2883048804,190.6491,18.441441550659064,91.0,T
2,45964.50167711228,222.6491,17.83032769794597,91.0,D
2,45968.95455041286,222.6491,-17.79265870665472,91.0,T
2,45969.62282369987,126.6491,-46.641518095827344,91.0,D
2,45981.278275413984,126.6491,46.60209561703402,91.0,T
2,45981.35344068943,118.6491,38.657228138308895,91.0,D
2,45991.017807484495,118.6491,-38.65770622219739,91.0,T
2,45991.11626450334,110.6491,-26.243595194554864,91.0,D
2,45997.684048377865,110.6491,26.29867580161097,91.0,T
2,46006.332789073305,500.0,866.025404,1000.0,W
2,46422.15854118143,500.0,866.025404,1000.0,T
2,46430.529650229386,190.62280564851264,54.647099999999995,93.0,D
2,46436.93653646132,139.3677157930493,54.647099999999995,93.0,T
2,46437.03637295591,126.7081412675338,46.647099999999995,93.0,D
2,46446.61796927977,203.36091185839464,46.647099999999995,93.0,T
2,46446.693448525875,211.3724737122522,38.647099999999995,93.0,D
2,46458.28452992628,118.6438225089945,38.647099999999995,93.0,T
2,46458.34983977589,112.98953473169388,30.647099999999995,93.0,D
2,46463.92564927788,157.59601074760795,30.647099999999995,93.0,T
2,46464.02413549683,172.36894359049222,30.647099999999995,93.0,D
2,46469.597164483945,216.95317548740147,30.647099999999995,93.0,T
2,46469.65685133152,220.97271462855642,22.647099999999995,93.0,D
2,46473.902443373845,187.00797828999262,22.647099999999995,93.0,T
2,46473.969063171724,192.9962537566072,14.647099999999995,93.0,D
2,46477.785090759884,223.52447446186022,14.647099999999995,93.0,T
2,46477.83927633796,224.96034688195095,6.647099999999995,93.0,D
2,46481.48049260976,195.83061670760392,6.647099999999995,93.0,T
2,46481.534007981805,196.4921592395625,-1.3529000000000053,93.0,D
2,46485.14351204054,225.3681917094216,-1.3529000000000053,93.0,T
2,46485.197085880936,224.60758771316915,-9.352900000000005,93.0,D
2,46488.877491451516,195.16434314850326,-9.352900000000005,93.0,T
2,46488.936464623825,191.38925524696066,-17.352900000000005,93.0,D
2,46492.85996944528,222.77729381862497,-17.352900000000005,93.0,T
2,46492.916841372724,219.81513869796694,-25.352900000000005,93.0,D
2,46497.42186834929,183.77492288550093,-25.352900000000005,93.0,T
2,46497.6140433217,199.74215340699755,-49.352900000000005,93.0,D
2,46506.29854894312,130.2661084356382,-49.352900000000005,93.0,T
2,46506.379949011214,121.0419906233947,-41.352900000000005,93.0,D
2,46517.36976658022,208.96053117545685,-41.352900000000005,93.0,T
2,46517.43767559652,215.26622512088306,-33.352900000000005,93.0,D
2,46530.01092975182,114.68019187847362,-33.352900000000005,93.0,T
2,46530.07192106672,110.24187450570444,-25.352900000000005,93.0,D
2,46534.57607996506,146.27514569237636,-25.352900000000005,93.0,T
2,46534.64979450851,138.64223909588435,-17.352900000000005,93.0,D
2,46538.58095507382,107.19295457341819,-17.352900000000005,93.0,T
2,46538.63567161818,105.35917293250286,-9.352900000000005,93.0,D
2,46542.32726768794,134.89194149059375,-9.352900000000005,93.0,T
2,46542.381399675236,133.50229366333545,-1.3529000000000053,93.0,D
2,46545.98548000742,104.66965100586468,-1.3529000000000053,93.0,T
2,46546.03886253111,105.01332425780885,6.647099999999995,93.0,D
2,46549.6757588451,134.1084947697242,6.647099999999995,93.0,T
2,46549.73260742339,137.06054815895865,14.647099999999995,93.0,D
2,46553.56242481111,106.42200905719383,14.647099999999995,93.0,T
2,46553.61858730584,109.06210011850402,22.647099999999995,93.0,D
2,46557.86282584726,143.0160084498597,22.647099999999995,93.0,T
2,46558.39659431171,146.24825332209207,-57.352900000000005,93.0,D
2,46563.098282208906,183.86175649968084,-57.352900000000005,93.0,T
2,46571.98077405473,500.0,866.025404,1000.0,W
2,46987.56973450707,500.0,866.025404,1000.0,T
2,46995.931174016405,182.6491,57.74265872892774,95.0,D
2,46999.881394814416,182.6491,26.14089234478807,95.0,T
2,46999.94080529334,174.6491,30.06722812256167,95.0,D
2,47003.63033053068,174.6491,59.58343002125226,95.0,T
2,47003.683897637056,166.6491,60.33328662296071,95.0,D
2,47007.28749003709,166.6491,31.504547422692607,95.0,T
2,47007.340989634315,158.6491,30.872364441597846,95.0,D
2,47010.987755894625,158.6491,60.046494524069814,95.0,T
2,47011.04192372048,150.6491,58.62577268408124,95.0,D
2,47014.85802471146,150.6491,28.096964756253445,95.0,T
2,47014.92408045024,142.6491,22.250973473493623,95.0,D
2,47019.15059568704,142.6491,56.06309536787034,95.0,T
2,47019.20986613418,134.6491,52.18467006272037,95.0,D
2,47024.669392765514,134.6491,8.508457012062495,95.0,T
2,47024.78367398965,134.6491,-8.633726608369592,95.0,D
2,47030.223236652644,134.6491,-52.15022791233458,95.0,T
2,47030.28267633663,142.6491,-56.08649654263573,95.0,D
2,47034.515729801395,142.6491,-22.22206882454315,95.0,T
2,47034.581760878995,150.6491,-28.06178818432895,95.0,D
2,47038.39966021076,150.6491,-58.604982838448464,95.0,T
2,47038.45381304328,158.6491,-60.01278558232305,95.0,D
2,47042.094632245244,158.6491,-30.886231966546088,95.0,T
2,47042.14814941279,166.6491,-31.551034567679853,95.0,D
2,47045.74857415432,166.6491,-60.354432499908675,95.0,T
2,47045.802172082076,174.6491,-59.556559175397716,95.0,D
2,47049.49501666209,174.6491,-30.01380253527422,95.0,T
2,47049.55435270248,182.6491,-26.112875979468328,95.0,D
2,47053.502828805074,182.6491,-57.70068480027088,95.0,T
2,47053.559916482904,190.6491,-54.646578285153744,95.0,D
2,47058.093133895585,190.6491,-18.38083898373397,95.0,T
2,47058.285059389025,214.6491,-34.280410934533535,95.0,D
2,47066.85709523568,214.6491,34.29587583874919,95.0,T
2,47066.93926627518,206.6491,43.67253803552433,95.0,D
2,47077.855282375305,206.6491,-43.655590765533866,95.0,T
2,47077.923659663946,198.6491,-50.074134685121194,95.0,D
2,47090.4512238115,198.6491,50.14637849526403,95.0,T
2,47090.512388165414,190.6491,54.63795497553868,95.0,D
2,47095.03695234353,190.6491,18.441441550659064,95.0,T
2,47095.25032457541,222.6491,17.83032769794597,95.0,D
2,47099.70319787599,222.6491,-17.79265870665472,95.0,T
2,47100.371471163,126.6491,-46.641518095827344,95.0,D
2,47112.026922877114,126.6491,46.60209561703402,95.0,T
2,47112.10208815256,118.6491,38.657228138308895,95.0,D
2,47121.766454947625,118.6491,-38.65770622219739,95.0,T
2,47121.86491196647,110.6491,-26.243595194554864,95.0,D
2,47128.432695840995,110.6491,26.29867580161097,95.0,T
2,47137.06277270786,500.0,866.025404,1000.0,W
2,47552.850638171396,500.0,866.025404,1000.0,T
2,47561.20250556228,190.62280564851264,54.647099999999995,97.0,D
2,47567.60939179421,139.3677157930493,54.647099999999995,97.0,T
2,47567.709228288804,126.7081412675338,46.647099999999995,97.0,D
2,47577.29082461266,203.36091185839464,46.647099999999995,97.0,T
2,47577.36630385877,211.3724737122522,38.647099999999995,97.0,D
2,47588.95738525917,118.6438225089945,38.647099999999995,97.0,T
2,47589.02269510878,112.98953473169388,30.647099999999995,97.0,D
2,47594.598504610774,157.59601074760795,30.647099999999995,97.0,T
2,47594.696990829725,172.36894359049222,30.647099999999995,97.0,D
2,47600.27001981684,216.95317548740147,30.647099999999995,97.0,T
2,47600.329706664415,220.97271462855642,22.647099999999995,97.0,D
2,47604.57529870674,187.00797828999262,22.647099999999995,97.0,T
2,47604.64191850462,192.9962537566072,14.647099999999995,97.0,D
2,47608.45794609278,223.52447446186022,14.647099999999995,97.0,T
2,47608.512131670854,224.96034688195095,6.647099999999995,97.0,D
2,47612.15334794265,195.83061670760392,6.647099999999995,97.0,T
2,47612.2068633147,196.4921592395625,-1.3529000000000053,97.0,D
2,47615.81636737343,225.3681917094216,-1.3529000000000053,97.0,T
2,47615.86994121383,224.60758771316915,-9.352900000000005,97.0,D
2,47619.55034678441,195.16434314850326,-9.352900000000005,97.0,T
2,47619.60931995672,191.38925524696066,-17.352900000000005,97.0,D
2,47623.53282477817,222.77729381862497,-17.352900000000005,97.0,T
2,47623.58969670562,219.81513869796694,-25.352900000000005,97.0,D
2,47628.09472368218,183.77492288550093,-25.352900000000005,97.0,T
2,47628.286898654595,199.74215340699755,-49.352900000000005,97.0,D
2,47636.97140427602,130.2661084356382,-49.352900000000005,97.0,T
2,47637.05280434411,121.0419906233947,-41.352900000000005,97.0,D
2,47648.04262191311,208.96053117545685,-41.352900000000005,97.0,T
2,47648.110530929414,215.26622512088306,-33.352900000000005,97.0,D
2,47660.683785084715,114.68019187847362,-33.352900000000005,97.0,T
2,47660.74477639962,110.24187450570444,-25.352900000000005,97.0,D
2,47665.248935297954,146.27514569237636,-25.352900000000005,97.0,T
2,47665.3226498414,138.64223909588435,-17.352900000000005,97.0,D
2,47669.25381040671,107.19295457341819,-17.352900000000005,97.0,T
2,47669.30852695108,105.35917293250286,-9.352900000000005,97.0,D
2,47673.000123020836,134.89194149059375,-9.352900000000005,97.0,T
2,47673.05425500813,133.50229366333545,-1.3529000000000053,97.0,D
2,47676.65833534031,104.66965100586468,-1.3529000000000053,97.0,T
2,47676.711717864004,105.01332425780885,6.647099999999995,97.0,D
2,47680.348614177994,134.1084947697242,6.647099999999995,97.0,T
2,47680.40546275629,137.06054815895865,14.647099999999995,97.0,D
2,47684.23528014401,106.42200905719383,14.647099999999995,97.0,T
2,47684.291442638736,109.06210011850402,22.647099999999995,97.0,D
2,47688.535681180154,143.0160084498597,22.647099999999995,97.0,T
2,47689.0694496446,146.24825332209207,-57.352900000000005,97.0,D
2,47693.7711375418,183.86175649968084,-57.352900000000005,97.0,T
2,47702.635497846604,500.0,866.025404,1000.0,W
2,48118.18595214737,500.0,866.025404,1000.0,T
2,48126.5281703177,182.6491,57.74265872892774,99.0,D
2,48130.47839111572,182.6491,26.14089234478807,99.0,T
2,48130.53780159465,174.6491,30.06722812256167,99.0,D
2,48134.227326831984,174.6491,59.58343002125226,99.0,T
2,48134.28089393836,166.6491,60.33328662296071,99.0,D
2,48137.88448633839,166.6491,31.504547422692607,99.0,T
2,48137.93798593562,158.6491,30.872364441597846,99.0,D
2,48141.58475219593,158.6491,60.046494524069814,99.0,T
2,48141.63892002178,150.6491,58.62577268408124,99.0,D
2,48145.45502101276,150.6491,28.096964756253445,99.0,T
2,48145.521076751545,142.6491,22.250973473493623,99.0,D
2,48149.74759198834,142.6491,56.06309536787034,99.0,T
2,48149.806862435486,134.6491,52.18467006272037,99.0,D
2,48155.26638906682,134.6491,8.508457012062495,99.0,T
2,48155.38067029096,134.6491,-8.633726608369592,99.0,D
2,48160.82023295395,134.6491,-52.15022791233458,99.0,T
2,48160.87967263794,142.6491,-56.08649654263573,99.0,D
2,48165.1127261027,142.6491,-22.22206882454315,99.0,T
2,48165.1787571803,150.6491,-28.06178818432895,99.0,D
2,48168.99665651206,150.6491,-58.604982838448464,99.0,T
2,48169.05080934458,158.6491,-60.01278558232305,99.0,D
2,48172.69162854655,158.6491,-30.886231966546088,99.0,T
2,48172.74514571409,166.6491,-31.551034567679853,99.0,D
2,48176.345570455625,166.6491,-60.354432499908675,99.0,T
2,48176.39916838338,174.6491,-59.556559175397716,99.0,D
2,48180.092012963396,174.6491,-30.01380253527422,99.0,T
2,48180.15134900378,182.6491,-26.112875979468328,99.0,D
2,48184.09982510638,182.6491,-57.70068480027088,99.0,T
2,48184.15691278421,190.6491,-54.646578285153744,99.0,D
2,48188.69013019689,190.6491,-18.38083898373397,99.0,T
2,48188.88205569033,214.6491,-34.280410934533535,99.0,D
2,48197.45409153699,214.6491,34.29587583874919,99.0,T
2,48197.53626257648,206.6491,43.67253803552433,99.0,D
2,48208.45227867661,206.6491,-43.655590765533866,99.0,T
2,48208.52065596525,198.6491,-50.074134685121194,99.0,D
2,48221.0482201128,198.6491,50.14637849526403,99.0,T
2,48221.10938446672,190.6491,54.63795497553868,99.0,D
2,48225.633948644834,190.6491,18.441441550659064,99.0,T
2,48225.84732087672,222.6491,17.83032769794597,99.0,D
2,48230.300194177296,222.6491,-17.79265870665472,99.0,T
2,48230.96846746431,126.6491,-46.641518095827344,99.0,D
2,48242.62391917842,126.6491,46.60209561703402,99.0,T
2,48242.69908445387,118.6491,38.657228138308895,99.0,D
2,48252.36345124893,118.6491,-38.65770622219739,99.0,T
2,48252.461908267775,110.6491,-26.243595194554864,99.0,D
2,48259.0296921423,110.6491,26.29867580161097,99.0,T
2,48267.64114730745,500.0,866.025404,1000.0,W
3,0.0,500.0,-866.025404,1000.0,W
3,1240.2225304774822,500.0,-866.025404,1000.0,T
3,1248.7716729382394,99.3506,-168.9204,1.0,D
3,1273.6093229382393,-99.3506,-168.9204,1.0,T
3,1273.707730586562,-111.7559,-160.9204,1.0,D
3,1301.6467180865623,111.756,-160.9204,1.0,T
3,1301.7358804554083,122.4739,-152.9204,1.0,D
3,1332.3543429554081,-122.4738,-152.9204,1.0,T
3,1332.436538025809,-131.8552,-144.9204,1.0,D
3,1365.4003255258092,131.8551,-144.9204,1.0,T
3,1365.477144842315,140.1483,-136.9204,1.0,D
3,1400.5142323423152,-140.1484,-136.9204,1.0,T
3,1400.5868239899032,-147.5352,-128.9204,1.0,D
3,1437.4706364899032,147.5353,-128.9204,1.0,T
3,1437.5398477271283,154.1519,-120.9204,1.0,D
3,1476.0778102271283,-154.1518,-120.9204,1.0,T
3,1476.1442778265903,-160.1019,-112.9204,1.0,D
3,1516.1697403265903,160.1018,-112.9204,1.0,T
3,1516.233954131738,165.4662,-104.9204,1.0,D
3,1557.600516631738,-165.4663,-104.9204,1.0,T
3,1567.075928609998,500.0,-866.025404,1000.0,W
3,3077.449950540505,500.0,-866.025404,1000.0,T
3,3085.989013999533,95.0796,-171.3085,3.0,D
3,3102.1554514995332,95.0796,-41.977,3.0,T
3,3102.353324557185,103.0796,-13.3945,3.0,D
3,3121.5049870571847,103.0796,-166.6078,3.0,T
3,3130.0444114164497,500.0,-866.025404,1000.0,W
3,4370.188550323268,500.0,-866.025404,1000.0,T
3,4378.716935160119,99.3506,-168.9204,5.0,D
3,4403.554585160119,-99.3506,-168.9204,5.0,T
3,4403.652992808442,-111.7559,-160.9204,5.0,D
3,4431.591980308442,111.756,-160.9204,5.0,T
3,4431.681142677287,122.4739,-152.9204,5.0,D
3,4462.299605177288,-122.4738,-152.9204,5.0,T
3,4462.381800247689,-131.8552,-144.9204,5.0,D
3,4495.345587747689,131.8551,-144.9204,5.0,T
3,4495.422407064195,140.1483,-136.9204,5.0,D
3,4530.459494564195,-140.1484,-136.9204,5.0,T
3,4530.532086211783,-147.5352,-128.9204,5.0,D
3,4567.415898711783,147.5353,-128.9204,5.0,T
3,4567.485109949008,154.1519,-120.9204,5.0,D
3,4606.0230724490075,-154.1518,-120.9204,5.0,T
3,4606.08954004847,-160.1019,-112.9204,5.0,D
3,4646.115002548469,160.1018,-112.9204,5.0,T
3,4646.179216353617,165.4662,-104.9204,5.0,D
3,4687.545778853617,-165.4663,-104.9204,5.0,T
3,4697.002466607205,500.0,-866.025404,1000.0,W
3,6207.305089489677,500.0,-866.025404,1000.0,T
3,6215.823412504187,95.0796,-171.3085,7.0,D
3,6231.989875004187,95.0796,-41.9768,7.0,T
3,6232.187745493863,103.0796,-13.3947,7.0,D
3,6251.339382993863,103.0796,-166.6078,7.0,T
3,6259.858067787294,500.0,-866.025404,1000.0,W
3,7499.943898921909,500.0,-866.025404,1000.0,T
3,7508.451559283024,99.3505,-168.9204,9.0,D
3,7533.289184283024,-99.3505,-168.9204,9.0,T
3,7533.387591931347,-111.7558,-160.9204,9.0,D
3,7561.326554431347,111.7559,-160.9204,9.0,T
3,7561.415716800193,122.4738,-152.9204,9.0,D
3,7592.034166800193,-122.4738,-152.9204,9.0,T
3,7592.116361363324,-131.8551,-144.9204,9.0,D
3,7625.0801363633245,131.8551,-144.9204,9.0,T
3,7625.15695567983,140.1483,-136.9204,9.0,D
3,7660.194030679831,-140.1483,-136.9204,9.0,T
3,7660.266622779679,-147.5352,-128.9204,9.0,D
3,7697.1504227796795,147.5352,-128.9204,9.0,T
3,7697.219634016905,154.1518,-120.9204,9.0,D
3,7735.757584016905,-154.1518,-120.9204,9.0,T
3,7735.8240512185075,-160.1018,-112.9204,9.0,D
3,7775.849501218508,160.1018,-112.9204,9.0,T
3,7775.913715023656,165.4662,-104.9204,9.0,D
3,7817.280265023655,-165.4662,-104.9204,9.0,T
3,7826.718266437459,500.0,-866.025404,1000.0,W
3,9336.93996562798,500.0,-866.025404,1000.0,T
3,9345.437581259672,95.0796,-171.3085,11.0,D
3,9361.604043759673,95.0796,-41.9768,11.0,T
3,9361.80191424935,103.0796,-13.3947,11.0,D
3,9380.95355174935,103.0796,-166.6078,11.0,T
3,9389.451530041524,500.0,-866.025404,1000.0,W
3,10629.459255997406,500.0,-866.025404,1000.0,T
3,10637.946224854168,99.3505,-168.9204,13.0,D
3,10662.783849854168,-99.3505,-168.9204,13.0,T
3,10662.882257502491,-111.7558,-160.9204,13.0,D
3,10690.82122000249,111.7559,-160.9204,13.0,T
3,10690.910382371336,122.4738,-152.9204,13.0,D
3,10721.528832371336,-122.4738,-152.9204,13.0,T
3,10721.611026934468,-131.8551,-144.9204,13.0,D
3,10754.574801934468,131.8551,-144.9204,13.0,T
3,10754.651621250974,140.1483,-136.9204,13.0,D
3,10789.688696250974,-140.1483,-136.9204,13.0,T
3,10789.761288350823,-147.5352,-128.9204,13.0,D
3,10826.645088350822,147.5352,-128.9204,13.0,T
3,10826.714299588048,154.1518,-120.9204,13.0,D
3,10865.252249588048,-154.1518,-120.9204,13.0,T
3,10865.31871678965,-160.1018,-112.9204,13.0,D
3,10905.34416678965,160.1018,-112.9204,13.0,T
3,10905.408380594798,165.4662,-104.9204,13.0,D
3,10946.774930594798,-165.4662,-104.9204,13.0,T
3,10956.194284407162,500.0,-866.025404,1000.0,W
3,12466.33519846162,500.0,-866.025404,1000.0,T
3,12474.812140014483,95.0796,-171.3085,15.0,D
3,12490.978602514482,95.0796,-41.9768,15.0,T
3,12491.17647300416,103.0796,-13.3947,15.0,D
3,12510.328110504159,103.0796,-166.6078,15.0,T
3,12518.805415601944,500.0,-866.025404,1000.0,W
3,13758.73518096768,500.0,-866.025404,1000.0,T
3,13767.201491743539,99.3505,-168.9204,17.0,D
3,13792.03911674354,-99.3505,-168.9204,17.0,T
3,13792.137524391863,-111.7558,-160.9204,17.0,D
3,13820.076486891861,111.7559,-160.9204,17.0,T
3,13820.165649260707,122.4738,-152.9204,17.0,D
3,13850.784099260707,-122.4738,-152.9204,17.0,T
3,13850.86629382384,-131.8551,-144.9204,17.0,D
3,13883.83006882384,131.8551,-144.9204,17.0,T
3,13883.906888140345,140.1483,-136.9204,17.0,D
3,13918.943963140346,-140.1483,-136.9204,17.0,T
3,13919.016555240194,-147.5352,-128.9204,17.0,D
3,13955.900355240194,147.5352,-128.9204,17.0,T
3,13955.969566477419,154.1518,-120.9204,17.0,D
3,13994.507516477419,-154.1518,-120.9204,17.0,T
3,13994.573983679022,-160.1018,-112.9204,17.0,D
3,14034.59943367902,160.1018,-112.9204,17.0,T
3,14034.663647484169,165.4662,-104.9204,17.0,D
3,14076.030197484168,-165.4662,-104.9204,17.0,T
3,14085.430942349352,500.0,-866.025404,1000.0,W
3,15595.491210790926,500.0,-866.025404,1000.0,T
3,15603.947511813212,95.0796,-171.3085,19.0,D
3,15620.113974313213,95.0796,-41.9768,19.0,T
3,15620.31184480289,103.0796,-13.3947,19.0,D
3,15639.46348230289,103.0796,-166.6078,19.0,T
3,15647.920147757419,500.0,-866.025404,1000.0,W
3,16887.772098058434,500.0,-866.025404,1000.0,T
3,16896.2177844221,99.3505,-168.9204,21.0,D
3,16921.0554094221,-99.3505,-168.9204,21.0,T
3,16921.153817070423,-111.7558,-160.9204,21.0,D
3,16949.092779570423,111.7559,-160.9204,21.0,T
3,16949.18194193927,122.4738,-152.9204,21.0,D
3,16979.80039193927,-122.4738,-152.9204,21.0,T
3,16979.8825865024,-131.8551,-144.9204,21.0,D
3,17012.8463615024,131.8551,-144.9204,21.0,T
3,17012.923180818907,140.1483,-136.9204,21.0,D
3,17047.960255818907,-140.1483,-136.9204,21.0,T
3,17048.032847918756,-147.5352,-128.9204,21.0,D
3,17084.916647918755,147.5352,-128.9204,21.0,T
3,17084.98585915598,154.1518,-120.9204,21.0,D
3,17123.52380915598,-154.1518,-120.9204,21.0,T
3,17123.590276357583,-160.1018,-112.9204,21.0,D
3,17163.615726357584,160.1018,-112.9204,21.0,T
3,17163.679940162732,165.4662,-104.9204,21.0,D
3,17205.04649016273,-165.4662,-104.9204,21.0,T
3,17214.428664965,500.0,-866.025404,1000.0,W
3,18724.40653332267,500.0,-866.025404,1000.0,T
3,18732.842227608897,95.0796,-171.3085,23.0,D
3,18749.008702608895,95.0796,-41.9767,23.0,T
3,18749.20657630854,103.0796,-13.3941,23.0,D
3,18768.35828880854,103.0796,-166.6078,23.0,T
3,18776.794348417206,500.0,-866.025404,1000.0,W
3,20016.56192950704,500.0,-866.025404,1000.0,T
3,20024.987025374485,99.3505,-168.9204,25.0,D
3,20049.824650374485,-99.3505,-168.9204,25.0,T
3,20049.923058583077,-111.7559,-160.9204,25.0,D
3,20077.862021083078,111.7558,-160.9204,25.0,T
3,20077.951183986177,122.4738,-152.9204,25.0,D
3,20108.569633986175,-122.4738,-152.9204,25.0,T
3,20108.65182804204,-131.855,-144.9204,25.0,D
3,20141.615590542042,131.8551,-144.9204,25.0,T
3,20141.692409858548,140.1483,-136.9204,25.0,D
3,20176.72949735855,-140.1484,-136.9204,25.0,T
3,20176.802089006138,-147.5352,-128.9204,25.0,D
3,20213.685889006138,147.5352,-128.9204,25.0,T
3,20213.75510024336,154.1518,-120.9204,25.0,D
3,20252.293037743362,-154.1517,-120.9204,25.0,T
3,20252.359505342825,-160.1018,-112.9204,25.0,D
3,20292.384967842823,160.1019,-112.9204,25.0,T
3,20292.449180905405,165.4661,-104.9204,25.0,D
3,20333.815730905404,-165.4663,-104.9204,25.0,T
3,20343.179375076226,500.0,-866.025404,1000.0,W
3,21853.076879153836,500.0,-866.025404,1000.0,T
3,21861.492000746777,95.0796,-171.3085,27.0,D
3,21877.658475746775,95.0796,-41.9767,27.0,T
3,21877.85634944642,103.0796,-13.3941,27.0,D
3,21897.00806194642,103.0796,-166.6078,27.0,T
3,21905.423549754876,500.0,-866.025404,1000.0,W
3,23145.113609668366,500.0,-866.025404,1000.0,T
3,23153.518149204836,99.3505,-168.9204,29.0,D
3,23178.355774204836,-99.3505,-168.9204,29.0,T
3,23178.45418241343,-111.7559,-160.9204,29.0,D
3,23206.39314491343,111.7558,-160.9204,29.0,T
3,23206.48230781653,122.4738,-152.9204,29.0,D
3,23237.100757816526,-122.4738,-152.9204,29.0,T
3,23237.18295187239,-131.855,-144.9204,29.0,D
3,23270.146714372393,131.8551,-144.9204,29.0,T
3,23270.2235336889,140.1483,-136.9204,29.0,D
3,23305.2606211889,-140.1484,-136.9204,29.0,T
3,23305.33321283649,-147.5352,-128.9204,29.0,D
3,23342.21701283649,147.5352,-128.9204,29.0,T
3,23342.286224073712,154.1518,-120.9204,29.0,D
3,23380.824161573713,-154.1517,-120.9204,29.0,T
3,23380.890629173176,-160.1018,-112.9204,29.0,D
3,23420.916091673174,160.1019,-112.9204,29.0,T
3,23420.980304735756,165.4661,-104.9204,29.0,D
3,23462.346854735755,-165.4663,-104.9204,29.0,T
3,23471.692007308196,500.0,-866.025404,1000.0,W
3,24981.509289573598,500.0,-866.025404,1000.0,T
3,24989.90387276632,95.0796,-171.3085,31.0,D
3,25006.07034776632,95.0796,-41.9767,31.0,T
3,25006.268221465965,103.0796,-13.3941,31.0,D
3,25025.419933965964,103.0796,-166.6078,31.0,T
3,25033.814884270156,500.0,-866.025404,1000.0,W
3,26273.427571382315,500.0,-866.025404,1000.0,T
3,26281.81158900436,99.3505,-168.9204,33.0,D
3,26306.64921400436,-99.3505,-168.9204,33.0,T
3,26306.74762221295,-111.7559,-160.9204,33.0,D
3,26334.686584712952,111.7558,-160.9204,33.0,T
3,26334.77574761605,122.4738,-152.9204,33.0,D
3,26365.39419761605,-122.4738,-152.9204,33.0,T
3,26365.476391671913,-131.855,-144.9204,33.0,D
3,26398.440154171916,131.8551,-144.9204,33.0,T
3,26398.516973488422,140.1483,-136.9204,33.0,D
3,26433.554060988423,-140.1484,-136.9204,33.0,T
3,26433.626652636012,-147.5352,-128.9204,33.0,D
3,26470.510452636012,147.5352,-128.9204,33.0,T
3,26470.579663873235,154.1518,-120.9204,33.0,D
3,26509.117601373237,-154.1517,-120.9204,33.0,T
3,26509.1840689727,-160.1018,-112.9204,33.0,D
3,26549.209531472698,160.1019,-112.9204,33.0,T
3,26549.27374453528,165.4661,-104.9204,33.0,D
3,26590.64029453528,-165.4663,-104.9204,33.0,T
3,26599.966995091683,500.0,-866.025404,1000.0,W
3,28109.67596504149,500.0,-866.025404,1000.0,T
3,28118.050044379383,95.0796,-171.3085,35.0,D
3,28134.21650687938,95.0796,-41.9768,35.0,T
3,28134.414380579026,103.0796,-13.3942,35.0,D
3,28153.566080579025,103.0796,-166.6078,35.0,T
3,28161.940527927214,500.0,-866.025404,1000.0,W
3,29401.44260179402,500.0,-866.025404,1000.0,T
3,29409.806132171536,99.3505,-168.9204,37.0,D
3,29434.643757171536,-99.3505,-168.9204,37.0,T
3,29434.74216538013,-111.7559,-160.9204,37.0,D
3,29462.68114038013,111.7559,-160.9204,37.0,T
3,29462.77030328323,122.4739,-152.9204,37.0,D
3,29493.388778283228,-122.4739,-152.9204,37.0,T
3,29493.47097233909,-131.8551,-144.9204,37.0,D
3,29526.43474733909,131.8551,-144.9204,37.0,T
3,29526.511566655598,140.1483,-136.9204,37.0,D
3,29561.548641655598,-140.1483,-136.9204,37.0,T
3,29561.62123420771,-147.5353,-128.9204,37.0,D
3,29598.50504670771,147.5352,-128.9204,37.0,T
3,29598.574257944932,154.1518,-120.9204,37.0,D
3,29637.112207944934,-154.1518,-120.9204,37.0,T
3,29637.178675544397,-160.1019,-112.9204,37.0,D
3,29677.204150544396,160.1019,-112.9204,37.0,T
3,29677.268363606978,165.4661,-104.9204,37.0,D
3,29718.63490110698,-165.4662,-104.9204,37.0,T
3,29727.94318914735,500.0,-866.025404,1000.0,W
3,31237.572224734366,500.0,-866.025404,1000.0,T
3,31245.92583501719,95.0796,-171.3085,39.0,D
3,31262.09229751719,95.0796,-41.9768,39.0,T
3,31262.290171216835,103.0796,-13.3942,39.0,D
3,31281.441871216834,103.0796,-166.6078,39.0,T
3,31289.79585041166,500.0,-866.025404,1000.0,W
